Vv_m2,2000,1000,VIT_01s0137g00410
rank,node,Fabs,Frel,Functional-annotation,Name-EC-KeggID,Updated-name,Network1,Network2
1,VIT_03s0017g01070,2071,1.0000,CYP86C2,,,,
2,VIT_11s0016g05340,2072,1.0000,Ethylene-responsive transcription factor SHINE 3,SHINE3_2,VvERF043,vv30008Ethylene_signaling,vv60003AP2_EREBP
3,VIT_07s0031g01680,2067,1.0000,CYP86A1,,,,
4,VIT_04s0069g01120,2062,0.9985,Acyl-activating enzyme 7,E6_2_1_3,,vv10071Fatty_acid_metabolism,vv50104Group_translocators
5,VIT_11s0016g01300,2061,0.9976,TT2 (transparent testa 2),TT2_4,MYBPAR,vv44110Cell_cycle,vv60044MYB
6,VIT_03s0038g01410,2052,0.9971,Aquaporin PIP PIP1A,PIP1A,,vv50101Channels_and_pores,
7,VIT_00s0361g00090,2056,0.9966,Phototropic-responsive NPH3 protein,,,,
8,VIT_16s0050g01980,2053,0.9942,EIX receptor 2,,,,
9,VIT_11s0037g00290,2056,0.9913,Plastocyanin domain-containing protein,K02638,,vv10195Photosynthesis,vv50113Thylakoid_targeting_pathway
10,VIT_04s0023g03710,2046,0.9903,Myb domain protein 4,MYB4_1,MYB4B,vv60044MYB,
11,VIT_15s0046g03240,2048,0.9884,Unknown protein,,,,
12,VIT_03s0180g00320,2042,0.9846,Indole-3-acetate beta-glucosyltransferase,E2_4_1_121,,vv11002Auxin_biosynthesis,
13,VIT_03s0110g00100,2031,0.9835,CYP86A8,,,,
14,VIT_02s0087g00470,2029,0.9797,Anthraniloyal-CoA: methanol anthraniloyal transferase,AMAT,,vv10400Phenylalanine_tyrosine_and_tryptophan_biosynthesis,
15,VIT_07s0031g01270,2016,0.9786,Ring-H2 finger A2A,RHA2A,,vv60078Other_zf-C3HC4,
16,VIT_01s0026g02040,2030,0.9727,No hit,,,,
17,VIT_09s0002g03140,2017,0.9702,Lipase GDSL,,,,
18,VIT_10s0042g01040,2001,0.9681,CYP714A1,,,,
19,VIT_13s0067g01410,1997,0.9680,Anthranilate N-hydroxycinnamoyl/benzoyltransferase,E2_3_1_144,,vv10400Phenylalanine_tyrosine_and_tryptophan_biosynthesis,
20,VIT_16s0050g02100,1997,0.9638,Disease resistance,,,,
21,VIT_19s0090g01050,1993,0.9628,Endo-beta-1 4-glucanase,E3_2_1_4,,vv40006Cell_wall,
22,VIT_05s0062g00820,1982,0.9603,Unknown protein,,,,
23,VIT_10s0003g00600,1986,0.9585,Lipase GDSL,,,,
24,VIT_13s0067g01180,1989,0.9576,Leaf senescence related,,,,
25,VIT_00s0399g00020,1961,0.9506,Protease inhibitor/seed storage/lipid transfer protein (LTP),,,,
26,VIT_19s0014g04690,1969,0.9503,Indole-3-acetic acid-amido synthetase,AUXINBIOSYNTHESIS_GH3,,vv11002Auxin_biosynthesis,
27,VIT_09s0054g01370,1955,0.9458,Beta-amyrin synthase,E5_4_99_BAS,,vv10900Terpenoid_biosynthesis,
28,VIT_14s0066g00300,1944,0.9396,Unknown,,,,
29,VIT_07s0255g00060,1936,0.9380,Prolyl oligopeptidase family,,,,
30,VIT_09s0002g06750,1931,0.9347,ERF/AP2 transcription factor sub B-6 SHINE,SHINE1_1,VvERF042,vv30008Ethylene_signaling,vv60003AP2_EREBP
31,VIT_13s0067g02910,1918,0.9275,Non-specific lipid-transfer protein,,,,
32,VIT_06s0004g06690,1916,0.9269,Ribosomal protein S18 30S,K02963,,vv23010Ribosome,
33,VIT_13s0019g01520,1914,0.9224,Protease inhibitor/seed storage/lipid transfer protein (LTP),,,,
34,VIT_08s0007g00710,1884,0.9186,Unknown,,,,
35,VIT_01s0137g00510,1901,0.9153,CYP71B10,CYP71B10,,vv10940Phenylpropanoid_biosynthesis,
36,VIT_12s0059g01830,1894,0.9137,Unknown,,,,
37,VIT_06s0080g00760,1871,0.9087,Unknown protein,,,,
38,VIT_17s0000g06130,1876,0.9076,Glutathione S-transferase 9 GSTU9,E2_5_1_18_GSTU9,,vv10480Glutathione_metabolism,
39,VIT_17s0000g06110,1869,0.9073,Glutathione S-transferase 9 GSTU9,E2_5_1_18_GSTU9,,vv10480Glutathione_metabolism,
40,VIT_18s0041g00840,1874,0.9058,UDP-glucose: anthocyanidin 5 3-O-glucosyltransferase,E2_4_1_238,,vv10941Flavonoid_biosynthesis,vv10942Anthocyanin_biosynthesis
41,VIT_14s0066g00400,1857,0.8997,Chalcone isomerase,E5_5_1_6,,vv10941Flavonoid_biosynthesis,
42,VIT_13s0019g02880,1846,0.8944,UDP-glucoronosyl/UDP-glucosyl transferase,,,,
43,VIT_02s0025g03320,1854,0.8944,CYP86A2,,,,
44,VIT_14s0060g01810,1856,0.8940,Unknown protein,,,,
45,VIT_18s0001g11710,1841,0.8920,Photosystem II PsbO protein,K02716,,vv10195Photosynthesis,vv50113Thylakoid_targeting_pathway
46,VIT_08s0007g00570,1844,0.8904,WRKY DNA-binding protein 49,WRKY49,VvWRKY27,vv60066WRKY,
47,VIT_18s0041g00710,1844,0.8891,UDP-glucose: anthocyanidin 5 3-O-glucosyltransferase,RHGT1,,vv10942Anthocyanin_biosynthesis,
48,VIT_00s0218g00100,1835,0.8882,Metal transporter Nramp6,NRAMP6,,vv50124Porters_cat_30_to_64,
49,VIT_13s0019g03180,1834,0.8868,Unknown protein,,,,
50,VIT_01s0244g00010,1840,0.8842,Basic helix-loop-helix (bHLH) family,BHLHDOM_53,,vv60011BHLH,
51,VIT_00s1314g00010,1820,0.8809,Basic helix-loop-helix (bHLH) family,BHLHDOM_89,,vv60011BHLH,
52,VIT_14s0060g01830,1819,0.8779,Unknown protein,,,,
53,VIT_03s0038g01830,1806,0.8742,Proline-rich protein 4,,,,
54,VIT_09s0054g00690,1802,0.8697,Vacuolar processing enzyme alpha,,,,
55,VIT_09s0054g01220,1796,0.8660,Cycloartenol synthase,E5_4_99_8,,vv10100Biosynthesis_of_steroids,
56,VIT_08s0040g03400,1771,0.8572,Short-chain dehydrogenase/reductase,,,,
57,VIT_09s0002g03050,1768,0.8566,Lipase GDSL,,,,
58,VIT_18s0001g06690,1747,0.8464,Gibberellin 20 oxidase 2,E1_14_11_12,,vv10904Diterpenoid_biosynthesis,
59,VIT_19s0090g00730,1741,0.8394,No hit,,,,
60,VIT_14s0060g01090,1723,0.8364,LNG1 (LONGIFOLIA1),,,,
61,VIT_12s0059g01590,1723,0.8360,Lipase GDSL,,,,
62,VIT_18s0001g01680,1737,0.8359,Protein kinase,,,,
63,VIT_19s0014g04900,1714,0.8312,(-)-germacrene D synthase,E4_2_3_22,,vv10900Terpenoid_biosynthesis,
64,VIT_18s0122g00220,1708,0.8271,Phosphodiesterase/alkaline phosphatase D,E3_1_4_1,,,
65,VIT_05s0049g00300,1692,0.8222,1-aminocyclopropane-1-carboxylate oxidase homolog 1,E1_14_17_4,,vv10640Propanoate_metabolism,vv30008Ethylene_signaling
66,VIT_14s0108g01080,1695,0.8188,Myb domain protein 106,MYB106_2,MYB141,vv60044MYB,
67,VIT_06s0004g00230,1696,0.8146,WRKY DNA-binding protein 48,WRKY48_2,VvWRKY15,vv60066WRKY,
68,VIT_04s0008g00860,1660,0.8090,Ndr family protein,,,,
69,VIT_16s0050g01950,1670,0.8048,Disease resistance family protein / LRR family,,,,
70,VIT_01s0026g02030,1664,0.8027,Basic helix-loop-helix (bHLH) family,BHLHDOM_59,,vv60011BHLH,
71,VIT_00s0456g00040<br>VIT_00s0374g00030,1644,0.7973,
72,VIT_17s0000g03940,1626,0.7851,ferulate 5-hydroxylase,K09755,,vv10940Phenylpropanoid_biosynthesis,
73,VIT_18s0001g11100,1622,0.7809,Serine carboxypeptidase,,,,
74,VIT_19s0027g01810,1616,0.7792,Invertase/pectin methylesterase inhibitor,PMEI,,vv40006Cell_wall,
75,VIT_04s0008g03950,1599,0.7691,RD22,,,,
76,VIT_10s0042g01010,1582,0.7668,CYP714A1,,,,
77,VIT_08s0058g01030,1581,0.7645,Saposin B domain-containing protein,SAPB,,vv50101Channels_and_pores,
78,VIT_09s0002g03020,1589,0.7639,FRK1 (FLG22-induced receptor-like kinase 1),FRK1,,vv34626Plant-pathogen_interaction,
79,VIT_12s0059g00190,1583,0.7636,Beta-expansin (EXPB3),EXPB3,,vv30003Auxin_signaling,
80,VIT_18s0001g14980,1579,0.7624,3-methyl-2-oxobutanoate dehydrogenase,E1_2_4_4,,vv10280Valine_leucine_and_isoleucine_degradation,
81,VIT_03s0132g00450,1570,0.7592,Cold-induced wall associated kinase,,,,
82,VIT_08s0007g00900,1542,0.7500,Tropinone reductase,E1_1_1_206,,vv10220Urea_cycle_and_metabolism_of_amino_groups,
83,VIT_00s0286g00040,1543,0.7483,S-locus protein kinase,,,,
84,VIT_18s0001g10830,1531,0.7418,Patatin,,,,
85,VIT_15s0048g01600,1531,0.7403,Geraniol 10-hydroxylase,G10H,,vv10902Monoterpenoid_biosynthesis,
86,VIT_06s0004g06960,1535,0.7352,BCL2 binding anthogene,,,,
87,VIT_08s0032g00050,1505,0.7299,Acyl-activating enzyme 15,E6_2_1_3_AAE15,,vv10071Fatty_acid_metabolism,vv50104Group_translocators
88,VIT_12s0059g01190,1518,0.7288,Homeobox protein shoot MERISTEMLESS (STM),STM_2,VvHB43,vv50004Auxin_transport,vv60034HB
89,VIT_17s0000g00130,1497,0.7253,SEC14 cytosolic factor,SEC14,,vv50122Porters_cat_7_to_17,
90,VIT_02s0012g00150,1497,0.7242,NAK-type protein kinase,,,,
91,VIT_12s0034g02560,1507,0.7228,DNA (cytosine-5)-methyltransferase (ATHIM),E2_1_1_37,,vv10271Methionine_metabolism,
92,VIT_10s0003g05420,1491,0.7220,S-2-hydroxy-acid oxidase  peroxisomal,E1_1_3_15,,vv10630Glyoxylate_and_dicarboxylate_metabolism,
93,VIT_01s0182g00130,1486,0.7175,PHO1-like protein,PHO1,,vv50125Porters_cat_66_to_94,
94,VIT_15s0048g03000,1470,0.7115,GTPase RABA3,K07976,,,
95,VIT_05s0062g01140,1452,0.7086,Aromatic and neutral transporter 1,ANT1,,vv50123Porters_cat_18_to_29,
96,VIT_08s0007g03680,1460,0.7070,Unknown,,,,
97,VIT_18s0001g06640,1456,0.7010,Zinc finger (C3HC4-type ring finger),ZFC3HC4_60,,vv60078Other_zf-C3HC4,
98,VIT_08s0007g00890,1446,0.6992,Tropinone reductase,E1_1_1_206,,vv10220Urea_cycle_and_metabolism_of_amino_groups,
99,VIT_00s0160g00220,1444,0.6983,Unknown protein,,,,
100,VIT_10s0092g00260,1438,0.6964,Alpha-glucosidase 1 (AGLU1),E3_2_1_20,,vv10052Galactose_metabolism,vv10500Starch_and_sucrose_metabolism
101,VIT_06s0004g01550,1452,0.6961,Phosphoribosylanthranilate transferase,E2_4_2_18,,vv10400Phenylalanine_tyrosine_and_tryptophan_biosynthesis,
102,VIT_00s0194g00340,1430,0.6925,No hit,,,,
103,VIT_01s0026g00570,1429,0.6887,Bet v I allergen,,,,
104,VIT_04s0044g01730,1420,0.6887,F-box family protein,,,,
105,VIT_02s0109g00380,1416,0.6851,Stress response suppressor 1,STRS1,,vv23040Spliceosome,vv50133Primary_active_transporter_cat_A9_to_A18
106,VIT_03s0038g04500,1424,0.6849,Bifunctional dihydrofolate reductase-thymidylate synthase 1,K13998,,vv10240Pyrimidine_metabolism,vv10670One_carbon_pool_by_folate
107,VIT_18s0001g10330,1404,0.6829,Subtilisin protease,ARA12,,vv50101Channels_and_pores,
108,VIT_09s0054g01210,1403,0.6768,Beta-amyrin synthase,E5_4_99_BAS,,vv10900Terpenoid_biosynthesis,
109,VIT_03s0038g00110,1395,0.6739,Nucleolar protein 4 NOP4,K14573,,vv23008Ribosome_biogenesis_in_Eukaryotes,
110,VIT_14s0030g00220,1386,0.6699,Sugar transporter ERD6-like 5,ERD6L5,,vv50121Porters_cat_1_to_6,
111,VIT_12s0035g00010,1374,0.6683,DNA (cytosine-5)-methyltransferase (ATHIM),E2_1_1_37,,vv10271Methionine_metabolism,
112,VIT_15s0021g00220,1369,0.6662,ABC transporter C member 15,ABCC15,,vv52010ABC_transporters,
113,VIT_01s0011g00080,1377,0.6630,Universal stress protein (USP) family protein,,,,
114,VIT_06s0004g01480,1359,0.6629,Lipoxygenase LOX1,E1_13_11_12,,vv10592alpha-Linolenic_acid_metabolism,
115,VIT_18s0001g12900,1370,0.6622,S-adenosyl-L-methionine:salicylic acid carboxyl methyltransferase,SAMTBSCMT,,vv10360Phenylalanine_metabolism,
116,VIT_00s0531g00030,1367,0.6607,C2 domain containing protein,,,,
117,VIT_16s0050g01930,1363,0.6559,EIX receptor 2,,,,
118,VIT_01s0137g00170,1352,0.6550,B-keto acyl reductase,,,,
119,VIT_04s0008g05440,1346,0.6528,Ethylene-responsive transcription factor SHINE 3,SHINE3_1,VvERF044,vv30008Ethylene_signaling,vv60003AP2_EREBP
120,VIT_14s0066g02270,1344,0.6486,Endonuclease/exonuclease/phosphatase family protein,E3_1_30_x,,,
121,VIT_13s0067g02390,1337,0.6462,Unknown,,,,
122,VIT_06s0061g00240,1343,0.6460,ABC transporter G member 7,ABCG7,,vv52010ABC_transporters,
123,VIT_17s0000g09270,1337,0.6440,MATE efflux family protein,MATE,,vv50125Porters_cat_66_to_94,
124,VIT_07s0031g00860,1327,0.6383,Patatin,,,,
125,VIT_04s0023g01300,1292,0.6290,Aminopeptidase P,E3_4_11_9,,,
126,VIT_15s0048g01590,1280,0.6214,CYP76B1,,,,
127,VIT_02s0012g01660,1272,0.6163,ATPase PGP2 (P-glycoprotein 2),PGP2,,vv52010ABC_transporters,
128,VIT_08s0007g00160,1268,0.6137,Glycosyltransferase family 14,,,,
129,VIT_16s0050g01900,1264,0.6106,Leucine-rich repeat protein kinase,,,,
130,VIT_18s0041g00810<br>VIT_18s0041g00910<br>VIT_00s1602g00010<br>VIT_18s0041g00920<br>VIT_18s0041g00980<br>VIT_18s0041g01000<br>VIT_00s2707g00010<br>VIT_18s0041g01080<br>VIT_18s0041g00950<br>VIT_18s0041g00830<br>VIT_18s0041g01040,1250,0.6089,
131,VIT_00s0516g00010,1239,0.6003,Unknown,,,,
132,VIT_16s0050g02120,1235,0.5998,HcrVf3 protein,,,,
133,VIT_12s0034g02570,1234,0.5950,Leucine Rich Repeat receptor-like kinase,,,,
134,VIT_12s0059g01750,1231,0.5941,Caffeic acid O-methyltransferase,E2_1_1_68,,vv10940Phenylpropanoid_biosynthesis,
135,VIT_18s0001g05290,1206,0.5843,(-)-germacrene D synthase,E4_2_3_22,,vv10900Terpenoid_biosynthesis,
136,VIT_18s0001g06840,1206,0.5832,Peroxidase GvPx2b class III,E1_11_1_7,,vv10360Phenylalanine_metabolism,vv10680Methane_metabolism
137,VIT_06s0004g07220,1207,0.5811,Indole-3-acetate beta-glucosyltransferase,E2_4_1_121,,vv11002Auxin_biosynthesis,
138,VIT_08s0007g09000,1189,0.5780,Glycerol-3-phosphate dehydrogenase,E1_1_1_8,,vv10564Glycerophospholipid_metabolism,
139,VIT_14s0060g01820,1199,0.5764,Unknown,,,,
140,VIT_08s0007g02000,1194,0.5718,Glycerol-3-phosphate acyltransferase 8,E2_3_1_15,,vv10561Glycerolipid_metabolism,vv10564Glycerophospholipid_metabolism
141,VIT_05s0062g00520,1178,0.5696,UDP-glucose:flavonoid 7-O-glucosyltransferase,E2_4_1_237,,vv10941Flavonoid_biosynthesis,
142,VIT_07s0005g01790,1178,0.5688,Acyl-CoA synthetase long-chain member 2,E6_2_1_3_LACS2,,vv10071Fatty_acid_metabolism,vv44146Peroxisome
143,VIT_14s0060g02460,1164,0.5623,Unknown,,,,
144,VIT_04s0008g05500,1152,0.5571,S-receptor kinase,,,,
145,VIT_01s0011g04450,1145,0.5539,MATE efflux family protein,MATE,,vv50125Porters_cat_66_to_94,
146,VIT_14s0060g01790,1150,0.5537,Unknown protein,,,,
147,VIT_12s0028g01850,1150,0.5532,Receptor kinase TRKe,,,,
148,VIT_07s0005g00450,1128,0.5457,Unknown protein,,,,
149,VIT_06s0009g03390,1125,0.5456,No hit,,,,
150,VIT_11s0037g01290,1122,0.5441,No hit,,,,
151,VIT_04s0023g01720,1122,0.5423,SEC14 cytosolic factor  putative,SEC14,,vv50122Porters_cat_7_to_17,
152,VIT_06s0004g06090,1119,0.5359,Diphenol oxidase,E1_10_3_1,,vv10350Tyrosine_metabolism,vv50109Incompletely_characterized_transport_systems
153,VIT_18s0001g10870,1102,0.5344,Patatin,,,,
154,VIT_11s0016g02490,1103,0.5326,Ndr family protein,,,,
155,VIT_16s0050g00020,1094,0.5290,Cullin-4,K10609,,vv23420Nucleotide_excision_repair,vv24120Ubiquitin_mediated_proteolysis
156,VIT_10s0003g01010,1094,0.5277,Lipase GDSL,,,,
157,VIT_08s0007g06460,1082,0.5255,Laccase (diphenol oxidase)-like protein,E1_10_3_2,,vv11000Single_reactions,vv50109Incompletely_characterized_transport_systems
158,VIT_01s0011g01360,1088,0.5251,Copper-transporting ATPase RAN1,K01533_RAN1,,vv50131Primary_active_transporter_cat_A2_to_A4,
159,VIT_11s0065g00170,1090,0.5245,Squamosa promoter-binding protein 2 (SPL2),SPL2_3,,vv60055SBP,
160,VIT_18s0001g11160,1081,0.5217,Unknown protein,,,,
161,VIT_07s0205g00180,1075,0.5203,Basic helix-loop-helix (bHLH) family,BHLHDOM_30,,vv60011BHLH,
162,VIT_13s0019g04650,1068,0.5169,Thioredoxin 8,,,,
163,VIT_08s0040g02820,1068,0.5145,Unknown protein,,,,
164,VIT_08s0056g00800,1052,0.5080,Myb domain protein 60,MYB60,MYB60,vv60044MYB,
165,VIT_08s0007g05160,1031,0.5019,Flavonoid 3' 5'-hydroxylase,E1_14_13_88,,vv10941Flavonoid_biosynthesis,
166,VIT_19s0085g00900,1040,0.5019,Unknown protein,,,,
167,VIT_07s0031g02900,1036,0.5005,Aspartyl protease,E3_4_23_x,,,
168,VIT_13s0067g01590,1012,0.4927,Lectin protein kinase,,,,
169,VIT_00s0225g00070,1029,0.4916,MATE efflux family protein,MATE,,vv50125Porters_cat_66_to_94,
170,VIT_07s0129g00070<br>VIT_07s0129g00150,1010,0.4898,
171,VIT_09s0002g06990,1005,0.4874,Phosphatidic acid phosphatase / PAP2,E3_1_3_4,,vv10561Glycerolipid_metabolism,vv10564Glycerophospholipid_metabolism
172,VIT_11s0065g00130,999,0.4842,Taxane 10-beta-hydroxylase,E1_14_13_76,,vv10904Diterpenoid_biosynthesis,
173,VIT_01s0011g02330,995,0.4802,Unknown protein,,,,
174,VIT_13s0019g04260,991,0.4794,Monoglyceride lipase,E3_1_1_23,,vv10561Glycerolipid_metabolism,
175,VIT_11s0016g05170,982,0.4760,Nitrate transporter,NTP2,,vv50122Porters_cat_7_to_17,
176,VIT_03s0063g01880,988,0.4757,Acyl-CoA synthetase long-chain member 2,E6_2_1_3_LACS2,,vv10071Fatty_acid_metabolism,vv44146Peroxisome
177,VIT_15s0021g02110,982,0.4728,AP2 domain-containing transcription factor TINY,TINY_8,VvERF029,vv30008Ethylene_signaling,vv60003AP2_EREBP
178,VIT_01s0137g00820,977,0.4727,Phototropic-responsive NPH3,,,,
179,VIT_11s0016g01320,971,0.4695,Myb domain protein 13,MYB13,MYBPA2,vv60044MYB,
180,VIT_16s0050g02430,965,0.4671,Receptor protein kinase,,,,
181,VIT_07s0031g01890,972,0.4669,No hit,,,,
182,VIT_16s0050g01860,958,0.4639,SLAH3 (SLAC1 Homologue 3),SLAH3,,vv50122Porters_cat_7_to_17,
183,VIT_13s0067g01350,962,0.4629,Basic helix-loop-helix (bHLH) family,BHLHDOM_16,,vv60011BHLH,
184,VIT_16s0050g01060,952,0.4628,Unknown protein,,,,
185,VIT_10s0003g01100,956,0.4623,Cysteine protease RCR3,K13441,,vv34626Plant-pathogen_interaction,
186,VIT_14s0083g00720,953,0.4611,Pentatricopeptide (PPR) repeat-containing,,,,
187,VIT_01s0010g02030,951,0.4601,Gamma-thionin precursor,,,,
188,VIT_02s0025g03150,935,0.4519,Nuclear pore complex protein Nup98-Nup96,K14297,,vv23013RNA_transport,vv50109Incompletely_characterized_transport_systems
189,VIT_11s0016g04270,934,0.4512,Hydrolase  alpha/beta fold,,,,
190,VIT_12s0028g01920,920,0.4457,Receptor kinase TRKe,,,,
191,VIT_12s0057g00590,927,0.4457,Vacuolar protein sorting 11 (VPS11),VPS11,,vv50111Tethering_factors,
192,VIT_16s0100g00670,907,0.4373,Homeodomain GLABROUS1,HDG1_2,VvHB55,vv60034HB,
193,VIT_14s0068g00170,902,0.4351,No hit,,,,
194,VIT_07s0255g00040,883,0.4291,Cell division cycle associated 7 CDCA7,CDCA7,,vv44110Cell_cycle,
195,VIT_02s0025g02620,882,0.4279,BDG1 (BODYGUARD1) hydrolase,,,,
196,VIT_09s0070g00240,885,0.4277,Cinnamoyl-CoA reductase,E1_2_1_44,,vv10940Phenylpropanoid_biosynthesis,
197,VIT_02s0012g02810,878,0.4264,CYP76C4,,,,
198,VIT_19s0090g00840,878,0.4244,WRKY DNA-binding protein 6,WRKY6_2,VvWRKY55,vv60066WRKY,
199,VIT_11s0118g00180,866,0.4220,HHP1 (heptahelical protein 1),,,,
200,VIT_11s0037g00320,866,0.4178,Serine carboxypeptidase S10,,,,
201,VIT_00s0225g00080,867,0.4176,MATE efflux family protein,MATE,,vv50125Porters_cat_66_to_94,
202,VIT_02s0025g02970,857,0.4152,flavanone 3-beta-hydroxylase,E1_14_11_9,,vv10941Flavonoid_biosynthesis,
203,VIT_13s0067g01930,855,0.4134,Unknown protein,,,,
204,VIT_00s0522g00010<br>VIT_00s0266g00010<br>VIT_00s0372g00070<br>VIT_00s0372g00080<br>VIT_00s0572g00010<br>VIT_00s0372g00040<br>VIT_00s0847g00020<br>VIT_00s0572g00020,857,0.4134,
205,VIT_10s0003g04270,842,0.4081,BCL2 binding anthogene,,,,
206,VIT_18s0041g01480,837,0.4065,No hit,,,,
207,VIT_02s0025g00740,828,0.3987,Pinoresinol forming dirigent protein,DIRPR,,vv10940Phenylpropanoid_biosynthesis,
208,VIT_17s0053g00590,824,0.3986,Kinase interacting protein,,,,
209,VIT_09s0054g00430,819,0.3980,Unknown protein,,,,
210,VIT_12s0028g01870,815,0.3945,Receptor kinase TRKa,,,,
211,VIT_18s0001g03240,815,0.3937,DREB sub A-5 of ERF/AP2 transcription factor,ERF012,VvERF008,vv30008Ethylene_signaling,vv60003AP2_EREBP
212,VIT_10s0003g00560,816,0.3936,Wuschel homeobox 9,WOX9,VvHB37,vv60034HB,
213,VIT_05s0102g00710,807,0.3933,fructokinase-1,E2_7_1_4,,vv10051Fructose_and_mannose_metabolism,vv10500Starch_and_sucrose_metabolism
214,VIT_08s0040g00520,812,0.3915,Leucine-rich repeat protein kinase,,,,
215,VIT_05s0062g00430,810,0.3913,UDP-glucose:flavonoid 7-O-glucosyltransferase,E2_4_1_237,,vv10941Flavonoid_biosynthesis,
216,VIT_10s0116g01840,812,0.3909,No hit,,,,
217,VIT_01s0010g03470,803,0.3892,Caffeoyl-CoA O-methyltransferase,E2_1_1_104,,vv10940Phenylpropanoid_biosynthesis,
218,VIT_00s0665g00020,802,0.3886,Carrier protein  Mitochondrial,K03454,,vv50123Porters_cat_18_to_29,
219,VIT_03s0088g01150,803,0.3881,Squalene monooxygenase,E1_14_99_7,,vv10100Biosynthesis_of_steroids,vv10900Terpenoid_biosynthesis
220,VIT_11s0016g03250,789,0.3866,Lachrymatory factor synthase,,,,
221,VIT_06s0009g00480,794,0.3860,Aluminium-tolerance ALMT1,ALMT1,,vv50125Porters_cat_66_to_94,
222,VIT_18s0001g10580,792,0.3824,Glycosyl transferase family 8 protein,,,,
223,VIT_14s0060g01850,790,0.3813,Unknown,,,,
224,VIT_09s0002g09080,784,0.3795,Zinc finger protein 3,ZFP3,,vv60017C2H2,
225,VIT_00s0207g00010,784,0.3795,Anthranilate N-benzoyltransferase protein 1,E2_3_1_144,,vv10400Phenylalanine_tyrosine_and_tryptophan_biosynthesis,
226,VIT_14s0006g00300,787,0.3771,Nudix hydrolase 18,,,,
227,VIT_08s0105g00570,779,0.3771,Adenosine/AMP deaminase active site,E3_5_4_4,,vv10230Purine_metabolism,
228,VIT_13s0064g01640,774,0.3770,Beta-primeverosidase,E3_2_1_149,,vv11000Single_reactions,
229,VIT_18s0001g14660,775,0.3764,P-glycoprotein 13,PGP13,,vv52010ABC_transporters,
230,VIT_12s0028g00640,769,0.3697,NOL1/NOP2/sun,K03500,,,
231,VIT_04s0023g01900,757,0.3671,AAA-type ATPase,,,,
232,VIT_16s0098g01740,745,0.3608,Unknown protein,,,,
233,VIT_06s0004g06570,740,0.3580,Calcium/proton exchanger CAX3,K07300_CAX3,,vv50123Porters_cat_18_to_29,
234,VIT_03s0063g01890,740,0.3578,Ring-H2 finger protein ATL3G,,,,
235,VIT_03s0091g00040,740,0.3566,Limonoid UDP-glucosyltransferase,E2_4_1_120,,vv10940Phenylpropanoid_biosynthesis,
236,VIT_16s0039g01910,736,0.3554,Vegetative storage protein win4.5,,,,
237,VIT_10s0597g00050,737,0.3550,Heat shock transcription factor B2A,HSFB2A_3,,vv60037HSF,
238,VIT_16s0098g01870,734,0.3537,SOS3 (salt overly sensitive 3),E3_1_3_16,,,
239,VIT_14s0006g02530,729,0.3510,Non-specific lipid-transfer protein 2 (LTP 2),,,,
240,VIT_18s0072g00580<br>VIT_11s0065g00040,729,0.3490,
241,VIT_18s0001g02720,724,0.3487,fatty acid elongation1 (FAE1),,,,
242,VIT_01s0010g01870,713,0.3461,Salicylic acid-induced fragment 1 protein,,,,
243,VIT_18s0001g10050,710,0.3440,LRX1 (leucine-rich repeat/extensin 1),EXTENSIN,,vv40006Cell_wall,
244,VIT_00s0194g00220,707,0.3430,Unknown,,,,
245,VIT_10s0003g02960,694,0.3348,Glycosyl hydrolase family 17 protein,,,,
246,VIT_08s0007g00950,687,0.3340,No hit,,,,
247,VIT_09s0002g03030,687,0.3328,FRK1 (FLG22-induced receptor-like kinase 1),FRK1,,vv34626Plant-pathogen_interaction,
248,VIT_10s0116g01040,691,0.3305,Stigma-specific Stig1,,,,
249,VIT_04s0008g06300,676,0.3269,Leucine-rich repeat family,,,,
250,VIT_01s0011g04010,673,0.3234,Catalytic,,,,
251,VIT_13s0084g00130,670,0.3232,CXE carboxylesterase,E3_1_1_1,,,
252,VIT_19s0090g00770,670,0.3227,F-box family protein,,,,
253,VIT_07s0104g00820,658,0.3190,Bystin,,,,
254,VIT_04s0008g02520,656,0.3178,ATP binding protein,,,,
255,VIT_11s0016g00290,652,0.3154,Pectinesterase PME3,E3_1_1_11,,vv40006Cell_wall,
256,VIT_15s0046g00710,649,0.3135,Wax synthase,E2_3_1_75,,vv11000Single_reactions,
257,VIT_04s0008g03480,649,0.3128,Beta-carotene 15 15'-monooxygenase,E1_14_99_36,,vv10906Carotenoid_biosynthesis,
258,VIT_17s0053g00710,642,0.3124,Calcium-dependent protein kinase,,,,
259,VIT_01s0011g01100,642,0.3121,Pentatricopeptide (PPR) repeat-containing protein,,,,
260,VIT_08s0007g05180,645,0.3107,Unknown,,,,
261,VIT_17s0000g03580,636,0.3074,BEE3 (BR Enhanced expression 3),BEE3,,vv60011BHLH,
262,VIT_00s0484g00020,636,0.3074,Receptor kinase ARK3,,,,
263,VIT_04s0008g02920,631,0.3056,Desiccation protein PCC13-62 precursor,,,,
264,VIT_14s0060g00090,628,0.3047,SNARE YKT6 1,K08516,,vv24130SNARE_interactions_in_vesicular_transport,
265,VIT_07s0031g00520,630,0.3039,Unknown protein,,,,
266,VIT_04s0008g03930,615,0.2971,RD22,,,,
267,VIT_12s0035g01890,609,0.2915,RNA recognition motif (RRM)-containing,,,,
268,VIT_01s0127g00720,588,0.2849,Carbonic anhydrase  beta,E4_2_1_1,,vv10910Nitrogen_metabolism,vv50124Porters_cat_30_to_64
269,VIT_02s0025g02600,591,0.2844,Glyoxal oxidase,,,,
270,VIT_10s0003g00780,589,0.2844,Glutamate receptor 3.4,GLR3_4,,vv50101Channels_and_pores,
271,VIT_04s0023g01600,590,0.2839,Membrane protein,,,,
272,VIT_03s0038g02400,576,0.2789,Protein kinase,,,,
273,VIT_11s0016g04540,577,0.2778,ABC transporter G member 22,ABCG22,,vv52010ABC_transporters,
274,VIT_00s0840g00010<br>VIT_00s1437g00010,568,0.2761,
275,VIT_09s0018g01340<br>VIT_09s0018g01360,570,0.2740,
276,VIT_12s0028g01940<br>VIT_12s0028g02760<br>VIT_12s0028g02710<br>VIT_12s0028g01880,565,0.2737,
277,VIT_09s0002g02220,559,0.2690,Protein kinase CDG1,,,,
278,VIT_18s0001g00280,553,0.2688,OPCL1 (OPC-8:0 COA ligase1),K10526,,vv10592alpha-Linolenic_acid_metabolism,vv50104Group_translocators
279,VIT_18s0001g06390,555,0.2676,Auxin-independent growth promoter,AXI1,,vv30003Auxin_signaling,
280,VIT_11s0016g05230,551,0.2663,Allyl alcohol dehydrogenase,,,,
281,VIT_02s0025g03780,543,0.2632,Remorin,,,,
282,VIT_04s0008g02140,545,0.2632,EMB2261 (embryo defective 2261),,,,
283,VIT_11s0016g01310,543,0.2614,TT2 (transparent testa 2),TT2_5,MYBPA4,vv44110Cell_cycle,vv60044MYB
284,VIT_16s0100g00130,540,0.2611,Protein phosphatase 2C / PP2C,E3_1_3_16,,,
285,VIT_05s0020g02900,533,0.2580,Substrate carrier  Mitochondrial,K03454,,vv44146Peroxisome,vv50123Porters_cat_18_to_29
286,VIT_10s0092g00640,531,0.2566,Unknown protein,,,,
287,VIT_02s0087g00630,527,0.2556,Alcohol oxidase,E1_1_3_13,,vv10680Methane_metabolism,
288,VIT_13s0019g01920,523,0.2546,Laccase,E1_10_3_2,,vv11000Single_reactions,vv50109Incompletely_characterized_transport_systems
289,VIT_05s0077g02000,532,0.2544,Epoxide hydrolase,E3_3_2_10,,,
290,VIT_18s0001g06580,524,0.2529,Plastocyanin domain-containing protein,K02638,,vv10195Photosynthesis,vv50113Thylakoid_targeting_pathway
291,VIT_04s0023g03110,523,0.2518,Vascular related NAC-domain protein 1,VND1,VvNAC23,vv60046NAC,
292,VIT_16s0039g02720,518,0.2512,Glutamate dehydrogenase 2 (GDH2),E1_4_1_2,,vv10251Glutamate_metabolism,vv10910Nitrogen_metabolism
293,VIT_01s0010g00710,512,0.2478,Armadillo/beta-catenin repeat protein / U-box domain-containing protein ,,,,
294,VIT_08s0007g00700,507,0.2459,PCS1 (promotion of cell survival1) peptidase,,,,
295,VIT_02s0025g02250,508,0.2456,Dof zinc finger protein DOF4.6,DOF4_6_2,,vv60015C2C2-DOF,
296,VIT_05s0020g01040,508,0.2452,Unknown protein,,,,
297,VIT_06s0004g00750,500,0.2437,Acyl-CoA synthetases (Acyl-activating enzyme 18),E6_2_1_3,,vv10071Fatty_acid_metabolism,vv50104Group_translocators
298,VIT_00s0286g00110,501,0.2434,S-locus protein kinase,,,,
299,VIT_00s1543g00010<br>VIT_00s0194g00160,498,0.2402,
300,VIT_07s0031g00110,496,0.2398,Unknown protein,,,,
301,VIT_05s0077g01390,489,0.2365,Zinc finger (C2H2 type) protein (ZFP6),ZFP6_3,,vv60017C2H2,
302,VIT_00s0349g00040,483,0.2336,Zinc finger (C3HC4-type ring finger),ZFC3HC4_168,,vv60078Other_zf-C3HC4,
303,VIT_08s0040g02250,472,0.2300,No hit,,,,
304,VIT_04s0008g05960,474,0.2297,Unknown protein,,,,
305,VIT_17s0000g00300,473,0.2276,Signal recognition particle subunit 68 SRP68,K03107,,vv23060Protein_export,vv50132Primary_active_transporter_cat_A5_to_A8
306,VIT_19s0177g00270,468,0.2269,Molecular chaperone DnaJ,K03686,,vv50132Primary_active_transporter_cat_A5_to_A8,
307,VIT_03s0038g03810,464,0.2231,Serine/threonine Protein kinase BNK1,,,,
308,VIT_08s0040g01930,455,0.2202,Unknown protein,,,,
309,VIT_00s0218g00220,451,0.2183,UDP-glucoronosyl/UDP-glucosyl transferase,,,,
310,VIT_16s0039g00010,446,0.2164,ABC transporter G member 7,ABCG7,,vv52010ABC_transporters,
311,VIT_13s0067g00710,448,0.2154,Nascent polypeptide associated complex alpha chain,K03626,,,
312,VIT_11s0016g04300,439,0.2126,Nudix hydrolase 20  chloroplast precursor (AtNUDT20),,,,
313,VIT_08s0007g01910,437,0.2112,Laccase,E1_10_3_2,,vv11000Single_reactions,vv50109Incompletely_characterized_transport_systems
314,VIT_09s0002g03130,433,0.2106,FRK1 (FLG22-induced receptor-like kinase 1),FRK1,,vv34626Plant-pathogen_interaction,
315,VIT_14s0060g01940,427,0.2053,Epoxide hydrolase,E3_3_2_10,,,
316,VIT_12s0034g00250,425,0.2048,Aquaporin PIP1A,PIP1A,,vv50101Channels_and_pores,
317,VIT_08s0007g00330,413,0.2003,Metallothionein,,,,
318,VIT_07s0005g04850,406,0.1960,Alpha-expansin 19,EXPA19,,vv30003Auxin_signaling,
319,VIT_14s0030g00730,405,0.1955,Vesicle-associated membrane protein 27 VAP27-2,VAP27_2,,vv50109Incompletely_characterized_transport_systems,
320,VIT_12s0059g00220,401,0.1952,Epoxide hydrolase,E3_3_2_10,,,
321,VIT_15s0046g01960,402,0.1939,Hydroquinone glucosyltransferase,E2_4_1_218,,vv10500Starch_and_sucrose_metabolism,
322,VIT_12s0028g01930,398,0.1928,Receptor kinase TRKe,,,,
323,VIT_18s0001g11090,398,0.1927,Uroporphyrinogen-III synthase,E4_2_1_75,,vv10860Porphyrin_and_chlorophyll_metabolism,
324,VIT_02s0025g00750,394,0.1901,Pinoresinol forming dirigent protein,DIRPR,,vv10940Phenylpropanoid_biosynthesis,
325,VIT_11s0016g00330,390,0.1876,Pectinesterase family,E3_1_1_11,,vv40006Cell_wall,
326,VIT_16s0098g01160,389,0.1875,Subtilisin protease,SBT3_5,,vv50101Channels_and_pores,
327,VIT_12s0059g02310,386,0.1861,PDF2 (protodermal factor2),PDF2_4,VvHB44,vv60034HB,
328,VIT_13s0064g01510,382,0.1858,Auxin-independent growth promoter,,,,
329,VIT_10s0003g02120,379,0.1837,Lipase GDSL,,,,
330,VIT_03s0017g01490,380,0.1835,Berberine bridge enzyme,E1_21_3_3,,vv10950Alkaloid_biosynthesis_I,
331,VIT_18s0001g05790,371,0.1796,Unknown protein,,,,
332,VIT_18s0001g10440,364,0.1767,THO complex subunit 5,K13174,,vv23013RNA_transport,
333,VIT_05s0029g00080,364,0.1764,SERK family receptor-like protein kinase,,,,
334,VIT_18s0001g12000,359,0.1732,Geranylgeranyl pyrophosphate synthetase 1  chloroplast precursor,E2_5_1_29,,vv10100Biosynthesis_of_steroids,vv10900Terpenoid_biosynthesis
335,VIT_08s0105g00420,358,0.1728,Unknown,,,,
336,VIT_03s0132g00340,353,0.1715,Wall-associated receptor kinase-like 10,,,,
337,VIT_11s0103g00530,353,0.1710,Oxysterol binding protein,,,,
338,VIT_04s0043g00290,350,0.1706,Microtubule-associated protein,MASP,,vv44810Regulation_of_actin_cytoskeleton,
339,VIT_19s0014g05130,349,0.1690,Glycosyl transferase family 8 protein,,,,
340,VIT_14s0068g00040,347,0.1684,No hit,,,,
341,VIT_17s0000g06040,348,0.1683,Phytochrome kinase substrate 1,,,,
342,VIT_17s0000g10060,347,0.1681,Lipase GDSL,,,,
343,VIT_04s0044g00410,347,0.1676,MTN21,MTN21,,vv50122Porters_cat_7_to_17,
344,VIT_08s0056g01130,346,0.1671,Mini zinc finger 2 MIF2,MIF2_2,,vv60068Zf-HD,
345,VIT_12s0035g00060,345,0.1663,DNA (cytosine-5)-methyltransferase,E2_1_1_37,,vv10271Methionine_metabolism,
346,VIT_05s0102g00370,343,0.1646,Receptor protein kinase (ACR4),,,,
347,VIT_06s0004g02690,340,0.1638,Glycosyl transferase family 2 protein,,,,
348,VIT_15s0045g00300,335,0.1614,Ankyrin repeat,,,,
349,VIT_00s0259g00140,333,0.1605,Oligopeptide transporter OPT3,OPT3,,vv50125Porters_cat_66_to_94,
350,VIT_13s0067g03890,327,0.1580,Beta-ketoacyl-CoA synthase,E2_3_1_41,,vv10061Fatty_acid_biosynthesis,
351,VIT_10s0003g01960,326,0.1579,RKF1 (receptor-like kinase in flowers 1),,,,
352,VIT_03s0038g02380,324,0.1575,RAC G-protein Rac1,RAC1,,vv34020Calcium_signaling_pathway,
353,VIT_08s0007g01420,324,0.1572,Glutathione S-transferase 8 GSTU8,E2_5_1_18_GSTU8,,vv10480Glutathione_metabolism,
354,VIT_14s0068g00140,324,0.1558,No hit,,,,
355,VIT_18s0001g06890,324,0.1558,Peroxidase GvPx2b  class III [Vitis vinifera],E1_11_1_7,,vv10360Phenylalanine_metabolism,vv10680Methane_metabolism
356,VIT_01s0010g02830,316,0.1537,No hit,,,,
357,VIT_08s0007g00680,315,0.1517,Laccase,E1_10_3_2,,vv11000Single_reactions,vv50109Incompletely_characterized_transport_systems
358,VIT_18s0166g00220,315,0.1516,No hit,,,,
359,VIT_03s0110g00300,313,0.1514,Copper transporter 4,COPT4,,vv50101Channels_and_pores,
360,VIT_01s0010g03870,311,0.1507,Unknown protein,,,,
361,VIT_07s0129g00360,312,0.1505,Peroxidase 73,E1_11_1_7,,vv10360Phenylalanine_metabolism,vv10680Methane_metabolism
362,VIT_14s0219g00280,307,0.1492,Glycerol-3-phosphate dehydrogenase (NAD+),E1_1_1_8,,vv10564Glycerophospholipid_metabolism,
363,VIT_08s0007g07090,308,0.1490,Sphingosine-1-phosphate phosphatase,K04716,,vv10600Sphingolipid_metabolism,
364,VIT_06s0004g04050,307,0.1488,Laccase,E1_10_3_2,,vv11000Single_reactions,vv50109Incompletely_characterized_transport_systems
365,VIT_01s0011g02610,306,0.1485,No hit,,,,
366,VIT_11s0016g04840,305,0.1481,Avr9/Cf-9 rapidly elicited protein 11,,,,
367,VIT_09s0002g08590,301,0.1458,Pentatricopeptide (PPR) repeat-containing protein,,,,
368,VIT_07s0005g05180,299,0.1443,No hit,,,,
369,VIT_01s0127g00340,298,0.1441,Unknown,,,,
370,VIT_15s0046g02380,301,0.1438,CYP86A8,,,,
371,VIT_03s0038g03940,292,0.1411,Tonoplast monosaccharide transporter2,TMT2,,vv50121Porters_cat_1_to_6,
372,VIT_18s0001g01130,293,0.1409,Alpha-expansin 1 precursor,EXPA1,,vv30003Auxin_signaling,
373,VIT_06s0004g02390,289,0.1393,Triacylglycerol lipase,E3_1_1_3,,vv10561Glycerolipid_metabolism,
374,VIT_02s0033g00450<br>VIT_02s0033g00380<br>VIT_02s0033g00390<br>VIT_02s0033g00410,285,0.1382,
375,VIT_08s0007g07240,281,0.1359,Armadillo helical,,,,
376,VIT_02s0033g00460<br>VIT_02s0033g00400<br>VIT_02s0033g00430,278,0.1348,
377,VIT_10s0116g01030,273,0.1314,Stigma-specific Stig1,,,,
378,VIT_07s0031g01750,263,0.1274,N-acetyltransferase 10,K14521,,vv23008Ribosome_biogenesis_in_Eukaryotes,
379,VIT_00s0283g00030,263,0.1269,Calnexin 1 (CNX1),K08054,,vv24141Protein_processing_in_endoplasmic_reticulum,vv44145Phagosome
380,VIT_19s0090g01440,262,0.1268,Fimbrin 2,FIMBRIN2,,vv44810Regulation_of_actin_cytoskeleton,
381,VIT_07s0005g03140,259,0.1253,Aspartyl protease,E3_4_23_x,,,
382,VIT_04s0023g02230,258,0.1249,S-adenosyl-L-methionine:salicylic acid carboxyl methyltransferase,SAMTBSCMT,,vv10360Phenylalanine_metabolism,
383,VIT_00s0286g00130,258,0.1245,S-locus lectin protein kinase,,,,
384,VIT_08s0007g00690,254,0.1233,Laccase,E1_10_3_2,,vv11000Single_reactions,vv50109Incompletely_characterized_transport_systems
385,VIT_15s0046g03230,254,0.1232,Disease resistance protein RGA4,,,,
386,VIT_05s0077g00670,253,0.1229,Unknown protein,,,,
387,VIT_07s0005g00510,255,0.1229,Monoglyceride lipase,E3_1_1_23,,vv10561Glycerolipid_metabolism,
388,VIT_18s0001g01320,248,0.1204,Wall-associated receptor kinase 5,,,,
389,VIT_02s0109g00230,246,0.1193,Early-responsive to dehydration protein / ERD protein,,,,
390,VIT_10s0003g03620,245,0.1189,Lupeol synthase 2,E5_4_99_8,,vv10100Biosynthesis_of_steroids,
391,VIT_08s0007g02920,246,0.1184,ATAN11 (ANTHOCYANIN11),,,,
392,VIT_10s0003g00620,243,0.1177,Lipase GDSL,,,,
393,VIT_18s0001g07020,244,0.1175,No hit,,,,
394,VIT_09s0002g02490,242,0.1165,Dof zinc finger protein 1,ADOF1,,vv60015C2C2-DOF,
395,VIT_09s0002g02980,240,0.1163,FRK1 (FLG22-induced receptor-like kinase 1),FRK1,,vv34626Plant-pathogen_interaction,
396,VIT_01s0127g00250,241,0.1161,Kelch repeat-containing F-box protein,,,,
397,VIT_05s0020g01820,238,0.1158,Integral membrane family protein UPF0497,,,,
398,VIT_10s0042g01020,239,0.1154,Isochorismatase,E3_3_2_1,,vv10130Ubiquinone_biosynthesis,
399,VIT_08s0007g05210,239,0.1154,Amino acid permease,AAPREL,,vv50123Porters_cat_18_to_29,
400,VIT_07s0005g00830,235,0.1140,Subtilisin protease,,,,
401,VIT_18s0075g00800,234,0.1135,TIR-NBS disease resistance,,,,
402,VIT_06s0061g00230,234,0.1130,ABC transporter G member 7,ABCG7,,vv52010ABC_transporters,
403,VIT_12s0034g02350,232,0.1122,R protein disease resistance protein,RPROT,,vv34627R_proteins_from_Plant-pathogen_interaction,
404,VIT_18s0122g01280,229,0.1107,Niemann-Pick C1 protein precursor,NPC1,,vv50121Porters_cat_1_to_6,
405,VIT_01s0026g02120,228,0.1107,Microtubule end binding protein 1 (EB1),K10436,,vv44810Regulation_of_actin_cytoskeleton,
406,VIT_11s0016g04160,228,0.1098,Sulfate transporter 3.5,SULTR3_5,,vv50124Porters_cat_30_to_64,
407,VIT_13s0073g00140,226,0.1091,Ovate family protein 13 OFP13,OFP13_2,,vv60086OFP,
408,VIT_14s0066g01730,225,0.1089,Cellulose synthase CSLC04,E2_4_1_12_CSLC04,,vv40006Cell_wall,
409,VIT_11s0016g04320,225,0.1087,Nudix hydrolase 20,,,,
410,VIT_05s0020g03000,221,0.1068,2-Hydroxyisoflavanone dehydratase,E4_2_1_105,,vv10943Isoflavonoid_biosynthesis,
411,VIT_14s0060g00240,219,0.1060,Myb domain protein 61,MYB61_2,MYB55B,vv60044MYB,
412,VIT_14s0068g00600,216,0.1042,Alpha-expansin 19,EXPA19,,vv30003Auxin_signaling,
413,VIT_05s0077g00530,216,0.1039,Unknown protein,,,,
414,VIT_00s0541g00010,212,0.1023,Unknown,,,,
415,VIT_04s0008g06000,209,0.1010,Ethylene-responsive transcription factor ERF003,ERF003_2,VvERF045,vv30008Ethylene_signaling,vv60003AP2_EREBP
416,VIT_08s0007g04920,205,0.0994,Zinc finger (C3HC4-type ring finger),ZFC3HC4_118,,vv60078Other_zf-C3HC4,
417,VIT_19s0090g00710,205,0.0989,No hit,,,,
418,VIT_14s0006g02550,204,0.0988,Non-specific lipid-transfer protein 2 (LTP 2),,,,
419,VIT_18s0041g00270,198,0.0957,R protein  PRF  disease resistance protein,K13453,,vv34627R_proteins_from_Plant-pathogen_interaction,
420,VIT_19s0085g00030,197,0.0950,Unknown protein,,,,
421,VIT_11s0016g01290,193,0.0933,CYP72A1,K13400,,vv10902Monoterpenoid_biosynthesis,
422,VIT_04s0023g02840,193,0.0933,Leucine-rich repeat disease resistance protein,,,,
423,VIT_04s0008g04440,192,0.0928,No hit,,,,
424,VIT_04s0008g00150,192,0.0927,NAC domain containing protein 36,NAC036_1,VvNAC04,vv60046NAC,
425,VIT_07s0197g00250,193,0.0925,Disease resistance protein (CC-NBS-LRR class),,,,
426,VIT_02s0025g04550,189,0.0915,Glucose-methanol-choline (GMC) oxidoreductase,E1_1_99_1,,vv10260Glycine_serine_and_threonine_metabolism,
427,VIT_12s0121g00420,189,0.0910,Unknown,,,,
428,VIT_14s0081g00120,187,0.0901,fertility restorer,,,,
429,VIT_17s0000g05160,184,0.0892,SP1L2 (SPIRAL2),SP1L2,,vv44810Regulation_of_actin_cytoskeleton,
430,VIT_00s0361g00040,184,0.0882,Anthocyanidin reductase,E1_3_1_77,,vv10941Flavonoid_biosynthesis,
431,VIT_04s0044g00190,182,0.0878,Mannitol dehydrogenase,E1_1_1_67,,vv10051Fructose_and_mannose_metabolism,
432,VIT_14s0081g00140,179,0.0870,Pentatricopeptide (PPR) repeat-containing,,,,
433,VIT_14s0128g00510<br>VIT_14s0128g00550,176,0.0849,
434,VIT_11s0016g05300,175,0.0847,Heme oxygenase 1,E1_14_99_3,,vv10860Porphyrin_and_chlorophyll_metabolism,
435,VIT_06s0004g02710,171,0.0826,Drug/metabolite transporter DMT family transporter,DMT,,vv50122Porters_cat_7_to_17,
436,VIT_01s0026g00080,171,0.0822,Metal-dependent phosphohydrolase HD domain-containing protein,K07023,,,
437,VIT_08s0007g07110,169,0.0817,Unknown protein,,,,
438,VIT_02s0025g04410,166,0.0802,Beta-ketoacyl-CoA synthase,E2_3_1_41,,vv10061Fatty_acid_biosynthesis,
439,VIT_04s0043g00300,165,0.0800,Microtubule-associated protein,MASP,,vv44810Regulation_of_actin_cytoskeleton,
440,VIT_05s0062g01130,163,0.0793,Aromatic and neutral transporter 1,ANT1,,vv50123Porters_cat_18_to_29,
441,VIT_19s0015g01960,161,0.0777,Self-incompatibility protein,,,,
442,VIT_11s0052g01790,160,0.0771,No hit,,,,
443,VIT_11s0016g03660,159,0.0771,Glucose transporter 2 plastidic,PGTR2,,vv50121Porters_cat_1_to_6,
444,VIT_18s0001g00560,158,0.0761,Alpha-amylase / 1 4-alpha-D-glucan glucanohydrolase,E3_2_1_1,,vv10500Starch_and_sucrose_metabolism,
445,VIT_16s0022g01210,157,0.0760,Myb domain protein 85,MYB85_2,MYB191,vv60044MYB,
446,VIT_13s0019g02720,155,0.0755,Guanylyl cyclase (GC1),E4_6_1_2,,vv10230Purine_metabolism,vv34020Calcium_signaling_pathway
447,VIT_15s0046g00310,156,0.0752,Transcription factor TINY,ERF023,VvERF015,vv30008Ethylene_signaling,vv60003AP2_EREBP
448,VIT_07s0104g01410,156,0.0748,OTU cysteine protease,,,,
449,VIT_15s0046g00730,154,0.0748,Auxin-responsive protein,AUXREG,,vv30003Auxin_signaling,
450,VIT_08s0007g04950,154,0.0743,Xyloglucan endotransglucosylase/hydrolase 32,E2_4_1_207,,vv40006Cell_wall,
451,VIT_10s0092g00370,154,0.0743,CYP71D7,E1_14_13_73,,vv10902Monoterpenoid_biosynthesis,
452,VIT_13s0106g00250,153,0.0740,Carboxylic ester hydrolase,E3_1_1_1,,,
453,VIT_09s0054g01440,153,0.0739,Beta-amyrin synthase,E5_4_99_BAS,,vv10900Terpenoid_biosynthesis,
454,VIT_05s0049g01400,153,0.0737,Alcohol oxidase,E1_1_3_13,,vv10680Methane_metabolism,
455,VIT_05s0020g04020,147,0.0710,Unknown protein,,,,
456,VIT_09s0002g01650,144,0.0701,5'-nucleotidase surE,E3_1_3_5,,vv10230Purine_metabolism,vv10240Pyrimidine_metabolism
457,VIT_19s0090g00790,145,0.0700,F-box family protein,,,,
458,VIT_02s0087g00490,143,0.0686,10-deacetylbaccatin III 10-O-acetyltransferase,E2_3_1_167,,vv10904Diterpenoid_biosynthesis,
459,VIT_13s0106g00070,136,0.0661,Ankyrin repeat protein,K10380,,vv50108Accessory_factors_involved_in_transport,
460,VIT_17s0000g02700,137,0.0661,Alpha-dioxygenase 2,K10529,,vv10592alpha-Linolenic_acid_metabolism,
461,VIT_19s0085g01000,131,0.0637,RGLG2 (ring Domain LIGASE2),RGLG2,,vv50004Auxin_transport,
462,VIT_03s0017g00530,131,0.0635,Elongation factor 1-alpha HBS1,K14416,,vv23015mRNA_surveillance_pathway,
463,VIT_16s0050g01970,125,0.0601,Serine/threonine protein kinase LRK19,,,,
464,VIT_10s0071g00310,124,0.0599,F-box/LRR-repeat protein 2,,,,
465,VIT_14s0006g02290,123,0.0597,DREB sub A-4 of ERF/AP2 transcription factor,TINY_2,VvERF028,vv30008Ethylene_signaling,vv60003AP2_EREBP
466,VIT_05s0102g00880,123,0.0595,Strictosidine synthase,E4_3_3_2,,vv10900Terpenoid_biosynthesis,vv10902Monoterpenoid_biosynthesis
467,VIT_08s0007g00200,122,0.0589,Ankyrin repeat,K10380,,vv50108Accessory_factors_involved_in_transport,
468,VIT_07s0129g00380,120,0.0581,Phototropic-responsive NPH3,BTBNPH3_1,,vv60093TRAF,
469,VIT_01s0011g00790,120,0.0580,DnaJ homolog  subfamily C  member 2 gonidia forming protein GlsA,K09522_1,,vv50132Primary_active_transporter_cat_A5_to_A8,vv60045MYBrelated
470,VIT_18s0001g10850,117,0.0568,Patatin,,,,
471,VIT_16s0039g01670,117,0.0567,Cinnamoyl-CoA reductase,E1_2_1_44,,vv10940Phenylpropanoid_biosynthesis,
472,VIT_07s0005g04380,117,0.0563,IAA12,IAA12,,vv30003Auxin_signaling,vv60008AUXIAA
473,VIT_01s0011g03640,114,0.0550,Adenylate isopentenyltransferase,E2_5_1_27,,vv10100Biosynthesis_of_steroids,
474,VIT_17s0000g02440,113,0.0549,Integral membrane protein,,,,
475,VIT_05s0062g01200,113,0.0549,Unknown,,,,
476,VIT_06s0004g04490,112,0.0544,Unknown protein,,,,
477,VIT_12s0035g00050,112,0.0539,No hit,,,,
478,VIT_09s0002g02380,110,0.0531,Thioredoxin 2,,,,
479,VIT_13s0067g00730,110,0.0531,Carboxylic ester hydrolase,E3_1_1_1,,,
480,VIT_18s0001g12690,108,0.0522,Isoflavone reductase protein 4,E1_3_1_45,,vv10943Isoflavonoid_biosynthesis,
481,VIT_02s0025g01730,107,0.0518,3-oxoacyl-[acyl-carrier-protein] synthase,E2_3_1_41,,vv10061Fatty_acid_biosynthesis,
482,VIT_14s0006g02570,106,0.0515,Protease inhibitor/seed storage/lipid transfer protein (LTP),,,,
483,VIT_04s0008g02250,103,0.0499,Beta-ketoacyl-CoA synthase,E2_3_1_41,,vv10061Fatty_acid_biosynthesis,
484,VIT_14s0030g01660,103,0.0497,Serine/threonine kinase WNK1,WNK1,,vv34710Circadian_rhythm,
485,VIT_07s0005g02370,103,0.0497,Germin-like protein 2 [Vitis vinifera],,,,
486,VIT_14s0068g00160,101,0.0488,No hit,,,,
487,VIT_19s0014g01900,99,0.0479,Protein transport protein Sec24,K14007,,vv24141Protein_processing_in_endoplasmic_reticulum,vv50110Protein_coat
488,VIT_07s0005g03320,98,0.0475,Unknown protein,,,,
489,VIT_12s0055g00450,98,0.0470,Unknown protein,,,,
490,VIT_08s0007g02500,95,0.0460,Transcription termination factor mitochondrial mTERF,MTERF_28,,vv60085MTERF,
491,VIT_00s0194g00210<br>VIT_00s0194g00250,95,0.0458,
492,VIT_10s0116g01140,92,0.0446,Stigma-specific Stig1,,,,
493,VIT_15s0046g01430,92,0.0445,Aldose 1-epimerase,E5_1_3_3,,vv10010Glycolysis,
494,VIT_09s0002g07140,92,0.0444,Unknown,,,,
495,VIT_08s0007g07180,92,0.0444,Translation initiation factor eIF-3 subunit 8,K03252,,vv23013RNA_transport,
496,VIT_12s0034g00010,91,0.0440,No hit,,,,
497,VIT_05s0049g01410,89,0.0428,Phosphate transporter 1,PHO1,,vv50125Porters_cat_66_to_94,
498,VIT_04s0008g04230,88,0.0428,ABC transporter G member 22,ABCG22,,vv52010ABC_transporters,
499,VIT_13s0019g02810,88,0.0425,Glucuronosyl transferase,E2_4_1_17,,vv10040Pentose_glucuronate_interconversion,vv10500Starch_and_sucrose_metabolism
500,VIT_03s0132g00410,87,0.0425,Wall-associated receptor kinase-like 9,,,,
501,VIT_14s0066g00950,88,0.0424,Isocitrate dehydrogenase  chloroplast precursor,E1_1_1_42,,vv10020Citrate_cycle,vv10720Reductive_carboxylate_cycle
502,VIT_10s0003g01710,85,0.0409,Ubiquitin domain containing 2,,,,
503,VIT_13s0064g01740<br>VIT_13s0064g01750,84,0.0406,
504,VIT_03s0038g02040,84,0.0404,Amidase,E3_5_1_4,,vv10220Urea_cycle_and_metabolism_of_amino_groups,vv10360Phenylalanine_metabolism
505,VIT_18s0001g06850,83,0.0402,Peroxidase GvPx2b class III,E1_11_1_7,,vv10360Phenylalanine_metabolism,vv10680Methane_metabolism
506,VIT_04s0008g06820,83,0.0399,Unknown,,,,
507,VIT_06s0004g00210,82,0.0397,Subtilisin protease,,,,
508,VIT_01s0010g03510,81,0.0391,Caffeoyl-CoA O-methyltransferase,E2_1_1_104,,vv10940Phenylpropanoid_biosynthesis,
509,VIT_14s0060g02330,80,0.0388,Actin binding formin homology 1,FH2,,vv44810Regulation_of_actin_cytoskeleton,
510,VIT_01s0010g03490,78,0.0378,Caffeoyl-CoA O-methyltransferase,E2_1_1_104,,vv10940Phenylpropanoid_biosynthesis,
511,VIT_11s0016g01460,77,0.0375,BRXL4 (Brevis radix like 4),,,,
512,VIT_07s0129g00370,77,0.0374,Unknown protein,,,,
513,VIT_04s0008g03510,77,0.0373,Lignostilbene-alpha beta-dioxygenase and related enzymes,E1_14_99_36,,vv10906Carotenoid_biosynthesis,
514,VIT_01s0010g00400,76,0.0369,WD-40 repeat protein,,,,
515,VIT_13s0074g00390,77,0.0368,CYP77A2,,,,
516,VIT_12s0059g02420,74,0.0359,Peroxidase ATP11A (gb|X98802).,E1_11_1_7,,vv10360Phenylalanine_metabolism,vv10680Methane_metabolism
517,VIT_15s0021g02710,73,0.0355,Zinc finger (C2H2 type) family,C2H2FAM_24,,vv60017C2H2,
518,VIT_18s0001g10060,71,0.0345,LRX1 (leucine-rich repeat/extensin 1),EXTENSIN,,vv40006Cell_wall,
519,VIT_02s0033g01050,71,0.0342,Anthraniloyal-CoA: methanol anthraniloyal transferase,AMAT,,vv10400Phenylalanine_tyrosine_and_tryptophan_biosynthesis,
520,VIT_13s0064g00960,71,0.0341,Myb domain protein 46,MYB46,MYB186,vv60044MYB,
521,VIT_16s0022g02080,70,0.0336,Exostosin family protein,K02366,,vv11030Glycan_structures-biosynthesis1,
522,VIT_12s0059g00150,69,0.0334,Ankyrin repeat,K10380,,vv50108Accessory_factors_involved_in_transport,
523,VIT_00s0820g00020,69,0.0333,Anthocyanidine rhamnosyl-transferase,RHATR,,vv10942Anthocyanin_biosynthesis,
524,VIT_06s0004g07260,69,0.0332,DEAD  box  RNA helicase RH26,RH26,,vv23040Spliceosome,vv50133Primary_active_transporter_cat_A9_to_A18
525,VIT_07s0005g02210,68,0.0328,Transducin protein,,,,
526,VIT_11s0016g04150,67,0.0325,Sulfate transporter 3.4,SULTR3_4,,vv50124Porters_cat_30_to_64,
527,VIT_00s0194g00330,67,0.0324,Proline-rich family protein,,,,
528,VIT_04s0023g02810,66,0.0320,Aldehyde dehydrogenase 3B1,E1_2_1_3,vv10561Glycerolipid_metabolism,vv10010Glycolysis,vv10071Fatty_acid_metabolism
529,VIT_07s0005g04110,66,0.0318,Cellulose synthase CESA4,E2_4_1_12_CESA4,,vv40006Cell_wall,
530,VIT_19s0014g01780,65,0.0316,BZIP transcription factor,BZIPDOM_14,VvbZIP52,vv60012BZIP,
531,VIT_18s0089g00190,65,0.0315,1 4-beta-mannan endohydrolase,E3_2_1_78,,vv10051Fructose_and_mannose_metabolism,
532,VIT_00s0374g00040,65,0.0315,S-locus lectin protein kinase,,,,
533,VIT_12s0059g02710,65,0.0313,Pinene synthase,E4_2_3_14,,vv10902Monoterpenoid_biosynthesis,
534,VIT_01s0011g01860,64,0.0309,No hit,,,,
535,VIT_10s0092g00150,64,0.0309,Patatin protein 3,,,,
536,VIT_05s0020g01960,63,0.0306,Na+/H+ antiporter isoform 2,NHX2,,vv50124Porters_cat_30_to_64,
537,VIT_15s0048g01840,63,0.0304,Zinc finger (C3HC4-type ring finger),ZFC3HC4_127,,vv60078Other_zf-C3HC4,
538,VIT_07s0005g01470,62,0.0300,Unknown protein,,,,
539,VIT_15s0046g02410,62,0.0300,Aquaporin TMP-C,TMPC,,vv50101Channels_and_pores,
540,VIT_06s0004g00950,62,0.0299,HUB2 (histone mono-ubiquitination 2),HUB2,,vv60078Other_zf-C3HC4,
541,VIT_08s0040g02370,61,0.0297,DnaJ homolog  subfamily C  member 19,K09539,,vv50132Primary_active_transporter_cat_A5_to_A8,
542,VIT_15s0046g02400,60,0.0292,Glycerol-3-phosphate acyltransferase 8,E2_3_1_15,,vv10561Glycerolipid_metabolism,vv10564Glycerophospholipid_metabolism
543,VIT_08s0040g02610,60,0.0291,Unknown,,,,
544,VIT_03s0063g00580,59,0.0286,Rad54,K10875,,vv23440Homologous_recombination,vv60058SNF2
545,VIT_14s0108g00910,58,0.0280,No hit,,,,
546,VIT_05s0049g01740,57,0.0278,Actin related protein 2/3 complex  subunit 2,K05758,,vv44810Regulation_of_actin_cytoskeleton,
547,VIT_12s0142g00160,57,0.0276,Unknown protein,,,,
548,VIT_07s0191g00120,57,0.0275,Pentatricopeptide (PPR) repeat-containing protein,,,,
549,VIT_06s0004g06650,56,0.0271,1-phosphatidylinositol-4 5-bisphosphate phosphodiesterase,E3_1_4_11,,vv10562Inositol_phosphate_metabolism,vv30001ABA_signaling
550,VIT_05s0049g01810,54,0.0262,No hit,,,,
551,VIT_02s0241g00110,53,0.0257,Aminomethyltransferase,E2_1_2_10,,vv10260Glycine_serine_and_threonine_metabolism,vv10670One_carbon_pool_by_folate
552,VIT_18s0001g13500,53,0.0255,forkhead-associated domain-containing protein,FHADOM_9,,vv60028FHA,
553,VIT_13s0067g01570<br>VIT_13s0067g01640,52,0.0253,
554,VIT_16s0039g02750,51,0.0247,NADH glutamate dehydrogenase,E1_4_1_3,,vv10251Glutamate_metabolism,vv10330Arginine_and_proline_metabolism
555,VIT_08s0007g03370,50,0.0242,Unknown protein,,,,
556,VIT_11s0016g03880,50,0.0242,Receptor protein kinase PERK1,,,,
557,VIT_10s0003g01830,50,0.0242,Aquaporin NIP1;2,NIP1_2,,vv50101Channels_and_pores,
558,VIT_09s0002g05000,50,0.0241,R protein disease resistance protein,RPROT,,vv34627R_proteins_from_Plant-pathogen_interaction,
559,VIT_04s0023g01550,50,0.0241,Unknown,,,,
560,VIT_02s0025g01240,49,0.0237,UDP-glucuronosyl/UDP-glucosyltransferase,E2_4_1_17,,vv10040Pentose_glucuronate_interconversion,vv10500Starch_and_sucrose_metabolism
561,VIT_00s0341g00050,49,0.0237,ATMYB66/WER/WER1 (WEREWOLF 1),WEREWOLF_3,MYBPAL1,vv44110Cell_cycle,vv60044MYB
562,VIT_06s0009g02640,48,0.0232,Hydroxymethylglutaryl-CoA lyase,E4_1_3_4,,vv10072Synthesis_and_degradation_of_ketone_bodies,vv10280Valine_leucine_and_isoleucine_degradation
563,VIT_07s0031g03190,47,0.0229,VHS and GAT domain protein,VHSDC,,vv50109Incompletely_characterized_transport_systems,
564,VIT_05s0094g01420,47,0.0228,Inosine-uridine preferring nucleoside hydrolase,E3_2_2_1,,vv10230Purine_metabolism,vv10760Nicotinate_and_nicotinamide_metabolism
565,VIT_02s0025g01190,47,0.0227,Extra-large G-protein (XLG1),,,,
566,VIT_18s0001g05580,47,0.0227,Unknown protein,,,,
567,VIT_06s0004g04820,46,0.0222,Salt stress-inducible protein kinase,,,,
568,VIT_01s0011g05110,46,0.0222,Major latex protein 22,,,,
569,VIT_12s0059g00240,45,0.0218,Epoxide hydrolase,E3_3_2_10,,,
570,VIT_01s0127g00500,44,0.0212,OBP32pep,,,,
571,VIT_14s0128g00160,43,0.0207,Protein kinase CDG1,,,,
572,VIT_12s0028g02410,42,0.0203,1-aminocyclopropane-1-carboxylate oxidase,E1_14_17_4,,vv10640Propanoate_metabolism,vv30008Ethylene_signaling
573,VIT_10s0071g00270,41,0.0198,Abscisic acid-insensitive protein 3 (ABI3),ABI3_1,,vv30001ABA_signaling,vv30003Auxin_signaling
574,VIT_18s0001g01730,40,0.0194,Shikimate kinase,E2_7_1_71,,vv10400Phenylalanine_tyrosine_and_tryptophan_biosynthesis,
575,VIT_05s0020g03600,40,0.0192,CDPK adapter protein 1,,,,
576,VIT_09s0002g00300,39,0.0188,APUM23 (Arabidopsis PUMILIO 23),,,,
577,VIT_18s0001g14910,39,0.0188,Mannitol dehydrogenase,E1_1_1_67,,vv10051Fructose_and_mannose_metabolism,
578,VIT_06s0061g00890,37,0.0179,Carboxypeptidase,E3_4_17_22,,,
579,VIT_13s0074g00040,37,0.0179,Phytol kinase 2  chloroplast precursor,VTE5,,vv10860Porphyrin_and_chlorophyll_metabolism,
580,VIT_03s0063g00550,37,0.0178,Fw2.2 ORFX,,,,
581,VIT_02s0033g00370,36,0.0175,Myb domain protein 113,MYB113_4,MYBA4,vv60044MYB,
582,VIT_10s0003g03330,36,0.0174,Receptor-like serine-threonine protein kinase,,,,
583,VIT_17s0000g00120,36,0.0174,Exostosin,K02366,,vv11030Glycan_structures-biosynthesis1,
584,VIT_08s0007g07870,36,0.0174,Basic helix-loop-helix (bHLH) family,BHLHDOM_40,,vv60011BHLH,
585,VIT_06s0061g01540,35,0.0170,KCBP- interacting  protein kinase,,,,
586,VIT_04s0023g01020,35,0.0169,BEL1 homeobox 2 protein (BLH2) (SAWTOOTH 1),BLH2_1,VvHB17,vv60034HB,
587,VIT_09s0002g02990,35,0.0169,FRK1 (FLG22-induced receptor-like kinase 1),FRK1,,vv34626Plant-pathogen_interaction,
588,VIT_13s0067g00400,34,0.0163,Anthranilate synthase alpha 1,E4_1_3_27,,vv10400Phenylalanine_tyrosine_and_tryptophan_biosynthesis,
589,VIT_18s0001g00570,33,0.0160,Pentatricopeptide (PPR) repeat-containing,,,,
590,VIT_05s0020g04850,33,0.0160,H1flk,,,,
591,VIT_16s0050g00870,33,0.0160,Acyltransferase,E2_3_1_x,,,
592,VIT_06s0004g02640,32,0.0154,Receptor protein kinase PERK1,,,,
593,VIT_15s0046g00700,32,0.0154,Wax synthase,E2_3_1_75,,vv11000Single_reactions,
594,VIT_14s0068g00150,31,0.0151,No hit,,,,
595,VIT_07s0005g01670,31,0.0151,No hit,,,,
596,VIT_07s0005g05300,31,0.0150,Self-incompatibility protein-related,,,,
597,VIT_03s0038g00140,31,0.0150,Unknown protein,,,,
598,VIT_05s0049g00220,31,0.0150,2-oxoglutarate-dependent dioxygenase,,,,
599,VIT_00s0194g00260,31,0.0150,Microtubule associated protein (MAP70-5),MAP705,,vv44810Regulation_of_actin_cytoskeleton,
600,VIT_00s0233g00180<br>VIT_02s0154g00190,31,0.0149,
601,VIT_16s0039g01850,30,0.0145,Syntaxin 7,K08488,,vv24130SNARE_interactions_in_vesicular_transport,vv44145Phagosome
602,VIT_08s0058g01230,29,0.0141,Non-specific lipid-transfer protein,,,,
603,VIT_08s0007g01030,29,0.0140,Aldo/keto reductase,E1_1_1_21,,vv10040Pentose_glucuronate_interconversion,vv10051Fructose_and_mannose_metabolism
604,VIT_13s0019g01940,29,0.0140,Laccase,E1_10_3_2,,vv11000Single_reactions,vv50109Incompletely_characterized_transport_systems
605,VIT_05s0094g00820,28,0.0136,Unknown protein,,,,
606,VIT_10s0003g01430,28,0.0136,MEE62 (maternal effect embryo arrest 62),,,,
607,VIT_07s0151g00510,28,0.0135,GCN5 N-acetyltransferase (GNAT),GCN5_22,,vv60082GNAT,
608,VIT_02s0025g02630,27,0.0131,Lipase GDSL,,,,
609,VIT_12s0055g00820,27,0.0130,Serine carboxypeptidase II,,,,
610,VIT_16s0039g02680,26,0.0126,Unknown protein,,,,
611,VIT_00s0399g00010,26,0.0126,Unknown,,,,
612,VIT_04s0023g00280,26,0.0125,Unknown protein,,,,
613,VIT_12s0059g00230,25,0.0121,Epoxide hydrolase 2,E3_3_2_10,,,
614,VIT_03s0063g00360,25,0.0121,Glycoprotein 3-alpha-L-fucosyltransferase,E2_4_1_214,,vv11030Glycan_structures-biosynthesis1,
615,VIT_19s0015g01970,25,0.0121,Unknown,,,,
616,VIT_14s0006g02990,25,0.0120,3-ketoacyl-CoA synthase,,,,
617,VIT_08s0007g03080,25,0.0120,Pentatricopeptide repeat,,,,
618,VIT_08s0040g01970,24,0.0116,fasciclin arabinogalactan-protein (FLA11),FLA11,,vv40006Cell_wall,
619,VIT_00s0392g00060,24,0.0116,(E E)-alpha-farnesene synthase,EAFS,,vv10902Monoterpenoid_biosynthesis,
620,VIT_01s0010g02840,24,0.0116,Chaperone BCS1 mitochondrial,K08900,,,
621,VIT_10s0116g00680,24,0.0116,PDF2 (protodermal factor2),PDF2_2,VvHB35,vv60034HB,
622,VIT_08s0058g01110,22,0.0107,Ovate family protein 4 OFP4,OFP4_1,,vv60086OFP,
623,VIT_00s0259g00170,22,0.0106,Unknown protein,,,,
624,VIT_05s0102g00830,22,0.0106,Unknown protein,,,,
625,VIT_00s1663g00010,22,0.0106,No hit,,,,
626,VIT_15s0046g02460,22,0.0106,Growth-on protein GRO11,,,,
627,VIT_03s0038g04210,22,0.0106,Phototropin-2,K08282,,vv50101Channels_and_pores,
628,VIT_14s0060g01800,22,0.0106,Unknown,,,,
629,VIT_07s0129g00710,22,0.0106,CYP81E1 Isoflavone 2'-hydroxylase,E1_14_13_89,,vv10943Isoflavonoid_biosynthesis,
630,VIT_07s0005g06300,22,0.0106,Phototropic-responsive NPH3,,,,
631,VIT_12s0134g00070,22,0.0106,No hit,,,,
632,VIT_09s0002g04170,22,0.0106,Acyl-CoA synthetases (Acyl-activating enzyme 13),E6_2_1_3,,vv10071Fatty_acid_metabolism,vv50104Group_translocators
633,VIT_07s0130g00040,22,0.0105,Myb domain protein 4,MYB4_10,MYB3,vv60044MYB,
634,VIT_14s0219g00140,21,0.0102,ATP synthase mitochondrial F1 complex assembly factor 2,K07556,,,
635,VIT_15s0048g02680,20,0.0097,Calmodulin-binding region IQD17,,,,
636,VIT_11s0016g02880,20,0.0097,NAC domain-containing protein 75,NAC075,VvNAC19,vv60046NAC,
637,VIT_17s0000g02650,20,0.0096,Myb domain protein 7,MYB7_2,MYBC2-L4,vv60044MYB,
638,VIT_01s0026g02330,20,0.0096,Phytochrome kinase substrate,,,,
639,VIT_09s0070g00310,19,0.0093,Glucan endo-1 3-beta-glucosidase 6 precursor,E3_2_1_39,,vv10500Starch_and_sucrose_metabolism,
640,VIT_18s0001g03360,18,0.0087,No hit,,,,
641,VIT_06s0004g04410,18,0.0087,SEC14 cytosolic factor,SEC14,,vv50122Porters_cat_7_to_17,
642,VIT_11s0037g00490,18,0.0087,Translation initiation factor eIF-4F,K03260,,vv23013RNA_transport,
643,VIT_17s0000g10260,18,0.0087,AarF domain containing kinase,K08869,,,
644,VIT_14s0066g00310,18,0.0087,Unknown protein,,,,
645,VIT_18s0001g07060,18,0.0087,Phosphoribosylaminoimidazole-succinocarboxamide synthase.,E6_3_2_6,,vv10230Purine_metabolism,
646,VIT_04s0044g00660,18,0.0086,S-receptor kinase,,,,
647,VIT_17s0000g00280,17,0.0082,Magnesium-protoporphyrin O-methyltransferase,E2_1_1_11,,vv10860Porphyrin_and_chlorophyll_metabolism,
648,VIT_06s0004g07970,17,0.0082,Alpha-expansin 10 precursor,EXPA10,,vv30003Auxin_signaling,
649,VIT_13s0019g02500,16,0.0078,No hit,,,,
650,VIT_15s0048g01210,16,0.0077,Subtilisin serine endopeptidase (XSP1),XSP1,,vv50101Channels_and_pores,
651,VIT_19s0090g01540,16,0.0077,Beta-1 2-xylosyltransferase,E2_4_2_38,,vv11030Glycan_structures-biosynthesis1,
652,VIT_00s0181g00200<br>VIT_00s0181g00180,16,0.0077,
653,VIT_15s0021g02690,16,0.0077,Unfertilized embryo sac 10 UNE10,UNE10_1,,vv60011BHLH,
654,VIT_02s0025g00340,16,0.0077,Monodehydroascorbate reductase  chloroplast precursor,E1_6_5_4,,vv10053Ascorbate_and_aldarate_metabolism,
655,VIT_17s0000g00950,15,0.0073,Hydroxycinnamoyl-CoA quinate hydroxycinnamoyltransferase,E2_3_1_99,,vv10940Phenylpropanoid_biosynthesis,
656,VIT_04s0044g00450,15,0.0073,Nodulin MtN21 family,MTN21,,vv50122Porters_cat_7_to_17,
657,VIT_05s0029g01430,15,0.0073,Ankyrin,K10380,,vv50108Accessory_factors_involved_in_transport,
658,VIT_12s0059g01870,15,0.0073,GH3-like protein,AUXINBIOSYNTHESIS_GH3,,vv11002Auxin_biosynthesis,
659,VIT_12s0057g01060,15,0.0073,Jasmonate O-methyltransferase,E2_1_1_141,,vv10592alpha-Linolenic_acid_metabolism,
660,VIT_09s0002g05110,15,0.0073,EMB2753,,,,
661,VIT_13s0019g03660,15,0.0073,Unknown protein,,,,
662,VIT_14s0068g00500,15,0.0073,Indole-3-acetate beta-glucosyltransferase,E2_4_1_121,,vv11002Auxin_biosynthesis,
663,VIT_01s0010g03800,15,0.0073,Unknown protein,,,,
664,VIT_03s0097g00230,15,0.0073,No hit,,,,
665,VIT_10s0071g00580,15,0.0073,Zfwd2 protein (ZFWD2),ZFWD2_4,,vv60018C3H,
666,VIT_02s0033g01020,15,0.0073,Anthraniloyal-CoA: methanol anthraniloyal transferase,AMAT,,vv10400Phenylalanine_tyrosine_and_tryptophan_biosynthesis,
667,VIT_00s0179g00110,15,0.0072,Protein phosphatase 2C,,,,
668,VIT_02s0012g00180,15,0.0072,Serine protease,,,,
669,VIT_00s1380g00010,15,0.0072,Pentatricopeptide (PPR) repeat-containing protein,,,,
670,VIT_04s0023g02260,15,0.0072,S-adenosyl-L-methionine:salicylic acid carboxyl methyltransferase,SAMTBSCMT,,vv10360Phenylalanine_metabolism,
671,VIT_04s0008g01260,15,0.0072,Zinc transporter ZIP4,ZIP4,,vv50121Porters_cat_1_to_6,
672,VIT_05s0020g04150,14,0.0068,Emp24/gp25L/p24,EMP24,,vv50110Protein_coat,
673,VIT_18s0089g00410,14,0.0068,Sucrose-phosphate synthase 1,E2_4_1_14,,vv10500Starch_and_sucrose_metabolism,
674,VIT_16s0098g01890,14,0.0067,Phosphatidylinositol 3- and 4-kinase / ubiquitin,,,,
675,VIT_02s0033g00440,14,0.0067,Myb VvMYBA1,VVMYBA1_3,MYBA11,vv60044MYB,
676,VIT_18s0001g01750,13,0.0063,No hit,,,,
677,VIT_12s0059g00210,13,0.0063,Epoxide hydrolase,E3_3_2_10,,,
678,VIT_08s0056g01100,13,0.0063,MATE efflux family protein,MATE,,vv50125Porters_cat_66_to_94,
679,VIT_17s0000g05060,13,0.0063,Phytochelatin synthetase,E2_3_2_15,,vv10251Glutamate_metabolism,
680,VIT_03s0038g01160,12,0.0058,Auxin responsive SAUR protein,SAUR,,vv30003Auxin_signaling,
681,VIT_02s0025g02350,12,0.0058,Transparent testa16,TT16_3,,vv60042MADS,
682,VIT_08s0007g06900,12,0.0058,Disease resistance-responsive,,,,
683,VIT_15s0024g01830<br>VIT_18s0041g01580<br>VIT_18s0041g01510,12,0.0058,
684,VIT_11s0118g00070,12,0.0058,Exostosin family protein,K02366,,vv11030Glycan_structures-biosynthesis1,
685,VIT_13s0019g05150,11,0.0052,Unknown protein,,,,
686,VIT_07s0104g00640,10,0.0049,No hit,,,,
687,VIT_00s0286g00140<br>VIT_00s0484g00010<br>VIT_00s2549g00010,10,0.0049,
688,VIT_02s0087g00570,10,0.0049,Unknown protein,,,,
689,VIT_05s0049g01560,10,0.0049,Unknown protein,,,,
690,VIT_00s0375g00030,10,0.0048,Alpha-galactosidase,E3_2_1_22,,vv10052Galactose_metabolism,vv10561Glycerolipid_metabolism
691,VIT_05s0094g00960,10,0.0048,UDP-xylose phenolic glycosyltransferase,,,,
692,VIT_05s0102g00160,10,0.0048,Zinc finger (Ran-binding),ZFRANBPDOM_7,,vv60080Other_zf,
693,VIT_04s0008g01430,10,0.0048,APM1 (Aminopeptidase M1),APM1,,vv50004Auxin_transport,
694,VIT_08s0007g08680,10,0.0048,Unknown protein,,,,
695,VIT_14s0060g01840,9,0.0044,Unknown protein,,,,
696,VIT_02s0012g01870,9,0.0044,No hit,,,,
697,VIT_18s0001g01200,9,0.0044,No hit,,,,
698,VIT_00s0238g00070,9,0.0044,TIR-NBS-LRR disease resistance,,,,
699,VIT_15s0021g02270,9,0.0043,Unknown protein,,,,
700,VIT_05s0077g01670,9,0.0043,Major cherry allergen Pru av 1.0202,,,,
701,VIT_07s0005g02480,9,0.0043,Myb domain protein 61,MYB61_1,MYB55A,vv60044MYB,
702,VIT_03s0038g03560,9,0.0043,CAO (CHAOS); chromatin binding,CPSRP43,,vv50113Thylakoid_targeting_pathway,
703,VIT_13s0019g01260,9,0.0043,Enoyl reductase,K10258,,vv11040Biosynthesis_of_unsaturated_fatty_acids,
704,VIT_09s0002g08940,9,0.0043,MOS3/PRE/SAR3 (suppressor of AUXIN resistance3),SAR3,,vv30003Auxin_signaling,
705,VIT_17s0000g10100,9,0.0043,Response regulator ARR11 Type-B,ARR11_1,,vv30007Cytokinin_signaling,vv60006ARR-B
706,VIT_16s0100g00520,9,0.0043,ATPP2-A13,,,,
707,VIT_18s0001g14600,9,0.0043,Pentatricopeptide (PPR) repeat-containing protein,,,,
708,VIT_09s0018g01280,7,0.0034,Ribulose bisphosphate carboxylase/oxygenase activase 2,,,,
709,VIT_14s0128g00210,7,0.0034,Xyloglucanase inhibitor,,,,
710,VIT_11s0016g01280,7,0.0034,DNA-directed RNA polymerase III subunit C4,K03026,,vv23020RNA_polymerase,
711,VIT_05s0102g00860,7,0.0034,Unknown protein,,,,
712,VIT_11s0016g04180,7,0.0034,Coatomer protein complex  subunit beta 2,COPB2,,vv50110Protein_coat,
713,VIT_19s0014g03970,7,0.0034,Calcium-binding EF-hand,,,,
714,VIT_10s0003g04320,7,0.0034,PINOID,PINOID,,vv50004Auxin_transport,vv50125Porters_cat_66_to_94
715,VIT_18s0001g05770,7,0.0034,Protein phosphatase methylesterase 1,K01066,,vv10650Butanoate_metabolism,
716,VIT_14s0068g00260,7,0.0034,Serine carboxypeptidase S10,,,,
717,VIT_08s0007g03150,6,0.0029,Pentatricopeptide (PPR) repeat-containing protein,,,,
718,VIT_06s0004g07780,6,0.0029,No hit,,,,
719,VIT_10s0003g01560,6,0.0029,Cellulose synthase CESA8,E2_4_1_12_CESA8,,vv40006Cell_wall,
720,VIT_07s0104g01320,6,0.0029,Transport inhibitor response 1,TIR1,,vv30003Auxin_signaling,
721,VIT_10s0003g02540,6,0.0029,ABC transporter B member 14,ABCB14,,vv52010ABC_transporters,
722,VIT_02s0087g00090,6,0.0029,F-box family protein,,,,
723,VIT_18s0001g09260,6,0.0029,Unknown protein,,,,
724,VIT_07s0031g02950,6,0.0029,Ammonium transporter 2,AMT2,,vv50101Channels_and_pores,
725,VIT_10s0116g01590,6,0.0029,No hit,,,,
726,VIT_08s0105g00300,6,0.0029,Phospholipase C,E3_1_4_3,,vv10260Glycine_serine_and_threonine_metabolism,vv10562Inositol_phosphate_metabolism
727,VIT_11s0037g01210,6,0.0029,Eceriferum 1 (CER1 protein) Sterol desaturase,,,,
728,VIT_05s0051g00770,6,0.0029,No hit,,,,
729,VIT_01s0011g01290,6,0.0029,N-carbamyl-L-amino acid amidohydrolase,E3_5_1_6,,vv10240Pyrimidine_metabolism,vv10410Beta-alanine_metabolism
730,VIT_08s0007g07140,6,0.0029,Esterase/lipase/thioesterase family protein,,,,
731,VIT_07s0095g00010,6,0.0029,S-receptor kinase 1,,,,
732,VIT_11s0016g03900,6,0.0029,AAA-type ATPase,,,,
733,VIT_16s0039g01310,6,0.0029,Receptor serine/threonine kinase PR5K,,,,
734,VIT_16s0050g01100,6,0.0029,Zinc finger (C2H2 type) family,C2H2FAM_37,,vv60017C2H2,
735,VIT_14s0006g02890,6,0.0029,ATSYTE/NTMC2T3.2/NTMC2TYPE3.2/SYTE,NTMC2T3_2,,vv50109Incompletely_characterized_transport_systems,
736,VIT_00s0851g00020,6,0.0029,Unknown,,,,
737,VIT_02s0012g00660,6,0.0029,Calcium-binding EF-hand,,,,
738,VIT_19s0014g00020,6,0.0029,ATP-dependent Clp protease ATP-binding subunit (ClpA),K03694,,vv50109Incompletely_characterized_transport_systems,
739,VIT_08s0032g00530,6,0.0029,Rhomboid,,,,
740,VIT_09s0002g06610,6,0.0029,Polygalacturonase GH28,E3_2_1_15,,vv40006Cell_wall,
741,VIT_14s0030g00650,4,0.0019,Shikimate dehydrogenase,E1_1_1_25,,vv10400Phenylalanine_tyrosine_and_tryptophan_biosynthesis,
742,VIT_01s0011g02130,4,0.0019,Peptidoglycan-binding LysM domain-containing protein,,,,
743,VIT_13s0019g00410,4,0.0019,No hit,,,,
744,VIT_06s0004g05730,4,0.0019,Universal stress protein (USP) family protein,,,,
745,VIT_14s0066g01340,4,0.0019,DNA-binding protein,,,,
746,VIT_08s0007g03360,4,0.0019,EMB1345 (embryo defective 1345),,,,
747,VIT_14s0068g01540,4,0.0019,PBS1 (avrPphB susceptible 1),K13430,,vv34626Plant-pathogen_interaction,
748,VIT_08s0040g01040,4,0.0019,Serine carboxypeptidase II,,,,
749,VIT_02s0025g04160,4,0.0019,Unknown protein,,,,
750,VIT_11s0052g00800,3,0.0015,Protein kinase family,,,,
751,VIT_13s0074g00660,3,0.0015,ABC transporter G member 22,ABCG22,,vv52010ABC_transporters,
752,VIT_01s0011g05270,3,0.0015,Protein BCCIP homolog,,,,
753,VIT_09s0002g03060,3,0.0015,Leucine-rich repeat protein kinase,,,,
754,VIT_17s0000g05000,3,0.0015,SEPALLATA1,SEPALLATA1_1,,vv30009Flower_development,vv60042MADS
755,VIT_07s0031g01160,3,0.0015,Hyperosmotically inducible periplasmic protein,K04065,,vv50131Primary_active_transporter_cat_A2_to_A4,
756,VIT_05s0029g00480,3,0.0015,Eceriferum 2 (CER2),,,,
757,VIT_16s0022g02170,3,0.0015,Alpha-L-fucosidase,E3_2_1_51,,vv10511N-Glycan_degradation,
758,VIT_17s0000g02410,3,0.0015,Cold-induced wall associated kinase,,,,
759,VIT_01s0011g02250,3,0.0015,Metal-nicotianamine transporter YSL7,YSL7,,vv50125Porters_cat_66_to_94,
760,VIT_06s0061g00940,3,0.0015,Vacuolar protein sorting 41 (VPS41),VPS41,,vv50110Protein_coat,
761,VIT_01s0010g01500,3,0.0015,MADS-box agamous-like 62,AGL62_6,,vv60042MADS,
762,VIT_10s0003g04990,3,0.0015,feronia receptor-like kinase,,,,
763,VIT_06s0004g01840,3,0.0015,Cytochrome c-type biogenesis protein,,,,
764,VIT_05s0029g00070,3,0.0015,Calcium-binding protein CML,K13448,,vv34626Plant-pathogen_interaction,
765,VIT_06s0004g06240,3,0.0015,Zinc finger (C2H2 type) family,C2H2FAM_31,,vv60017C2H2,
766,VIT_01s0146g00370,3,0.0015,Armadillo/beta-catenin repeat,,,,
767,VIT_15s0021g02510,3,0.0015,GATA transcription factor 2,GATA2,,vv60016C2C2-GATA,
768,VIT_08s0058g01390,3,0.0015,WRKY DNA-binding protein 70,WRKY70_2,VvWRKY25,vv60066WRKY,
769,VIT_15s0048g01620,3,0.0015,CYP76E3,,,,
770,VIT_03s0038g02290,3,0.0015,Amino acid permease 3,AAP3,,vv50123Porters_cat_18_to_29,
771,VIT_11s0016g02700,3,0.0015,IAA-amino acid hydrolase 2 (ILL2),ILL2,,vv11002Auxin_biosynthesis,
772,VIT_04s0043g00560,3,0.0015,DD1A protein,,,,
773,VIT_16s0100g01310,3,0.0015,DNA mismatch repair protein MSH3,K08736,,vv23430Mismatch_repair,
774,VIT_00s0357g00060<br>VIT_00s0357g00080<br>VIT_00s0556g00020<br>VIT_00s0895g00010,3,0.0015,
775,VIT_02s0025g03720,3,0.0015,DTA2 (downstream target of AGL15 2),,,,
776,VIT_18s0001g06430,3,0.0015,Homeobox-leucine zipper protein ATHB-6,ATHB6_2,VvHB62,vv30001ABA_signaling,vv60034HB
777,VIT_00s0187g00050,3,0.0015,No hit,,,,
778,VIT_08s0007g00670,3,0.0015,Laccase,E1_10_3_2,,vv11000Single_reactions,vv50109Incompletely_characterized_transport_systems
779,VIT_08s0040g01940,3,0.0015,Zinc finger (C3HC4-type ring finger),ZFC3HC4_154,,vv60078Other_zf-C3HC4,
780,VIT_11s0052g01210,3,0.0015,Xyloglucan endotransglycosylase 6,E2_4_1_207,,vv40006Cell_wall,
781,VIT_00s0429g00040,3,0.0015,Aspartic proteinase nepenthesin-1 precursor,E3_4_23_12,,,
782,VIT_12s0028g03450,3,0.0014,Plastocyanin domain-containing protein,K02638,,vv10195Photosynthesis,vv50113Thylakoid_targeting_pathway
783,VIT_04s0008g04460,3,0.0014,Molybdate transporter 1,MOT1,,vv50124Porters_cat_30_to_64,
784,VIT_00s0391g00050,3,0.0014,Unknown protein,,,,
785,VIT_19s0015g02690,3,0.0014,Glutathione S-transferase 25 GSTU25,E2_5_1_18_GSTU25,,vv10480Glutathione_metabolism,
786,VIT_19s0014g03820,3,0.0014,Myb domain protein 102,MYB102_2,MYB145,vv60044MYB,
787,VIT_09s0018g01650,3,0.0014,Wrinkled1 (AP2/ERBP),WRINKLED1_1,VvAP2-06,vv30008Ethylene_signaling,vv60003AP2_EREBP
788,VIT_06s0004g08180,3,0.0014,Translation initiation factor eIF-2 beta subunit,K03238,,vv23013RNA_transport,
789,VIT_18s0001g01310,3,0.0014,Wall-associated receptor kinase 5,,,,
790,VIT_00s0271g00030<br>VIT_00s0271g00060,3,0.0014,
791,VIT_12s0059g02240,3,0.0014,Unknown,,,,
792,VIT_08s0040g01530,3,0.0014,Pentatricopeptide (PPR) repeat-containing protein,,,,
793,VIT_18s0001g07640,3,0.0014,Eceriferum 2 (CER2),,,,
794,VIT_19s0138g00120,3,0.0014,1 3-beta-glucan synthase,E2_4_1_34,,vv10500Starch_and_sucrose_metabolism,
795,VIT_18s0089g00510,3,0.0014,Isopentenyltransferase 1,E2_5_1_27,,vv10908Zeatin_biosynthesis,
796,VIT_14s0066g02120,3,0.0014,Photosystem I P700 apoprotein A1 [Vitis vinifera],K02689,,vv10195Photosynthesis,vv50105Transport_electron_carriers
797,VIT_17s0119g00300,3,0.0014,EMB2261 (embryo defective 2261),,,,
798,VIT_02s0025g02710,3,0.0014,NAC Secondary wall thickening promoting factor1,NST1_2,VvNAC24,vv60046NAC,
799,VIT_06s0009g03350,3,0.0014,Phosphatidylglycerol specific phospholipase C,E3_1_4_3,,vv10260Glycine_serine_and_threonine_metabolism,vv10562Inositol_phosphate_metabolism
800,VIT_14s0081g00440,3,0.0014,FLK (flowering locus KH domain),FLK,,vv30009Flower_development,
801,VIT_02s0025g04430,3,0.0014,Sugar transporter 1,STP1,,vv50121Porters_cat_1_to_6,
802,VIT_14s0060g01420,3,0.0014,Unknown protein,,,,
803,VIT_04s0008g03530,3,0.0014,Ankyrin repeat,K10380,,vv50108Accessory_factors_involved_in_transport,
804,VIT_05s0124g00520,3,0.0014,No hit,,,,
805,VIT_16s0050g00830,3,0.0014,Beta-ketoacyl-CoA synthase,E2_3_1_41,,vv10061Fatty_acid_biosynthesis,
806,VIT_15s0021g02300,3,0.0014,Squamosa promoter-binding protein 8 (SPL8),SPL8,,vv60055SBP,
807,VIT_04s0023g03650,3,0.0014,Galactose mutarotase-like,E5_1_3_3,,vv10010Glycolysis,
808,VIT_00s0267g00030,3,0.0014,Unknown,,,,
809,VIT_02s0087g00950,3,0.0014,Pentatricopeptide repeat,,,,
810,VIT_04s0008g05520,3,0.0014,Unknown protein,,,,
811,VIT_16s0050g00230,3,0.0014,Zinc knuckle,ZFC2HC,,,
812,VIT_18s0001g14490,3,0.0014,Thaumatin,,,,
813,VIT_11s0016g00880,3,0.0014,Strictosidine synthase; Soluble quinoprotein glucose dehydrogenase,E4_3_3_2,,vv10900Terpenoid_biosynthesis,vv10902Monoterpenoid_biosynthesis
814,VIT_00s0238g00020,3,0.0014,Unknown protein,,,,
