Vv_m2,2000,1000,VIT_02s0012g01660
rank,node,Fabs,Frel,Functional-annotation,Name-EC-KeggID,Updated-name,Network1,Network2
1,VIT_13s0067g03890,2057,1.0000,Beta-ketoacyl-CoA synthase,E2_3_1_41,,vv10061Fatty_acid_biosynthesis,
2,VIT_00s0207g00010,2066,1.0000,Anthranilate N-benzoyltransferase protein 1,E2_3_1_144,,vv10400Phenylalanine_tyrosine_and_tryptophan_biosynthesis,
3,VIT_14s0006g02990,2062,1.0000,3-ketoacyl-CoA synthase,,,,
4,VIT_02s0025g04550,2084,1.0000,Glucose-methanol-choline (GMC) oxidoreductase,E1_1_99_1,,vv10260Glycine_serine_and_threonine_metabolism,
5,VIT_04s0008g06300,2068,1.0000,Leucine-rich repeat family,,,,
6,VIT_02s0087g00630,2058,0.9985,Alcohol oxidase,E1_1_3_13,,vv10680Methane_metabolism,
7,VIT_05s0020g01820,2069,0.9976,Integral membrane family protein UPF0497,,,,
8,VIT_12s0059g01870,2061,0.9976,GH3-like protein,AUXINBIOSYNTHESIS_GH3,,vv11002Auxin_biosynthesis,
9,VIT_14s0066g00400,2056,0.9976,Chalcone isomerase,E5_5_1_6,,vv10941Flavonoid_biosynthesis,
10,VIT_00s0532g00070,2068,0.9961,CRK10 (cysteine-rich RLK10); kinase,,,,
11,VIT_06s0061g00240,2061,0.9957,ABC transporter G member 7,ABCG7,,vv52010ABC_transporters,
12,VIT_13s0074g00390,2055,0.9956,CYP77A2,,,,
13,VIT_12s0059g01590,2061,0.9947,Lipase GDSL,,,,
14,VIT_06s0061g00230,2059,0.9947,ABC transporter G member 7,ABCG7,,vv52010ABC_transporters,
15,VIT_01s0010g01870,2063,0.9937,Salicylic acid-induced fragment 1 protein,,,,
16,VIT_00s0399g00020,2050,0.9903,Protease inhibitor/seed storage/lipid transfer protein (LTP),,,,
17,VIT_04s0023g02810,2063,0.9899,Aldehyde dehydrogenase 3B1,E1_2_1_3,vv10561Glycerolipid_metabolism,vv10010Glycolysis,vv10071Fatty_acid_metabolism
18,VIT_03s0063g01880,2053,0.9899,Acyl-CoA synthetase long-chain member 2,E6_2_1_3_LACS2,,vv10071Fatty_acid_metabolism,vv44146Peroxisome
19,VIT_16s0039g00010,2045,0.9884,ABC transporter G member 7,ABCG7,,vv52010ABC_transporters,
20,VIT_14s0066g00300,2045,0.9874,Unknown,,,,
21,VIT_04s0008g03950,2028,0.9759,RD22,,,,
22,VIT_11s0037g01400,1997,0.9708,Zinc finger (C3HC4-type ring finger),ZFC3HC4_80,,vv60078Other_zf-C3HC4,
23,VIT_04s0008g02250,1996,0.9703,Beta-ketoacyl-CoA synthase,E2_3_1_41,,vv10061Fatty_acid_biosynthesis,
24,VIT_14s0030g01950,1995,0.9656,Transferase,,,,
25,VIT_11s0037g01210,1987,0.9636,Eceriferum 1 (CER1 protein) Sterol desaturase,,,,
26,VIT_18s0001g14910,1991,0.9604,Mannitol dehydrogenase,E1_1_1_67,,vv10051Fructose_and_mannose_metabolism,
27,VIT_16s0039g01670,1967,0.9525,Cinnamoyl-CoA reductase,E1_2_1_44,,vv10940Phenylpropanoid_biosynthesis,
28,VIT_08s0007g09000,1962,0.9487,Glycerol-3-phosphate dehydrogenase,E1_1_1_8,,vv10564Glycerophospholipid_metabolism,
29,VIT_09s0002g03140,1949,0.9434,Lipase GDSL,,,,
30,VIT_09s0018g01650,1945,0.9414,Wrinkled1 (AP2/ERBP),WRINKLED1_1,VvAP2-06,vv30008Ethylene_signaling,vv60003AP2_EREBP
31,VIT_15s0048g02720,1948,0.9361,fatty acid elongase,E2_3_1_41,,vv10061Fatty_acid_biosynthesis,
32,VIT_18s0001g14790,1929,0.9314,Lipase 3 (EXL3) family II extracellular,,,,
33,VIT_13s0019g01260,1928,0.9314,Enoyl reductase,K10258,,vv11040Biosynthesis_of_unsaturated_fatty_acids,
34,VIT_08s0040g02820,1928,0.9256,Unknown protein,,,,
35,VIT_17s0000g00130,1916,0.9229,SEC14 cytosolic factor,SEC14,,vv50122Porters_cat_7_to_17,
36,VIT_16s0050g00830,1895,0.9217,Beta-ketoacyl-CoA synthase,E2_3_1_41,,vv10061Fatty_acid_biosynthesis,
37,VIT_11s0016g04540,1908,0.9213,ABC transporter G member 22,ABCG22,,vv52010ABC_transporters,
38,VIT_18s0001g12000,1876,0.9076,Geranylgeranyl pyrophosphate synthetase 1  chloroplast precursor,E2_5_1_29,,vv10100Biosynthesis_of_steroids,vv10900Terpenoid_biosynthesis
39,VIT_18s0001g07640,1874,0.9066,Eceriferum 2 (CER2),,,,
40,VIT_17s0000g02700,1870,0.9021,Alpha-dioxygenase 2,K10529,,vv10592alpha-Linolenic_acid_metabolism,
41,VIT_00s0286g00130,1856,0.9005,S-locus lectin protein kinase,,,,
42,VIT_15s0046g03240,1863,0.8991,Unknown protein,,,,
43,VIT_18s0001g07020,1853,0.8982,No hit,,,,
44,VIT_00s0456g00040<br>VIT_00s0374g00030,1849,0.8945,
45,VIT_05s0029g00480,1836,0.8913,Eceriferum 2 (CER2),,,,
46,VIT_18s0072g00580<br>VIT_11s0065g00040,1835,0.8891,
47,VIT_03s0038g04210,1808,0.8824,Phototropin-2,K08282,,vv50101Channels_and_pores,
48,VIT_08s0056g00800,1810,0.8769,Myb domain protein 60,MYB60,MYB60,vv60044MYB,
49,VIT_06s0004g02640,1788,0.8659,Receptor protein kinase PERK1,,,,
50,VIT_18s0122g01280,1784,0.8581,Niemann-Pick C1 protein precursor,NPC1,,vv50121Porters_cat_1_to_6,
51,VIT_00s0429g00040,1762,0.8558,Aspartic proteinase nepenthesin-1 precursor,E3_4_23_12,,,
52,VIT_03s0038g01830,1763,0.8525,Proline-rich protein 4,,,,
53,VIT_09s0002g03050,1740,0.8459,Lipase GDSL,,,,
54,VIT_13s0067g00730,1738,0.8416,Carboxylic ester hydrolase,E3_1_1_1,,,
55,VIT_13s0074g00660,1729,0.8389,ABC transporter G member 22,ABCG22,,vv52010ABC_transporters,
56,VIT_05s0049g01400,1720,0.8366,Alcohol oxidase,E1_1_3_13,,vv10680Methane_metabolism,
57,VIT_04s0008g03930,1722,0.8347,RD22,,,,
58,VIT_14s0128g00510<br>VIT_14s0128g00550,1727,0.8327,
59,VIT_08s0007g00570,1715,0.8317,WRKY DNA-binding protein 49,WRKY49,VvWRKY27,vv60066WRKY,
60,VIT_14s0006g02530,1705,0.8233,Non-specific lipid-transfer protein 2 (LTP 2),,,,
61,VIT_18s0001g14660,1681,0.8208,P-glycoprotein 13,PGP13,,vv52010ABC_transporters,
62,VIT_13s0067g00400,1665,0.8051,Anthranilate synthase alpha 1,E4_1_3_27,,vv10400Phenylalanine_tyrosine_and_tryptophan_biosynthesis,
63,VIT_15s0046g01640,1659,0.8046,Abl interactor protein 1 (ABIL1),,,,
64,VIT_11s0052g00800,1662,0.8037,Protein kinase family,,,,
65,VIT_11s0065g00130,1653,0.8020,Taxane 10-beta-hydroxylase,E1_14_13_76,,vv10904Diterpenoid_biosynthesis,
66,VIT_17s0000g10060,1646,0.7983,Lipase GDSL,,,,
67,VIT_02s0025g02620,1643,0.7968,BDG1 (BODYGUARD1) hydrolase,,,,
68,VIT_03s0088g01150,1648,0.7935,Squalene monooxygenase,E1_14_99_7,,vv10100Biosynthesis_of_steroids,vv10900Terpenoid_biosynthesis
69,VIT_05s0102g00370,1649,0.7928,Receptor protein kinase (ACR4),,,,
70,VIT_15s0046g00650,1624,0.7907,Wax synthase,E2_3_1_75,,vv11000Single_reactions,
71,VIT_14s0108g01080,1604,0.7760,Myb domain protein 106,MYB106_2,MYB141,vv60044MYB,
72,VIT_12s0028g03480,1598,0.7727,Wax synthase,E2_3_1_75,,vv11000Single_reactions,
73,VIT_08s0040g03400,1599,0.7717,Short-chain dehydrogenase/reductase,,,,
74,VIT_00s1860g00010,1596,0.7699,No hit,,,,
75,VIT_09s0018g01340<br>VIT_09s0018g01360,1594,0.7689,
76,VIT_12s0059g02310,1564,0.7603,PDF2 (protodermal factor2),PDF2_4,VvHB44,vv60034HB,
77,VIT_07s0005g01790,1576,0.7595,Acyl-CoA synthetase long-chain member 2,E6_2_1_3_LACS2,,vv10071Fatty_acid_metabolism,vv44146Peroxisome
78,VIT_10s0003g00620,1558,0.7508,Lipase GDSL,,,,
79,VIT_14s0060g01940,1558,0.7508,Epoxide hydrolase,E3_3_2_10,,,
80,VIT_09s0002g02980,1544,0.7455,FRK1 (FLG22-induced receptor-like kinase 1),FRK1,,vv34626Plant-pathogen_interaction,
81,VIT_15s0046g00480,1527,0.7427,Wax synthase,E2_3_1_75,,vv11000Single_reactions,
82,VIT_18s0001g06840,1537,0.7418,Peroxidase GvPx2b class III,E1_11_1_7,,vv10360Phenylalanine_metabolism,vv10680Methane_metabolism
83,VIT_04s0043g00560,1519,0.7377,DD1A protein,,,,
84,VIT_15s0046g02410,1522,0.7363,Aquaporin TMP-C,TMPC,,vv50101Channels_and_pores,
85,VIT_08s0058g01210,1493,0.7230,Non-specific lipid transfer protein LTP1,LTP1,,,
86,VIT_03s0038g01410,1469,0.7145,Aquaporin PIP PIP1A,PIP1A,,vv50101Channels_and_pores,
87,VIT_10s0116g00680,1472,0.7091,PDF2 (protodermal factor2),PDF2_2,VvHB35,vv60034HB,
88,VIT_11s0016g01310,1468,0.7075,TT2 (transparent testa 2),TT2_5,MYBPA4,vv44110Cell_cycle,vv60044MYB
89,VIT_14s0060g00900,1460,0.6992,Unknown protein,,,,
90,VIT_18s0001g08800,1432,0.6965,Lecithine cholesterol acyltransferase-like protein,E2_3_1_43,,vv10564Glycerophospholipid_metabolism,
91,VIT_08s0007g02000,1447,0.6957,Glycerol-3-phosphate acyltransferase 8,E2_3_1_15,,vv10561Glycerolipid_metabolism,vv10564Glycerophospholipid_metabolism
92,VIT_01s0026g00570,1434,0.6934,Bet v I allergen,,,,
93,VIT_12s0034g01140,1432,0.6928,Plastocyanin domain-containing protein,K02638,,vv10195Photosynthesis,vv50113Thylakoid_targeting_pathway
94,VIT_15s0046g00500,1436,0.6910,Wax synthase,E2_3_1_75,,vv11000Single_reactions,
95,VIT_06s0004g01750,1429,0.6903,Polygalacturonase inhibitor protein,PGIP,,,
96,VIT_18s0001g14810,1416,0.6821,Lipase 3 (EXL3) family II extracellular,,,,
97,VIT_07s0031g01680,1406,0.6809,CYP86A1,,,,
98,VIT_06s0004g01510,1402,0.6773,Lipoxygenase (LOX2),E1_13_11_12,,vv10592alpha-Linolenic_acid_metabolism,
99,VIT_13s0019g04260,1397,0.6729,Monoglyceride lipase,E3_1_1_23,,vv10561Glycerolipid_metabolism,
100,VIT_07s0005g01670,1390,0.6725,No hit,,,,
101,VIT_00s0301g00110,1394,0.6718,Bifunctional nuclease,,,,
102,VIT_02s0012g02030,1389,0.6691,Homeobox-7,VVHB7_1,VvHB09,vv60034HB,
103,VIT_17s0000g04120,1381,0.6659,Histone deacetylase HDA15,HDA15,,vv44110Cell_cycle,
104,VIT_11s0016g02050,1369,0.6623,Nucleosome assembly protein (NAP1),,,,
105,VIT_11s0037g00230,1351,0.6561,Cyclic nucleotide gated channel 5,K05391_CNGC5,,vv34626Plant-pathogen_interaction,vv50101Channels_and_pores
106,VIT_12s0028g02970,1340,0.6486,MLO1,K08472,,,
107,VIT_18s0001g13080,1344,0.6412,Unknown protein,,,,
108,VIT_00s0386g00050,1317,0.6384,Xyloglucan endotransglucosylase/hydrolase precursor,E2_4_1_207,,vv40006Cell_wall,
109,VIT_06s0004g02750,1321,0.6379,Auxin response factor 16,ARF16,,vv30003Auxin_signaling,vv60004ARF
110,VIT_01s0137g00410,1307,0.6363,CYP86A2,,,,
111,VIT_14s0006g02570,1281,0.6203,Protease inhibitor/seed storage/lipid transfer protein (LTP),,,,
112,VIT_06s0004g06890,1271,0.6105,Potassium transporter (KUP1),KUP1,,vv50125Porters_cat_66_to_94,
113,VIT_10s0003g03330,1253,0.6100,Receptor-like serine-threonine protein kinase,,,,
114,VIT_10s0116g01880,1250,0.6050,MATE efflux family protein,MATE,,vv50125Porters_cat_66_to_94,
115,VIT_09s0002g06810,1247,0.6024,Binding,,,,
116,VIT_00s1206g00010,1247,0.6001,Aspartic proteinase nepenthesin-1 precursor,E3_4_23_12,,,
117,VIT_14s0108g00510,1211,0.5879,Nucleosome assembly protein (NAP-related) NRP2,,,,
118,VIT_06s0004g08180,1213,0.5866,Translation initiation factor eIF-2 beta subunit,K03238,,vv23013RNA_transport,
119,VIT_01s0010g02220,1194,0.5788,Zinc finger (C3HC4-type ring finger),ZFC3HC4_200,,vv60078Other_zf-C3HC4,
120,VIT_01s0137g00180,1198,0.5779,B-keto acyl reductase,,,,
121,VIT_00s0762g00010,1173,0.5667,S-locus lectin protein kinase family,,,,
122,VIT_14s0068g01440,1166,0.5663,Beta-ketoacyl-CoA synthase,E2_3_1_41,,vv10061Fatty_acid_biosynthesis,
123,VIT_00s0413g00010,1148,0.5589,Laccase (diphenol oxidase) family protein,E1_10_3_2,,vv11000Single_reactions,vv50109Incompletely_characterized_transport_systems
124,VIT_00s0762g00030,1143,0.5557,S-locus lectin protein kinase,,,,
125,VIT_00s0218g00220,1143,0.5551,UDP-glucoronosyl/UDP-glucosyl transferase,,,,
126,VIT_08s0007g07240,1138,0.5519,Armadillo helical,,,,
127,VIT_03s0017g01280,1133,0.5516,ABC transporter G member 7,ABCG7,,vv52010ABC_transporters,
128,VIT_10s0116g00410,1135,0.5496,Gibberellin 2-beta-dioxygenase 7,E1_14_11_13,,vv10904Diterpenoid_biosynthesis,
129,VIT_08s0058g01230,1128,0.5478,Non-specific lipid-transfer protein,,,,
130,VIT_18s0001g14780,1115,0.5400,Lipase 3 (EXL3) family II extracellular,,,,
131,VIT_08s0007g03360,1107,0.5358,EMB1345 (embryo defective 1345),,,,
132,VIT_02s0241g00060,1104,0.5331,Unknown protein,,,,
133,VIT_14s0068g00400,1107,0.5309,Hydrolase  alpha/beta fold family,,,,
134,VIT_14s0128g00160,1100,0.5304,Protein kinase CDG1,,,,
135,VIT_13s0074g00680,1092,0.5293,ABC transporter G member 22,ABCG22,,vv52010ABC_transporters,
136,VIT_05s0049g00300,1082,0.5245,1-aminocyclopropane-1-carboxylate oxidase homolog 1,E1_14_17_4,,vv10640Propanoate_metabolism,vv30008Ethylene_signaling
137,VIT_18s0072g01000,1082,0.5232,Dihydrolipoamide S-acetyltransferase,E2_3_1_12,,vv10010Glycolysis,vv10252Alanine_and_aspartate_metabolism
138,VIT_12s0142g00640,1069,0.5199,FLS2 (flagellin-sensitive 2),K13420,,vv34626Plant-pathogen_interaction,
139,VIT_05s0020g04540,1070,0.5167,Beta-ketoacyl-CoA synthase,E2_3_1_41,,vv10061Fatty_acid_biosynthesis,
140,VIT_08s0007g02800,1072,0.5141,Pro-X carboxypeptidase Lysosomal,E3_4_16_2,,,
141,VIT_00s0484g00030,1061,0.5116,ARK3 (Arabidopsis Receptor Kinase 3),,,,
142,VIT_14s0060g01090,1047,0.5083,LNG1 (LONGIFOLIA1),,,,
143,VIT_08s0105g00400,1028,0.4969,GT-1-like transcription factor,GT1L,,vv60062Trihelix,
144,VIT_01s0011g04760,1025,0.4961,Myb domain protein 4,MYB4_2,MYBC2-L1,vv60044MYB,
145,VIT_15s0046g02400,1025,0.4956,Glycerol-3-phosphate acyltransferase 8,E2_3_1_15,,vv10561Glycerolipid_metabolism,vv10564Glycerophospholipid_metabolism
146,VIT_05s0020g03330,1025,0.4954,Heat shock protein 70,K03283,,vv23040Spliceosome,vv24141Protein_processing_in_endoplasmic_reticulum
147,VIT_14s0060g02340,1014,0.4944,Heat shock protein 70,K03283,,vv23040Spliceosome,vv24141Protein_processing_in_endoplasmic_reticulum
148,VIT_00s0484g00020,1009,0.4877,Receptor kinase ARK3,,,,
149,VIT_13s0067g02910,1006,0.4869,Non-specific lipid-transfer protein,,,,
150,VIT_09s0018g01780,999,0.4808,ACT domain repeat 1 (ACR1) uridylyltransferase,,,,
151,VIT_07s0005g01520,988,0.4782,WRKY DNA-binding protein 35,WRKY35,VvWRKY18,vv60066WRKY,
152,VIT_10s0003g00330,991,0.4771,HSL1 (HAESA-like 1),,,,
153,VIT_15s0046g00600,976,0.4745,No hit,,,,
154,VIT_12s0028g03400,984,0.4724,No hit,,,,
155,VIT_17s0000g10260,977,0.4722,AarF domain containing kinase,K08869,,,
156,VIT_06s0004g08250,972,0.4678,Leucine-rich repeat transmembrane protein kinase  putative,,,,
157,VIT_11s0118g00180,962,0.4643,HHP1 (heptahelical protein 1),,,,
158,VIT_18s0117g00550,962,0.4634,Laccase,E1_10_3_2,,vv11000Single_reactions,vv50109Incompletely_characterized_transport_systems
159,VIT_04s0008g05440,943,0.4567,Ethylene-responsive transcription factor SHINE 3,SHINE3_1,VvERF044,vv30008Ethylene_signaling,vv60003AP2_EREBP
160,VIT_19s0090g00710,945,0.4559,No hit,,,,
161,VIT_11s0016g05050,941,0.4552,Kelch repeat-containing F-box protein,,,,
162,VIT_01s0010g00710,942,0.4544,Armadillo/beta-catenin repeat protein / U-box domain-containing protein ,,,,
163,VIT_00s0347g00120,933,0.4496,S-locus lectin protein kinase,,,,
164,VIT_08s0007g03370,937,0.4494,Unknown protein,,,,
165,VIT_07s0005g00270,929,0.4471,Unknown protein,,,,
166,VIT_07s0005g01290,918,0.4458,DnaJ homolog  subfamily C  member 7,K09527,,vv50132Primary_active_transporter_cat_A5_to_A8,
167,VIT_14s0066g02270,924,0.4453,Endonuclease/exonuclease/phosphatase family protein,E3_1_30_x,,,
168,VIT_10s0003g05420,922,0.4450,S-2-hydroxy-acid oxidase  peroxisomal,E1_1_3_15,,vv10630Glyoxylate_and_dicarboxylate_metabolism,
169,VIT_00s1314g00010,922,0.4443,Basic helix-loop-helix (bHLH) family,BHLHDOM_89,,vv60011BHLH,
170,VIT_06s0004g01520,918,0.4428,Pentatricopeptide (PPR) repeat-containing,,,,
171,VIT_06s0004g02190,913,0.4413,Armadillo/beta-catenin repeat,,,,
172,VIT_18s0001g06640,911,0.4399,Zinc finger (C3HC4-type ring finger),ZFC3HC4_60,,vv60078Other_zf-C3HC4,
173,VIT_09s0002g01650,901,0.4348,5'-nucleotidase surE,E3_1_3_5,,vv10230Purine_metabolism,vv10240Pyrimidine_metabolism
174,VIT_04s0008g05520,886,0.4276,Unknown protein,,,,
175,VIT_18s0001g14800,882,0.4263,Lipase 3 (EXL3) family II extracellular,,,,
176,VIT_13s0019g00560,880,0.4253,Chaperonin GroEL,K04077,,vv23018RNA_degradation,
177,VIT_06s0009g01410,873,0.4244,No hit,,,,
178,VIT_11s0016g04270,854,0.4136,Hydrolase  alpha/beta fold,,,,
179,VIT_00s0361g00090,861,0.4133,Phototropic-responsive NPH3 protein,,,,
180,VIT_09s0002g03130,859,0.4124,FRK1 (FLG22-induced receptor-like kinase 1),FRK1,,vv34626Plant-pathogen_interaction,
181,VIT_15s0048g01050,836,0.4074,Unknown,,,,
182,VIT_13s0067g02390,841,0.4071,Unknown,,,,
183,VIT_10s0003g02120,840,0.4052,Lipase GDSL,,,,
184,VIT_05s0049g01450,831,0.4013,No hit,,,,
185,VIT_19s0015g00380,832,0.3994,Cystathionine beta-synthase,E4_2_1_22,,vv10260Glycine_serine_and_threonine_metabolism,vv10271Methionine_metabolism
186,VIT_08s0007g08110,826,0.3981,1-acyl-sn-glycerol-3-phosphate acyltransferase,E2_3_1_51,,vv10561Glycerolipid_metabolism,vv10564Glycerophospholipid_metabolism
187,VIT_01s0146g00370,818,0.3954,Armadillo/beta-catenin repeat,,,,
188,VIT_17s0000g06190,816,0.3946,Myb domain protein 94,MYB94_2,MYB30A,vv60044MYB,
189,VIT_00s0194g00220,807,0.3878,Unknown,,,,
190,VIT_05s0020g02900,799,0.3877,Substrate carrier  Mitochondrial,K03454,,vv44146Peroxisome,vv50123Porters_cat_18_to_29
191,VIT_14s0036g00290,800,0.3872,R protein disease resistance protein,RPROT,,vv34627R_proteins_from_Plant-pathogen_interaction,
192,VIT_06s0004g08230,790,0.3835,Root phototropism protein 2,,,,
193,VIT_00s0532g00050,790,0.3809,Basic helix-loop-helix ILR3,ILR3_4,,vv11002Auxin_biosynthesis,vv60011BHLH
194,VIT_14s0006g02550,782,0.3807,Non-specific lipid-transfer protein 2 (LTP 2),,,,
195,VIT_02s0025g04120,764,0.3702,Calmodulin binding protein,,,,
196,VIT_15s0048g02000,764,0.3689,Homeodomain GLABROUS1,HDG1_1,VvHB53,vv60034HB,
197,VIT_05s0051g00330,755,0.3685,F-box domain containing protein,,,,
198,VIT_01s0137g00170,759,0.3681,B-keto acyl reductase,,,,
199,VIT_12s0028g00310,750,0.3657,Protein kinase family,,,,
200,VIT_16s0100g00080,751,0.3642,Subtilisin serine protease,SBT4_12,,vv50101Channels_and_pores,
201,VIT_10s0116g01470,740,0.3597,No hit,,,,
202,VIT_00s0341g00010,743,0.3595,Dual specificity protein phosphatase,,,,
203,VIT_02s0012g01440,742,0.3585,Zinc finger (C3HC4-type ring finger),ZFC3HC4_215,,vv60078Other_zf-C3HC4,
204,VIT_00s0341g00050,738,0.3565,ATMYB66/WER/WER1 (WEREWOLF 1),WEREWOLF_3,MYBPAL1,vv44110Cell_cycle,vv60044MYB
205,VIT_07s0031g02560,735,0.3556,UVB-resistance protein UVR8,,,,
206,VIT_03s0088g00070,738,0.3545,No hit,,,,
207,VIT_15s0048g00550,728,0.3524,Abnormal floral organs,AFO_2,,vv60019C2C2-YABBY,
208,VIT_06s0009g01420,724,0.3501,Protease inhibitor/seed storage/lipid transfer protein (LTP),,,,
209,VIT_17s0000g06630,719,0.3467,Unknown protein,,,,
210,VIT_08s0056g00110,713,0.3448,Emp24/gp25L/p24,EMP24,,vv50110Protein_coat,
211,VIT_01s0182g00130,706,0.3432,PHO1-like protein,PHO1,,vv50125Porters_cat_66_to_94,
212,VIT_12s0059g00640,707,0.3417,Beta-1 3-galactosyltransferase sqv-2,K07820,,vv10602Glycosphingolipid_biosynthesis,
213,VIT_10s0116g01870,708,0.3401,MATE efflux family protein,MATE,,vv50125Porters_cat_66_to_94,
214,VIT_16s0039g00890,704,0.3396,Myb TKI1 (TSL-kinase  interacting  protein 1),TKI1_3,,vv60045MYBrelated,
215,VIT_00s2525g00010,688,0.3343,Unknown,,,,
216,VIT_17s0000g06280,693,0.3338,Geranylgeranyl reductase,CHLP,,vv10100Biosynthesis_of_steroids,
217,VIT_00s0160g00220,690,0.3316,Unknown protein,,,,
218,VIT_14s0030g01490<br>VIT_14s0030g01520,678,0.3279,
219,VIT_08s0040g02250,678,0.3272,No hit,,,,
220,VIT_14s0066g01380,671,0.3245,Calcium homeostasis regulator CHoR1,CHOR1,,,
221,VIT_00s0188g00230,674,0.3237,No hit,,,,
222,VIT_02s0025g01980<br>VIT_02s0025g01910,664,0.3231,
223,VIT_04s0008g02520,662,0.3223,ATP binding protein,,,,
224,VIT_04s0008g03600,663,0.3220,Tocopherol cyclase,K09834,,vv10100Biosynthesis_of_steroids,
225,VIT_07s0005g05520,656,0.3195,Pectate lyase,E4_2_2_2,,vv40006Cell_wall,
226,VIT_09s0002g02330,660,0.3173,Nucleosome/chromatin assembly factor group A,,,,
227,VIT_00s0313g00040,649,0.3161,PAS2 (PASTICCINO 2),K10703,,vv11040Biosynthesis_of_unsaturated_fatty_acids,
228,VIT_00s0225g00070,654,0.3155,MATE efflux family protein,MATE,,vv50125Porters_cat_66_to_94,
229,VIT_09s0002g05620,647,0.3132,Unknown protein,,,,
230,VIT_07s0104g01410,645,0.3107,OTU cysteine protease,,,,
231,VIT_18s0001g00400,640,0.3105,Laccase,E1_10_3_2,,vv11000Single_reactions,vv50109Incompletely_characterized_transport_systems
232,VIT_16s0098g01890,633,0.3067,Phosphatidylinositol 3- and 4-kinase / ubiquitin,,,,
233,VIT_11s0037g00290,636,0.3067,Plastocyanin domain-containing protein,K02638,,vv10195Photosynthesis,vv50113Thylakoid_targeting_pathway
234,VIT_10s0071g00230,632,0.3059,HcrVf1 protein,,,,
235,VIT_06s0080g00760,631,0.3026,Unknown protein,,,,
236,VIT_05s0077g01670,624,0.3000,Major cherry allergen Pru av 1.0202,,,,
237,VIT_18s0001g14930,614,0.2976,Unknown protein,,,,
238,VIT_00s0398g00020,612,0.2975,S-receptor kinase KIK1 precursor,,,,
239,VIT_16s0050g02100,608,0.2944,Disease resistance,,,,
240,VIT_16s0050g00870,604,0.2921,Acyltransferase,E2_3_1_x,,,
241,VIT_00s0259g00120,600,0.2908,Oligopeptide transporter OPT3,OPT3,,vv50125Porters_cat_66_to_94,
242,VIT_13s0156g00540,595,0.2887,Disease resistance protein (CC-NBS-LRR class),,,,
243,VIT_15s0046g00490,596,0.2879,Wax synthase,E2_3_1_75,,vv11000Single_reactions,
244,VIT_10s0116g00820,576,0.2806,Adenosine/AMP deaminase,E3_5_4_4,,vv10230Purine_metabolism,
245,VIT_14s0060g01810,577,0.2805,Unknown protein,,,,
246,VIT_18s0001g11710,579,0.2803,Photosystem II PsbO protein,K02716,,vv10195Photosynthesis,vv50113Thylakoid_targeting_pathway
247,VIT_12s0142g00760,575,0.2783,Leucine-rich repeat protein kinase,,,,
248,VIT_12s0178g00200,564,0.2739,Actin beta/gamma 1,K05692,,vv44810Regulation_of_actin_cytoskeleton,
249,VIT_14s0030g00080,563,0.2726,No hit,,,,
250,VIT_13s0106g00070,567,0.2725,Ankyrin repeat protein,K10380,,vv50108Accessory_factors_involved_in_transport,
251,VIT_17s0000g00120,565,0.2723,Exostosin,K02366,,vv11030Glycan_structures-biosynthesis1,
252,VIT_15s0024g00920,561,0.2702,NFD4 (nuclear fusion defective 4),,,,
253,VIT_14s0030g01330,553,0.2678,No hit,,,,
254,VIT_18s0001g10080,554,0.2667,Unknown protein,,,,
255,VIT_15s0046g03540,551,0.2659,No hit,,,,
256,VIT_13s0067g01580,540,0.2615,Anthocyaninless2 (ANL2),ANL2_4,,vv60034HB,
257,VIT_12s0034g00250,541,0.2614,Aquaporin PIP1A,PIP1A,,vv50101Channels_and_pores,
258,VIT_12s0035g00880,538,0.2605,Lactoylglutathione lyase,E4_4_1_5,,vv10620Pyruvate_metabolism,
259,VIT_17s0053g00780,534,0.2573,Homeodomain GLABROUS11,HDG11_1,VvHB60,vv60034HB,
260,VIT_11s0065g00170,533,0.2555,Squamosa promoter-binding protein 2 (SPL2),SPL2_3,,vv60055SBP,
261,VIT_00s1356g00010,525,0.2550,Zinc finger (C2H2 type) family,C2H2FAM_15,,vv60017C2H2,
262,VIT_09s0002g04170,522,0.2534,Acyl-CoA synthetases (Acyl-activating enzyme 13),E6_2_1_3,,vv10071Fatty_acid_metabolism,vv50104Group_translocators
263,VIT_09s0054g01360,521,0.2519,Cycloartenol synthase,E5_4_99_8,,vv10100Biosynthesis_of_steroids,
264,VIT_08s0007g00890,518,0.2513,Tropinone reductase,E1_1_1_206,,vv10220Urea_cycle_and_metabolism_of_amino_groups,
265,VIT_01s0011g01100,521,0.2507,Pentatricopeptide (PPR) repeat-containing protein,,,,
266,VIT_18s0075g00800,496,0.2394,TIR-NBS disease resistance,,,,
267,VIT_15s0046g02620,499,0.2391,Beta-amylase 9 BMY9,E3_2_1_2,,vv10500Starch_and_sucrose_metabolism,
268,VIT_02s0025g03320,492,0.2390,CYP86A2,,,,
269,VIT_00s0286g00040,493,0.2389,S-locus protein kinase,,,,
270,VIT_01s0137g00190,481,0.2337,CIP4 (COP1-interacting protein 4),CIP4,,vv24120Ubiquitin_mediated_proteolysis,
271,VIT_05s0029g01410,471,0.2281,No hit,,,,
272,VIT_14s0219g00280,471,0.2270,Glycerol-3-phosphate dehydrogenase (NAD+),E1_1_1_8,,vv10564Glycerophospholipid_metabolism,
273,VIT_01s0150g00250,467,0.2259,Peptide transporter PTR2-B,PTR2B,,vv50122Porters_cat_7_to_17,
274,VIT_13s0139g00230,465,0.2247,R protein disease resistance protein,RPROT,,vv34627R_proteins_from_Plant-pathogen_interaction,
275,VIT_18s0001g10830,464,0.2240,Patatin,,,,
276,VIT_08s0105g00300,452,0.2191,Phospholipase C,E3_1_4_3,,vv10260Glycine_serine_and_threonine_metabolism,vv10562Inositol_phosphate_metabolism
277,VIT_05s0062g01180,449,0.2169,Importin beta-2,K14293_2,,vv23013RNA_transport,vv50109Incompletely_characterized_transport_systems
278,VIT_08s0007g04920,449,0.2166,Zinc finger (C3HC4-type ring finger),ZFC3HC4_118,,vv60078Other_zf-C3HC4,
279,VIT_05s0077g01010,443,0.2147,HCF107 (high chlorophyll fluorescent 107),,,,
280,VIT_14s0083g01200,440,0.2126,Nitrilase,E3_5_5_1,,vv10910Nitrogen_metabolism,vv11002Auxin_biosynthesis
281,VIT_12s0055g00810,440,0.2120,Cationic peroxidase,E1_11_1_7,,vv10360Phenylalanine_metabolism,vv10680Methane_metabolism
282,VIT_11s0016g05340,436,0.2111,Ethylene-responsive transcription factor SHINE 3,SHINE3_2,VvERF043,vv30008Ethylene_signaling,vv60003AP2_EREBP
283,VIT_02s0087g00400,433,0.2095,Pectinacetylesterase,PAE,,vv40006Cell_wall,
284,VIT_07s0031g01670,426,0.2057,CYP96A10,,,,
285,VIT_03s0097g00510,426,0.2054,Oligopeptide transporter OPT4,OPT4,,vv50125Porters_cat_66_to_94,
286,VIT_02s0025g01190,420,0.2035,Extra-large G-protein (XLG1),,,,
287,VIT_08s0056g01070,418,0.2026,MATE efflux family protein,MATE,,vv50125Porters_cat_66_to_94,
288,VIT_13s0074g00700,418,0.2013,ABC transporter G member 22,ABCG22,,vv52010ABC_transporters,
289,VIT_00s0267g00030,414,0.2002,Unknown,,,,
290,VIT_17s0000g05370,413,0.1994,MYC ZCW32 (bigpetal  bigpetalub),ZCW32_1,,vv60011BHLH,
291,VIT_04s0008g02670,410,0.1977,Cryptochrome DASH,CRYDASH,,vv34710Circadian_rhythm,
292,VIT_18s0041g00710,410,0.1975,UDP-glucose: anthocyanidin 5 3-O-glucosyltransferase,RHGT1,,vv10942Anthocyanin_biosynthesis,
293,VIT_14s0066g00310,408,0.1951,Unknown protein,,,,
294,VIT_18s0001g14760,399,0.1929,Lipase 3 (EXL3) family II extracellular,,,,
295,VIT_10s0003g00600,398,0.1928,Lipase GDSL,,,,
296,VIT_18s0001g14600,388,0.1877,Pentatricopeptide (PPR) repeat-containing protein,,,,
297,VIT_11s0016g03790,382,0.1846,No hit,,,,
298,VIT_18s0041g00100,382,0.1842,Unknown protein,,,,
299,VIT_06s0080g00800,373,0.1806,Vesicle-associated membrane protein 714,K08515,,vv24130SNARE_interactions_in_vesicular_transport,vv50101Channels_and_pores
300,VIT_18s0001g04180,373,0.1806,Auxin response factor ARF17,ARF17,,vv30003Auxin_signaling,vv60004ARF
301,VIT_01s0011g00130,372,0.1800,Squamosa promoter-binding protein 6 (SPL6),SPL6_1,,vv60055SBP,
302,VIT_09s0054g00580<br>VIT_09s0054g00570,366,0.1758,
303,VIT_05s0051g00610,360,0.1731,No hit,,,,
304,VIT_10s0003g01940,359,0.1729,RKF1 (receptor-like kinase in flowers 1),,,,
305,VIT_11s0037g00320,358,0.1724,Serine carboxypeptidase S10,,,,
306,VIT_18s0001g05030,356,0.1722,Glucan 1 3-beta-glucosidase precursor,E3_2_1_58,,vv10500Starch_and_sucrose_metabolism,
307,VIT_11s0016g00880,351,0.1703,Strictosidine synthase; Soluble quinoprotein glucose dehydrogenase,E4_3_3_2,,vv10900Terpenoid_biosynthesis,vv10902Monoterpenoid_biosynthesis
308,VIT_06s0009g01990,347,0.1671,Anthocyanin 3-O-galactosyltransferase,E2_4_1_115,,vv10942Anthocyanin_biosynthesis,
309,VIT_12s0059g01830,342,0.1656,Unknown,,,,
310,VIT_14s0030g02310,341,0.1652,Auxin-induced protein 22D,IAA22D_4,,vv30003Auxin_signaling,vv60008AUXIAA
311,VIT_14s0030g00960,339,0.1631,R protein MLA10,K13475,,vv34627R_proteins_from_Plant-pathogen_interaction,
312,VIT_00s1351g00010,337,0.1630,Polyadenylate-binding protein 2,K14396,,vv23015mRNA_surveillance_pathway,
313,VIT_04s0008g05050,336,0.1624,Pentatricopeptide (PPR) repeat-containing protein,,,,
314,VIT_18s0001g08110,335,0.1622,Glutamyl-tRNA reductase  chloroplast precursor,E1_2_1_70,,vv10860Porphyrin_and_chlorophyll_metabolism,
315,VIT_16s0022g02060,328,0.1588,K+ efflux antiporter (KEA5),KEA5,,vv50124Porters_cat_30_to_64,
316,VIT_06s0004g07970,327,0.1581,Alpha-expansin 10 precursor,EXPA10,,vv30003Auxin_signaling,
317,VIT_11s0016g04080,325,0.1576,Multiprotein-bridging factor 1c MBF1C,MBF1C_1,,vv30008Ethylene_signaling,vv60043MBF1
318,VIT_02s0025g02630,325,0.1575,Lipase GDSL,,,,
319,VIT_17s0000g04450,323,0.1565,Phospholipid-transporting ATPase,K01530,,vv50131Primary_active_transporter_cat_A2_to_A4,
320,VIT_10s0042g00280,323,0.1563,No hit,,,,
321,VIT_00s0187g00240,324,0.1562,SWIB complex BAF60b domain-containing protein,SWIB_5,,vv60092SWIB,
322,VIT_12s0028g01690,321,0.1561,WRKY DNA-binding protein 65,WRKY65_2,,vv60066WRKY,
323,VIT_00s0183g00050,316,0.1534,No hit,,,,
324,VIT_14s0068g00260,317,0.1529,Serine carboxypeptidase S10,,,,
325,VIT_04s0023g00060<br>VIT_18s0041g00140,315,0.1522,
326,VIT_05s0124g00230,313,0.1519,F-box domain containing protein,,,,
327,VIT_12s0028g01850,315,0.1513,Receptor kinase TRKe,,,,
328,VIT_15s0048g01990,304,0.1475,Methyltransferase dehydration-responsive,,,,
329,VIT_00s0179g00320,299,0.1442,Unknown protein,,,,
330,VIT_09s0002g06750,296,0.1431,ERF/AP2 transcription factor sub B-6 SHINE,SHINE1_1,VvERF042,vv30008Ethylene_signaling,vv60003AP2_EREBP
331,VIT_18s0001g00810,296,0.1429,24-methylenesterol C-methyltransferase 2,E2_1_1_143,,vv10100Biosynthesis_of_steroids,
332,VIT_05s0029g00550,295,0.1426,HEAT repeat-containing protein,,,,
333,VIT_12s0035g02210,291,0.1406,Unknown protein,,,,
334,VIT_12s0034g02140,289,0.1402,S3 self-incompatibility locus,,,,
335,VIT_00s0225g00080,288,0.1399,MATE efflux family protein,MATE,,vv50125Porters_cat_66_to_94,
336,VIT_14s0066g02120,288,0.1391,Photosystem I P700 apoprotein A1 [Vitis vinifera],K02689,,vv10195Photosynthesis,vv50105Transport_electron_carriers
337,VIT_00s1380g00010,288,0.1390,Pentatricopeptide (PPR) repeat-containing protein,,,,
338,VIT_00s0194g00210<br>VIT_00s0194g00250,286,0.1387,
339,VIT_11s0052g01600,287,0.1380,UDP-glucose flavonoid 3-O-glucosyltransferase 7,E2_4_1_91,,vv10941Flavonoid_biosynthesis,
340,VIT_17s0000g03150,285,0.1380,No hit,,,,
341,VIT_05s0029g01360,286,0.1379,No hit,,,,
342,VIT_15s0048g01410,285,0.1377,NTMC2T4/NTMC2TYPE4; NTMC2T4/NTMC2TYPE4,NTMC2T4,,vv50109Incompletely_characterized_transport_systems,
343,VIT_04s0008g02920,276,0.1340,Desiccation protein PCC13-62 precursor,,,,
344,VIT_09s0002g02230,276,0.1329,Harpin-induced 1,,,,
345,VIT_00s0456g00020,275,0.1328,S-locus lectin protein kinase,,,,
346,VIT_18s0075g00530,270,0.1311,Laccase,E1_10_3_2,,vv11000Single_reactions,vv50109Incompletely_characterized_transport_systems
347,VIT_05s0077g01710,271,0.1306,U3 small nucleolar RNA-associated protein 5,K14546,,vv23008Ribosome_biogenesis_in_Eukaryotes,
348,VIT_02s0025g02270,270,0.1296,PRLI-interacting factor G,,,,
349,VIT_08s0058g01260,265,0.1282,No hit,,,,
350,VIT_06s0004g05070,265,0.1276,Zinc transporter (ZIP2),ZIP2,,vv50121Porters_cat_1_to_6,
351,VIT_18s0001g07700,264,0.1275,Ethylene-inducible CTR1,CTR1,,vv30008Ethylene_signaling,
352,VIT_09s0002g06840<br>VIT_15s0046g02960<br>VIT_15s0046g02990<br>VIT_09s0002g06860<br>VIT_15s0046g03000,264,0.1275,
353,VIT_00s0394g00010,259,0.1250,Carboxyl-terminal proteinase,,,,
354,VIT_07s0141g00970,255,0.1235,No hit,,,,
355,VIT_05s0062g01140,254,0.1229,Aromatic and neutral transporter 1,ANT1,,vv50123Porters_cat_18_to_29,
356,VIT_06s0009g00580,250,0.1211,Receptor protein kinase,,,,
357,VIT_02s0025g04360,249,0.1211,S-N-methylcoclaurine 3'-hydroxylase,E1_14_13_71,,vv10950Alkaloid_biosynthesis_I,
358,VIT_05s0049g01200,249,0.1205,S-locus lectin protein kinase,,,,
359,VIT_03s0063g01890,248,0.1193,Ring-H2 finger protein ATL3G,,,,
360,VIT_00s0225g00090,245,0.1184,Copper amine oxidase,E1_4_3_4,,vv10220Urea_cycle_and_metabolism_of_amino_groups,vv10340Histidine_metabolism
361,VIT_04s0008g04470,240,0.1156,Zinc finger  SWIM-type,ZFSWIM_8,,vv60074Orphans_zf-SWIM,
362,VIT_13s0067g00110,232,0.1118,CYP72A1,K13400,,vv10902Monoterpenoid_biosynthesis,
363,VIT_09s0002g05110,229,0.1117,EMB2753,,,,
364,VIT_01s0026g01140,231,0.1113,ZCW32 (BIGPETAL  BIGPETALUB),ZCW32_2,,vv60011BHLH,
365,VIT_01s0010g02840,228,0.1105,Chaperone BCS1 mitochondrial,K08900,,,
366,VIT_03s0063g00410,225,0.1090,Alpha-amylase,E3_2_1_1,,vv10500Starch_and_sucrose_metabolism,
367,VIT_17s0000g01700,223,0.1077,Leucine-rich repeat transmembrane protein kinase,,,,
368,VIT_00s0286g00140<br>VIT_00s0484g00010<br>VIT_00s2549g00010,218,0.1051,
369,VIT_08s0056g00260,216,0.1049,Harpin-induced protein,,,,
370,VIT_17s0000g09270,214,0.1035,MATE efflux family protein,MATE,,vv50125Porters_cat_66_to_94,
371,VIT_00s0227g00070,211,0.1024,Sialidase BNR/Asp-box repeat family protein,,,,
372,VIT_06s0004g06690,210,0.1013,Ribosomal protein S18 30S,K02963,,vv23010Ribosome,
373,VIT_13s0106g00060,207,0.1003,Ankyrin repeat,,,,
374,VIT_10s0071g00270,205,0.0991,Abscisic acid-insensitive protein 3 (ABI3),ABI3_1,,vv30001ABA_signaling,vv30003Auxin_signaling
375,VIT_00s0347g00060<br>VIT_00s0762g00020<br>VIT_00s0347g00080<br>VIT_00s0743g00010,202,0.0982,
376,VIT_12s0057g01030,200,0.0971,Glucose-6-phosphate 1-dehydrogenase 2  chloroplast precursor,E1_1_1_49,,vv10030Pentose_phosphate,vv10480Glutathione_metabolism
377,VIT_09s0002g03620,200,0.0968,NADP-dependent malic enzyme,E1_1_1_39,,vv10620Pyruvate_metabolism,vv10710Carbon_fixation
378,VIT_03s0063g00670,196,0.0947,Cyclin-dependent kinase inhibitor ICK5,ICK5,,vv44110Cell_cycle,
379,VIT_00s0267g00050,195,0.0944,No hit,,,,
380,VIT_15s0046g00510,195,0.0943,Wax synthase,E2_3_1_75,,vv11000Single_reactions,
381,VIT_16s0022g01120<br>VIT_11s0037g01390<br>VIT_16s0022g01150,195,0.0939,
382,VIT_12s0142g00430,194,0.0936,Alternative oxidase 2  (AOX2),AOX2,,vv30001ABA_signaling,
383,VIT_04s0023g00940,191,0.0924,Phospholipase A1,E3_1_1_32,,vv10564Glycerophospholipid_metabolism,vv10592Alpha-linolenic_acid_metabolism
384,VIT_18s0001g12240,189,0.0917,Peptide chain release factor eRF subunit 1,K03265,,vv23015mRNA_surveillance_pathway,
385,VIT_03s0038g02380,186,0.0905,RAC G-protein Rac1,RAC1,,vv34020Calcium_signaling_pathway,
386,VIT_04s0023g01020,186,0.0898,BEL1 homeobox 2 protein (BLH2) (SAWTOOTH 1),BLH2_1,VvHB17,vv60034HB,
387,VIT_07s0005g00510,184,0.0886,Monoglyceride lipase,E3_1_1_23,,vv10561Glycerolipid_metabolism,
388,VIT_17s0000g03750,183,0.0886,Chitin elicitor-binding CEBIP LysM domain-containing,K13473,,vv34626Plant-pathogen_interaction,
389,VIT_02s0012g00580,183,0.0884,Ankyrin protein kinase,,,,
390,VIT_06s0004g03700,182,0.0883,Phototropin-1,PHOT1,,vv50101Channels_and_pores,
391,VIT_00s0349g00020,183,0.0880,Unknown protein,,,,
392,VIT_10s0003g05690,181,0.0875,Ribulose bisphosphate carboxylase  large chain,E4_1_1_39,,vv10710Carbon_fixation,
393,VIT_06s0004g07960,180,0.0870,Glucose-6-phosphate/phosphate translocator,G6PPTR,,vv50122Porters_cat_7_to_17,
394,VIT_06s0004g01550,178,0.0863,Phosphoribosylanthranilate transferase,E2_4_2_18,,vv10400Phenylalanine_tyrosine_and_tryptophan_biosynthesis,
395,VIT_13s0073g00410,176,0.0848,Nucleolar essential protein,,,,
396,VIT_15s0024g00910,175,0.0843,NFD4 (nuclear fusion defective 4),,,,
397,VIT_08s0007g03990,172,0.0827,Cellulose synthase CSLA09,E2_4_1_12_CSLA09,,vv40006Cell_wall,
398,VIT_08s0007g02700,171,0.0826,Secoisolariciresinol dehydrogenase,SIRD,,vv10940Phenylpropanoid_biosynthesis,
399,VIT_18s0122g01180,170,0.0816,Unknown,,,,
400,VIT_17s0000g08210,167,0.0805,Zinc finger (C3HC4-type ring finger),ZFC3HC4_103,,vv60078Other_zf-C3HC4,
401,VIT_13s0019g04440,167,0.0803,Zinc finger (C3HC4-type ring finger),ZFC3HC4_163,,vv60078Other_zf-C3HC4,
402,VIT_14s0006g00570,165,0.0801,Unknown protein,,,,
403,VIT_15s0045g01600,164,0.0792,Eceriferum 1 (CER1 protein) Sterol desaturase,,,,
404,VIT_13s0067g01930,157,0.0757,Unknown protein,,,,
405,VIT_12s0057g01060,156,0.0751,Jasmonate O-methyltransferase,E2_1_1_141,,vv10592alpha-Linolenic_acid_metabolism,
406,VIT_05s0049g00010,153,0.0745,Cellulose synthase CSLG2,E2_4_1_12_CSLG2,,vv40006Cell_wall,
407,VIT_14s0066g01730,152,0.0739,Cellulose synthase CSLC04,E2_4_1_12_CSLC04,,vv40006Cell_wall,
408,VIT_06s0004g05230,152,0.0734,Plastid transcriptionally active18,PTAC16,,vv50133Primary_active_transporter_cat_A9_to_A18,
409,VIT_18s0001g05580,152,0.0729,Unknown protein,,,,
410,VIT_08s0007g04690,152,0.0729,U3 small nucleolar RNA-associated protein 12,K14556,,vv23008Ribosome_biogenesis_in_Eukaryotes,
411,VIT_19s0015g01010,151,0.0726,Farnesyl diphosphate synthase,E2_5_1_10,,vv10100Biosynthesis_of_steroids,vv10900Terpenoid_biosynthesis
412,VIT_18s0001g02720,148,0.0720,fatty acid elongation1 (FAE1),,,,
413,VIT_14s0171g00460,148,0.0718,Nucleotide binding nubp1,NUBP1,,vv52010ABC_transporters,
414,VIT_01s0011g05850,148,0.0716,SEC14 cytosolic factor,SEC14,,vv50122Porters_cat_7_to_17,
415,VIT_06s0004g00260,148,0.0715,Shoot1 protein,,,,
416,VIT_14s0006g02290,147,0.0714,DREB sub A-4 of ERF/AP2 transcription factor,TINY_2,VvERF028,vv30008Ethylene_signaling,vv60003AP2_EREBP
417,VIT_03s0063g01600,146,0.0709,No hit,,,,
418,VIT_08s0007g02030,147,0.0707,AUX1 protein,AUX1,,vv50004Auxin_transport,vv50123Porters_cat_18_to_29
419,VIT_12s0178g00090,147,0.0707,Diacylglycerol kinase 1,E2_7_1_107,,vv10561Glycerolipid_metabolism,vv10564Glycerophospholipid_metabolism
420,VIT_06s0004g08290,146,0.0705,KH domain-containing protein,,,,
421,VIT_15s0046g00520,145,0.0702,Wax synthase,E2_3_1_75,,vv11000Single_reactions,
422,VIT_18s0117g00590,143,0.0689,Laccase,E1_10_3_2,,vv11000Single_reactions,vv50109Incompletely_characterized_transport_systems
423,VIT_05s0020g03800,142,0.0688,Pentatricopeptide (PPR) repeat-containing,,,,
424,VIT_11s0016g03840,141,0.0683,No hit,,,,
425,VIT_02s0012g00180,136,0.0656,Serine protease,,,,
426,VIT_01s0011g04010,134,0.0650,Catalytic,,,,
427,VIT_18s0157g00140,132,0.0636,Alliin lyase,E4_4_1_4,,vv10272Cysteine_metabolism,
428,VIT_00s0266g00020<br>VIT_00s0372g00020<br>VIT_00s0271g00010<br>VIT_00s0385g00020<br>VIT_00s0522g00020<br>VIT_00s0372g00060<br>VIT_00s0372g00030<br>VIT_00s0385g00010,132,0.0635,
429,VIT_00s0187g00030,131,0.0634,Lysine-ketoglutarate reductase,E1_5_1_10,,vv10300Lysine_biosynthesis,
430,VIT_16s0039g00740,130,0.0630,Histone-lysine N-methyltransferase ASHH3,E2_1_1_43ASHH3_1,,vv10300Lysine_biosynthesis,vv60056SET_PCG
431,VIT_12s0055g00100,127,0.0615,Anthranilate synthase component 1,E4_1_3_27,,vv10400Phenylalanine_tyrosine_and_tryptophan_biosynthesis,
432,VIT_10s0116g01040,125,0.0608,Stigma-specific Stig1,,,,
433,VIT_14s0108g00740,125,0.0604,GASA4,GASA4,,vv30010Gibberellin_signaling,
434,VIT_09s0002g02540,124,0.0600,RWD domain containing 1,,,,
435,VIT_18s0001g06720,124,0.0596,Rieske [2Fe-2S] domain,RIESKE,,,
436,VIT_09s0054g01220,123,0.0594,Cycloartenol synthase,E5_4_99_8,,vv10100Biosynthesis_of_steroids,
437,VIT_18s0001g01210,122,0.0589,Senescence-inducible chloroplast stay-green protein 2,,,,
438,VIT_00s0211g00040,122,0.0587,Nodulation receptor kinase,,,,
439,VIT_00s2864g00010,120,0.0581,No hit,,,,
440,VIT_04s0069g01120,120,0.0579,Acyl-activating enzyme 7,E6_2_1_3,,vv10071Fatty_acid_metabolism,vv50104Group_translocators
441,VIT_17s0000g09800,119,0.0574,No hit,,,,
442,VIT_07s0005g00860,117,0.0570,U3 snoRNP-associated helicase Ecm16,ECM16,,,
443,VIT_08s0007g05550,118,0.0567,Protein kinase,,,,
444,VIT_09s0002g03000,115,0.0556,Leucine-rich repeat protein kinase,,,,
445,VIT_12s0034g02570,115,0.0555,Leucine Rich Repeat receptor-like kinase,,,,
446,VIT_11s0016g01780,115,0.0552,HAB1 (homology toABI1),HAB1,,vv30001ABA_signaling,
447,VIT_07s0005g00520,114,0.0550,Protein translocase ATOEP16-4,TIM17,,vv50132Primary_active_transporter_cat_A5_to_A8,
448,VIT_17s0119g00400,113,0.0548,Methyltransferase,,,,
449,VIT_01s0010g03910,112,0.0546,Squamosa promoter-binding protein 13 (SPL13),SPL13_2,,vv60055SBP,
450,VIT_07s0005g01410,112,0.0539,Dimethyladenosine transferase,K02528,,,
451,VIT_00s0532g00030,111,0.0539,Thioredoxin H,,,,
452,VIT_18s0075g00960,110,0.0532,Laccase,E1_10_3_2,,vv11000Single_reactions,vv50109Incompletely_characterized_transport_systems
453,VIT_05s0062g01280,110,0.0531,Cyclo-DOPA 5-O-glucosyltransferase,CD5OGT,,vv10350Tyrosine_metabolism,
454,VIT_02s0025g04620,110,0.0528,Phospholipase D beta 1,PLDB1,,vv10564Glycerophospholipid_metabolism,vv10565Ether_lipid_metabolism
455,VIT_17s0000g02410,109,0.0527,Cold-induced wall associated kinase,,,,
456,VIT_06s0004g01500,108,0.0521,Lipoxygenase (LOX2),E1_13_11_12,,vv10592alpha-Linolenic_acid_metabolism,
457,VIT_18s0001g10440,105,0.0509,THO complex subunit 5,K13174,,vv23013RNA_transport,
458,VIT_14s0068g00140,104,0.0504,No hit,,,,
459,VIT_08s0007g02600,102,0.0496,Unknown protein,,,,
460,VIT_07s0005g02490,101,0.0489,CYP709B2,,,,
461,VIT_17s0000g02230,98,0.0476,Jasmonate ZIM domain-containing protein 3,JAZ3_2,,vv30011Jasmonate_signaling,vv34626Plant-pathogen_interaction
462,VIT_07s0031g01270,98,0.0475,Ring-H2 finger A2A,RHA2A,,vv60078Other_zf-C3HC4,
463,VIT_02s0033g01210,98,0.0472,Cyclops,,,,
464,VIT_15s0046g02290,98,0.0471,ATBRM/CHR2 (Arabidopsis thaliana BRAHMA),BRAHMA,,vv60058SNF2,
465,VIT_00s0840g00010<br>VIT_00s1437g00010,96,0.0465,
466,VIT_18s0001g11120,96,0.0465,Ternary complex factor MIP1,,,,
467,VIT_08s0007g01750,96,0.0462,Acetyl co-enzyme A carboxylase carboxyltransferase alpha subunit,E6_4_1_2,,vv10061Fatty_acid_biosynthesis,vv10620Pyruvate_metabolism
468,VIT_06s0004g06910,96,0.0462,Unknown protein,,,,
469,VIT_14s0108g00150,95,0.0460,Calmodulin-binding region IQD28,IQD28,,,
470,VIT_14s0128g00400,95,0.0458,Ras homolog gene family  member T1,K07870,,,
471,VIT_05s0094g00820,95,0.0455,Unknown protein,,,,
472,VIT_04s0044g00190,93,0.0450,Mannitol dehydrogenase,E1_1_1_67,,vv10051Fructose_and_mannose_metabolism,
473,VIT_00s0286g00110,93,0.0450,S-locus protein kinase,,,,
474,VIT_18s0001g09180,91,0.0442,CUE domain containing protein,,,,
475,VIT_15s0024g00780,91,0.0441,No hit,,,,
476,VIT_17s0000g09810,91,0.0439,Pectate lyase,E4_2_2_2,,vv40006Cell_wall,
477,VIT_04s0044g01030,90,0.0433,Pectinesterase family,E3_1_1_11,,vv40006Cell_wall,
478,VIT_10s0071g01060,85,0.0413,Pyruvate kinase,E2_7_1_40,,vv10010Glycolysis,vv10230Purine_metabolism
479,VIT_05s0049g01810,86,0.0413,No hit,,,,
480,VIT_03s0063g01560,85,0.0412,CYP82C1p,,,,
481,VIT_00s0211g00030,85,0.0410,Symbiosis receptor kinase,,,,
482,VIT_14s0066g01480,85,0.0410,Cis-zeatin O-beta-D-glucosyltransferase,E2_4_1_215,,vv10908Zeatin_biosynthesis,
483,VIT_00s2085g00010,85,0.0409,Leucine-rich repeat family protein,,,,
484,VIT_06s0004g01250,83,0.0404,Omega-6 fatty acid desaturase  endoplasmic reticulum (FAD2),K10256,,vv11040Biosynthesis_of_unsaturated_fatty_acids,
485,VIT_15s0024g00770,83,0.0404,No hit,,,,
486,VIT_07s0005g02480,83,0.0402,Myb domain protein 61,MYB61_1,MYB55A,vv60044MYB,
487,VIT_04s0023g03710,83,0.0401,Myb domain protein 4,MYB4_1,MYB4B,vv60044MYB,
488,VIT_13s0073g00140,81,0.0393,Ovate family protein 13 OFP13,OFP13_2,,vv60086OFP,
489,VIT_18s0001g11160,80,0.0383,Unknown protein,,,,
490,VIT_04s0069g01010,79,0.0383,Harpin-induced protein,,,,
491,VIT_07s0151g00850,79,0.0382,Unknown,,,,
492,VIT_00s0203g00220,79,0.0380,S-locus lectin protein kinase,,,,
493,VIT_12s0057g00590,78,0.0374,Vacuolar protein sorting 11 (VPS11),VPS11,,vv50111Tethering_factors,
494,VIT_09s0002g03360,75,0.0363,Calmodulin binding protein,,,,
495,VIT_11s0016g03800,74,0.0358,No hit,,,,
496,VIT_13s0067g01180,73,0.0354,Leaf senescence related,,,,
497,VIT_09s0002g00300,73,0.0353,APUM23 (Arabidopsis PUMILIO 23),,,,
498,VIT_09s0002g00930,73,0.0350,Small nuclear ribonucleoprotein LSM1,K12620,,vv23018RNA_degradation,
499,VIT_03s0038g00120,72,0.0348,Gibberellin-regulated protein 4 (GASA4),GASA4,,vv30010Gibberellin_signaling,
500,VIT_02s0241g00110,70,0.0341,Aminomethyltransferase,E2_1_2_10,,vv10260Glycine_serine_and_threonine_metabolism,vv10670One_carbon_pool_by_folate
501,VIT_00s0374g00040,69,0.0333,S-locus lectin protein kinase,,,,
502,VIT_08s0007g00730,67,0.0325,U3 small nucleolar RNA-associated protein 21,K14554,,vv23008Ribosome_biogenesis_in_Eukaryotes,
503,VIT_15s0024g00400,67,0.0324,R protein MLA10,K13475,,vv34627R_proteins_from_Plant-pathogen_interaction,
504,VIT_16s0039g02860,67,0.0323,Germin-like protein 3 [Vitis vinifera],,,,
505,VIT_05s0020g03130,66,0.0320,Plastocyanin domain-containing protein,K02638,,vv10195Photosynthesis,vv50113Thylakoid_targeting_pathway
506,VIT_18s0001g02690,65,0.0314,Unknown protein,,,,
507,VIT_08s0007g02970,64,0.0310,Unknown protein,,,,
508,VIT_06s0004g04000,63,0.0303,Beta-ketoacyl-CoA synthase,E2_3_1_41,,vv10061Fatty_acid_biosynthesis,
509,VIT_16s0022g01050<br>VIT_16s0022g01030<br>VIT_16s0022g01010<br>VIT_16s0022g01110<br>VIT_16s0022g01100<br>VIT_16s0022g01040<br>VIT_16s0022g00990<br>VITisv_028484,62,0.0302,
510,VIT_12s0142g00780,62,0.0302,Leucine-rich repeat transmembrane protein kinase,,,,
511,VIT_02s0025g03150,62,0.0301,Nuclear pore complex protein Nup98-Nup96,K14297,,vv23013RNA_transport,vv50109Incompletely_characterized_transport_systems
512,VIT_16s0013g00640,62,0.0299,No hit,,,,
513,VIT_05s0124g00100,61,0.0293,Unknown,,,,
514,VIT_08s0007g05180,60,0.0290,Unknown,,,,
515,VIT_05s0020g03890,59,0.0285,Kinase interacting,,,,
516,VIT_18s0075g00360,59,0.0284,No hit,,,,
517,VIT_00s0246g00130,57,0.0276,No hit,,,,
518,VIT_02s0025g04920,57,0.0275,Phosphate translocator protein2  Plastidic,PTL2,,vv50122Porters_cat_7_to_17,
519,VIT_14s0068g02230,56,0.0271,No hit,,,,
520,VIT_06s0004g03210,56,0.0271,Unknown,,,,
521,VIT_09s0054g01210,55,0.0266,Beta-amyrin synthase,E5_4_99_BAS,,vv10900Terpenoid_biosynthesis,
522,VIT_03s0017g01290,55,0.0266,ABC transporter G member 7,ABCG7,,vv52010ABC_transporters,
523,VIT_08s0040g00040,54,0.0260,Ubiquitin-conjugating enzyme E2 D/E,K06689,,vv24120Ubiquitin_mediated_proteolysis,vv24141Protein_processing_in_endoplasmic_reticulum
524,VIT_14s0066g01210,52,0.0252,Carbonic anhydrase  chloroplast precursor,E4_2_1_1,,vv10910Nitrogen_metabolism,vv50124Porters_cat_30_to_64
525,VIT_07s0129g00070<br>VIT_07s0129g00150,52,0.0251,
526,VIT_12s0057g01450,52,0.0250,Subtilisin protease,,,,
527,VIT_10s0003g00420,51,0.0246,Auxin response factor 3,ARF3_2,,vv30003Auxin_signaling,vv60004ARF
528,VIT_13s0106g00250,51,0.0246,Carboxylic ester hydrolase,E3_1_1_1,,,
529,VIT_18s0166g00220,50,0.0242,No hit,,,,
530,VIT_18s0001g11100,50,0.0241,Serine carboxypeptidase,,,,
531,VIT_14s0060g01830,50,0.0241,Unknown protein,,,,
532,VIT_15s0046g02860,49,0.0237,Riboflavin biosynthesis protein ribD,E3_5_4_26,,vv10740Riboflavin_metabolism,
533,VIT_03s0132g00210,48,0.0233,Methylmalonate semi-aldehyde dehydrogenase,E1_2_1_27,,vv10280Valine_leucine_and_isoleucine_degradation,vv10640Propanoate_metabolism
534,VIT_05s0077g01250,48,0.0232,Endochitinase A2 precursor,E3_2_1_14,,vv10530Aminosugars_metabolism,
535,VIT_14s0060g02200,48,0.0232,Phospholipid/glycerol acyltransferase,E2_3_1_51,,vv10561Glycerolipid_metabolism,vv10564Glycerophospholipid_metabolism
536,VIT_06s0009g00760,48,0.0232,HcrVf1 protein,,,,
537,VIT_12s0059g00110<br>VIT_12s0059g00080<br>VIT_12s0059g00100,47,0.0227,
538,VIT_19s0014g04900,47,0.0226,(-)-germacrene D synthase,E4_2_3_22,,vv10900Terpenoid_biosynthesis,
539,VIT_13s0084g00520<br>VIT_13s0084g00370,46,0.0224,
540,VIT_14s0060g02370,46,0.0222,DegP protease,E3_4_21_107,,,
541,VIT_17s0000g04990,46,0.0221,MADS-box APETALA 1,APETALA1_3,,vv30009Flower_development,vv60042MADS
542,VIT_00s1881g00010,45,0.0219,No hit,,,,
543,VIT_18s0001g11350,45,0.0218,Unknown protein,,,,
544,VIT_05s0077g00450,45,0.0218,Ribosomal protein S1 30S,K02945,,vv23010Ribosome,
545,VIT_18s0001g00110,44,0.0214,Unknown protein,,,,
546,VIT_15s0046g01820,44,0.0213,Ring-H2 finger B1A,RHB1A,,vv60078Other_zf-C3HC4,
547,VIT_00s0332g00100,44,0.0213,No hit,,,,
548,VIT_04s0044g01650,44,0.0212,GA 20-oxidase 2,E1_14_11_12,,vv10904Diterpenoid_biosynthesis,
549,VIT_09s0002g07250,43,0.0209,No hit,,,,
550,VIT_09s0002g05560,43,0.0207,ABC transporter g family pleiotropic drug resistance 12 PDR12,ABCGPDR12,,vv52010ABC_transporters,
551,VIT_14s0081g00770,43,0.0207,R protein disease resistance protein,RPROT,,vv34627R_proteins_from_Plant-pathogen_interaction,
552,VIT_02s0025g04410,42,0.0204,Beta-ketoacyl-CoA synthase,E2_3_1_41,,vv10061Fatty_acid_biosynthesis,
553,VIT_02s0241g00040,42,0.0204,Cyclobutane pyrimidine dimer photolyase,E4_1_99_3,,,
554,VIT_11s0016g00290,42,0.0203,Pectinesterase PME3,E3_1_1_11,,vv40006Cell_wall,
555,VIT_18s0001g11550,41,0.0199,Unknown,,,,
556,VIT_12s0059g00230,41,0.0199,Epoxide hydrolase 2,E3_3_2_10,,,
557,VIT_11s0016g03980,41,0.0197,Unknown protein,,,,
558,VIT_19s0090g00260,40,0.0193,R protein disease resistance protein,RPROT,,vv34627R_proteins_from_Plant-pathogen_interaction,
559,VIT_01s0127g00010,39,0.0190,Carboxyl-terminal proteinase,,,,
560,VIT_01s0026g00680,39,0.0188,RNase H domain-containing protein,K01163,,,
561,VIT_10s0003g00890,39,0.0188,Magnesium-chelatase subunit chlI  chloroplast precursor,E6_6_1_1,,vv10860Porphyrin_and_chlorophyll_metabolism,
562,VIT_05s0102g00880,39,0.0188,Strictosidine synthase,E4_3_3_2,,vv10900Terpenoid_biosynthesis,vv10902Monoterpenoid_biosynthesis
563,VIT_06s0009g00330,38,0.0184,No hit,,,,
564,VIT_11s0052g00410,38,0.0183,Allyl alcohol dehydrogenase,,,,
565,VIT_12s0034g02560,37,0.0179,DNA (cytosine-5)-methyltransferase (ATHIM),E2_1_1_37,,vv10271Methionine_metabolism,
566,VIT_00s1232g00020,37,0.0179,Ribosomal protein L12,K02869,,vv23010Ribosome,
567,VIT_18s0001g12020,37,0.0178,Brassinosteroid Signaling positive regulator (BZR1),BZR1_2,,vv30005Brassinosteroids_signaling,vv60010BES1
568,VIT_12s0059g00710,37,0.0178,Metalloendopeptidase,,,,
569,VIT_03s0038g03250,37,0.0178,Vestitone reductase,E1_1_1_246,,vv10943Isoflavonoid_biosynthesis,
570,VIT_01s0127g00860,36,0.0174,Aborted microspores AMS,AMS_1,,vv60011BHLH,
571,VIT_10s0003g03300,36,0.0173,Unknown protein,,,,
572,VIT_13s0084g00410,36,0.0172,No hit,,,,
573,VIT_05s0062g00520,35,0.0169,UDP-glucose:flavonoid 7-O-glucosyltransferase,E2_4_1_237,,vv10941Flavonoid_biosynthesis,
574,VIT_11s0016g04840,35,0.0169,Avr9/Cf-9 rapidly elicited protein 11,,,,
575,VIT_17s0000g02850,34,0.0165,No hit,,,,
576,VIT_17s0000g05660,34,0.0164,Polygalacturonase GH28,E3_2_1_15,,vv40006Cell_wall,
577,VIT_03s0038g03810,34,0.0164,Serine/threonine Protein kinase BNK1,,,,
578,VIT_00s0286g00050,34,0.0164,S-locus protein kinase,,,,
579,VIT_15s0021g01350,34,0.0164,Transducin family protein / WD-40 repeat,,,,
580,VIT_13s0064g00750,34,0.0163,Polygalacturonase GH28,E3_2_1_15,,vv40006Cell_wall,
581,VIT_15s0021g01280,33,0.0160,Cyclin-U4-1 (CycU4;1) CYCP4;1,CYCP4_1,,vv44110Cell_cycle,
582,VIT_19s0014g03860,33,0.0160,No hit,,,,
583,VIT_18s0122g01240,32,0.0156,Serine/threonine Protein kinase BNK1,,,,
584,VIT_05s0029g01420,32,0.0155,Ankyrin repeat,K10380,,vv50108Accessory_factors_involved_in_transport,
585,VIT_01s0011g03490,32,0.0155,3-ketoacyl-CoA synthase,,,,
586,VIT_18s0166g00080,31,0.0150,ABC transporter G member 4,K05680,,vv52010ABC_transporters,
587,VIT_11s0016g00590,31,0.0150,Invertase/pectin methylesterase inhibitor,PMEI,,vv40006Cell_wall,
588,VIT_12s0134g00450,31,0.0149,S-locus lectin protein kinase,,,,
589,VIT_12s0028g03960,30,0.0144,Ankyrin repeat protein family,K10380,,vv50108Accessory_factors_involved_in_transport,
590,VIT_18s0001g10870,30,0.0144,Patatin,,,,
591,VIT_00s0516g00010,29,0.0141,Unknown,,,,
592,VIT_11s0016g03830,29,0.0141,Protein kinase,,,,
593,VIT_04s0008g00450,29,0.0140,Haloacid dehalogenase hydrolase,E3_1_3_18,,vv10630Glyoxylate_and_dicarboxylate_metabolism,
594,VIT_08s0040g03070,29,0.0140,TTG2 (transparent testa GLABRA 2),TTG2,VvWRKY26,vv44110Cell_cycle,vv60066WRKY
595,VIT_00s1613g00010,28,0.0136,Syntaxin 52,K08503,,vv24130SNARE_interactions_in_vesicular_transport,
596,VIT_13s0158g00370,28,0.0136,RNA recognition motif (RRM)-containing CCCH,RRMCCCFAM_1,,vv60018C3H,
597,VIT_07s0005g03110,28,0.0136,Tetratricopeptide repeat (TPR)-containing protein,,,,
598,VIT_10s0116g01590,28,0.0136,No hit,,,,
599,VIT_06s0004g07070,28,0.0135,Protein kinase,,,,
600,VIT_18s0041g01150,28,0.0134,Lectin protein kinase,,,,
601,VIT_06s0009g00480,27,0.0132,Aluminium-tolerance ALMT1,ALMT1,,vv50125Porters_cat_66_to_94,
602,VIT_06s0009g02780,27,0.0131,Histone mRNA exonuclease 1,K01175,,,
603,VIT_04s0069g01000,27,0.0130,Drug/metabolite transporter DMT family transporter,DMT,,vv50122Porters_cat_7_to_17,
604,VIT_19s0027g00860,27,0.0130,NAC domain-containing protein 42,NAC042_2,VvNAC31,vv60046NAC,
605,VIT_02s0025g01360,27,0.0130,Ethylene-responsive transcription factor related to APETALA2 4,RAP2_4_2,VvERF002,vv30008Ethylene_signaling,vv60003AP2_EREBP
606,VIT_00s0192g00130,27,0.0130,Ribosomal protein L8 (RPL8C) 60S,K02938,,vv23010Ribosome,
607,VIT_08s0007g07590,27,0.0130,Unknown protein,,,,
608,VIT_00s0187g00100,26,0.0126,No hit,,,,
609,VIT_18s0001g02600,26,0.0125,Ribosomal protein S1  30S,K02945,,vv23010Ribosome,
610,VIT_13s0019g02880,25,0.0122,UDP-glucoronosyl/UDP-glucosyl transferase,,,,
611,VIT_05s0020g01980,25,0.0121,Acyl carrier protein  mitochondrial 3,K02078,,vv50134Primary_active_transporter_cat_D1,
612,VIT_09s0070g00980,25,0.0121,Unknown,,,,
613,VIT_02s0025g01870,25,0.0120,Cellulose synthase CSLG3,E2_4_1_12_CSLG3,VvNAC72,vv40006Cell_wall,
614,VIT_13s0064g01760,25,0.0120,Amygdalin hydrolase isoform AH I,E3_2_1_117,,vv10460Cyanoamino_acid_metabolism,
615,VIT_00s0203g00170,23,0.0112,Myb domain protein 92,MYB92_1,MYB136,vv60044MYB,
616,VIT_00s0246g00120,23,0.0111,No hit,,,,
617,VIT_00s0965g00010,23,0.0111,Magnesium-chelatase subunit chlD  chloroplast precursor,E6_6_1_1,,vv10860Porphyrin_and_chlorophyll_metabolism,
618,VIT_17s0000g09760,22,0.0107,ABC transporter B member 11,K05664,,vv52010ABC_transporters,
619,VIT_05s0124g00080,22,0.0107,No hit,,,,
620,VIT_16s0039g01650,22,0.0107,Transporter-related,TRANSPORTERUNK,,vv50109Incompletely_characterized_transport_systems,
621,VIT_12s0035g00050,22,0.0107,No hit,,,,
622,VIT_07s0005g01970,22,0.0107,Galactinol synthase,E2_4_1_123,,vv10052Galactose_metabolism,
623,VIT_12s0055g01140,22,0.0107,Lipid transfer protein,LTP,,,
624,VIT_03s0038g04750,22,0.0106,Universal stress protein (USP) family protein,,,,
625,VIT_11s0016g04720,22,0.0106,Blight-associated protein p12 precursor,,,,
626,VIT_15s0048g02680,21,0.0102,Calmodulin-binding region IQD17,,,,
627,VIT_12s0134g00010,21,0.0101,Phototropic-responsive NPH3 protein,,,,
628,VIT_01s0010g00720,21,0.0101,Unknown,,,,
629,VIT_14s0108g01020,20,0.0097,Alpha-expansin 1 precursor,EXPA1,,vv30003Auxin_signaling,
630,VIT_14s0006g00910,19,0.0093,ATA15 protein,,,,
631,VIT_04s0023g00360,19,0.0092,Unknown protein,,,,
632,VIT_01s0011g00080,19,0.0092,Universal stress protein (USP) family protein,,,,
633,VIT_05s0020g00920,18,0.0088,Hydroxyproline-rich glycoprotein,HRGP,,vv40006Cell_wall,
634,VIT_14s0068g00290,18,0.0087,RPK1 (receptor-like protein kinase 1),,,,
635,VIT_04s0008g05500,18,0.0087,S-receptor kinase,,,,
636,VIT_19s0014g00760,18,0.0087,Unknown,,,,
637,VIT_16s0050g02740<br>VIT_00s1467g00010<br>VIT_00s0294g00070<br>VIT_16s0039g01210<br>VIT_16s0050g02730<br>VIT_16s0148g00180<br>VIT_16s0148g00420,18,0.0087,
638,VIT_08s0007g05560,16,0.0078,Protein kinase,,,,
639,VIT_13s0047g00200,15,0.0073,Subtilisin,SBT5_2,,,
640,VIT_09s0002g02490,15,0.0073,Dof zinc finger protein 1,ADOF1,,vv60015C2C2-DOF,
641,VIT_03s0088g00470,15,0.0072,Auxin responsive SAUR protein,SAUR,,vv30003Auxin_signaling,
642,VIT_14s0060g01080,15,0.0072,ferroportin,FERROPORTIN,,vv50109Incompletely_characterized_transport_systems,
643,VIT_17s0053g00710,15,0.0072,Calcium-dependent protein kinase,,,,
644,VIT_12s0035g01080,14,0.0068,Carotenoid isomerase 1  chloroplast precursor,K09835,,vv10906Carotenoid_biosynthesis,
645,VIT_07s0031g00480,14,0.0068,Protein kinase family,,,,
646,VIT_14s0030g00220,14,0.0068,Sugar transporter ERD6-like 5,ERD6L5,,vv50121Porters_cat_1_to_6,
647,VIT_05s0020g03600,14,0.0067,CDPK adapter protein 1,,,,
648,VIT_06s0004g05380,14,0.0067,Tropinone reductase,E1_1_1_206,,vv10220Urea_cycle_and_metabolism_of_amino_groups,
649,VIT_04s0008g04230,14,0.0067,ABC transporter G member 22,ABCG22,,vv52010ABC_transporters,
650,VIT_01s0011g02330,13,0.0063,Unknown protein,,,,
651,VIT_18s0075g00810,13,0.0063,Laccase,E1_10_3_2,,vv11000Single_reactions,vv50109Incompletely_characterized_transport_systems
652,VIT_07s0031g01660,13,0.0063,CYP86A2,,,,
653,VIT_15s0021g02710,13,0.0063,Zinc finger (C2H2 type) family,C2H2FAM_24,,vv60017C2H2,
654,VIT_13s0019g02090,13,0.0063,Thylakoid lumenal 15 kDa protein 1,,,,
655,VIT_04s0044g00640,13,0.0063,S-receptor kinase,,,,
656,VIT_18s0072g00760,13,0.0063,G-protein-coupled receptor,,,,
657,VIT_07s0205g00180,13,0.0063,Basic helix-loop-helix (bHLH) family,BHLHDOM_30,,vv60011BHLH,
658,VIT_02s0087g00470,13,0.0063,Anthraniloyal-CoA: methanol anthraniloyal transferase,AMAT,,vv10400Phenylalanine_tyrosine_and_tryptophan_biosynthesis,
659,VIT_09s0054g00690,13,0.0063,Vacuolar processing enzyme alpha,,,,
660,VIT_18s0122g00590,13,0.0063,DNA-binding protein,,,,
661,VIT_13s0019g05290,13,0.0062,Acyl-CoA binding,,,,
662,VIT_09s0054g01370,12,0.0058,Beta-amyrin synthase,E5_4_99_BAS,,vv10900Terpenoid_biosynthesis,
663,VIT_13s0064g01100,12,0.0058,No hit,,,,
664,VIT_10s0003g03750,12,0.0058,9-cis-epoxycarotenoid dioxygenase 2,E1_13_11_51,,vv10906Carotenoid_biosynthesis,vv11013ABA_biosynthesis
665,VIT_03s0088g00560,12,0.0058,Citrate synthase,E2_3_3_1,,vv10020Citrate_cycle,vv10630Glyoxylate_and_dicarboxylate_metabolism
666,VIT_08s0058g01340,12,0.0058,Leucine-rich repeat transmembrane protein kinase,,,,
667,VIT_05s0062g01130,12,0.0058,Aromatic and neutral transporter 1,ANT1,,vv50123Porters_cat_18_to_29,
668,VIT_12s0028g00380,12,0.0058,DTDP-glucose 4-6-dehydratase,E4_2_1_46,,vv10520Nucleotide_sugars_metabolism,
669,VIT_14s0006g01860,12,0.0057,No hit,,,,
670,VIT_05s0062g00430,11,0.0053,UDP-glucose:flavonoid 7-O-glucosyltransferase,E2_4_1_237,,vv10941Flavonoid_biosynthesis,
671,VIT_04s0044g00010,11,0.0053,Unknown,,,,
672,VIT_08s0007g00530,10,0.0049,3-beta hydroxysteroid dehydrogenase/isomerase protein,E1_1_1_145,,vv10140C21-Steroid_hormone_metabolism,
673,VIT_04s0044g01130,10,0.0048,Alcohol dehydrogenase 2 [Vitis vinifera],E1_1_1_1,,vv10010Glycolysis,vv10071Fatty_acid_metabolism
674,VIT_07s0005g05780,10,0.0048,Pantoate--beta-alanine ligase,E6_3_2_1,,vv10410Beta-alanine_metabolism,vv10770Pantothenate_and_CoA_biosynthesis
675,VIT_18s0075g00610,10,0.0048,Laccase,E1_10_3_2,,vv11000Single_reactions,vv50109Incompletely_characterized_transport_systems
676,VIT_17s0000g08790,10,0.0048,EMB2759 (embryo defective 2759),,,,
677,VIT_01s0026g01750,10,0.0048,Pentatricopeptide (PPR) repeat-containing,,,,
678,VIT_18s0001g05790,9,0.0044,Unknown protein,,,,
679,VIT_09s0070g00780,9,0.0044,No hit,,,,
680,VIT_00s0286g00100,9,0.0044,S-locus protein kinase,,,,
681,VIT_05s0049g00480,9,0.0044,Zinc finger (C3HC4-type ring finger),ZFC3HC4_65,,vv60078Other_zf-C3HC4,
682,VIT_14s0068g00870,9,0.0044,Nudix hydrolase 13,,,,
683,VIT_13s0019g03090,9,0.0044,Heat shock protein class I (HSP17.8-CI),K13993,,vv24141Protein_processing_in_endoplasmic_reticulum,
684,VIT_12s0028g02110,9,0.0044,Unknown protein,,,,
685,VIT_10s0003g01010,9,0.0044,Lipase GDSL,,,,
686,VIT_19s0090g00750,9,0.0044,Dihydrolipoamide succinyltransferase,E2_3_1_61,,vv10020Citrate_cycle,
687,VIT_10s0003g03960,9,0.0044,Unknown protein,,,,
688,VIT_05s0077g01030,9,0.0044,Unknown,,,,
689,VIT_18s0122g01250,9,0.0044,No hit,,,,
690,VIT_07s0104g00090,9,0.0044,Transparent testa 8 TT8,TT8,,vv60011BHLH,
691,VIT_06s0004g03020,9,0.0044,Beta-galactosidase,E3_2_1_23,,vv10052Galactose_metabolism,vv10511N-Glycan_degradation
692,VIT_11s0016g00330,9,0.0044,Pectinesterase family,E3_1_1_11,,vv40006Cell_wall,
693,VIT_15s0021g02800,9,0.0043,No hit,,,,
694,VIT_08s0007g03310,9,0.0043,Unknown,,,,
695,VIT_18s0001g00080,9,0.0043,Laccase,E1_10_3_2,,vv11000Single_reactions,vv50109Incompletely_characterized_transport_systems
696,VIT_10s0003g00050,9,0.0043,Squamosa promoter-binding protein 3 (SPL3),SPL3,,vv60055SBP,
697,VIT_03s0017g01930,9,0.0043,CYP97B2,,,,
698,VIT_04s0008g01420,9,0.0043,HAB2 (Homology to ABI2),HAB2,,vv30001ABA_signaling,
699,VIT_18s0001g12680,9,0.0043,Unknown protein,,,,
700,VIT_05s0020g03830,9,0.0043,Pentatricopeptide (PPR) repeat-containing,,,,
701,VIT_05s0020g03470,7,0.0034,Hydroxyproline-rich glycoprotein,HRGP,,vv40006Cell_wall,
702,VIT_12s0035g00060,7,0.0034,DNA (cytosine-5)-methyltransferase,E2_1_1_37,,vv10271Methionine_metabolism,
703,VIT_15s0046g02010,7,0.0034,MAPK (MPK4),MPK4,,vv30011Jasmonate_signaling,vv34626Plant-pathogen_interaction
704,VIT_16s0039g02530,7,0.0034,No hit,,,,
705,VIT_08s0007g01020,7,0.0034,Aldo-keto reductase,E1_1_1_21,,vv10040Pentose_glucuronate_interconversion,vv10051Fructose_and_mannose_metabolism
706,VIT_14s0108g01490,7,0.0034,Pentatricopeptide (PPR) repeat-containing protein,,,,
707,VIT_08s0007g05350,6,0.0029,Haloacid dehalogenase hydrolase,E3_1_3_18,,vv10630Glyoxylate_and_dicarboxylate_metabolism,
708,VIT_18s0075g00670,6,0.0029,Laccase,E1_10_3_2,,vv11000Single_reactions,vv50109Incompletely_characterized_transport_systems
709,VIT_19s0085g00660,6,0.0029,No hit,,,,
710,VIT_14s0006g01930,6,0.0029,Unknown protein,,,,
711,VIT_19s0014g04770,6,0.0029,RNA recognition motif (RRM)-containing protein,,,,
712,VIT_08s0040g00620,6,0.0029,Unknown protein,,,,
713,VIT_02s0087g00260,6,0.0029,RPD1 (root primordium defective 1),,,,
714,VIT_09s0018g02130,6,0.0029,Calcium-transporting ATPase 9 ACA9,K01537,,vv34020Calcium_signaling_pathway,vv50131Primary_active_transporter_cat_A2_to_A4
715,VIT_07s0005g03680,6,0.0029,CCR4-NOT complex subunit CAF16,K12608,,vv23018RNA_degradation,vv52010ABC_transporters
716,VIT_18s0041g00270,6,0.0029,R protein  PRF  disease resistance protein,K13453,,vv34627R_proteins_from_Plant-pathogen_interaction,
717,VIT_07s0005g03010,6,0.0029,Triacylglycerol lipase,E3_1_1_3,,vv10561Glycerolipid_metabolism,
718,VIT_16s0013g02150,6,0.0029,No hit,,,,
719,VIT_11s0037g01410,6,0.0029,XBAT32 (XB3 ortholog 2 in Arabidopsis thaliana 32),XBAT32,,vv50108Accessory_factors_involved_in_transport,
720,VIT_07s0005g05510,6,0.0029,Kinase-like protein TMKL1,,,,
721,VIT_03s0038g00020,6,0.0029,Vacuolar protein sorting 45,VPS45,,vv24130SNARE_interactions_in_vesicular_transport,
722,VIT_04s0008g01450,6,0.0029,Cyclopropane-fatty-acyl-phospholipid synthase,E2_1_1_79,,vv10271Methionine_metabolism,
723,VIT_18s0041g00420,6,0.0029,Patellin-5,,,,
724,VIT_08s0007g06680,6,0.0029,PMR5 (powdery mildew resistant 5),,,,
725,VIT_17s0000g03760,6,0.0029,Endonuclease/exonuclease/phosphatase family,,,,
726,VIT_07s0005g05180,6,0.0029,No hit,,,,
727,VIT_18s0001g05950,6,0.0029,Cis-zeatin O-beta-D-glucosyltransferase,E2_4_1_215,,vv10908Zeatin_biosynthesis,
728,VIT_18s0089g00510,6,0.0029,Isopentenyltransferase 1,E2_5_1_27,,vv10908Zeatin_biosynthesis,
729,VIT_14s0108g00340,6,0.0029,Leucine Rich Repeat receptor-like kinase,,,,
730,VIT_14s0083g00920,6,0.0029,No hit,,,,
731,VIT_08s0007g05360,6,0.0029,Strictosidine synthase,E4_3_3_2,,vv10900Terpenoid_biosynthesis,vv10902Monoterpenoid_biosynthesis
732,VIT_11s0016g02670,6,0.0029,Unknown protein,,,,
733,VIT_16s0022g00240,6,0.0029,EIX receptor 2,,,,
734,VIT_16s0050g01060,6,0.0029,Unknown protein,,,,
735,VIT_17s0000g08620,6,0.0029,U3 small nucleolar RNA-associated protein MPP10,K14559,,vv23008Ribosome_biogenesis_in_Eukaryotes,
736,VIT_09s0002g01700,6,0.0029,Epidermal patterning factor-like protein 3,,,,
737,VIT_09s0002g01770,6,0.0029,N-myristoyl transferase,E2_3_1_97,,vv10062Fatty_acid_elongation_in_mitochondria,
738,VIT_07s0005g05660,6,0.0029,F-box/kelch-repeat protein,,,,
739,VIT_14s0060g01460,6,0.0029,Pentatricopeptide (PPR) repeat-containing protein,,,,
740,VIT_11s0052g00700,6,0.0029,Serine/theronine protein kinase 2,,,,
741,VIT_01s0026g00080,6,0.0029,Metal-dependent phosphohydrolase HD domain-containing protein,K07023,,,
742,VIT_15s0021g02110,5,0.0024,AP2 domain-containing transcription factor TINY,TINY_8,VvERF029,vv30008Ethylene_signaling,vv60003AP2_EREBP
743,VIT_19s0135g00080,4,0.0019,No hit,,,,
744,VIT_16s0022g00090,4,0.0019,No hit,,,,
745,VIT_03s0038g02540,4,0.0019,Aborted microspores AMS,AMS_3,,vv60011BHLH,
746,VIT_17s0000g08370,4,0.0019,RCD one 2 (SRO2),,,,
747,VIT_04s0008g01030,3,0.0015,Unknown protein,,,,
748,VIT_04s0023g02880,3,0.0015,GATA transcription factor 14,GAT14,,vv60016C2C2-GATA,
749,VIT_03s0088g00270,3,0.0015,No hit,,,,
750,VIT_00s0274g00080,3,0.0015,Benzoquinone reductase,E1_6_5_6,,vv10740Riboflavin_metabolism,
751,VIT_04s0044g01790,3,0.0015,Ribosome assembly protein 1,K14536,,vv23008Ribosome_biogenesis_in_Eukaryotes,
752,VIT_08s0040g02970,3,0.0015,Protein phosphatase 2C,E3_1_3_16,,,
753,VIT_09s0002g05180,3,0.0015,No hit,,,,
754,VIT_04s0008g02510,3,0.0015,Receptor kinase homolog LRK10,,,,
755,VIT_03s0017g01130,3,0.0015,Cis-zeatin O-beta-D-glucosyltransferase,E2_4_1_215,,vv10908Zeatin_biosynthesis,
756,VIT_17s0053g00590,3,0.0015,Kinase interacting protein,,,,
757,VIT_06s0004g06070,3,0.0015,Unknown protein,,,,
758,VIT_15s0046g03230,3,0.0015,Disease resistance protein RGA4,,,,
759,VIT_12s0059g01820,3,0.0015,Protein phosphatase 1D,K10147,,,
760,VIT_00s0187g00070,3,0.0015,No hit,,,,
761,VIT_16s0148g00270,3,0.0015,No hit,,,,
762,VIT_10s0042g01010,3,0.0015,CYP714A1,,,,
763,VIT_06s0004g02690,3,0.0015,Glycosyl transferase family 2 protein,,,,
764,VIT_18s0001g02150,3,0.0015,DNA repair protein RadC,,,,
765,VIT_11s0065g00360,3,0.0015,Acetyl-CoA carboxylase  biotin carboxylase subunit (CAC2),E6_4_1_2,,vv10061Fatty_acid_biosynthesis,vv10620Pyruvate_metabolism
766,VIT_02s0012g02440,3,0.0015,No hit,,,,
767,VIT_00s0384g00020,3,0.0015,Basic helix-loop-helix (bHLH) family,BHLHDOM_93,,vv60011BHLH,
768,VIT_02s0025g04430,3,0.0015,Sugar transporter 1,STP1,,vv50121Porters_cat_1_to_6,
769,VIT_12s0142g00800,3,0.0015,Leucine-rich repeat protein kinase,,,,
770,VIT_17s0000g10100,3,0.0015,Response regulator ARR11 Type-B,ARR11_1,,vv30007Cytokinin_signaling,vv60006ARR-B
771,VIT_07s0129g00380,3,0.0015,Phototropic-responsive NPH3,BTBNPH3_1,,vv60093TRAF,
772,VIT_09s0002g02220,3,0.0015,Protein kinase CDG1,,,,
773,VIT_06s0004g05700,3,0.0015,Glutathione S-transferase 8 GSTU8,E2_5_1_18_GSTU8,,vv10480Glutathione_metabolism,
774,VIT_06s0004g01460<br>VIT_06s0004g01450,3,0.0015,
775,VIT_13s0074g00510,3,0.0015,ATP-dependent RNA helicase,,,,
776,VIT_13s0156g00470,3,0.0015,No hit,,,,
777,VIT_10s0116g01580,3,0.0015,No hit,,,,
778,VIT_19s0085g00380,3,0.0015,Phosphoglycerate kinase,E2_7_2_3,,vv10010Glycolysis,vv10710Carbon_fixation
779,VIT_02s0025g01380,3,0.0015,Endo-1 4-beta-glucanase,E3_2_1_4,,vv40006Cell_wall,
780,VIT_05s0077g00530,3,0.0015,Unknown protein,,,,
781,VIT_10s0116g01030,3,0.0015,Stigma-specific Stig1,,,,
782,VIT_15s0046g02460,3,0.0015,Growth-on protein GRO11,,,,
783,VIT_10s0003g04950,3,0.0015,Esterase/lipase/thioesterase,,,,
784,VIT_07s0005g06520,3,0.0015,No hit,,,,
785,VIT_13s0074g00450,3,0.0015,DEMETER protein (DME),,,,
786,VIT_04s0023g03430,3,0.0015,Basic helix-loop-helix (bHLH) family,BHLHDOM_33,,vv60011BHLH,
787,VIT_12s0035g00010,3,0.0015,DNA (cytosine-5)-methyltransferase (ATHIM),E2_1_1_37,,vv10271Methionine_metabolism,
788,VIT_05s0102g00460,3,0.0015,RPD1 (root primordium defective 1),,,,
789,VIT_01s0010g02830,3,0.0015,No hit,,,,
790,VIT_07s0031g00650,3,0.0015,Defective chloroplasts and leaves protein / DCL protein,,,,
791,VIT_07s0005g06000,3,0.0015,Pore-forming toxin-like protein Hfr-2,HFR2,,vv50101Channels_and_pores,
792,VIT_01s0026g02590,3,0.0015,Calcium-binding protein CML,K13448,,vv34626Plant-pathogen_interaction,
793,VIT_14s0068g00360,3,0.0015,LNG1 (LONGIFOLIA1),,,,
794,VIT_01s0026g02030,3,0.0015,Basic helix-loop-helix (bHLH) family,BHLHDOM_59,,vv60011BHLH,
795,VIT_19s0085g01010,3,0.0015,No hit,,,,
796,VIT_07s0005g00420,3,0.0015,Zinc finger (C3HC4-type ring finger),ZFC3HC4_195,,vv60078Other_zf-C3HC4,
797,VIT_18s0122g00220,3,0.0015,Phosphodiesterase/alkaline phosphatase D,E3_1_4_1,,,
798,VIT_13s0019g03970,3,0.0014,Ribosomal protein P0 (RPP0A) acidic 60S,K02941,,vv23010Ribosome,
799,VIT_12s0059g01190,3,0.0014,Homeobox protein shoot MERISTEMLESS (STM),STM_2,VvHB43,vv50004Auxin_transport,vv60034HB
800,VIT_02s0025g01240,3,0.0014,UDP-glucuronosyl/UDP-glucosyltransferase,E2_4_1_17,,vv10040Pentose_glucuronate_interconversion,vv10500Starch_and_sucrose_metabolism
801,VIT_05s0062g01120,3,0.0014,PIN1,PIN1,,vv50004Auxin_transport,vv50125Porters_cat_66_to_94
802,VIT_18s0001g13500,3,0.0014,forkhead-associated domain-containing protein,FHADOM_9,,vv60028FHA,
803,VIT_15s0048g01160,3,0.0014,Phospholipase D beta 1,PLDB1,,vv10564Glycerophospholipid_metabolism,vv10565Ether_lipid_metabolism
804,VIT_11s0065g00790<br>VIT_00s0188g00040<br>VIT_00s0279g00110,3,0.0014,
805,VIT_19s0015g02850,3,0.0014,No hit,,,,
806,VIT_13s0064g01640,3,0.0014,Beta-primeverosidase,E3_2_1_149,,vv11000Single_reactions,
807,VIT_08s0007g01110,3,0.0014,No hit,,,,
808,VIT_03s0063g00450,3,0.0014,Alpha-amylase,E3_2_1_1,,vv10500Starch_and_sucrose_metabolism,
809,VIT_03s0038g02030,3,0.0014,Amidase,E3_5_1_4,,vv10220Urea_cycle_and_metabolism_of_amino_groups,vv10360Phenylalanine_metabolism
810,VIT_13s0019g03310,3,0.0014,Transposon protein,,,,
811,VIT_13s0064g01110,3,0.0014,No hit,,,,
812,VIT_14s0036g01060,3,0.0014,Unknown protein,,,,
813,VIT_07s0005g04370,3,0.0014,Unknown protein,,,,
814,VIT_00s0332g00110,3,0.0014,Photosystem II PsbF protein,K02708,,vv10195Photosynthesis,vv50135Primary_active_transporter_cat_D3_to_E2
815,VIT_09s0002g06850,3,0.0014,Barwin endoglucanase,,,,
816,VIT_17s0000g06110,3,0.0014,Glutathione S-transferase 9 GSTU9,E2_5_1_18_GSTU9,,vv10480Glutathione_metabolism,
817,VIT_18s0001g01730,3,0.0014,Shikimate kinase,E2_7_1_71,,vv10400Phenylalanine_tyrosine_and_tryptophan_biosynthesis,
818,VIT_06s0004g06520,3,0.0014,Ammonium transporter 1  member 1 (AMT1.1),AMT1_1,,vv50101Channels_and_pores,
819,VIT_12s0059g00190,3,0.0014,Beta-expansin (EXPB3),EXPB3,,vv30003Auxin_signaling,
820,VIT_00s0347g00070,3,0.0014,S-locus lectin protein kinase,,,,
821,VIT_09s0002g04860,3,0.0014,GTPase activating protein,,,,
822,VIT_09s0002g00210,3,0.0014,Endonuclease,E3_1_30_x,,,
823,VIT_14s0219g00140,3,0.0014,ATP synthase mitochondrial F1 complex assembly factor 2,K07556,,,
824,VIT_03s0167g00020,3,0.0014,Concanavalin A lectin,,,,
825,VIT_07s0005g05260<br>VIT_07s0005g05230,3,0.0014,
826,VIT_07s0255g00060,3,0.0014,Prolyl oligopeptidase family,,,,
827,VIT_18s0001g01680,3,0.0014,Protein kinase,,,,
828,VIT_17s0000g08990,3,0.0014,Alliinase,E4_4_1_4,,vv10272Cysteine_metabolism,
829,VIT_16s0039g02790,3,0.0014,No hit,,,,
830,VIT_08s0007g04540,3,0.0014,Oxidoreductase  2OG-Fe(II) oxygenase,,,,
831,VIT_07s0005g06090,3,0.0014,Pore-forming toxin-like protein Hfr-2,HFR2,,vv50101Channels_and_pores,
832,VIT_15s0048g02520,3,0.0014,Zinc transporter (ZAT),ZAT,,vv50121Porters_cat_1_to_6,
833,VIT_19s0090g01190,3,0.0014,Chaperone GrpE type 2,K03687,,vv50132Primary_active_transporter_cat_A5_to_A8,
834,VIT_14s0128g00270,3,0.0014,Unknown,,,,
835,VIT_03s0063g01910,3,0.0014,Integral membrane protein,,,,
836,VIT_12s0059g01810,3,0.0014,Photosystem II psbZ,K02724,,vv10195Photosynthesis,vv50135Primary_active_transporter_cat_D3_to_E2
837,VIT_18s0117g00600,3,0.0014,Laccase,E1_10_3_2,,vv11000Single_reactions,vv50109Incompletely_characterized_transport_systems
838,VIT_06s0004g00020,3,0.0014,NAC domain containing protein 32,NAC032,VvNAC44,vv60046NAC,
839,VIT_04s0023g01950,3,0.0014,TUBBY like protein 2 TLP2,TLP2,,vv60063TUB,
840,VIT_01s0026g01400,3,0.0014,Unknown protein,,,,
