Vv_m2,2000,1000,VIT_02s0012g02030
rank,node,Fabs,Frel,Functional-annotation,Name-EC-KeggID,Updated-name,Network1,Network2
1,VIT_14s0068g01520,2058,1.0000,Double-stranded RNA-binding (DsRBD) domain-containing protein,,,,
2,VIT_12s0059g02310,2065,0.9995,PDF2 (protodermal factor2),PDF2_4,VvHB44,vv60034HB,
3,VIT_18s0122g01240,2062,0.9985,Serine/threonine Protein kinase BNK1,,,,
4,VIT_06s0080g00760,2070,0.9981,Unknown protein,,,,
5,VIT_06s0061g00240,2060,0.9952,ABC transporter G member 7,ABCG7,,vv52010ABC_transporters,
6,VIT_01s0010g01870,2056,0.9932,Salicylic acid-induced fragment 1 protein,,,,
7,VIT_17s0053g00780,2041,0.9917,Homeodomain GLABROUS11,HDG11_1,VvHB60,vv60034HB,
8,VIT_13s0019g00420,2022,0.9844,F-box family protein,,,,
9,VIT_10s0116g00680,2046,0.9822,PDF2 (protodermal factor2),PDF2_2,VvHB35,vv60034HB,
10,VIT_13s0067g00400,2002,0.9681,Anthranilate synthase alpha 1,E4_1_3_27,,vv10400Phenylalanine_tyrosine_and_tryptophan_biosynthesis,
11,VIT_14s0068g02010,2006,0.9663,IMP dehydrogenase/GMP reductase,E1_1_1_205,,vv10230Purine_metabolism,
12,VIT_11s0016g00740,1992,0.9646,Receptor-like protein kinase 3,,,,
13,VIT_04s0008g07040,1991,0.9600,Peroxidase,E1_11_1_7,,vv10360Phenylalanine_metabolism,vv10680Methane_metabolism
14,VIT_08s0040g02970,1975,0.9587,Protein phosphatase 2C,E3_1_3_16,,,
15,VIT_13s0067g00730,1970,0.9545,Carboxylic ester hydrolase,E3_1_1_1,,,
16,VIT_08s0007g02600,1953,0.9490,Unknown protein,,,,
17,VIT_01s0026g00570,1950,0.9475,Bet v I allergen,,,,
18,VIT_06s0009g03390,1950,0.9452,No hit,,,,
19,VIT_00s1356g00010,1954,0.9431,Zinc finger (C2H2 type) family,C2H2FAM_15,,vv60017C2H2,
20,VIT_18s0041g02150,1940,0.9377,Lipase GDSL,,,,
21,VIT_18s0122g01250,1935,0.9366,No hit,,,,
22,VIT_08s0040g03400,1933,0.9365,Short-chain dehydrogenase/reductase,,,,
23,VIT_17s0000g05890,1931,0.9360,Protein kinase APK1B,,,,
24,VIT_01s0182g00130,1923,0.9294,PHO1-like protein,PHO1,,vv50125Porters_cat_66_to_94,
25,VIT_11s0037g00320,1924,0.9277,Serine carboxypeptidase S10,,,,
26,VIT_06s0061g00220,1905,0.9207,Transcription initiation factor TFIIB,K03124,,vv23022Basal_transcription_factors,
27,VIT_15s0048g02680,1901,0.9184,Calmodulin-binding region IQD17,,,,
28,VIT_05s0102g00370,1895,0.9172,Receptor protein kinase (ACR4),,,,
29,VIT_19s0014g00680,1897,0.9151,RKF1 (receptor-like kinase in flowers 1),,,,
30,VIT_04s0008g01290,1879,0.9117,CGA1 (cytokinin-responsive GATA factor 1),CGA1,,vv30007Cytokinin_signaling,vv60016C2C2-GATA
31,VIT_19s0090g00330,1874,0.9053,1-acyl-sn-glycerol-3-phosphate acyltransferase,E2_3_1_51,,vv10561Glycerolipid_metabolism,vv10564Glycerophospholipid_metabolism
32,VIT_17s0000g09270,1873,0.9018,MATE efflux family protein,MATE,,vv50125Porters_cat_66_to_94,
33,VIT_18s0001g12240,1859,0.8963,Peptide chain release factor eRF subunit 1,K03265,,vv23015mRNA_surveillance_pathway,
34,VIT_03s0038g01960,1855,0.8953,Proline-rich family protein,,,,
35,VIT_05s0124g00100,1846,0.8914,Unknown,,,,
36,VIT_07s0005g01790,1850,0.8911,Acyl-CoA synthetase long-chain member 2,E6_2_1_3_LACS2,,vv10071Fatty_acid_metabolism,vv44146Peroxisome
37,VIT_03s0097g00470,1830,0.8819,ATHVA22A (Arabidopsis thaliana HVA22 homologue A),HVA22A,,vv30001ABA_signaling,
38,VIT_15s0021g02290,1827,0.8813,Squamosa promoter-binding protein 2 (SPL2),SPL2_2,,vv60055SBP,
39,VIT_06s0004g02300,1821,0.8763,Calcium-dependent protein kinase 19,CDPK19,,vv34626Plant-pathogen_interaction,
40,VIT_14s0006g01930,1801,0.8709,Unknown protein,,,,
41,VIT_07s0005g01670,1779,0.8653,No hit,,,,
42,VIT_04s0008g05520,1780,0.8632,Unknown protein,,,,
43,VIT_13s0067g02910,1775,0.8591,Non-specific lipid-transfer protein,,,,
44,VIT_03s0088g00070,1765,0.8551,No hit,,,,
45,VIT_00s0229g00120,1746,0.8463,Ternary complex factor MIP1,,,,
46,VIT_01s0010g03320,1749,0.8457,Kelch repeat-containing F-box protein,,,,
47,VIT_07s0005g05180,1751,0.8447,No hit,,,,
48,VIT_18s0001g12580,1754,0.8437,Zinc finger homeobox 33,ZFHB33_2,,vv60068Zf-HD,
49,VIT_13s0019g02090,1731,0.8391,Thylakoid lumenal 15 kDa protein 1,,,,
50,VIT_18s0001g08650,1723,0.8328,Growth-regulating factor 1,GRF1_2,,vv60033GRF,
51,VIT_17s0000g00130,1731,0.8322,SEC14 cytosolic factor,SEC14,,vv50122Porters_cat_7_to_17,
52,VIT_07s0031g01670,1706,0.8254,CYP96A10,,,,
53,VIT_08s0056g00050,1703,0.8231,Scarecrow transcription factor 23 (SCL23),SCL23_2,,vv60032GRAS,
54,VIT_15s0048g02000,1694,0.8223,Homeodomain GLABROUS1,HDG1_1,VvHB53,vv60034HB,
55,VIT_15s0048g00550,1680,0.8155,Abnormal floral organs,AFO_2,,vv60019C2C2-YABBY,
56,VIT_17s0000g01260,1704,0.8149,Squamosa promoter-binding protein 13 (SPL13),SPL13_1,,vv60055SBP,
57,VIT_12s0142g00240,1675,0.8127,PDF1 (protodermal factor1),PDF1_1,,,
58,VIT_12s0178g00200,1666,0.8048,Actin beta/gamma 1,K05692,,vv44810Regulation_of_actin_cytoskeleton,
59,VIT_03s0091g00650,1662,0.8045,No hit,,,,
60,VIT_14s0068g00260,1666,0.8041,Serine carboxypeptidase S10,,,,
61,VIT_06s0061g00470,1637,0.7920,Myb domain protein 36,MYB36_1,MYB149,vv60044MYB,
62,VIT_05s0077g00530,1626,0.7878,Unknown protein,,,,
63,VIT_00s0187g00210,1627,0.7849,Rho GDP-dissociation inhibitor 2,,,,
64,VIT_12s0059g00190,1611,0.7832,Beta-expansin (EXPB3),EXPB3,,vv30003Auxin_signaling,
65,VIT_11s0016g00290,1617,0.7804,Pectinesterase PME3,E3_1_1_11,,vv40006Cell_wall,
66,VIT_01s0011g04710,1597,0.7730,Copper-binding family protein,,,,
67,VIT_03s0063g01880,1590,0.7689,Acyl-CoA synthetase long-chain member 2,E6_2_1_3_LACS2,,vv10071Fatty_acid_metabolism,vv44146Peroxisome
68,VIT_03s0063g01890,1578,0.7686,Ring-H2 finger protein ATL3G,,,,
69,VIT_07s0005g05260<br>VIT_07s0005g05230,1589,0.7673,
70,VIT_13s0073g00140,1572,0.7638,Ovate family protein 13 OFP13,OFP13_2,,vv60086OFP,
71,VIT_12s0142g00640,1557,0.7547,FLS2 (flagellin-sensitive 2),K13420,,vv34626Plant-pathogen_interaction,
72,VIT_00s0286g00130,1543,0.7490,S-locus lectin protein kinase,,,,
73,VIT_15s0045g01600,1543,0.7447,Eceriferum 1 (CER1 protein) Sterol desaturase,,,,
74,VIT_14s0128g00160,1541,0.7409,Protein kinase CDG1,,,,
75,VIT_17s0000g07770,1529,0.7401,LTCOR11,LTCOR11,,vv30010Gibberellin_signaling,
76,VIT_16s0039g00010,1520,0.7389,ABC transporter G member 7,ABCG7,,vv52010ABC_transporters,
77,VIT_07s0031g00320,1524,0.7369,Curly leaf PHCLF1,CLF1_1,,vv30009Flower_development,vv60056SET_PCG
78,VIT_04s0008g00490,1524,0.7327,Profilin 5 (PRO5) (PRF3),K05759,,vv44810Regulation_of_actin_cytoskeleton,
79,VIT_10s0003g00600,1514,0.7325,Lipase GDSL,,,,
80,VIT_15s0046g03240,1504,0.7305,Unknown protein,,,,
81,VIT_04s0023g01950,1504,0.7276,TUBBY like protein 2 TLP2,TLP2,,vv60063TUB,
82,VIT_07s0005g05210,1503,0.7229,No hit,,,,
83,VIT_06s0061g00700,1484,0.7225,Auxin-regulated protein,AUXREG,,vv30003Auxin_signaling,
84,VIT_03s0063g01730,1490,0.7212,Viral-response family protein-like,,,,
85,VIT_16s0098g00660,1484,0.7166,Unknown protein,,,,
86,VIT_06s0004g07040,1467,0.7101,Glutaredoxin,,,,
87,VIT_05s0094g01350,1456,0.7089,Thiol methyltransferase 1,E2_1_1_9,,vv10450Selenoamino_acid_metabolism,
88,VIT_06s0080g00830,1427,0.6907,Unknown protein,,,,
89,VIT_04s0008g04590,1429,0.6903,CXE carboxylesterase,E3_1_1_1,,,
90,VIT_02s0012g01660,1427,0.6884,ATPase PGP2 (P-glycoprotein 2),PGP2,,vv52010ABC_transporters,
91,VIT_15s0045g01440,1415,0.6826,Eceriferum 1 (CER1 protein) Sterol desaturase,,,,
92,VIT_00s0211g00030,1414,0.6779,Symbiosis receptor kinase,,,,
93,VIT_14s0083g01200,1381,0.6701,Nitrilase,E3_5_5_1,,vv10910Nitrogen_metabolism,vv11002Auxin_biosynthesis
94,VIT_04s0023g02790,1373,0.6662,Dehydration-responsive protein,,,,
95,VIT_16s0039g00740,1379,0.6655,Histone-lysine N-methyltransferase ASHH3,E2_1_1_43ASHH3_1,,vv10300Lysine_biosynthesis,vv60056SET_PCG
96,VIT_09s0002g04170,1369,0.6626,Acyl-CoA synthetases (Acyl-activating enzyme 13),E6_2_1_3,,vv10071Fatty_acid_metabolism,vv50104Group_translocators
97,VIT_17s0000g07270,1381,0.6624,No hit,,,,
98,VIT_15s0046g03190,1368,0.6612,Myb domain protein 17,MYB17_2,MYB17A,vv60044MYB,
99,VIT_03s0038g01830,1366,0.6602,Proline-rich protein 4,,,,
100,VIT_07s0031g00020,1359,0.6584,Phosphoric monoester hydrolase,,,,
101,VIT_12s0059g01870,1355,0.6546,GH3-like protein,AUXINBIOSYNTHESIS_GH3,,vv11002Auxin_biosynthesis,
102,VIT_18s0001g02500,1362,0.6545,Unknown protein,,,,
103,VIT_12s0035g00940,1346,0.6506,No hit,,,,
104,VIT_07s0129g00270,1337,0.6471,Casein kinase II alpha chain,K03097,,vv23008Ribosome_biogenesis_in_Eukaryotes,vv34710Circadian_rhythm
105,VIT_15s0046g00310,1336,0.6463,Transcription factor TINY,ERF023,VvERF015,vv30008Ethylene_signaling,vv60003AP2_EREBP
106,VIT_07s0151g01130,1333,0.6421,Patatin,,,,
107,VIT_07s0005g01290,1329,0.6417,DnaJ homolog  subfamily C  member 7,K09527,,vv50132Primary_active_transporter_cat_A5_to_A8,
108,VIT_11s0016g04540,1323,0.6391,ABC transporter G member 22,ABCG22,,vv52010ABC_transporters,
109,VIT_02s0025g04120,1312,0.6363,Calmodulin binding protein,,,,
110,VIT_07s0151g00010,1303,0.6292,No hit,,,,
111,VIT_01s0146g00410,1294,0.6288,GEM-like protein 5,,,,
112,VIT_01s0011g03490,1298,0.6283,3-ketoacyl-CoA synthase,,,,
113,VIT_16s0013g00290,1283,0.6259,Heat shock protein binding,,,,
114,VIT_07s0031g00770,1289,0.6230,Unknown protein,,,,
115,VIT_11s0118g00540,1293,0.6228,Calcium-binding EF hand,,,,
116,VIT_14s0128g00510<br>VIT_14s0128g00550,1284,0.6206,
117,VIT_02s0025g04910,1279,0.6167,Growth-regulating factor 5,GRF5_3,,vv60033GRF,
118,VIT_13s0019g03980,1276,0.6149,Transcription initiation factor TFIIF beta subunit,K03139,,vv23022Basal_transcription_factors,
119,VIT_01s0127g00590,1270,0.6138,Protein disulfide isomerase,E5_3_4_1,,,
120,VIT_18s0089g00510,1270,0.6118,Isopentenyltransferase 1,E2_5_1_27,,vv10908Zeatin_biosynthesis,
121,VIT_00s0532g00050,1259,0.6100,Basic helix-loop-helix ILR3,ILR3_4,,vv11002Auxin_biosynthesis,vv60011BHLH
122,VIT_09s0002g08050,1263,0.6096,Unknown protein,,,,
123,VIT_14s0108g01080,1244,0.6010,Myb domain protein 106,MYB106_2,MYB141,vv60044MYB,
124,VIT_15s0021g01350,1244,0.6004,Transducin family protein / WD-40 repeat,,,,
125,VIT_00s0211g00040,1236,0.5977,Nodulation receptor kinase,,,,
126,VIT_09s0002g03130,1237,0.5961,FRK1 (FLG22-induced receptor-like kinase 1),FRK1,,vv34626Plant-pathogen_interaction,
127,VIT_19s0014g05000,1228,0.5950,Zinc finger (C2H2 type) family,C2H2FAM_16,,vv60017C2H2,
128,VIT_00s1348g00010,1221,0.5901,Ternary complex factor MIP1,,,,
129,VIT_19s0014g04690,1224,0.5899,Indole-3-acetic acid-amido synthetase,AUXINBIOSYNTHESIS_GH3,,vv11002Auxin_biosynthesis,
130,VIT_15s0046g01960,1216,0.5857,Hydroquinone glucosyltransferase,E2_4_1_218,,vv10500Starch_and_sucrose_metabolism,
131,VIT_02s0025g04550,1204,0.5819,Glucose-methanol-choline (GMC) oxidoreductase,E1_1_99_1,,vv10260Glycine_serine_and_threonine_metabolism,
132,VIT_12s0035g00200,1204,0.5791,Phospholipase D,PLDB1,,vv10564Glycerophospholipid_metabolism,vv10565Ether_lipid_metabolism
133,VIT_10s0003g00620,1192,0.5784,Lipase GDSL,,,,
134,VIT_06s0061g00260,1198,0.5765,ABC transporter G member 7,ABCG7,,vv52010ABC_transporters,
135,VIT_04s0023g03760,1189,0.5733,Unknown protein,,,,
136,VIT_07s0129g00070<br>VIT_07s0129g00150,1181,0.5705,
137,VIT_01s0010g02740,1189,0.5697,4-coumarate-CoA ligase,E6_2_1_12,,vv10940Phenylpropanoid_biosynthesis,vv50104Group_translocators
138,VIT_19s0027g01820,1174,0.5691,Potassium transporter (KUP1),KUP1,,vv50125Porters_cat_66_to_94,
139,VIT_00s0228g00060,1172,0.5656,Unknown,,,,
140,VIT_13s0019g00460,1169,0.5647,Unknown protein,,,,
141,VIT_12s0134g00640,1138,0.5557,Anthocyanidin 3-O-glucoside-6''-O-malonyltransferase,E2_3_1_171,,vv10942Anthocyanin_biosynthesis,
142,VIT_17s0000g08990,1139,0.5500,Alliinase,E4_4_1_4,,vv10272Cysteine_metabolism,
143,VIT_08s0105g00400,1131,0.5498,GT-1-like transcription factor,GT1L,,vv60062Trihelix,
144,VIT_04s0008g02250,1130,0.5467,Beta-ketoacyl-CoA synthase,E2_3_1_41,,vv10061Fatty_acid_biosynthesis,
145,VIT_01s0244g00010,1125,0.5448,Basic helix-loop-helix (bHLH) family,BHLHDOM_53,,vv60011BHLH,
146,VIT_06s0061g01540,1127,0.5447,KCBP- interacting  protein kinase,,,,
147,VIT_04s0069g01120,1129,0.5441,Acyl-activating enzyme 7,E6_2_1_3,,vv10071Fatty_acid_metabolism,vv50104Group_translocators
148,VIT_01s0011g02800,1128,0.5434,RIC7 (ROP-interactive crib motif-containing protein 7),,,,
149,VIT_13s0067g03890,1122,0.5392,Beta-ketoacyl-CoA synthase,E2_3_1_41,,vv10061Fatty_acid_biosynthesis,
150,VIT_14s0006g02990,1102,0.5370,3-ketoacyl-CoA synthase,,,,
151,VIT_05s0062g01140,1103,0.5352,Aromatic and neutral transporter 1,ANT1,,vv50123Porters_cat_18_to_29,
152,VIT_04s0044g00500,1107,0.5345,Unknown protein,,,,
153,VIT_00s0286g00110,1093,0.5288,S-locus protein kinase,,,,
154,VIT_07s0005g01330,1089,0.5246,SAR1 (secretion-associated ras),K07953,,vv24141Protein_processing_in_endoplasmic_reticulum,vv50110Protein_coat
155,VIT_08s0007g05550,1087,0.5236,Protein kinase,,,,
156,VIT_18s0166g00220,1078,0.5200,No hit,,,,
157,VIT_09s0002g01770,1075,0.5186,N-myristoyl transferase,E2_3_1_97,,vv10062Fatty_acid_elongation_in_mitochondria,
158,VIT_18s0001g05950,1064,0.5155,Cis-zeatin O-beta-D-glucosyltransferase,E2_4_1_215,,vv10908Zeatin_biosynthesis,
159,VIT_11s0037g01400,1053,0.5129,Zinc finger (C3HC4-type ring finger),ZFC3HC4_80,,vv60078Other_zf-C3HC4,
160,VIT_10s0116g01870,1052,0.5055,MATE efflux family protein,MATE,,vv50125Porters_cat_66_to_94,
161,VIT_05s0051g00900,1041,0.5031,No hit,,,,
162,VIT_01s0011g01320,1034,0.5007,Cholinephosphate cytidylyltransferase,E2_7_7_15,,vv10564Glycerophospholipid_metabolism,
163,VIT_03s0063g00670,1035,0.4993,Cyclin-dependent kinase inhibitor ICK5,ICK5,,vv44110Cell_cycle,
164,VIT_01s0011g01900,1026,0.4981,Glutathione S-transferase  C-terminal,E2_5_1_18,,vv10480Glutathione_metabolism,
165,VIT_10s0003g00560,1020,0.4954,Wuschel homeobox 9,WOX9,VvHB37,vv60034HB,
166,VIT_03s0017g01490,1023,0.4940,Berberine bridge enzyme,E1_21_3_3,,vv10950Alkaloid_biosynthesis_I,
167,VIT_07s0005g01160,1014,0.4918,Translation initiation factor eIF-4B,K03258,,vv23013RNA_transport,vv34150mTOR_signaling_pathway
168,VIT_15s0048g02720,999,0.4828,fatty acid elongase,E2_3_1_41,,vv10061Fatty_acid_biosynthesis,
169,VIT_01s0146g00020,998,0.4824,Unknown protein,,,,
170,VIT_05s0051g00330,993,0.4811,F-box domain containing protein,,,,
171,VIT_00s0179g00340,996,0.4809,Histone H2A variant 1 HTA11,H2AV1,,,
172,VIT_12s0057g01450,982,0.4781,Subtilisin protease,,,,
173,VIT_17s0000g00620,983,0.4765,Protein kinase CRK1,,,,
174,VIT_18s0001g14910,978,0.4718,Mannitol dehydrogenase,E1_1_1_67,,vv10051Fructose_and_mannose_metabolism,
175,VIT_12s0035g01880,974,0.4717,Zinc finger homeobox 21,ZFHB21_3,,vv60068Zf-HD,
176,VIT_05s0077g02300,973,0.4691,UDP-glucuronic acid decarboxylase 2,E4_1_1_35,,vv10500Starch_and_sucrose_metabolism,vv10520Nucleotide_sugars_metabolism
177,VIT_11s0052g01140,968,0.4649,Membrane protein,,,,
178,VIT_13s0064g01640,961,0.4634,Beta-primeverosidase,E3_2_1_149,,vv11000Single_reactions,
179,VIT_03s0017g01130,949,0.4593,Cis-zeatin O-beta-D-glucosyltransferase,E2_4_1_215,,vv10908Zeatin_biosynthesis,
180,VIT_18s0001g07800,939,0.4574,Kinesin motor protein,KMOTOR,,vv44810Regulation_of_actin_cytoskeleton,
181,VIT_11s0016g02210,952,0.4570,GATA transcription factor 24,GAT24,,vv60016C2C2-GATA,
182,VIT_12s0059g01810,940,0.4559,Photosystem II psbZ,K02724,,vv10195Photosynthesis,vv50135Primary_active_transporter_cat_D3_to_E2
183,VIT_18s0001g03000,941,0.4548,Universal stress protein (USP) family protein,,,,
184,VIT_12s0059g01280,934,0.4519,Nucleobase-ascorbate transporter 1 (NAT1),NAT1,,vv50124Porters_cat_30_to_64,
185,VIT_14s0081g00770,931,0.4515,R protein disease resistance protein,RPROT,,vv34627R_proteins_from_Plant-pathogen_interaction,
186,VIT_18s0089g01410,930,0.4508,Purine permease 4 PUP4,PUP4,,vv50122Porters_cat_7_to_17,
187,VIT_05s0051g00050,923,0.4485,Myosin-like protein XIB,MYOSINXIB,,vv44810Regulation_of_actin_cytoskeleton,
188,VIT_03s0038g03600,926,0.4471,Serine/threonine kinase,,,,
189,VIT_15s0048g02510,919,0.4440,Basic helix-loop-helix (bHLH) family,BHLHDOM_35,,vv60011BHLH,
190,VIT_07s0104g01150,915,0.4425,RNA-binding protein,,,,
191,VIT_18s0086g00220,907,0.4382,Lipase GDSL,,,,
192,VIT_02s0025g02680,912,0.4364,Growth-regulating factor 5,GRF5_1,,vv60033GRF,
193,VIT_18s0001g00360,895,0.4326,No hit,,,,
194,VIT_18s0001g10540,885,0.4300,Dem protein,,,,
195,VIT_09s0002g01350,882,0.4251,Growth-regulating factor 5,GRF5_4,,vv60033GRF,
196,VIT_09s0002g02490,869,0.4200,Dof zinc finger protein 1,ADOF1,,vv60015C2C2-DOF,
197,VIT_15s0046g02380,869,0.4174,CYP86A8,,,,
198,VIT_12s0057g00350,864,0.4164,Exopolygalacturonase,E3_2_1_15,,vv40006Cell_wall,
199,VIT_08s0007g06270,863,0.4157,Squamosa promoter-binding protein 9 (SPL9),SPL9_2,,vv60055SBP,
200,VIT_14s0219g00280,857,0.4152,Glycerol-3-phosphate dehydrogenase (NAD+),E1_1_1_8,,vv10564Glycerophospholipid_metabolism,
201,VIT_01s0150g00500,856,0.4147,Glyceraldehyde-3-phosphate dehydrogenase,E1_2_1_13,,vv10710Carbon_fixation,
202,VIT_06s0004g01510,855,0.4115,Lipoxygenase (LOX2),E1_13_11_12,,vv10592alpha-Linolenic_acid_metabolism,
203,VIT_06s0061g00230,849,0.4103,ABC transporter G member 7,ABCG7,,vv52010ABC_transporters,
204,VIT_17s0000g09980,841,0.4098,REF6 (relative of early flowering 6),REF6,,vv30009Flower_development,vv60038Jumonji
205,VIT_16s0039g01450,844,0.4062,Growth-regulating factor 5,GRF5_2,,vv60033GRF,
206,VIT_10s0003g02120,831,0.4022,Lipase GDSL,,,,
207,VIT_09s0002g02210,830,0.4004,Adhesion of calyx edges (ACE),,,,
208,VIT_06s0004g08180,826,0.3985,Translation initiation factor eIF-2 beta subunit,K03238,,vv23013RNA_transport,
209,VIT_15s0046g02370,815,0.3937,Unknown protein,,,,
210,VIT_05s0124g00330,811,0.3908,Survival of motor neuron protein-interacting protein 1,K13130,,vv23013RNA_transport,
211,VIT_11s0016g03030,801,0.3894,Calmodulin binding protein,,,,
212,VIT_14s0060g00490,801,0.3888,No hit,,,,
213,VIT_00s0823g00020<br>VIT_00s0670g00020,802,0.3880,
214,VIT_05s0077g02270,803,0.3857,Unknown protein,,,,
215,VIT_06s0004g03110,793,0.3846,Unknown,,,,
216,VIT_17s0000g02700,794,0.3830,Alpha-dioxygenase 2,K10529,,vv10592alpha-Linolenic_acid_metabolism,
217,VIT_14s0066g02270,786,0.3801,Endonuclease/exonuclease/phosphatase family protein,E3_1_30_x,,,
218,VIT_12s0034g01650,788,0.3798,Glutathione S-transferase Z2 GSTZ2,E2_5_1_18_GSTZ2,,vv10480Glutathione_metabolism,
219,VIT_14s0006g02310,785,0.3796,No hit,,,,
220,VIT_16s0013g00500,781,0.3771,Unknown protein,,,,
221,VIT_18s0001g13590,772,0.3746,Leucine-rich repeat protein kinase,,,,
222,VIT_17s0000g05850,777,0.3737,ATATH1 (ABC2 homolog1),ATH1,,vv52010ABC_transporters,
223,VIT_18s0001g00090,769,0.3733,Seed maturation protein PM23,,,,
224,VIT_15s0046g02930,759,0.3661,DNA-binding protein,,,,
225,VIT_08s0007g05400,760,0.3661,Unknown protein,,,,
226,VIT_05s0077g00870,756,0.3652,Lipase GDSL,,,,
227,VIT_15s0048g00580,755,0.3649,PLATZ transcription factor,PLATZFAM_9,,vv60049PLATZ,
228,VIT_12s0028g01850,746,0.3611,Receptor kinase TRKe,,,,
229,VIT_01s0026g01400,748,0.3601,Unknown protein,,,,
230,VIT_10s0116g00600,740,0.3590,RIC10 (ROP-Interactive crib motif-containing),RIC10,,vv44810Regulation_of_actin_cytoskeleton,
231,VIT_18s0001g07640,738,0.3558,Eceriferum 2 (CER2),,,,
232,VIT_14s0068g00140,733,0.3531,No hit,,,,
233,VIT_16s0039g01910,727,0.3499,Vegetative storage protein win4.5,,,,
234,VIT_13s0019g04530,731,0.3494,Early flowering 6,ELF6_1,,vv34710Circadian_rhythm,vv60038Jumonji
235,VIT_19s0015g01930,720,0.3483,LAS (lateral suppressor),LAS,,vv60032GRAS,
236,VIT_08s0056g00300,712,0.3458,Unknown,,,,
237,VIT_02s0025g01500,716,0.3457,Nucleoside diphosphate kinase 3  (NDK3),E2_7_4_6,,vv10230Purine_metabolism,vv10240Pyrimidine_metabolism
238,VIT_12s0028g03480,719,0.3453,Wax synthase,E2_3_1_75,,vv11000Single_reactions,
239,VIT_14s0030g01950,711,0.3453,Transferase,,,,
240,VIT_04s0008g06300,718,0.3452,Leucine-rich repeat family,,,,
241,VIT_09s0002g02430,712,0.3441,ABC transporter C member 12,K05672,,vv52010ABC_transporters,
242,VIT_13s0074g00390,706,0.3436,CYP77A2,,,,
243,VIT_13s0064g00840,707,0.3434,9 10[9' 10']carotenoid cleavage dioxygenase,CCD,,vv10906Carotenoid_biosynthesis,
244,VIT_17s0053g00580,706,0.3414,Translation initiation factor eIF-2 beta subunit,K03238,,vv23013RNA_transport,
245,VIT_19s0014g02350,702,0.3400,Squamosa promoter-binding protein 4 (SPL4),SPL4_1,,vv60055SBP,
246,VIT_01s0010g02230,706,0.3394,Response regulator ARR11 Type-B,ARR11_2,,vv30007Cytokinin_signaling,vv60006ARR-B
247,VIT_04s0023g03710,689,0.3340,Myb domain protein 4,MYB4_1,MYB4B,vv60044MYB,
248,VIT_03s0063g00370,689,0.3327,Nitrite reductase,E1_7_7_1,,vv10910Nitrogen_metabolism,
249,VIT_09s0002g02220,683,0.3320,Protein kinase CDG1,,,,
250,VIT_09s0002g05270,682,0.3311,Gibberellin 3beta-hydroxylase3,E1_14_11_15,,vv10904Diterpenoid_biosynthesis,vv30001ABA_signaling
251,VIT_00s1364g00010,670,0.3256,Isochorismatase hydrolase,E3_3_2_1,,vv10130Ubiquinone_biosynthesis,
252,VIT_02s0025g03130<br>VIT_02s0025g03120,670,0.3254,
253,VIT_07s0005g03310,667,0.3236,Cofilin,K05765,,vv44810Regulation_of_actin_cytoskeleton,
254,VIT_15s0046g02410,667,0.3227,Aquaporin TMP-C,TMPC,,vv50101Channels_and_pores,
255,VIT_18s0001g10870,662,0.3181,Patatin,,,,
256,VIT_19s0176g00140,653,0.3176,CID9 (CTC-Interacting Domain 9),,,,
257,VIT_13s0106g00250,655,0.3175,Carboxylic ester hydrolase,E3_1_1_1,,,
258,VIT_04s0008g00850,653,0.3167,Unknown,,,,
259,VIT_03s0063g00110,653,0.3142,Cyclin delta-3,CYCD3,,vv30007Cytokinin_signaling,vv44110Cell_cycle
260,VIT_08s0040g02790,650,0.3139,Unknown protein,,,,
261,VIT_13s0147g00210,644,0.3086,Unknown protein,,,,
262,VIT_14s0030g00960,639,0.3085,R protein MLA10,K13475,,vv34627R_proteins_from_Plant-pathogen_interaction,
263,VIT_08s0007g03360,629,0.3061,EMB1345 (embryo defective 1345),,,,
264,VIT_17s0000g08230,633,0.3055,Unknown protein,,,,
265,VIT_14s0068g00840,630,0.3051,RBR1 (retinoblastoma-related 1),RBR1_1,,vv44110Cell_cycle,vv60051RB
266,VIT_08s0007g00710,628,0.3041,Unknown,,,,
267,VIT_10s0116g01880,630,0.3036,MATE efflux family protein,MATE,,vv50125Porters_cat_66_to_94,
268,VIT_01s0011g00620,627,0.3028,14-3-3 protein GF14 iota (GRF12),,,,
269,VIT_03s0038g03210,626,0.3024,Chitin elicitor-binding CEBIP LysM domain-containing,K13473,,vv34626Plant-pathogen_interaction,
270,VIT_12s0034g01240,625,0.3022,GNS1/SUR4 membrane,,,,
271,VIT_07s0005g00510,619,0.2995,Monoglyceride lipase,E3_1_1_23,,vv10561Glycerolipid_metabolism,
272,VIT_15s0046g01820,622,0.2990,Ring-H2 finger B1A,RHB1A,,vv60078Other_zf-C3HC4,
273,VIT_13s0019g00560,617,0.2981,Chaperonin GroEL,K04077,,vv23018RNA_degradation,
274,VIT_14s0068g00360,606,0.2925,LNG1 (LONGIFOLIA1),,,,
275,VIT_07s0197g00250,598,0.2907,Disease resistance protein (CC-NBS-LRR class),,,,
276,VIT_12s0034g00920,599,0.2906,No hit,,,,
277,VIT_13s0067g02070,598,0.2903,Kelch repeat-containing protein,,,,
278,VIT_04s0008g05730,596,0.2897,Sucrose-phosphate synthase,E2_4_1_14,,vv10500Starch_and_sucrose_metabolism,
279,VIT_04s0023g02050,593,0.2881,Inorganic pyrophosphatase,K01507,,vv10190Oxidative_phosphorylation,vv50133Primary_active_transporter_cat_A9_to_A18
280,VIT_19s0138g00100,596,0.2881,No hit,,,,
281,VIT_04s0008g03950,597,0.2878,RD22,,,,
282,VIT_06s0004g08370,584,0.2834,Unknown protein,,,,
283,VIT_17s0000g00940,591,0.2832,F-box protein,,,,
284,VIT_10s0116g01210,582,0.2816,Aspartyl protease,E3_4_23_40,,,
285,VIT_00s0399g00020,584,0.2808,Protease inhibitor/seed storage/lipid transfer protein (LTP),,,,
286,VIT_00s2839g00010,578,0.2803,No hit,,,,
287,VIT_00s0187g00190,573,0.2780,SWIB complex BAF60b domain-containing protein,SWIB_4,,vv60092SWIB,
288,VIT_01s0026g02600,573,0.2778,Myb domain protein 105,MYB105_2,MYB165,vv60044MYB,
289,VIT_12s0142g00430,573,0.2746,Alternative oxidase 2  (AOX2),AOX2,,vv30001ABA_signaling,
290,VIT_09s0002g05300,555,0.2697,Gibberellin 3beta-hydroxylase3,E1_14_11_15,,vv10904Diterpenoid_biosynthesis,vv30001ABA_signaling
291,VIT_13s0067g02340,552,0.2686,Proton-dependent oligopeptide transport (POT) family protein,POT,,vv50122Porters_cat_7_to_17,
292,VIT_06s0004g04000,554,0.2676,Beta-ketoacyl-CoA synthase,E2_3_1_41,,vv10061Fatty_acid_biosynthesis,
293,VIT_14s0219g00270,552,0.2669,TEL1 (Terminal EAR1-like 1),TEL1,,vv44110Cell_cycle,
294,VIT_17s0000g10100,548,0.2650,Response regulator ARR11 Type-B,ARR11_1,,vv30007Cytokinin_signaling,vv60006ARR-B
295,VIT_11s0016g03500,546,0.2639,Unknown protein,,,,
296,VIT_04s0023g02570,548,0.2638,Peroxidase 72,E1_11_1_7,,vv10360Phenylalanine_metabolism,vv10680Methane_metabolism
297,VIT_03s0038g03560,542,0.2629,CAO (CHAOS); chromatin binding,CPSRP43,,vv50113Thylakoid_targeting_pathway,
298,VIT_14s0068g00150,541,0.2626,No hit,,,,
299,VIT_00s0532g00030,539,0.2599,Thioredoxin H,,,,
300,VIT_17s0000g04180,538,0.2598,TCP family transcription factor BRC2/TCP12 (branched2),TCP12,,vv60061TCP,
301,VIT_11s0016g02850,537,0.2572,Phosphofructokinase,E2_7_1_90,,vv10051Fructose_and_mannose_metabolism,
302,VIT_03s0063g00550,534,0.2564,Fw2.2 ORFX,,,,
303,VIT_18s0001g06390,518,0.2499,Auxin-independent growth promoter,AXI1,,vv30003Auxin_signaling,
304,VIT_01s0026g02280,513,0.2488,Binding,,,,
305,VIT_05s0020g01820,513,0.2478,Integral membrane family protein UPF0497,,,,
306,VIT_14s0060g02330,512,0.2465,Actin binding formin homology 1,FH2,,vv44810Regulation_of_actin_cytoskeleton,
307,VIT_02s0087g00260,511,0.2463,RPD1 (root primordium defective 1),,,,
308,VIT_07s0031g01680,508,0.2440,CYP86A1,,,,
309,VIT_08s0007g00500,504,0.2431,Telomere repeat binding factor like TRFL2,TRFL2_2,,vv60045MYBrelated,
310,VIT_01s0011g01890,500,0.2422,Glutathione S-transferase  C-terminal,E2_5_1_18,,vv10480Glutathione_metabolism,
311,VIT_15s0021g02300,496,0.2420,Squamosa promoter-binding protein 8 (SPL8),SPL8,,vv60055SBP,
312,VIT_08s0040g03180,492,0.2379,APETALA2 (AP2) floral homeotic protein,APETALA2TOE2_3,VvAP2-14,vv30008Ethylene_signaling,vv30009Flower_development
313,VIT_08s0007g07240,486,0.2362,Armadillo helical,,,,
314,VIT_13s0019g02710,487,0.2359,Rho guanyl-nucleotide exchange factor ROPGEF5,ROPGEF5,,,
315,VIT_04s0008g01250,480,0.2338,Unknown,,,,
316,VIT_12s0134g00500,481,0.2336,Cyclin D6,CYCD6_1,,vv44110Cell_cycle,
317,VIT_17s0000g04960,481,0.2333,Polygalacturonate 4-alpha-galacturonosyltransferase GAUT11,E2_4_1_43,,vv40006Cell_wall,
318,VIT_14s0006g02220,482,0.2330,Histone chaperone ASF1B (Anti-silencing 1b),K10753,,,
319,VIT_02s0087g00810,481,0.2325,SWIB complex BAF60b domain-containing protein,SWIB_10,,vv60092SWIB,
320,VIT_14s0108g01270,475,0.2305,Cyclin-dependent kinase CDC2C,CDC2C,,vv44110Cell_cycle,
321,VIT_07s0104g00640,472,0.2266,No hit,,,,
322,VIT_09s0002g03140,468,0.2263,Lipase GDSL,,,,
323,VIT_14s0060g01090,465,0.2255,LNG1 (LONGIFOLIA1),,,,
324,VIT_10s0003g01770,463,0.2248,Heat shock transcription factor A4A,HSFA4A_1,,vv60037HSF,
325,VIT_18s0001g04180,463,0.2239,Auxin response factor ARF17,ARF17,,vv30003Auxin_signaling,vv60004ARF
326,VIT_00s0762g00030,455,0.2207,S-locus lectin protein kinase,,,,
327,VIT_14s0068g01300,455,0.2206,Serine palmitoyltransferase,E2_3_1_50,,vv10600Sphingolipid_metabolism,
328,VIT_03s0038g02120,457,0.2202,Armadillo/beta-catenin repeat,,,,
329,VIT_07s0141g00040,456,0.2193,Protein phosphatase 2C,E3_1_3_16,,,
330,VIT_00s0665g00020,451,0.2191,Carrier protein  Mitochondrial,K03454,,vv50123Porters_cat_18_to_29,
331,VIT_18s0001g01130,453,0.2185,Alpha-expansin 1 precursor,EXPA1,,vv30003Auxin_signaling,
332,VIT_16s0013g01410,449,0.2166,Serine esterase,E3_1_1_1,,,
333,VIT_06s0004g06690,449,0.2162,Ribosomal protein S18 30S,K02963,,vv23010Ribosome,
334,VIT_01s0011g04420,445,0.2154,Unknown protein,,,,
335,VIT_04s0044g01650,445,0.2151,GA 20-oxidase 2,E1_14_11_12,,vv10904Diterpenoid_biosynthesis,
336,VIT_10s0116g01470,442,0.2150,No hit,,,,
337,VIT_08s0007g01050,440,0.2123,Aldo-keto reductase,E1_1_1_21,,vv10040Pentose_glucuronate_interconversion,vv10051Fructose_and_mannose_metabolism
338,VIT_03s0017g00830,440,0.2122,2OG-Fe(II) oxygenase,,,,
339,VIT_17s0000g07750,438,0.2121,Zinc finger protein 5,ZFP5_1,,vv60017C2H2,
340,VIT_14s0030g00220,441,0.2117,Sugar transporter ERD6-like 5,ERD6L5,,vv50121Porters_cat_1_to_6,
341,VIT_00s0228g00070<br>VIT_00s0228g00010<br>VIT_00s0411g00050,437,0.2106,
342,VIT_11s0052g00110,432,0.2088,Unknown,,,,
343,VIT_14s0066g00300,430,0.2078,Unknown,,,,
344,VIT_08s0056g00740,428,0.2076,Unknown protein,,,,
345,VIT_13s0019g02500,428,0.2064,No hit,,,,
346,VIT_12s0059g01830,426,0.2063,Unknown,,,,
347,VIT_04s0008g01800,424,0.2059,Myb domain protein 7,MYB7_3,MYBPA7,vv60044MYB,
348,VIT_08s0040g02960,422,0.2045,Unknown,,,,
349,VIT_09s0002g06750,421,0.2044,ERF/AP2 transcription factor sub B-6 SHINE,SHINE1_1,VvERF042,vv30008Ethylene_signaling,vv60003AP2_EREBP
350,VIT_07s0095g00790,421,0.2036,Homeodomain GLABROUS12,HDG12_1,,vv60034HB,
351,VIT_14s0108g01010,420,0.2024,Myb domain protein 105,MYB105_3,MYB168,vv60044MYB,
352,VIT_02s0025g04160,420,0.2012,Unknown protein,,,,
353,VIT_09s0002g00360,416,0.2007,Remorin,,,,
354,VIT_08s0058g01210,411,0.1990,Non-specific lipid transfer protein LTP1,LTP1,,,
355,VIT_17s0000g04260,411,0.1986,Universal stress protein (USP) family protein,,,,
356,VIT_02s0087g00250,413,0.1985,No hit,,,,
357,VIT_10s0042g00940,403,0.1959,Hydroxyproline-rich glycoprotein family protein,HRGP_3,,vv40006Cell_wall,vv60062Trihelix
358,VIT_02s0033g00610,404,0.1956,Chromomethylase 2,,,,
359,VIT_05s0077g00880,402,0.1951,Peroxidase,E1_11_1_7,,vv10360Phenylalanine_metabolism,vv10680Methane_metabolism
360,VIT_14s0128g00210,405,0.1946,Xyloglucanase inhibitor,,,,
361,VIT_09s0002g08650,399,0.1933,Nodulin,,,,
362,VIT_06s0004g01550,398,0.1925,Phosphoribosylanthranilate transferase,E2_4_2_18,,vv10400Phenylalanine_tyrosine_and_tryptophan_biosynthesis,
363,VIT_00s0225g00070,395,0.1913,MATE efflux family protein,MATE,,vv50125Porters_cat_66_to_94,
364,VIT_13s0139g00230,396,0.1906,R protein disease resistance protein,RPROT,,vv34627R_proteins_from_Plant-pathogen_interaction,
365,VIT_00s0286g00050,390,0.1894,S-locus protein kinase,,,,
366,VIT_11s0016g00880,386,0.1859,Strictosidine synthase; Soluble quinoprotein glucose dehydrogenase,E4_3_3_2,,vv10900Terpenoid_biosynthesis,vv10902Monoterpenoid_biosynthesis
367,VIT_04s0008g05440,383,0.1855,Ethylene-responsive transcription factor SHINE 3,SHINE3_1,VvERF044,vv30008Ethylene_signaling,vv60003AP2_EREBP
368,VIT_11s0037g00880,379,0.1829,Histone-lysine N-methyltransferase ASHR3,E2_1_1_43ASHR3_2,,vv10300Lysine_biosynthesis,vv60056SET_PCG
369,VIT_08s0058g01230,371,0.1801,Non-specific lipid-transfer protein,,,,
370,VIT_04s0023g01300,363,0.1774,Aminopeptidase P,E3_4_11_9,,,
371,VIT_05s0020g01190,366,0.1762,Universal stress protein (USP) family protein,,,,
372,VIT_04s0043g00850,362,0.1757,Unknown protein,,,,
373,VIT_01s0010g02700,366,0.1755,Lysine histidine transporter 1,LHT1,,vv50123Porters_cat_18_to_29,
374,VIT_05s0102g00440,359,0.1738,FAR1-related sequence 5,FRS5_20,,vv60071Orphans_far-red,
375,VIT_05s0077g01670,356,0.1726,Major cherry allergen Pru av 1.0202,,,,
376,VIT_04s0008g00880,358,0.1723,Homeobox gene 1,VVH1,VvHB12,vv60034HB,
377,VIT_00s0186g00090,356,0.1718,Zinc finger (C3HC4-type ring finger),ZFC3HC4_5,,vv60078Other_zf-C3HC4,
378,VIT_08s0007g09000,354,0.1718,Glycerol-3-phosphate dehydrogenase,E1_1_1_8,,vv10564Glycerophospholipid_metabolism,
379,VIT_00s0483g00040,353,0.1707,No hit,,,,
380,VIT_05s0094g01080,346,0.1679,Ankyrin protein kinase,K10380,,vv50108Accessory_factors_involved_in_transport,
381,VIT_13s0067g02810,346,0.1671,NADPH:quinone oxidoreductase,E1_6_5_2,,vv10100Biosynthesis_of_steroids,
382,VIT_02s0025g01780,342,0.1652,Cellulose synthase CSLG3,E2_4_1_12_CSLG3,,vv40006Cell_wall,
383,VIT_02s0025g02620,339,0.1645,BDG1 (BODYGUARD1) hydrolase,,,,
384,VIT_19s0085g01010,338,0.1643,No hit,,,,
385,VIT_16s0050g02390,339,0.1640,Plastid division protein PDV1,PDV1,,vv44110Cell_cycle,
386,VIT_00s0508g00040,339,0.1634,Unknown protein,,,,
387,VIT_19s0014g03220,334,0.1621,Unknown protein,,,,
388,VIT_00s0598g00040,334,0.1608,Unknown protein,,,,
389,VIT_13s0067g02640,334,0.1603,Alpha-galactosidase precursor,E3_2_1_22,,vv10052Galactose_metabolism,vv10561Glycerolipid_metabolism
390,VIT_07s0005g04770,333,0.1599,Anthranilate phosphoribosyltransferase,E2_4_2_18,,vv10400Phenylalanine_tyrosine_and_tryptophan_biosynthesis,
391,VIT_07s0005g05790,330,0.1599,VAMP726 (VESICLE-associated membrane protein),K08511,,vv24130SNARE_interactions_in_vesicular_transport,vv50101Channels_and_pores
392,VIT_01s0010g00380,327,0.1574,FLS2 (flagellin-sensitive 2),K13420,,vv34626Plant-pathogen_interaction,
393,VIT_17s0000g02830,325,0.1572,R protein MLA10,K13475,,vv34627R_proteins_from_Plant-pathogen_interaction,
394,VIT_05s0020g04850,325,0.1568,H1flk,,,,
395,VIT_02s0241g00060,323,0.1566,Unknown protein,,,,
396,VIT_11s0037g01210,322,0.1550,Eceriferum 1 (CER1 protein) Sterol desaturase,,,,
397,VIT_09s0002g03050,322,0.1542,Lipase GDSL,,,,
398,VIT_07s0104g00800,319,0.1533,Indole-3-acetic acid-amido synthetase GH3.6,AUXINBIOSYNTHESIS_GH3,,vv11002Auxin_biosynthesis,
399,VIT_00s0283g00050<br>VIT_06s0009g03090<br>VIT_03s0132g00010,316,0.1531,
400,VIT_10s0003g00420,315,0.1522,Auxin response factor 3,ARF3_2,,vv30003Auxin_signaling,vv60004ARF
401,VIT_05s0102g00040,312,0.1519,No hit,,,,
402,VIT_04s0044g00640,309,0.1496,S-receptor kinase,,,,
403,VIT_05s0020g03030,309,0.1493,Leucine-rich repeat family protein,,,,
404,VIT_09s0002g03150,308,0.1490,Lipase GDSL,,,,
405,VIT_15s0045g01520,308,0.1488,Eceriferum 1 (CER1 protein) Sterol desaturase,,,,
406,VIT_01s0011g03330,303,0.1471,Unknown protein,,,,
407,VIT_00s0207g00010,298,0.1435,Anthranilate N-benzoyltransferase protein 1,E2_3_1_144,,vv10400Phenylalanine_tyrosine_and_tryptophan_biosynthesis,
408,VIT_11s0016g03250,294,0.1431,Lachrymatory factor synthase,,,,
409,VIT_00s0379g00050,293,0.1423,Short-chain dehydrogenase/reductase (SDR),,,,
410,VIT_06s0080g00800,293,0.1418,Vesicle-associated membrane protein 714,K08515,,vv24130SNARE_interactions_in_vesicular_transport,vv50101Channels_and_pores
411,VIT_10s0116g00800,293,0.1415,CYP77A3,,,,
412,VIT_02s0025g02090,290,0.1409,Kinesin light chain,K10407,,vv44810Regulation_of_actin_cytoskeleton,
413,VIT_19s0027g00740,290,0.1403,Inhibitor of apoptosis,,,,
414,VIT_05s0029g00480,288,0.1390,Eceriferum 2 (CER2),,,,
415,VIT_04s0008g03930,288,0.1384,RD22,,,,
416,VIT_05s0049g00010,285,0.1379,Cellulose synthase CSLG2,E2_4_1_12_CSLG2,,vv40006Cell_wall,
417,VIT_09s0002g03350,281,0.1354,Unknown,,,,
418,VIT_02s0025g02690,280,0.1353,Calmodulin-binding protein,,,,
419,VIT_09s0002g04310,279,0.1347,Rho guanyl-nucleotide exchange factor ROPGEF8,ROPGEF8,,,
420,VIT_17s0000g04990,281,0.1343,MADS-box APETALA 1,APETALA1_3,,vv30009Flower_development,vv60042MADS
421,VIT_14s0066g02120,276,0.1340,Photosystem I P700 apoprotein A1 [Vitis vinifera],K02689,,vv10195Photosynthesis,vv50105Transport_electron_carriers
422,VIT_04s0023g02230,277,0.1336,S-adenosyl-L-methionine:salicylic acid carboxyl methyltransferase,SAMTBSCMT,,vv10360Phenylalanine_metabolism,
423,VIT_07s0005g05520,275,0.1329,Pectate lyase,E4_2_2_2,,vv40006Cell_wall,
424,VIT_14s0006g00270,275,0.1328,No hit,,,,
425,VIT_15s0024g00780,273,0.1317,No hit,,,,
426,VIT_04s0008g04530,273,0.1317,Aminoacyl-tRNA synthetase  related,E6_1_1_7,,vv10252Alanine_and_aspartate_metabolism,vv20970Aminoacyl-tRNA_biosynthesis
427,VIT_06s0009g01920,272,0.1313,No hit,,,,
428,VIT_13s0019g03210,271,0.1310,Lectin-like protein,,,,
429,VIT_15s0046g03230,271,0.1310,Disease resistance protein RGA4,,,,
430,VIT_19s0014g02360,271,0.1309,Phytosulfokine receptor precursor,,,,
431,VIT_08s0032g00140,271,0.1305,F-box family protein,,,,
432,VIT_07s0205g00030,264,0.1275,Zinc finger (C3HC4-type ring finger),ZFC3HC4_8,,vv60078Other_zf-C3HC4,
433,VIT_18s0001g13500,264,0.1269,forkhead-associated domain-containing protein,FHADOM_9,,vv60028FHA,
434,VIT_00s0762g00010,250,0.1217,S-locus lectin protein kinase family,,,,
435,VIT_10s0003g01010,251,0.1215,Lipase GDSL,,,,
436,VIT_00s1314g00010,251,0.1211,Basic helix-loop-helix (bHLH) family,BHLHDOM_89,,vv60011BHLH,
437,VIT_15s0048g01760,249,0.1208,Unknown protein,,,,
438,VIT_10s0003g04280,248,0.1197,Breast cancer susceptibility1,BRCA1,,vv60048PHD,
439,VIT_18s0001g04020,248,0.1197,TIR-NBS-LRR disease resistance,,,,
440,VIT_19s0015g01190,246,0.1195,Ubiquitin-conjugating enzyme E2 D/E,K06689,,vv24120Ubiquitin_mediated_proteolysis,vv24141Protein_processing_in_endoplasmic_reticulum
441,VIT_06s0061g01430,248,0.1195,flavonoid 1-2 rhamnosyltransferase,E2_4_1_236,,vv10941Flavonoid_biosynthesis,
442,VIT_00s0220g00110,245,0.1189,Acetolactate synthase small subunit,E2_2_1_6,,vv10290Valine_leucine_and_isoleucine_biosynthesis,vv10650Butanoate_metabolism
443,VIT_07s0005g00220,244,0.1178,DNA mismatch repair protein PMS2,K10858,,vv23430Mismatch_repair,
444,VIT_01s0011g00560,238,0.1158,DREPP plasma membrane polypeptide,,,,
445,VIT_13s0019g05290,239,0.1153,Acyl-CoA binding,,,,
446,VIT_04s0008g05880,237,0.1149,CHD3-type chromatin-remodeling factor PICKLE,PICKLE_2,,vv60048PHD,
447,VIT_18s0041g01320,237,0.1148,No hit,,,,
448,VIT_18s0001g05580,236,0.1145,Unknown protein,,,,
449,VIT_09s0018g01180,236,0.1142,TTL (transthyretin-like protein),TTRL,,vv50109Incompletely_characterized_transport_systems,
450,VIT_05s0020g01960,236,0.1140,Na+/H+ antiporter isoform 2,NHX2,,vv50124Porters_cat_30_to_64,
451,VIT_09s0018g02100,236,0.1136,Anthocyaninless2 (ANL2),ANL2_2,,vv60034HB,
452,VIT_17s0000g02130,236,0.1131,Transposase  IS4,,,,
453,VIT_15s0024g00770,227,0.1098,No hit,,,,
454,VIT_01s0011g02780,224,0.1084,Unknown protein,,,,
455,VIT_04s0008g03090,224,0.1078,Unknown protein,,,,
456,VIT_14s0006g02290,222,0.1075,DREB sub A-4 of ERF/AP2 transcription factor,TINY_2,VvERF028,vv30008Ethylene_signaling,vv60003AP2_EREBP
457,VIT_18s0001g14660,222,0.1072,P-glycoprotein 13,PGP13,,vv52010ABC_transporters,
458,VIT_09s0002g00930,221,0.1066,Small nuclear ribonucleoprotein LSM1,K12620,,vv23018RNA_degradation,
459,VIT_01s0011g01730,218,0.1057,ATPP2-A9 (Phloem protein 2-A9),,,,
460,VIT_12s0028g00410,218,0.1053,Protein phosphatase 2C,E3_1_3_16,,,
461,VIT_05s0020g02600,215,0.1043,Serine incorporator 3,,,,
462,VIT_17s0000g00120,214,0.1042,Exostosin,K02366,,vv11030Glycan_structures-biosynthesis1,
463,VIT_18s0001g07670,214,0.1039,DsRNA-binding protein LH1 HYL1,HYL1,,vv30001ABA_signaling,
464,VIT_09s0054g01290,214,0.1030,Beta-amyrin synthase,E5_4_99_BAS,,vv10900Terpenoid_biosynthesis,
465,VIT_13s0064g00560,213,0.1028,DNA topoisomerase  ATP-hydrolyzing,E5_99_1_2,,,
466,VIT_06s0004g00020,213,0.1027,NAC domain containing protein 32,NAC032,VvNAC44,vv60046NAC,
467,VIT_19s0014g01290,211,0.1024,Phosphoesterase,,,,
468,VIT_00s2032g00010,212,0.1023,No hit,,,,
469,VIT_16s0100g00540,208,0.1008,S-N-methylcoclaurine 3'-hydroxylase,E1_14_13_71,,vv10950Alkaloid_biosynthesis_I,
470,VIT_12s0059g01590,207,0.1005,Lipase GDSL,,,,
471,VIT_13s0047g00370,208,0.1003,Enoyl-CoA hydratase,E4_2_1_17,vv10650Butanoate_metabolism,vv10062Fatty_acid_elongation_in_mitochondria,vv10071Fatty_acid_metabolism
472,VIT_19s0090g01050,208,0.1001,Endo-beta-1 4-glucanase,E3_2_1_4,,vv40006Cell_wall,
473,VIT_04s0023g01200,206,0.0994,Transcription initiation factor TFIIE beta subunit,K03137,,vv23022Basal_transcription_factors,
474,VIT_16s0098g01740,205,0.0994,Unknown protein,,,,
475,VIT_09s0002g07030,204,0.0992,TMM (too many mouths),TMM,,,
476,VIT_09s0002g03390,203,0.0982,Hexokinase,E2_7_1_1,,vv10010Glycolysis,vv10051Fructose_and_mannose_metabolism
477,VIT_01s0010g02830,202,0.0978,No hit,,,,
478,VIT_12s0057g00360,202,0.0975,No hit,,,,
479,VIT_16s0100g00480,198,0.0956,Dihydrodipicolinate reductase,E1_3_1_26,,vv10300Lysine_biosynthesis,
480,VIT_04s0008g00800,193,0.0939,Ferrochelatase-2,E4_99_1_1,,vv10860Porphyrin_and_chlorophyll_metabolism,
481,VIT_06s0009g00330,193,0.0938,No hit,,,,
482,VIT_15s0048g02060,192,0.0929,Hydrolase  alpha/beta fold,,,,
483,VIT_07s0005g05660,190,0.0924,F-box/kelch-repeat protein,,,,
484,VIT_18s0041g00430,190,0.0916,Patellin-1,,,,
485,VIT_08s0007g02000,188,0.0913,Glycerol-3-phosphate acyltransferase 8,E2_3_1_15,,vv10561Glycerolipid_metabolism,vv10564Glycerophospholipid_metabolism
486,VIT_04s0044g00190,189,0.0913,Mannitol dehydrogenase,E1_1_1_67,,vv10051Fructose_and_mannose_metabolism,
487,VIT_18s0001g10270,186,0.0897,Basic helix-loop-helix protein SPATULA,SPATULA_1,,vv60011BHLH,
488,VIT_01s0010g02840,185,0.0894,Chaperone BCS1 mitochondrial,K08900,,,
489,VIT_00s1205g00020,185,0.0894,Trehalose-phosphate synthase 1,E2_4_1_15,,vv10500Starch_and_sucrose_metabolism,
490,VIT_07s0005g01520,182,0.0882,WRKY DNA-binding protein 35,WRKY35,VvWRKY18,vv60066WRKY,
491,VIT_00s0301g00180,181,0.0877,NADPH quinone oxidoreductase,E1_6_5_5,,vv10740Riboflavin_metabolism,
492,VIT_19s0027g01310,179,0.0868,Polygalacturonase GH28,E3_2_1_15,,vv40006Cell_wall,
493,VIT_00s0375g00060,178,0.0862,Ent-kaurene synthase,E5_5_1_13,,vv10904Diterpenoid_biosynthesis,
494,VIT_18s0001g10830,178,0.0859,Patatin,,,,
495,VIT_14s0066g00310,177,0.0851,Unknown protein,,,,
496,VIT_15s0048g02080,175,0.0845,Signal recognition particle receptor protein  chloroplast (FTSY),K03110,,vv23060Protein_export,vv50113Thylakoid_targeting_pathway
497,VIT_06s0061g01070,172,0.0832,Oligopeptidase A,E3_4_24_70,,,
498,VIT_06s0004g07970,173,0.0830,Alpha-expansin 10 precursor,EXPA10,,vv30003Auxin_signaling,
499,VIT_17s0000g00840,172,0.0828,Unknown protein,,,,
500,VIT_03s0038g01480,171,0.0825,Beta-fructofuranosidase,E3_2_1_26,,vv10052Galactose_metabolism,vv10500Starch_and_sucrose_metabolism
501,VIT_17s0000g03700,169,0.0816,Kinesin motor protein-related,KMOTOR,,vv44810Regulation_of_actin_cytoskeleton,
502,VIT_06s0004g06820,168,0.0812,Unknown protein,,,,
503,VIT_18s0157g00040,168,0.0807,CF9,K13446,,vv34626Plant-pathogen_interaction,
504,VIT_19s0015g02880,167,0.0804,Glutathione S-transferase 20 GSTU20,E2_5_1_18_GSTU20,,vv10480Glutathione_metabolism,
505,VIT_07s0104g01270,167,0.0803,Kinase interacting family protein,,,,
506,VIT_00s0340g00090,167,0.0803,Lateral organ boundaries Domain 6,LBD6_1,,vv60007AS2,
507,VIT_18s0072g00360,165,0.0801,No hit,,,,
508,VIT_06s0009g01620,164,0.0796,Harpin-induced protein,,,,
509,VIT_16s0022g02030,163,0.0792,ERL1 (ERECTA 1),,,,
510,VIT_09s0002g05930,164,0.0792,Unknown protein,,,,
511,VIT_19s0090g01550,163,0.0788,Mo25,K08272,,vv34150mTOR_signaling_pathway,
512,VIT_00s0204g00020,162,0.0786,Transcription factor,TRIHELIXDOM_15,,vv60062Trihelix,
513,VIT_06s0009g01290,163,0.0783,Unknown,,,,
514,VIT_04s0008g00900,161,0.0782,MYB divaricata,DIVARICATA_10,,vv30009Flower_development,vv60044MYB
515,VIT_01s0011g03210,161,0.0779,Aspartyl protease,E3_4_23_x,,,
516,VIT_00s0225g00170,158,0.0766,Peroxidase,E1_11_1_7,,vv10360Phenylalanine_metabolism,vv10680Methane_metabolism
517,VIT_14s0060g01510,156,0.0758,Importin alpha,IMPALPHA,,vv50109Incompletely_characterized_transport_systems,vv50112Nuclear_pore_complex
518,VIT_18s0001g01820,155,0.0746,NAC domain-containing protein 17,NAC017,VvNAC15,vv60046NAC,
519,VIT_18s0001g06380,153,0.0738,R protein L6,K13477,,vv34627R_proteins_from_Plant-pathogen_interaction,
520,VIT_15s0021g02710,152,0.0734,Zinc finger (C2H2 type) family,C2H2FAM_24,,vv60017C2H2,
521,VIT_01s0011g06600,151,0.0731,Glutamate decarboxylase,E4_1_1_15,,vv10251Glutamate_metabolism,vv10252Alanine_and_aspartate_metabolism
522,VIT_13s0067g02390,151,0.0725,Unknown,,,,
523,VIT_16s0098g00380,150,0.0725,Wax synthase,E2_3_1_75,,vv11000Single_reactions,
524,VIT_19s0090g00400,148,0.0718,Zinc finger (C3HC4-type ring finger),ZFC3HC4_83,,vv60078Other_zf-C3HC4,
525,VIT_04s0008g01430,147,0.0709,APM1 (Aminopeptidase M1),APM1,,vv50004Auxin_transport,
526,VIT_00s0411g00040,145,0.0699,Unknown,,,,
527,VIT_11s0052g00870,145,0.0699,IAA33,IAA33,,vv30003Auxin_signaling,vv60008AUXIAA
528,VIT_11s0016g01300,145,0.0699,TT2 (transparent testa 2),TT2_4,MYBPAR,vv44110Cell_cycle,vv60044MYB
529,VIT_08s0007g02700,144,0.0693,Secoisolariciresinol dehydrogenase,SIRD,,vv10940Phenylpropanoid_biosynthesis,
530,VIT_08s0007g06870,143,0.0692,Zinc finger protein 8,ZFP8,,vv60017C2H2,
531,VIT_16s0022g00370,143,0.0692,GDP-mannose transporter (GONST1),GONST1,,vv50122Porters_cat_7_to_17,
532,VIT_04s0008g06330,142,0.0687,TPR1 (topless-related 1),TPR1,,vv30003Auxin_signaling,
533,VIT_06s0004g01750,141,0.0684,Polygalacturonase inhibitor protein,PGIP,,,
534,VIT_07s0031g01790,140,0.0678,Glucan endo-1 3-beta-glucosidase 5 precursor,E3_2_1_39,,vv10500Starch_and_sucrose_metabolism,
535,VIT_19s0090g00030,138,0.0672,Serine/threonine Protein kinase BNK1,,,,
536,VIT_07s0005g04790,139,0.0670,Myosin-like protein XIB,MYOSINXIB,,vv44810Regulation_of_actin_cytoskeleton,
537,VIT_01s0011g04830,139,0.0669,Extensin,EXTENSIN,,vv40006Cell_wall,
538,VIT_12s0034g01140,138,0.0665,Plastocyanin domain-containing protein,K02638,,vv10195Photosynthesis,vv50113Thylakoid_targeting_pathway
539,VIT_06s0004g01500,137,0.0663,Lipoxygenase (LOX2),E1_13_11_12,,vv10592alpha-Linolenic_acid_metabolism,
540,VIT_18s0001g03240,137,0.0660,DREB sub A-5 of ERF/AP2 transcription factor,ERF012,VvERF008,vv30008Ethylene_signaling,vv60003AP2_EREBP
541,VIT_14s0030g00390,136,0.0658,Receptor protein kinase PERK1,,,,
542,VIT_12s0028g02590,131,0.0637,BZIP transcription factor,BZIPDOM_18,VvbZIP29,vv60012BZIP,
543,VIT_08s0007g01660,130,0.0629,Chaperone protein dnaJ-related,K03686,,vv50132Primary_active_transporter_cat_A5_to_A8,
544,VIT_00s0475g00020,129,0.0627,Zinc finger (C3HC4-type ring finger),,,,
545,VIT_06s0004g01110,128,0.0623,Cation efflux family protein MTPc3,MTPC3,,vv50121Porters_cat_1_to_6,
546,VIT_17s0000g02040,127,0.0614,Unknown protein,,,,
547,VIT_17s0000g01660,126,0.0609,WD40,,,,
548,VIT_17s0053g00590,124,0.0599,Kinase interacting protein,,,,
549,VIT_10s0003g02150,123,0.0593,Trehalose-phosphate synthase 1,E2_4_1_15,,vv10500Starch_and_sucrose_metabolism,
550,VIT_19s0085g00480,122,0.0591,No hit,,,,
551,VIT_04s0008g06400,123,0.0589,TPR1 (topless-related 1),TPR1,,vv30003Auxin_signaling,
552,VIT_06s0004g06730,121,0.0583,Microsomal omega-3 fatty acid desaturase,K10257,,vv11040Biosynthesis_of_unsaturated_fatty_acids,
553,VIT_12s0028g00440,120,0.0581,Protein phosphatase 2C,E3_1_3_16,,,
554,VIT_06s0004g02950,119,0.0578,Helicase conserved C-terminal domain containing protein,,,,
555,VIT_11s0016g02050,118,0.0574,Nucleosome assembly protein (NAP1),,,,
556,VIT_11s0016g05510,117,0.0569,Unknown protein,,,,
557,VIT_19s0014g01230,116,0.0561,Morphogenesis of root hair 1 MRH1,,,,
558,VIT_18s0041g00570,116,0.0561,Proton-dependent oligopeptide transport (POT) family protein,POT,,vv50122Porters_cat_7_to_17,
559,VIT_08s0007g00210,115,0.0557,Unknown protein,,,,
560,VIT_04s0044g01950,115,0.0556,Diacylglycerol acyltransferase family,E2_3_1_20,,vv10561Glycerolipid_metabolism,vv50124Porters_cat_30_to_64
561,VIT_03s0038g03940,114,0.0553,Tonoplast monosaccharide transporter2,TMT2,,vv50121Porters_cat_1_to_6,
562,VIT_12s0142g00040,112,0.0544,Glycerol-3-phosphate acyltransferase 1 (AtGPAT1),E2_3_1_15,,vv10561Glycerolipid_metabolism,vv10564Glycerophospholipid_metabolism
563,VIT_08s0058g01270,111,0.0537,Zinc finger (C3HC4-type ring finger),ZFC3HC4_94,,vv60078Other_zf-C3HC4,
564,VIT_01s0010g02640,111,0.0536,Lysine histidine transporter 2,LHT2,,vv50123Porters_cat_18_to_29,
565,VIT_18s0001g11160,111,0.0536,Unknown protein,,,,
566,VIT_09s0096g00850,111,0.0535,Glycosyl hydrolase family 28 protein,,,,
567,VIT_08s0040g01360,110,0.0534,Histidyl-tRNA synthetase,E6_1_1_21,,vv10340Histidine_metabolism,vv20970Aminoacyl-tRNA_biosynthesis
568,VIT_13s0074g00450,109,0.0527,DEMETER protein (DME),,,,
569,VIT_00s0978g00020,107,0.0519,Unknown protein,,,,
570,VIT_07s0005g01870,107,0.0516,Unknown,,,,
571,VIT_14s0060g01940,106,0.0510,Epoxide hydrolase,E3_3_2_10,,,
572,VIT_18s0164g00050,103,0.0501,No hit,,,,
573,VIT_06s0004g07220,103,0.0499,Indole-3-acetate beta-glucosyltransferase,E2_4_1_121,,vv11002Auxin_biosynthesis,
574,VIT_06s0004g03070,103,0.0497,Zinc finger (C2H2 type) JACKDAW,JACKDAW_1,,vv60017C2H2,
575,VIT_14s0068g00400,102,0.0492,Hydrolase  alpha/beta fold family,,,,
576,VIT_18s0001g09550,99,0.0480,Receptor kinase TRKe,,,,
577,VIT_00s0317g00060,98,0.0477,Unknown protein,,,,
578,VIT_00s2752g00010,98,0.0475,DWARF1/DIMINUTO,E1_3_1_72,,vv10100Biosynthesis_of_steroids,
579,VIT_10s0003g02160,97,0.0468,Trehalose-phosphatase,E2_4_1_15,,vv10500Starch_and_sucrose_metabolism,
580,VIT_12s0057g00340,95,0.0461,Exopolygalacturonase,E3_2_1_15,,vv40006Cell_wall,
581,VIT_01s0026g02120,95,0.0459,Microtubule end binding protein 1 (EB1),K10436,,vv44810Regulation_of_actin_cytoskeleton,
582,VIT_11s0016g00510,94,0.0458,Pectinesterase PPME1,E3_1_1_11,,vv40006Cell_wall,
583,VIT_12s0142g00620,95,0.0456,RIC7 (ROP-interactive crib motif-containing protein 7),,,,
584,VIT_03s0063g01450,93,0.0449,VRN1 (reduced vernalization response 1),VRN1_1,,vv30009Flower_development,vv60001ABI3VP1
585,VIT_04s0008g01850,92,0.0447,Trihelix DNA-binding protein (GT2),GT2_2,,vv60062Trihelix,
586,VIT_11s0016g04410,91,0.0442,Unknown protein,,,,
587,VIT_17s0000g01950,90,0.0437,Dihydropyrimidine dehydrogenase,E1_3_1_2,,vv10410Beta-alanine_metabolism,vv10770Pantothenate_and_CoA_biosynthesis
588,VIT_17s0000g03070,90,0.0434,R protein MLA10,K13475,,vv34627R_proteins_from_Plant-pathogen_interaction,
589,VIT_03s0063g00410,89,0.0430,Alpha-amylase,E3_2_1_1,,vv10500Starch_and_sucrose_metabolism,
590,VIT_11s0016g05590,89,0.0430,Axial regulator YABBY5,YABBY5,,vv60019C2C2-YABBY,
591,VIT_08s0040g00770,89,0.0429,Cysteine protease inhibitor,E3_4_22_x,,,
592,VIT_04s0008g02010,88,0.0426,Endo-1 4-beta-glucanase,E3_2_1_4,,vv40006Cell_wall,
593,VIT_07s0031g01160,88,0.0426,Hyperosmotically inducible periplasmic protein,K04065,,vv50131Primary_active_transporter_cat_A2_to_A4,
594,VIT_17s0000g06740,87,0.0420,Zinc finger (C2H2 type) family,C2H2FAM_6,,vv60017C2H2,
595,VIT_06s0004g05950,87,0.0419,Unknown protein,,,,
596,VIT_18s0001g04520,86,0.0419,No hit,,,,
597,VIT_02s0025g03040,85,0.0412,Zinc finger (C3HC4-type ring finger),ZFC3HC4_133,,vv60078Other_zf-C3HC4,
598,VIT_18s0001g02680,84,0.0406,BTB/POZ domain-containing protein,BTBDOM_2,,vv60093TRAF,
599,VIT_13s0064g01030,84,0.0405,Zinc finger (C3HC4-type ring finger)BIG BROTHER,BIGBROTHER_1,,vv60078Other_zf-C3HC4,
600,VIT_04s0044g01110,83,0.0402,Alcohol dehydrogenase 6,E1_1_1_1,,vv10010Glycolysis,vv10071Fatty_acid_metabolism
601,VIT_15s0045g01030,83,0.0400,MRP-like ABC transporter MRP6,MRP6,,vv52010ABC_transporters,
602,VIT_18s0072g00130,83,0.0397,No hit,,,,
603,VIT_04s0023g02810,82,0.0394,Aldehyde dehydrogenase 3B1,E1_2_1_3,vv10561Glycerolipid_metabolism,vv10010Glycolysis,vv10071Fatty_acid_metabolism
604,VIT_16s0050g00830,81,0.0390,Beta-ketoacyl-CoA synthase,E2_3_1_41,,vv10061Fatty_acid_biosynthesis,
605,VIT_00s0207g00120,80,0.0387,Ternary complex factor MIP1,,,,
606,VIT_03s0088g00560,80,0.0386,Citrate synthase,E2_3_3_1,,vv10020Citrate_cycle,vv10630Glyoxylate_and_dicarboxylate_metabolism
607,VIT_19s0085g00690,79,0.0382,Cyclin-dependent protein kinase CYCB3,CYCB3_1,,vv44110Cell_cycle,
608,VIT_00s0286g00040,79,0.0381,S-locus protein kinase,,,,
609,VIT_18s0001g14180,79,0.0381,Armadillo/beta-catenin repeat family protein,,,,
610,VIT_10s0003g00050,79,0.0380,Squamosa promoter-binding protein 3 (SPL3),SPL3,,vv60055SBP,
611,VIT_00s0820g00020,79,0.0380,Anthocyanidine rhamnosyl-transferase,RHATR,,vv10942Anthocyanin_biosynthesis,
612,VIT_01s0026g01340,78,0.0378,Glutathione S-transferase 29 GSTU18,E2_5_1_18_GSTU18,,vv10480Glutathione_metabolism,
613,VIT_08s0007g08800,77,0.0372,Kinesin motor protein,KMOTOR,,vv44810Regulation_of_actin_cytoskeleton,
614,VIT_05s0020g04540,77,0.0371,Beta-ketoacyl-CoA synthase,E2_3_1_41,,vv10061Fatty_acid_biosynthesis,
615,VIT_12s0059g00890,76,0.0365,Dienelactone hydrolase,E3_1_1_45,,vv11000Single_reactions,
616,VIT_18s0001g13080,76,0.0365,Unknown protein,,,,
617,VIT_11s0016g03790,74,0.0359,No hit,,,,
618,VIT_07s0005g01410,74,0.0358,Dimethyladenosine transferase,K02528,,,
619,VIT_11s0016g04080,73,0.0355,Multiprotein-bridging factor 1c MBF1C,MBF1C_1,,vv30008Ethylene_signaling,vv60043MBF1
620,VIT_06s0004g06900,73,0.0354,Pyruvate decarboxylase isozyme 1,E4_1_1_1,,vv10010Glycolysis,
621,VIT_01s0011g00100,72,0.0348,MADS-box APETALA 1,APETALA1_2,,vv30009Flower_development,vv60042MADS
622,VIT_09s0002g02980,71,0.0345,FRK1 (FLG22-induced receptor-like kinase 1),FRK1,,vv34626Plant-pathogen_interaction,
623,VIT_11s0016g01700,70,0.0339,Unknown protein,,,,
624,VIT_17s0000g00330,69,0.0334,Inducer of CBF expression 1 ICE1,ICE1_3,,vv60011BHLH,
625,VIT_02s0012g02830,69,0.0334,UDP-glucosyl transferase,E2_4_1_81,,vv10941Flavonoid_biosynthesis,
626,VIT_13s0067g01580,69,0.0332,Anthocyaninless2 (ANL2),ANL2_4,,vv60034HB,
627,VIT_18s0001g03040,68,0.0331,No hit,,,,
628,VIT_03s0017g01570,68,0.0330,FAD-binding domain-containing protein,,,,
629,VIT_19s0014g02480,67,0.0323,Haloacid dehalogenase hydrolase,E3_1_3_18,,vv10630Glyoxylate_and_dicarboxylate_metabolism,
630,VIT_08s0007g02590,65,0.0316,Unknown,,,,
631,VIT_06s0004g03390,65,0.0314,TET3 (tetraspanin3),,,,
632,VIT_01s0137g00170,65,0.0314,B-keto acyl reductase,,,,
633,VIT_18s0001g13750,64,0.0310,Regulator of chromosome condensation (RCC1),RCC1,,vv50112Nuclear_pore_complex,
634,VIT_08s0007g07820,64,0.0309,RLK902 (receptor-like kinase 902),,,,
635,VIT_19s0014g01430,64,0.0309,3-phosphoshikimate 1-carboxyvinyltransferase  chloroplast precursor,E2_5_1_19,,vv10400Phenylalanine_tyrosine_and_tryptophan_biosynthesis,
636,VIT_01s0011g05750,64,0.0308,Zinc finger (C3HC4-type ring finger),ZFC3HC4_224,,vv60078Other_zf-C3HC4,
637,VIT_00s0445g00030,63,0.0305,Unknown,,,,
638,VIT_18s0001g02200,63,0.0304,8-oxoguanine-DNA glycosylase (OGG1),K03660,,vv23410Base_excision_repair,
639,VIT_11s0016g01320,63,0.0304,Myb domain protein 13,MYB13,MYBPA2,vv60044MYB,
640,VIT_15s0048g01980,62,0.0299,COP9 signalosome complex subunit 1,,,,
641,VIT_06s0004g03490,59,0.0283,Nuclear transcription factor Y subunit B related,NFYBREL_5,,vv60021CCAAT,
642,VIT_17s0000g02410,55,0.0266,Cold-induced wall associated kinase,,,,
643,VIT_17s0000g10060,54,0.0261,Lipase GDSL,,,,
644,VIT_07s0031g00470,54,0.0259,DNA polymerase alpha,K02320,,vv23030DNA_replication,
645,VIT_17s0000g06280,52,0.0253,Geranylgeranyl reductase,CHLP,,vv10100Biosynthesis_of_steroids,
646,VIT_04s0008g02780,51,0.0247,RBR1 (retinoblastoma-related 1),RBR1_2,,vv44110Cell_cycle,vv60051RB
647,VIT_14s0066g00400,51,0.0246,Chalcone isomerase,E5_5_1_6,,vv10941Flavonoid_biosynthesis,
648,VIT_10s0003g00990,51,0.0246,Pyruvate decarboxylase isozyme 2,E4_1_1_1,,vv10010Glycolysis,
649,VIT_03s0038g00120,50,0.0242,Gibberellin-regulated protein 4 (GASA4),GASA4,,vv30010Gibberellin_signaling,
650,VIT_16s0022g02400,50,0.0242,MADS-box agamous-like 42,AGL42_1,,vv60042MADS,
651,VIT_03s0088g00280,50,0.0241,Ribosomal RNA small subunit methyltransferase E,K09761,,,
652,VIT_18s0164g00080,49,0.0236,Laccase,E1_10_3_2,,vv11000Single_reactions,vv50109Incompletely_characterized_transport_systems
653,VIT_18s0041g02160,48,0.0233,Lipase GDSL,,,,
654,VIT_14s0006g02530,48,0.0231,Non-specific lipid-transfer protein 2 (LTP 2),,,,
655,VIT_01s0146g00400,48,0.0231,Humj1,,,,
656,VIT_15s0021g00050,47,0.0226,Eceriferum 1 (CER1 protein) Sterol desaturase,,,,
657,VIT_07s0005g01640,47,0.0226,feronia receptor-like kinase,,,,
658,VIT_05s0049g01560,46,0.0223,Unknown protein,,,,
659,VIT_18s0001g07930,46,0.0223,Oligopeptide transporter 2,OPT2,,vv50125Porters_cat_66_to_94,
660,VIT_13s0064g01510,45,0.0218,Auxin-independent growth promoter,,,,
661,VIT_05s0077g00150,45,0.0218,Unknown,,,,
662,VIT_10s0003g03870,45,0.0218,Ornithine aminotransferase,E2_6_1_13,,vv10330Arginine_and_proline_metabolism,
663,VIT_15s0046g02070,44,0.0212,Zinc finger (C3HC4-type ring finger),ZFC3HC4_27,,vv60078Other_zf-C3HC4,
664,VIT_09s0002g01540,43,0.0208,Unknown protein,,,,
665,VIT_11s0016g03880,43,0.0208,Receptor protein kinase PERK1,,,,
666,VIT_04s0044g00930,42,0.0203,Peroxiredoxin-5,E1_11_1_15,,,
667,VIT_08s0007g07190,42,0.0203,Calmodulin-binding region IQ,,,,
668,VIT_17s0000g01450,42,0.0203,Exocyst subunit EXO70 F1,EXO70F1,,vv50111Tethering_factors,
669,VIT_00s0531g00030,41,0.0199,C2 domain containing protein,,,,
670,VIT_05s0094g00560,41,0.0199,Stearoyl-ACP desaturase,E1_14_19_2,,vv11040Biosynthesis_of_unsaturated_fatty_acids,
671,VIT_08s0007g08840,40,0.0193,Glycosyl transferaseHGA1,,,,
672,VIT_10s0003g02450,40,0.0193,flavonol synthase,E1_14_11_23,,vv10941Flavonoid_biosynthesis,
673,VIT_13s0019g03890,39,0.0188,Calmodulin binding protein,,,,
674,VIT_18s0041g00290,38,0.0184,Zinc finger (C3HC4-type ring finger),ZFC3HC4_111,,vv60078Other_zf-C3HC4,
675,VIT_08s0056g01070,38,0.0184,MATE efflux family protein,MATE,,vv50125Porters_cat_66_to_94,
676,VIT_04s0008g05400,38,0.0183,Serine hydrolase [Vitis vinifera],E4_3_1_18,,vv10260Glycine_serine_and_threonine_metabolism,
677,VIT_14s0060g02370,38,0.0183,DegP protease,E3_4_21_107,,,
678,VIT_05s0077g01900,37,0.0181,Polygalacturonase GH28,E3_2_1_15,,vv40006Cell_wall,
679,VIT_06s0061g01200,37,0.0179,No hit,,,,
680,VIT_15s0107g00340,37,0.0179,Lanthionine synthetase C,,,,
681,VIT_03s0017g02300,37,0.0179,Unknown protein,,,,
682,VIT_05s0020g02680,37,0.0179,Zinc finger (C3HC4-type ring finger),ZFC3HC4_220,,vv60078Other_zf-C3HC4,
683,VIT_16s0100g00620,37,0.0179,Calmodulin-binding region IQD24,,,,
684,VIT_02s0025g03980,36,0.0174,LIM domain containing protein,LIMDOM_5,,vv60040LIM,
685,VIT_04s0008g03430,36,0.0174,Exostosin family,K02366,,vv11030Glycan_structures-biosynthesis1,
686,VIT_08s0007g07790,36,0.0174,UVI4 (polychome  UV-B-insensitive 4),,,,
687,VIT_07s0151g01040,35,0.0170,Ent-kaurene synthase A  chloroplast precursor,E5_5_1_13,,vv10904Diterpenoid_biosynthesis,
688,VIT_16s0098g01870,35,0.0169,SOS3 (salt overly sensitive 3),E3_1_3_16,,,
689,VIT_06s0004g06890,35,0.0168,Potassium transporter (KUP1),KUP1,,vv50125Porters_cat_66_to_94,
690,VIT_12s0028g00210,35,0.0168,Prenylcysteine alpha-carboxyl methyltransferase,E2_1_1_100,,vv10271Methionine_metabolism,
691,VIT_11s0016g01440,35,0.0168,VPS2.1 SNF7,VPS2_1,,vv50111Tethering_factors,
692,VIT_17s0000g03430,34,0.0164,Adaptor-related protein complex 3  delta 1 sub,AP3D1,,vv50110Protein_coat,
693,VIT_12s0055g00730,33,0.0161,ATATH2 (ABC2 homolog 2),ATH2,,vv52010ABC_transporters,
694,VIT_05s0077g00890,33,0.0159,Pectinesterase family,E3_1_1_11,,vv40006Cell_wall,
695,VIT_00s2776g00010,32,0.0156,S-locus lectin protein kinase,,,,
696,VIT_10s0003g01940,32,0.0155,RKF1 (receptor-like kinase in flowers 1),,,,
697,VIT_13s0158g00340,32,0.0155,Glycerol-3-phosphate dehydrogenase,E1_1_1_8,,vv10564Glycerophospholipid_metabolism,
698,VIT_07s0005g06520,32,0.0154,No hit,,,,
699,VIT_01s0150g00240,31,0.0152,No hit,,,,
700,VIT_00s0286g00100,31,0.0151,S-locus protein kinase,,,,
701,VIT_01s0026g01460,31,0.0151,Thioredoxin H-type 2 (Trx-H-2),,,,
702,VIT_19s0014g01900,31,0.0150,Protein transport protein Sec24,K14007,,vv24141Protein_processing_in_endoplasmic_reticulum,vv50110Protein_coat
703,VIT_02s0025g05050,31,0.0150,Zf A20 and AN1 domain-containing stress-associated protein 1,SAP1_1,,vv60077Other_zf-AN1,
704,VIT_00s0214g00060,31,0.0150,F-box protein PP2-B2,,,,
705,VIT_18s0122g00800,31,0.0150,No apical meristem cup-shaped cotyledon3,CUC3_1,VvNAC14,vv60046NAC,
706,VIT_13s0067g01000,30,0.0145,PHD finger protein alfin,ALFINDOM1,,vv60002Alfin-like,
707,VIT_05s0124g00340,30,0.0145,Survival of motor neuron protein-interacting protein 1,K13130,,vv23013RNA_transport,
708,VIT_02s0025g04750,29,0.0141,Glycerate dehydrogenase,E1_1_1_29,,vv10630Glyoxylate_and_dicarboxylate_metabolism,
709,VIT_01s0011g00080,29,0.0141,Universal stress protein (USP) family protein,,,,
710,VIT_18s0001g15230,29,0.0141,Unknown,,,,
711,VIT_06s0061g01550,29,0.0140,No hit,,,,
712,VIT_03s0097g00060,29,0.0140,Arginine-tRNA-protein transferase 1,E2_3_2_8,,vv20970Aminoacyl-tRNA_biosynthesis,
713,VIT_08s0056g00800,29,0.0139,Myb domain protein 60,MYB60,MYB60,vv60044MYB,
714,VIT_10s0071g00030,28,0.0136,Strictosidine synthase,E4_3_3_2,,vv10900Terpenoid_biosynthesis,vv10902Monoterpenoid_biosynthesis
715,VIT_15s0048g01000,28,0.0136,2'-hydroxy isoflavone/dihydroflavonol reductase,E1_3_1_45,,vv10943Isoflavonoid_biosynthesis,
716,VIT_19s0085g00850,28,0.0135,LEM3 (ligand-effect modulator 3),LEM3,,vv50108Accessory_factors_involved_in_transport,
717,VIT_04s0044g01130,28,0.0135,Alcohol dehydrogenase 2 [Vitis vinifera],E1_1_1_1,,vv10010Glycolysis,vv10071Fatty_acid_metabolism
718,VIT_03s0038g00950,27,0.0131,Auxin-responsive SAUR9,SAUR9,,vv30003Auxin_signaling,
719,VIT_18s0001g12970,27,0.0131,Ethylene-responsive protein,ERUNK_1,,vv30008Ethylene_signaling,vv60011BHLH
720,VIT_08s0032g00410,27,0.0130,Myosin-like protein XIK,MYOSINXIK,,vv44810Regulation_of_actin_cytoskeleton,
721,VIT_14s0066g02410,26,0.0126,Betaine-aldehyde dehydrogenase,E1_2_1_8,,vv10260Glycine_serine_and_threonine_metabolism,vv50101Channels_and_pores
722,VIT_13s0019g02730,26,0.0126,Unknown protein,,,,
723,VIT_19s0027g00420,25,0.0121,No hit,,,,
724,VIT_03s0088g00470,25,0.0121,Auxin responsive SAUR protein,SAUR,,vv30003Auxin_signaling,
725,VIT_01s0010g02940,25,0.0121,Calmodulin CML37,K02183,,vv34020Calcium_signaling_pathway,vv34626Plant-pathogen_interaction
726,VIT_08s0040g01940,25,0.0120,Zinc finger (C3HC4-type ring finger),ZFC3HC4_154,,vv60078Other_zf-C3HC4,
727,VIT_04s0008g06000,25,0.0120,Ethylene-responsive transcription factor ERF003,ERF003_2,VvERF045,vv30008Ethylene_signaling,vv60003AP2_EREBP
728,VIT_04s0008g02520,24,0.0116,ATP binding protein,,,,
729,VIT_09s0054g00430,24,0.0115,Unknown protein,,,,
730,VIT_09s0054g00840,24,0.0115,Unknown protein,,,,
731,VIT_11s0016g04160,24,0.0115,Sulfate transporter 3.5,SULTR3_5,,vv50124Porters_cat_30_to_64,
732,VIT_10s0116g01100,23,0.0112,Thioredoxin family,,,,
733,VIT_06s0004g01820,23,0.0111,Zf A20 and AN1 domain-containing stress-associated protein 2,SAP2_3,,vv60077Other_zf-AN1,
734,VIT_19s0015g00510,22,0.0107,Pectate lyase 2,E4_2_2_2,,vv40006Cell_wall,
735,VIT_18s0072g01000,22,0.0107,Dihydrolipoamide S-acetyltransferase,E2_3_1_12,,vv10010Glycolysis,vv10252Alanine_and_aspartate_metabolism
736,VIT_12s0034g00250,22,0.0106,Aquaporin PIP1A,PIP1A,,vv50101Channels_and_pores,
737,VIT_12s0035g02210,22,0.0106,Unknown protein,,,,
738,VIT_15s0046g03080,22,0.0106,DTA2 (downstream target of AGL15 2),,,,
739,VIT_13s0064g01110,22,0.0106,No hit,,,,
740,VIT_05s0020g03420,21,0.0102,PHD finger transcription factor,PHDFG_4,,vv60048PHD,
741,VIT_11s0037g00450,21,0.0101,No hit,,,,
742,VIT_18s0122g00360,21,0.0101,DC1 domain-containing protein,,,,
743,VIT_15s0107g00280,21,0.0101,R protein L6,K13477,,vv34627R_proteins_from_Plant-pathogen_interaction,
744,VIT_05s0049g01810,21,0.0101,No hit,,,,
745,VIT_05s0029g01410,20,0.0097,No hit,,,,
746,VIT_14s0128g00450,20,0.0097,Kinesin motor protein,KMOTOR,,vv44810Regulation_of_actin_cytoskeleton,
747,VIT_18s0001g07310,19,0.0092,Pleckstrin homology (PH) domain-containing,RHOGAP,,vv50109Incompletely_characterized_transport_systems,
748,VIT_00s0174g00120,19,0.0092,far-red impaired responsive family protein,FRSFAM_6,,vv60071Orphans_far-red,
749,VIT_05s0062g00780,19,0.0092,Rho GDP-dissociation inhibitor 2,,,,
750,VIT_04s0043g00560,19,0.0092,DD1A protein,,,,
751,VIT_01s0026g02030,19,0.0092,Basic helix-loop-helix (bHLH) family,BHLHDOM_59,,vv60011BHLH,
752,VIT_03s0091g01090,19,0.0092,Unknown,,,,
753,VIT_08s0007g05560,19,0.0092,Protein kinase,,,,
754,VIT_03s0017g00710,19,0.0092,flavonol synthase,E1_14_11_23,,vv10941Flavonoid_biosynthesis,
755,VIT_19s0014g02290,19,0.0092,Ribosomal protein L11 methyltransferase,K02867,,vv23010Ribosome,
756,VIT_07s0031g00520,18,0.0087,Unknown protein,,,,
757,VIT_10s0042g01140,18,0.0087,Protein-O-fucosyltransferase 1,E2_4_1_221,,,
758,VIT_15s0046g00480,18,0.0087,Wax synthase,E2_3_1_75,,vv11000Single_reactions,
759,VIT_01s0011g05360,18,0.0087,High mobility group protein HMGI/Y-1,HMGIY_5,,vv60035HMG,
760,VIT_08s0007g00570,18,0.0087,WRKY DNA-binding protein 49,WRKY49,VvWRKY27,vv60066WRKY,
761,VIT_09s0002g06990,18,0.0087,Phosphatidic acid phosphatase / PAP2,E3_1_3_4,,vv10561Glycerolipid_metabolism,vv10564Glycerophospholipid_metabolism
762,VIT_16s0050g01100,18,0.0087,Zinc finger (C2H2 type) family,C2H2FAM_37,,vv60017C2H2,
763,VIT_04s0069g00500,18,0.0086,Villin 2 (Fragment),K05768,,vv44810Regulation_of_actin_cytoskeleton,
764,VIT_11s0016g05640,18,0.0086,IAA29,IAA29_2,,vv30003Auxin_signaling,vv60008AUXIAA
765,VIT_04s0008g06520,17,0.0082,Calcineurin phosphoesterase,,,,
766,VIT_15s0024g00400,16,0.0078,R protein MLA10,K13475,,vv34627R_proteins_from_Plant-pathogen_interaction,
767,VIT_19s0090g00750,16,0.0077,Dihydrolipoamide succinyltransferase,E2_3_1_61,,vv10020Citrate_cycle,
768,VIT_02s0025g04360,16,0.0077,S-N-methylcoclaurine 3'-hydroxylase,E1_14_13_71,,vv10950Alkaloid_biosynthesis_I,
769,VIT_01s0010g02030,16,0.0077,Gamma-thionin precursor,,,,
770,VIT_12s0057g00590,16,0.0077,Vacuolar protein sorting 11 (VPS11),VPS11,,vv50111Tethering_factors,
771,VIT_14s0108g01200,16,0.0077,Vesicle transport v-SNARE 13,K08493,,vv24130SNARE_interactions_in_vesicular_transport,
772,VIT_05s0020g03770,16,0.0077,Inositol polyphosphate 5'-phosphatase,E3_1_3_56,,vv10562Inositol_phosphate_metabolism,vv34070Phosphatidylinositol_signaling_system
773,VIT_05s0049g02100,15,0.0073,Curly leaf PHCLF1,CLF1_2,,vv30009Flower_development,vv60056SET_PCG
774,VIT_12s0035g00620,15,0.0073,BZIP transcription factor,BZIPDOM_15,VvbZIP32,vv60012BZIP,
775,VIT_07s0129g00670,15,0.0073,Zinc finger protein 4,ZFP4_4,,vv60017C2H2,
776,VIT_07s0104g00310,15,0.0072,CUE domain containing protein,,,,
777,VIT_12s0134g00010,15,0.0072,Phototropic-responsive NPH3 protein,,,,
778,VIT_07s0031g03190,15,0.0072,VHS and GAT domain protein,VHSDC,,vv50109Incompletely_characterized_transport_systems,
779,VIT_12s0028g03330,15,0.0072,Targeting protein,,,,
780,VIT_00s0477g00060,15,0.0072,Unknown protein,,,,
781,VIT_04s0044g01620,14,0.0068,RGLG1 (ring Domain LIGASE1),RGLG1,,vv50004Auxin_transport,
782,VIT_04s0044g01380,14,0.0068,Myb domain protein 52,MYB52_3,MYB166,vv60044MYB,
783,VIT_03s0017g02230,14,0.0068,Hydrolase  alpha/beta fold,,,,
784,VIT_04s0023g03070,13,0.0063,Leucine-rich repeat family protein / extensin,EXTENSIN,,vv40006Cell_wall,
785,VIT_14s0108g00740,13,0.0063,GASA4,GASA4,,vv30010Gibberellin_signaling,
786,VIT_19s0085g00110,13,0.0063,ABC transporter B member 11,K05664,,vv52010ABC_transporters,
787,VIT_05s0077g02100,13,0.0063,Senescence-associated protein,,,,
788,VIT_00s0532g00070,13,0.0063,CRK10 (cysteine-rich RLK10); kinase,,,,
789,VIT_00s0956g00030<br>VIT_00s0259g00210,13,0.0063,
790,VIT_18s0001g10060,12,0.0059,LRX1 (leucine-rich repeat/extensin 1),EXTENSIN,,vv40006Cell_wall,
791,VIT_00s0347g00060<br>VIT_00s0762g00020<br>VIT_00s0347g00080<br>VIT_00s0743g00010,12,0.0058,
792,VIT_14s0006g02570,12,0.0058,Protease inhibitor/seed storage/lipid transfer protein (LTP),,,,
793,VIT_02s0087g00200,12,0.0058,Aspartic proteinase nepenthesin-1 precursor,E3_4_23_12,,,
794,VIT_00s2525g00010,12,0.0058,Unknown,,,,
795,VIT_01s0010g03070,12,0.0058,ER (ERECTA  quantitative resistance to plectosphaerella 1),,,,
796,VIT_18s0001g12000,12,0.0058,Geranylgeranyl pyrophosphate synthetase 1  chloroplast precursor,E2_5_1_29,,vv10100Biosynthesis_of_steroids,vv10900Terpenoid_biosynthesis
797,VIT_13s0019g03920,12,0.0058,Elongation factor 1-alpha 1,K03231,,vv23013RNA_transport,
798,VIT_08s0007g04120,12,0.0058,CYPLXXVIA2,,,,
799,VIT_00s0194g00170,12,0.0058,TPD1 (tapetum determinant 1),,,,
800,VIT_11s0118g00750,12,0.0058,Leucine-rich repeat family,,,,
801,VIT_02s0087g00630,12,0.0058,Alcohol oxidase,E1_1_3_13,,vv10680Methane_metabolism,
802,VIT_04s0023g01510,12,0.0058,DUF620,,,,
803,VIT_15s0021g00040,12,0.0058,Eceriferum 1 (CER1 protein) Sterol desaturase,,,,
804,VIT_18s0001g15600,12,0.0058,Vacuolar protein sorting 45,VPS45,,vv24130SNARE_interactions_in_vesicular_transport,
805,VIT_07s0005g01470,12,0.0058,Unknown protein,,,,
806,VIT_16s0022g01810,12,0.0058,AT-hook protein 1,,,,
807,VIT_17s0000g04940,12,0.0058,Brassinosteroid sulfotransferase ST4A,ST4A,,,
808,VIT_18s0001g01680,12,0.0057,Protein kinase,,,,
809,VIT_03s0017g01690,11,0.0053,CIP1 (COP1-interacting protein 4),CIP1,,vv24120Ubiquitin_mediated_proteolysis,
810,VIT_03s0038g04210,11,0.0053,Phototropin-2,K08282,,vv50101Channels_and_pores,
811,VIT_01s0010g02220,10,0.0048,Zinc finger (C3HC4-type ring finger),ZFC3HC4_200,,vv60078Other_zf-C3HC4,
812,VIT_14s0083g00740,10,0.0048,Amino acid permease,AAPREL,,vv50123Porters_cat_18_to_29,
813,VIT_05s0020g01160,10,0.0048,Binding,,,,
814,VIT_16s0013g00530,10,0.0048,No hit,,,,
815,VIT_05s0077g01370,10,0.0048,Unknown protein,,,,
816,VIT_09s0002g01980,10,0.0048,Myosin-like protein XIK,MYOSINXIK,,vv44810Regulation_of_actin_cytoskeleton,
817,VIT_13s0019g01830,10,0.0048,Calmodulin binding protein,,,,
818,VIT_01s0127g00340,10,0.0048,Unknown,,,,
819,VIT_18s0001g11110,10,0.0048,Serine carboxypeptidase,,,,
820,VIT_12s0028g00450,9,0.0044,Carrier protein  Mitochondrial,K03454,,vv50123Porters_cat_18_to_29,
821,VIT_02s0025g04620,9,0.0044,Phospholipase D beta 1,PLDB1,,vv10564Glycerophospholipid_metabolism,vv10565Ether_lipid_metabolism
822,VIT_03s0038g04110,9,0.0044,AT-hook DNA-binding protein,,,,
823,VIT_17s0000g03150,9,0.0044,No hit,,,,
824,VIT_00s0391g00030,9,0.0044,Unknown,,,,
825,VIT_03s0097g00660,9,0.0044,Zinc finger (C3HC4-type ring finger),ZFC3HC4_151,,vv60078Other_zf-C3HC4,
826,VIT_12s0035g02060,9,0.0044,Methionine S-methyltransferase,E2_1_1_12,,vv10450Selenoamino_acid_metabolism,
827,VIT_04s0023g01020,9,0.0044,BEL1 homeobox 2 protein (BLH2) (SAWTOOTH 1),BLH2_1,VvHB17,vv60034HB,
828,VIT_00s0245g00050,9,0.0044,Oleoyl-acyl carrier protein thioesterase  chloroplast precursor,E3_1_2_14,,vv10061Fatty_acid_biosynthesis,
829,VIT_12s0035g01720,9,0.0043,Chloride channel protein (CLC-c),K05393_CLCC,,vv50124Porters_cat_30_to_64,
830,VIT_06s0009g02340,9,0.0043,Tryptophan/tyrosine permease family,TRYTYRPERM,,vv50124Porters_cat_30_to_64,
831,VIT_11s0016g03970,9,0.0043,Ubiquitin-conjugating enzyme E2 D/E,K06689,,vv24120Ubiquitin_mediated_proteolysis,vv24141Protein_processing_in_endoplasmic_reticulum
832,VIT_13s0019g01260,9,0.0043,Enoyl reductase,K10258,,vv11040Biosynthesis_of_unsaturated_fatty_acids,
833,VIT_18s0001g13510,9,0.0043,Hcr2-p6,,,,
834,VIT_02s0025g03030,9,0.0043,Zinc finger (C3HC4-type ring finger),ZFC3HC4_23,,vv60078Other_zf-C3HC4,
835,VIT_08s0007g06220,9,0.0043,No hit,,,,
836,VIT_18s0001g09180,9,0.0043,CUE domain containing protein,,,,
837,VIT_18s0001g02720,9,0.0043,fatty acid elongation1 (FAE1),,,,
838,VIT_06s0004g01520,9,0.0043,Pentatricopeptide (PPR) repeat-containing,,,,
839,VIT_11s0118g00180,9,0.0043,HHP1 (heptahelical protein 1),,,,
840,VIT_02s0012g02080,9,0.0043,No hit,,,,
841,VIT_05s0124g00230,9,0.0043,F-box domain containing protein,,,,
842,VIT_01s0026g01300,9,0.0043,Unknown protein,,,,
843,VIT_03s0038g00130,9,0.0043,No hit,,,,
844,VIT_16s0039g00890,8,0.0039,Myb TKI1 (TSL-kinase  interacting  protein 1),TKI1_3,,vv60045MYBrelated,
845,VIT_11s0016g01920,7,0.0034,EIF-4A3,K13025,,vv23013RNA_transport,vv23015mRNA_surveillance_pathway
846,VIT_12s0035g00890,7,0.0034,Ion channel DMI1  chloroplast precursor,DMI1,,vv50101Channels_and_pores,
847,VIT_06s0004g04590,7,0.0034,Epsin N-terminal homology (ENTH) domain-containing,ENTH,,vv50110Protein_coat,
848,VIT_17s0000g09260,7,0.0034,No hit,,,,
849,VIT_03s0038g03870,7,0.0034,Calcium ion binding protein,,,,
850,VIT_02s0012g02190,6,0.0029,Cellulose synthase CSLD2,E2_4_1_12_CSLD2,,vv40006Cell_wall,
851,VIT_05s0062g01180,6,0.0029,Importin beta-2,K14293_2,,vv23013RNA_transport,vv50109Incompletely_characterized_transport_systems
852,VIT_18s0001g12020,6,0.0029,Brassinosteroid Signaling positive regulator (BZR1),BZR1_2,,vv30005Brassinosteroids_signaling,vv60010BES1
853,VIT_18s0001g11710,6,0.0029,Photosystem II PsbO protein,K02716,,vv10195Photosynthesis,vv50113Thylakoid_targeting_pathway
854,VIT_10s0071g01130,6,0.0029,Alpha-galactosidase,E3_2_1_22,,vv10052Galactose_metabolism,vv10561Glycerolipid_metabolism
855,VIT_04s0008g06790,6,0.0029,Biopterin transport protein BT1,BIOPTERIN,,vv50125Porters_cat_66_to_94,
856,VIT_18s0001g06840,6,0.0029,Peroxidase GvPx2b class III,E1_11_1_7,,vv10360Phenylalanine_metabolism,vv10680Methane_metabolism
857,VIT_10s0116g00630,6,0.0029,Unknown protein,,,,
858,VIT_06s0009g01260,6,0.0029,Subtilisin protease C1,SBT4_13,,,
859,VIT_13s0047g00360,6,0.0029,6-hydroxyisobutyryl-coenzyme A hydrolase,E3_1_2_4,,vv10280Valine_leucine_and_isoleucine_degradation,vv10410Beta-alanine_metabolism
860,VIT_15s0021g02410,6,0.0029,Malate dehydrogenase  cytosolic,E1_1_1_37,,vv10020Citrate_cycle,vv10620Pyruvate_metabolism
861,VIT_12s0134g00140,6,0.0029,R-linalool synthase,E4_2_3_26,,vv10900Terpenoid_biosynthesis,
862,VIT_18s0001g01250,6,0.0029,Senescence-inducible chloroplast stay-green protein 2,,,,
863,VIT_01s0011g06430,6,0.0029,NADPH-dependent codeinone reductase,E1_1_1_247,,vv10950Alkaloid_biosynthesis_I,
864,VIT_18s0001g02820,6,0.0029,Transducin protein,,,,
865,VIT_00s1995g00010,6,0.0029,Phosphoenolpyruvate carboxykinase,E4_1_1_49,,vv10020Citrate_cycle,vv10620Pyruvate_metabolism
866,VIT_01s0011g05260,6,0.0029,DELLA protein GAI1,GAI1_3,,vv30009Flower_development,vv30010Gibberellin_signaling
867,VIT_04s0044g00690,6,0.0029,No hit,,,,
868,VIT_07s0130g00040,6,0.0029,Myb domain protein 4,MYB4_10,MYB3,vv60044MYB,
869,VIT_11s0016g05340,6,0.0029,Ethylene-responsive transcription factor SHINE 3,SHINE3_2,VvERF043,vv30008Ethylene_signaling,vv60003AP2_EREBP
870,VIT_05s0020g01430,6,0.0029,Vesicle-associated membrane protein 72,K08511,,vv24130SNARE_interactions_in_vesicular_transport,vv50101Channels_and_pores
871,VIT_01s0010g03650,6,0.0029,Alkylated DNA repair protein alkB,,,,
872,VIT_15s0046g02400,6,0.0029,Glycerol-3-phosphate acyltransferase 8,E2_3_1_15,,vv10561Glycerolipid_metabolism,vv10564Glycerophospholipid_metabolism
873,VIT_10s0003g01450,6,0.0029,No hit,,,,
874,VIT_18s0001g14930,6,0.0029,Unknown protein,,,,
875,VIT_19s0014g01910,6,0.0029,Unknown protein,,,,
876,VIT_19s0090g00710,6,0.0029,No hit,,,,
877,VIT_14s0108g01630,6,0.0029,Unknown protein,,,,
878,VIT_12s0035g00400,6,0.0029,ATP-requiring DNA helicase RecQ,K10901,,vv23440Homologous_recombination,vv50122Porters_cat_7_to_17
879,VIT_09s0002g02330,6,0.0029,Nucleosome/chromatin assembly factor group A,,,,
880,VIT_06s0080g00680,6,0.0029,No hit,,,,
881,VIT_19s0014g04050,6,0.0029,S-locus lectin protein kinase,,,,
882,VIT_15s0045g00300,6,0.0029,Ankyrin repeat,,,,
883,VIT_06s0004g08250,6,0.0029,Leucine-rich repeat transmembrane protein kinase  putative,,,,
884,VIT_04s0023g01880,6,0.0029,Zinc finger homeobox 31,ZFHB31,,vv60068Zf-HD,
885,VIT_16s0022g01860,6,0.0029,Cleavage and polyadenylation specificity factor subunit 1,K14401,,vv23015mRNA_surveillance_pathway,
886,VIT_05s0020g01490,6,0.0029,Rapid ALkalinization Factor RALFL33,,,,
887,VIT_11s0052g01600,6,0.0029,UDP-glucose flavonoid 3-O-glucosyltransferase 7,E2_4_1_91,,vv10941Flavonoid_biosynthesis,
888,VIT_13s0106g00610,6,0.0029,Tetracycline transporter,TETRACYCTR,,vv50121Porters_cat_1_to_6,
889,VIT_08s0007g05160,6,0.0029,Flavonoid 3' 5'-hydroxylase,E1_14_13_88,,vv10941Flavonoid_biosynthesis,
890,VIT_00s0583g00020,6,0.0029,Unknown protein,,,,
891,VIT_00s0361g00090,6,0.0029,Phototropic-responsive NPH3 protein,,,,
892,VIT_13s0067g02410,4,0.0019,No hit,,,,
893,VIT_18s0001g07020,4,0.0019,No hit,,,,
894,VIT_11s0016g02970,4,0.0019,MAP kinase kinase 6,MKK6,,,
895,VIT_16s0050g00820,4,0.0019,EMB1691 (embryo defective 1691),,,,
896,VIT_17s0000g01900,4,0.0019,No hit,,,,
897,VIT_15s0048g01160,4,0.0019,Phospholipase D beta 1,PLDB1,,vv10564Glycerophospholipid_metabolism,vv10565Ether_lipid_metabolism
898,VIT_18s0041g00890,4,0.0019,UDP-glucose: anthocyanidin 5 3-O-glucosyltransferase,RHGT1,,vv10942Anthocyanin_biosynthesis,
899,VIT_08s0056g01130,4,0.0019,Mini zinc finger 2 MIF2,MIF2_2,,vv60068Zf-HD,
900,VIT_06s0004g01480,3,0.0015,Lipoxygenase LOX1,E1_13_11_12,,vv10592alpha-Linolenic_acid_metabolism,
901,VIT_19s0015g01260,3,0.0015,Disease resistance protein (CC-NBS-LRR class),,,,
902,VIT_00s0184g00210,3,0.0015,No hit,,,,
903,VIT_13s0067g00120,3,0.0015,GCN5 N-acetyltransferase (GNAT),GCN5_18,,vv60082GNAT,
904,VIT_04s0008g05530,3,0.0015,Unknown protein,,,,
905,VIT_19s0090g01460,3,0.0015,SWIB complex BAF60b domain-containing protein,SWIB_12,,vv60092SWIB,
906,VIT_08s0007g05200,3,0.0015,Nudix hydrolase 16,,,,
907,VIT_08s0056g00240,3,0.0015,Unknown protein,,,,
908,VIT_02s0025g00550,3,0.0015,Unknown protein,,,,
909,VIT_03s0038g02910,3,0.0015,F-box family protein,,,,
910,VIT_06s0004g01320,3,0.0015,Unknown protein,,,,
911,VIT_15s0021g02320,3,0.0015,ABC transporter G member 7,ABCG7,,vv52010ABC_transporters,
912,VIT_04s0008g04200,3,0.0015,Unknown protein,,,,
913,VIT_18s0001g10080,3,0.0015,Unknown protein,,,,
914,VIT_02s0025g04490,3,0.0015,UDP-galactose transporter 2 ATUTR2/UTR2,UTR2,,vv50122Porters_cat_7_to_17,
915,VIT_08s0040g01130,3,0.0015,Serine carboxypeptidase II,,,,
916,VIT_10s0092g00150,3,0.0015,Patatin protein 3,,,,
917,VIT_16s0022g01620,3,0.0015,Receptor protein kinase,,,,
918,VIT_04s0008g03320,3,0.0015,UVB-resistance protein,,,,
919,VIT_12s0035g00640,3,0.0015,Ubiquitin-like domain containing CTD phosphatase 1,,,,
920,VIT_00s0532g00020,3,0.0015,Kinesin family member C1,K10405,,vv44810Regulation_of_actin_cytoskeleton,
921,VIT_18s0041g01180,3,0.0015,No hit,,,,
922,VIT_14s0108g00750,3,0.0015,Zinc finger homeobox 34,ZFHB34,,vv60068Zf-HD,
923,VIT_17s0000g06040,3,0.0015,Phytochrome kinase substrate 1,,,,
924,VIT_02s0154g00430,3,0.0015,Unknown,,,,
925,VIT_17s0000g03750,3,0.0015,Chitin elicitor-binding CEBIP LysM domain-containing,K13473,,vv34626Plant-pathogen_interaction,
926,VIT_13s0047g00510,3,0.0015,DNA gyrase subunit A,K02469,,,
927,VIT_16s0098g01590,3,0.0015,Calcium-binding protein,,,,
928,VIT_02s0025g01870,3,0.0015,Cellulose synthase CSLG3,E2_4_1_12_CSLG3,VvNAC72,vv40006Cell_wall,
929,VIT_04s0008g01020,3,0.0015,Unknown protein,,,,
930,VIT_05s0077g01030,3,0.0015,Unknown,,,,
931,VIT_01s0010g00990,3,0.0015,S-adenosylmethionine decarboxylase proenzyme,E4_1_1_50,,vv10220Urea_cycle_and_metabolism_of_amino_groups,vv10271Methionine_metabolism
932,VIT_18s0001g07680,3,0.0015,Rab geranylgeranyl transferase,E2_5_1_60,,vv10100Biosynthesis_of_steroids,
933,VIT_13s0019g03290,3,0.0015,Unknown protein,,,,
934,VIT_00s0743g00030,3,0.0015,S-locus lectin protein kinase,,,,
935,VIT_09s0018g01650,3,0.0015,Wrinkled1 (AP2/ERBP),WRINKLED1_1,VvAP2-06,vv30008Ethylene_signaling,vv60003AP2_EREBP
936,VIT_15s0021g00220,3,0.0015,ABC transporter C member 15,ABCC15,,vv52010ABC_transporters,
937,VIT_12s0057g00370,3,0.0015,Polygalacturonase PGA3,E3_2_1_15,,vv40006Cell_wall,
938,VIT_19s0014g04930,3,0.0015,Germacrene-D synthase,E4_2_3_22,,vv10900Terpenoid_biosynthesis,
939,VIT_17s0000g05020,3,0.0015,Squamosa promoter-binding protein 6 (SPL6),SPL6_2,,vv60055SBP,
940,VIT_07s0031g01270,3,0.0015,Ring-H2 finger A2A,RHA2A,,vv60078Other_zf-C3HC4,
941,VIT_18s0001g08830,3,0.0014,FK506-binding protein 4/5,K09571,,vv50108Accessory_factors_involved_in_transport,
942,VIT_00s0226g00070,3,0.0014,Protein shoot gravitropism 7,SGR7_3,,vv60032GRAS,
943,VIT_03s0038g01840,3,0.0014,Proline-rich protein 4,,,,
944,VIT_18s0041g00270,3,0.0014,R protein  PRF  disease resistance protein,K13453,,vv34627R_proteins_from_Plant-pathogen_interaction,
945,VIT_01s0011g02250,3,0.0014,Metal-nicotianamine transporter YSL7,YSL7,,vv50125Porters_cat_66_to_94,
946,VIT_07s0151g00510,3,0.0014,GCN5 N-acetyltransferase (GNAT),GCN5_22,,vv60082GNAT,
947,VIT_18s0001g08060,3,0.0014,Unknown,,,,
948,VIT_02s0025g01980<br>VIT_02s0025g01910,3,0.0014,
949,VIT_18s0072g01120,3,0.0014,GASA2 (GAST1 protein homolog 2),GASA2,,vv30010Gibberellin_signaling,
950,VIT_10s0092g00120,3,0.0014,Gamma-soluble NSF attachment protein (GSNAP),GSNAP,,vv24130SNARE_interactions_in_vesicular_transport,
951,VIT_07s0005g03720,3,0.0014,VPS2.3 SNF7,VPS2_3,,vv50111Tethering_factors,
952,VIT_18s0041g02120,3,0.0014,R protein L6,K13477,,vv34627R_proteins_from_Plant-pathogen_interaction,
953,VIT_02s0025g01190,3,0.0014,Extra-large G-protein (XLG1),,,,
954,VIT_17s0000g09820,3,0.0014,DNA polymerase III gamma and tau subunit,K02343,,vv23030DNA_replication,
955,VIT_18s0001g09920,3,0.0014,Cyclin delta-3 (CYCD3_1),CYCD3,,vv30007Cytokinin_signaling,vv44110Cell_cycle
956,VIT_04s0023g03430,3,0.0014,Basic helix-loop-helix (bHLH) family,BHLHDOM_33,,vv60011BHLH,
957,VIT_12s0035g00930,3,0.0014,Bromodomain containing,,,,
958,VIT_18s0041g00710,3,0.0014,UDP-glucose: anthocyanidin 5 3-O-glucosyltransferase,RHGT1,,vv10942Anthocyanin_biosynthesis,
959,VIT_08s0040g01490,3,0.0014,Unknown,,,,
960,VIT_04s0023g02880,3,0.0014,GATA transcription factor 14,GAT14,,vv60016C2C2-GATA,
961,VIT_08s0007g00700,3,0.0014,PCS1 (promotion of cell survival1) peptidase,,,,
962,VIT_14s0066g00480,3,0.0014,Heterogeneous nuclear ribonucleoprotein A1/A3,K12741,,vv23040Spliceosome,
963,VIT_07s0129g00380,3,0.0014,Phototropic-responsive NPH3,BTBNPH3_1,,vv60093TRAF,
964,VIT_07s0005g03750,3,0.0014,RIC7 (ROP-interactive crib motif-containing protein 7),,,,
965,VIT_07s0031g02260,3,0.0014,Unknown protein,,,,
966,VIT_09s0002g00490,3,0.0014,Lipase GDSL 5,,,,
967,VIT_10s0597g00050,3,0.0014,Heat shock transcription factor B2A,HSFB2A_3,,vv60037HSF,
968,VIT_00s0229g00110,3,0.0014,Agenet domain-containing protein,,,,
969,VIT_00s0525g00050,3,0.0014,Metal transporter CNNM4 (Cyclin-M4),CNNM4,,vv50109Incompletely_characterized_transport_systems,
970,VIT_03s0088g01150,3,0.0014,Squalene monooxygenase,E1_14_99_7,,vv10100Biosynthesis_of_steroids,vv10900Terpenoid_biosynthesis
971,VIT_00s0494g00020,3,0.0014,Unknown protein,,,,
972,VIT_01s0011g03130,3,0.0014,Unknown protein,,,,
973,VIT_07s0129g01000,3,0.0014,F-box family protein,,,,
974,VIT_00s0184g00190,3,0.0014,No hit,,,,
975,VIT_15s0024g00850,3,0.0014,Geranylgeranyl diphosphate synthase,E2_5_1_29,,vv10100Biosynthesis_of_steroids,vv10900Terpenoid_biosynthesis
976,VIT_04s0008g01450,3,0.0014,Cyclopropane-fatty-acyl-phospholipid synthase,E2_1_1_79,,vv10271Methionine_metabolism,
977,VIT_00s0347g00120,3,0.0014,S-locus lectin protein kinase,,,,
978,VIT_15s0048g02050,3,0.0014,Hydrolase  alpha/beta fold family protein  expressed,,,,
979,VIT_03s0132g00150,3,0.0014,GTP cyclohydrolase I,E3_5_4_16,,vv10790Folate_biosynthesis,
980,VIT_19s0014g01240,3,0.0014,Morphogenesis of root hair 1 MRH1,,,,
981,VIT_18s0122g00590,3,0.0014,DNA-binding protein,,,,
982,VIT_07s0104g00820,3,0.0014,Bystin,,,,
983,VIT_13s0019g00550,3,0.0014,Cofilin,K05765,,vv44810Regulation_of_actin_cytoskeleton,
984,VIT_02s0012g00150,3,0.0014,NAK-type protein kinase,,,,
985,VIT_06s0004g03210,3,0.0014,Unknown,,,,
986,VIT_12s0059g00590,3,0.0014,Allergenic protein Pt2L4,,,,
987,VIT_11s0016g00460,3,0.0014,Kinesin TETRASPORE (NACK1),TETRASPORE,,vv44110Cell_cycle,vv44810Regulation_of_actin_cytoskeleton
988,VIT_18s0001g05480,3,0.0014,Unknown protein,,,,
989,VIT_05s0049g01400,3,0.0014,Alcohol oxidase,E1_1_3_13,,vv10680Methane_metabolism,
990,VIT_01s0127g00200,3,0.0014,UbiE/COQ5 methyltransferase,K06127,,vv10130Ubiquinone_biosynthesis,
991,VIT_07s0130g00030,3,0.0014,Proteinase inhibitor se60,,,,
