Vv_m2,2000,1000,VIT_02s0025g03320
rank,node,Fabs,Frel,Functional-annotation,Name-EC-KeggID,Updated-name,Network1,Network2
1,VIT_03s0110g00100,2078,1.0000,CYP86A8,,,,
2,VIT_11s0118g00180,2068,1.0000,HHP1 (heptahelical protein 1),,,,
3,VIT_12s0059g01830,2056,1.0000,Unknown,,,,
4,VIT_15s0046g02400,2063,1.0000,Glycerol-3-phosphate acyltransferase 8,E2_3_1_15,,vv10561Glycerolipid_metabolism,vv10564Glycerophospholipid_metabolism
5,VIT_08s0007g09000,2051,1.0000,Glycerol-3-phosphate dehydrogenase,E1_1_1_8,,vv10564Glycerophospholipid_metabolism,
6,VIT_01s0137g00510,2070,0.9986,CYP71B10,CYP71B10,,vv10940Phenylpropanoid_biosynthesis,
7,VIT_04s0008g03480,2070,0.9981,Beta-carotene 15 15'-monooxygenase,E1_14_99_36,,vv10906Carotenoid_biosynthesis,
8,VIT_02s0025g02620,2064,0.9981,BDG1 (BODYGUARD1) hydrolase,,,,
9,VIT_03s0038g04500,2044,0.9946,Bifunctional dihydrofolate reductase-thymidylate synthase 1,K13998,,vv10240Pyrimidine_metabolism,vv10670One_carbon_pool_by_folate
10,VIT_08s0058g01110,2055,0.9942,Ovate family protein 4 OFP4,OFP4_1,,vv60086OFP,
11,VIT_02s0025g01190,2047,0.9913,Extra-large G-protein (XLG1),,,,
12,VIT_14s0006g02960,2037,0.9874,KH domain containing protein,,,,
13,VIT_08s0040g02830,2034,0.9869,Calcium-transporting ATPase 1  endoplasmic reticulum-type ECA1,K01537,,vv34020Calcium_signaling_pathway,vv50131Primary_active_transporter_cat_A2_to_A4
14,VIT_02s0087g00720,2045,0.9860,Receptor protein kinase,,,,
15,VIT_15s0046g01430,2033,0.9840,Aldose 1-epimerase,E5_1_3_3,,vv10010Glycolysis,
16,VIT_02s0025g02600,2044,0.9836,Glyoxal oxidase,,,,
17,VIT_14s0066g02640,2033,0.9783,No hit,,,,
18,VIT_01s0150g00550,2019,0.9758,Histone-lysine N-methyltransferase ASHR2,E2_1_1_43ASHR2_1,,vv10300Lysine_biosynthesis,vv60056SET_PCG
19,VIT_11s0016g04540,2011,0.9748,ABC transporter G member 22,ABCG22,,vv52010ABC_transporters,
20,VIT_01s0011g03380,2004,0.9719,Dihydrolipoamide S-acetyltransferase (LTA2),E2_3_1_12,,vv10010Glycolysis,vv10252Alanine_and_aspartate_metabolism
21,VIT_17s0000g10060,2007,0.9663,Lipase GDSL,,,,
22,VIT_17s0000g07070,1986,0.9645,UDP-glucoronosyl and UDP-glucosyl transferase,,,,
23,VIT_06s0080g00040,1980,0.9584,ABC transporter G member 22,ABCG22,,vv52010ABC_transporters,
24,VIT_15s0046g02380,1991,0.9558,CYP86A8,,,,
25,VIT_10s0003g05420,1974,0.9541,S-2-hydroxy-acid oxidase  peroxisomal,E1_1_3_15,,vv10630Glyoxylate_and_dicarboxylate_metabolism,
26,VIT_09s0002g03140,1958,0.9537,Lipase GDSL,,,,
27,VIT_08s0007g00330,1948,0.9507,Metallothionein,,,,
28,VIT_18s0001g14660,1982,0.9506,P-glycoprotein 13,PGP13,,vv52010ABC_transporters,
29,VIT_11s0016g00330,1974,0.9495,Pectinesterase family,E3_1_1_11,,vv40006Cell_wall,
30,VIT_18s0041g00270,1955,0.9449,R protein  PRF  disease resistance protein,K13453,,vv34627R_proteins_from_Plant-pathogen_interaction,
31,VIT_06s0061g01480,1958,0.9427,ABC transporter G member 22,ABCG22,,vv52010ABC_transporters,
32,VIT_09s0002g07530,1937,0.9344,Tetratricopeptide helical,,,,
33,VIT_18s0001g05380,1935,0.9303,TTL1 (tetratricopetide-repeat thioredoxin-like 1),,,,
34,VIT_18s0122g01280,1920,0.9293,Niemann-Pick C1 protein precursor,NPC1,,vv50121Porters_cat_1_to_6,
35,VIT_09s0002g06750,1915,0.9292,ERF/AP2 transcription factor sub B-6 SHINE,SHINE1_1,VvERF042,vv30008Ethylene_signaling,vv60003AP2_EREBP
36,VIT_03s0063g00200,1909,0.9262,Histidinol-phosphatase,E3_1_3_15,,vv10340Histidine_metabolism,
37,VIT_00s2525g00010,1902,0.9233,Unknown,,,,
38,VIT_18s0122g00220,1914,0.9193,Phosphodiesterase/alkaline phosphatase D,E3_1_4_1,,,
39,VIT_19s0014g04410,1906,0.9181,S-locus protein kinase,,,,
40,VIT_13s0084g00740,1891,0.9180,No hit,,,,
41,VIT_02s0025g01750,1896,0.9159,Cellulose synthase CSLG3,E2_4_1_12_CSLG3,,vv40006Cell_wall,
42,VIT_13s0019g01260,1858,0.9002,Enoyl reductase,K10258,,vv11040Biosynthesis_of_unsaturated_fatty_acids,
43,VIT_04s0008g05440,1851,0.8994,Ethylene-responsive transcription factor SHINE 3,SHINE3_1,VvERF044,vv30008Ethylene_signaling,vv60003AP2_EREBP
44,VIT_11s0065g00170,1845,0.8961,Squamosa promoter-binding protein 2 (SPL2),SPL2_3,,vv60055SBP,
45,VIT_18s0001g00370,1840,0.8945,Ceramidase,E3_5_1_23,,vv10600Sphingolipid_metabolism,
46,VIT_01s0026g02120,1849,0.8919,Microtubule end binding protein 1 (EB1),K10436,,vv44810Regulation_of_actin_cytoskeleton,
47,VIT_16s0022g00080,1845,0.8913,HcrVf2 protein,,,,
48,VIT_01s0137g00410,1844,0.8913,CYP86A2,,,,
49,VIT_04s0044g00310,1835,0.8891,Nodulin MtN21 family,MTN21,,vv50122Porters_cat_7_to_17,
50,VIT_00s0187g00050,1835,0.8856,No hit,,,,
51,VIT_09s0002g07860,1821,0.8789,Glycerol kinase,E2_7_1_30,,vv10561Glycerolipid_metabolism,
52,VIT_05s0020g01830,1828,0.8780,UPF0497 family,,,,
53,VIT_11s0037g00890,1810,0.8710,Glutamine amidotransferase class-I domain-containing protein,K08681,,vv10750Vitamin_B6_metabolism,
54,VIT_14s0060g00240,1798,0.8669,Myb domain protein 61,MYB61_2,MYB55B,vv60044MYB,
55,VIT_03s0017g01490,1796,0.8643,Berberine bridge enzyme,E1_21_3_3,,vv10950Alkaloid_biosynthesis_I,
56,VIT_12s0059g01430,1782,0.8563,Argonaute (AGO1),,,,
57,VIT_16s0039g01220,1750,0.8462,C2 domain-containing protein,,,,
58,VIT_08s0058g00870,1733,0.8413,Unknown protein,,,,
59,VIT_06s0080g00760,1727,0.8331,Unknown protein,,,,
60,VIT_04s0008g04230,1704,0.8272,ABC transporter G member 22,ABCG22,,vv52010ABC_transporters,
61,VIT_03s0038g01830,1693,0.8206,Proline-rich protein 4,,,,
62,VIT_11s0103g00530,1688,0.8178,Oxysterol binding protein,,,,
63,VIT_06s0004g04110,1674,0.8087,Unknown protein,,,,
64,VIT_03s0038g01410,1663,0.8077,Aquaporin PIP PIP1A,PIP1A,,vv50101Channels_and_pores,
65,VIT_17s0000g00130,1663,0.8053,SEC14 cytosolic factor,SEC14,,vv50122Porters_cat_7_to_17,
66,VIT_11s0016g05630,1651,0.7995,Acetylglucosaminyltransferase,E2_4_1_223,,vv11030Glycan_structures-biosynthesis1,
67,VIT_09s0002g08070,1650,0.7971,Prephenate dehydrogenase,E1_3_1_13,,vv10400Phenylalanine_tyrosine_and_tryptophan_biosynthesis,
68,VIT_03s0088g01150,1641,0.7966,Squalene monooxygenase,E1_14_99_7,,vv10100Biosynthesis_of_steroids,vv10900Terpenoid_biosynthesis
69,VIT_01s0127g00130,1640,0.7934,Cysteine-rich receptor-like protein kinase 3,,,,
70,VIT_01s0011g03660,1638,0.7902,IMP dehydrogenase/GMP reductase,E1_1_1_205,VvERF121,vv10230Purine_metabolism,
71,VIT_02s0025g00260,1617,0.7861,Polygalacturonase GH28,E3_2_1_15,,vv40006Cell_wall,
72,VIT_03s0063g01460,1630,0.7859,Cytochrome b6f complex subunit (petM),K02643,,vv10195Photosynthesis,vv50105Transport_electron_carriers
73,VIT_07s0031g01680,1610,0.7789,CYP86A1,,,,
74,VIT_12s0035g01910,1597,0.7771,Heat shock protein 18.2 kDa class II,K13993,,vv24141Protein_processing_in_endoplasmic_reticulum,
75,VIT_07s0005g01180,1602,0.7739,Unknown protein,,,,
76,VIT_16s0039g01900,1592,0.7728,Myb KAN2 (KANADI 2),KANADI2_2,,vv60029G2-like,
77,VIT_03s0063g01880,1597,0.7722,Acyl-CoA synthetase long-chain member 2,E6_2_1_3_LACS2,,vv10071Fatty_acid_metabolism,vv44146Peroxisome
78,VIT_19s0090g00710,1593,0.7696,No hit,,,,
79,VIT_17s0000g09270,1579,0.7621,MATE efflux family protein,MATE,,vv50125Porters_cat_66_to_94,
80,VIT_13s0019g04260,1564,0.7603,Monoglyceride lipase,E3_1_1_23,,vv10561Glycerolipid_metabolism,
81,VIT_08s0007g02000,1559,0.7546,Glycerol-3-phosphate acyltransferase 8,E2_3_1_15,,vv10561Glycerolipid_metabolism,vv10564Glycerophospholipid_metabolism
82,VIT_13s0074g00390,1560,0.7536,CYP77A2,,,,
83,VIT_10s0003g00620,1566,0.7486,Lipase GDSL,,,,
84,VIT_10s0003g00210,1532,0.7387,Unknown,,,,
85,VIT_02s0025g01410,1525,0.7356,Acyl-CoA synthetase long-chain member 2,E6_2_1_3_LACS2,,vv10071Fatty_acid_metabolism,vv44146Peroxisome
86,VIT_11s0016g02700,1515,0.7340,IAA-amino acid hydrolase 2 (ILL2),ILL2,,vv11002Auxin_biosynthesis,
87,VIT_08s0007g05720,1514,0.7321,No hit,,,,
88,VIT_09s0018g01650,1509,0.7297,Wrinkled1 (AP2/ERBP),WRINKLED1_1,VvAP2-06,vv30008Ethylene_signaling,vv60003AP2_EREBP
89,VIT_14s0128g00160,1516,0.7295,Protein kinase CDG1,,,,
90,VIT_07s0151g00510,1475,0.7139,GCN5 N-acetyltransferase (GNAT),GCN5_22,,vv60082GNAT,
91,VIT_14s0030g02020,1479,0.7128,Aldo/keto reductase,E1_1_1_21,,vv10040Pentose_glucuronate_interconversion,vv10051Fructose_and_mannose_metabolism
92,VIT_04s0069g01120,1471,0.7089,Acyl-activating enzyme 7,E6_2_1_3,,vv10071Fatty_acid_metabolism,vv50104Group_translocators
93,VIT_11s0016g01280,1453,0.7064,DNA-directed RNA polymerase III subunit C4,K03026,,vv23020RNA_polymerase,
94,VIT_03s0038g04650,1454,0.7014,No hit,,,,
95,VIT_02s0025g04840,1452,0.7004,Nudix hydrolase 14,,,,
96,VIT_06s0061g01470,1443,0.6958,ABC transporter G member 22,ABCG22,,vv52010ABC_transporters,
97,VIT_16s0022g00090,1440,0.6953,No hit,,,,
98,VIT_00s0187g00090,1440,0.6946,No hit,,,,
99,VIT_18s0001g12690,1448,0.6938,Isoflavone reductase protein 4,E1_3_1_45,,vv10943Isoflavonoid_biosynthesis,
100,VIT_02s0241g00020,1432,0.6918,Unknown,,,,
101,VIT_06s0080g00050,1421,0.6861,ABC transporter G member 22,ABCG22,,vv52010ABC_transporters,
102,VIT_13s0067g02530,1410,0.6851,Unknown protein,,,,
103,VIT_03s0017g01700,1416,0.6851,Glycine cleavage system H protein  mitochondrial,E1_4_4_2,,vv10260Glycine_serine_and_threonine_metabolism,
104,VIT_08s0007g06310,1412,0.6805,Myb family,MYBGE_10,,vv60029G2-like,
105,VIT_18s0041g00710,1418,0.6788,UDP-glucose: anthocyanidin 5 3-O-glucosyltransferase,RHGT1,,vv10942Anthocyanin_biosynthesis,
106,VIT_06s0009g02640,1394,0.6741,Hydroxymethylglutaryl-CoA lyase,E4_1_3_4,,vv10072Synthesis_and_degradation_of_ketone_bodies,vv10280Valine_leucine_and_isoleucine_degradation
107,VIT_18s0072g01000,1393,0.6733,Dihydrolipoamide S-acetyltransferase,E2_3_1_12,,vv10010Glycolysis,vv10252Alanine_and_aspartate_metabolism
108,VIT_17s0000g07790,1393,0.6723,N-hydroxythioamide S-beta-glucosyltransferase,K11820,,vv10966Glucosinolate_biosynthesis,
109,VIT_10s0071g00270,1396,0.6699,Abscisic acid-insensitive protein 3 (ABI3),ABI3_1,,vv30001ABA_signaling,vv30003Auxin_signaling
110,VIT_04s0023g02880,1356,0.6563,GATA transcription factor 14,GAT14,,vv60016C2C2-GATA,
111,VIT_13s0019g00420,1369,0.6553,F-box family protein,,,,
112,VIT_08s0040g01070,1358,0.6541,Serine carboxypeptidase S10,,,,
113,VIT_18s0001g13150,1354,0.6535,BEL1 homeotic protein 3,BLH3,VvHB68,vv60034HB,
114,VIT_16s0039g02410,1341,0.6500,TPL/WSIP1 (WUS- interacting  protein 1),TPL,,vv30003Auxin_signaling,
115,VIT_08s0040g01040,1336,0.6467,Serine carboxypeptidase II,,,,
116,VIT_00s0323g00060,1317,0.6350,Invertase/pectin methylesterase inhibitor,PMEI,,vv40006Cell_wall,
117,VIT_04s0044g01860,1310,0.6301,Auxin efflux carrier,AUXEFF,,vv50004Auxin_transport,vv50125Porters_cat_66_to_94
118,VIT_14s0068g00740,1297,0.6260,Avr9/Cf-9 rapidly elicited protein 146,,,,
119,VIT_05s0020g04850,1290,0.6241,H1flk,,,,
120,VIT_13s0064g01660,1281,0.6240,Prunasin hydrolase isoform PHA precursor,E3_2_1_118,,vv10460Cyanoamino_acid_metabolism,
121,VIT_06s0004g00950,1269,0.6169,HUB2 (histone mono-ubiquitination 2),HUB2,,vv60078Other_zf-C3HC4,
122,VIT_04s0008g01230,1272,0.6142,Harpin-induced protein,,,,
123,VIT_18s0041g00580,1271,0.6134,Proton-dependent oligopeptide transport (POT) family protein,POT,,vv50122Porters_cat_7_to_17,
124,VIT_01s0026g00570,1274,0.6116,Bet v I allergen,,,,
125,VIT_13s0067g01980,1260,0.6078,Proteinase inhibitor (LUTI),,,,
126,VIT_18s0001g13080,1250,0.6047,Unknown protein,,,,
127,VIT_10s0003g03330,1248,0.6032,Receptor-like serine-threonine protein kinase,,,,
128,VIT_08s0058g00610,1244,0.6007,Binding,,,,
129,VIT_19s0090g00730,1247,0.6007,No hit,,,,
130,VIT_02s0154g00430,1239,0.6006,Unknown,,,,
131,VIT_12s0059g01590,1233,0.5957,Lipase GDSL,,,,
132,VIT_10s0071g00300,1210,0.5851,Unknown protein,,,,
133,VIT_13s0067g02910,1187,0.5723,Non-specific lipid-transfer protein,,,,
134,VIT_18s0089g01240,1179,0.5666,ATP-dependent Clp protease ATP-binding subunit ClpX1 (CLPX),K03544,,,
135,VIT_18s0086g00510,1184,0.5646,Unknown,,,,
136,VIT_13s0019g02880,1159,0.5621,UDP-glucoronosyl/UDP-glucosyl transferase,,,,
137,VIT_13s0019g02190,1168,0.5613,No hit,,,,
138,VIT_13s0139g00010,1157,0.5595,R protein MLA10,K13475,,vv34627R_proteins_from_Plant-pathogen_interaction,
139,VIT_16s0098g00350,1150,0.5585,SDG29 (SET Domain group 29),SDG29_1,,vv60048PHD,
140,VIT_17s0000g02230,1152,0.5576,Jasmonate ZIM domain-containing protein 3,JAZ3_2,,vv30011Jasmonate_signaling,vv34626Plant-pathogen_interaction
141,VIT_09s0002g01080,1140,0.5462,Lipoxygenase,E1_13_11_12,,vv10592alpha-Linolenic_acid_metabolism,
142,VIT_04s0008g05260,1118,0.5404,Unknown,,,,
143,VIT_18s0001g14910,1111,0.5383,Mannitol dehydrogenase,E1_1_1_67,,vv10051Fructose_and_mannose_metabolism,
144,VIT_10s0003g00600,1100,0.5319,Lipase GDSL,,,,
145,VIT_03s0180g00290,1101,0.5316,Gibberellin-regulated protein 4 (GASA4),GASA4,,vv30010Gibberellin_signaling,
146,VIT_02s0154g00420,1100,0.5314,No hit,,,,
147,VIT_05s0049g01850,1100,0.5306,Unknown protein,,,,
148,VIT_19s0027g01630,1093,0.5301,Disease resistance protein (NBS-LRR class),,,,
149,VIT_18s0001g02720,1098,0.5292,fatty acid elongation1 (FAE1),,,,
150,VIT_16s0039g02280,1092,0.5275,EIX receptor 2,,,,
151,VIT_02s0087g00400,1087,0.5261,Pectinacetylesterase,PAE,,vv40006Cell_wall,
152,VIT_19s0014g04460,1088,0.5256,Curculin (mannose-binding) lectin,,,,
153,VIT_15s0046g00240,1088,0.5243,Lateral organ boundaries protein 1,LBD1_2,,vv60007AS2,
154,VIT_18s0001g09260,1071,0.5227,Unknown protein,,,,
155,VIT_09s0054g01560,1080,0.5220,No hit,,,,
156,VIT_08s0056g00800,1090,0.5218,Myb domain protein 60,MYB60,MYB60,vv60044MYB,
157,VIT_05s0020g01900,1079,0.5203,No hit,,,,
158,VIT_12s0059g02310,1066,0.5160,PDF2 (protodermal factor2),PDF2_4,VvHB44,vv60034HB,
159,VIT_07s0129g00270,1071,0.5159,Casein kinase II alpha chain,K03097,,vv23008Ribosome_biogenesis_in_Eukaryotes,vv34710Circadian_rhythm
160,VIT_01s0011g03220,1058,0.5123,Choline transporter,CHOLINETR,,vv50125Porters_cat_66_to_94,
161,VIT_11s0016g04270,1062,0.5123,Hydrolase  alpha/beta fold,,,,
162,VIT_06s0061g00600,1064,0.5123,Nodulin family protein,,,,
163,VIT_02s0012g00590,1061,0.5116,Unknown protein,,,,
164,VIT_08s0056g00160,1049,0.5080,U3 small nucleolar RNA-associated protein 11,,,,
165,VIT_05s0049g00310,1046,0.5053,E8 protein,E8,,vv30008Ethylene_signaling,
166,VIT_18s0001g14390,1036,0.5024,Transducin protein,,,,
167,VIT_16s0022g02350,1015,0.4930,ACI13,,,,
168,VIT_08s0040g00520,1013,0.4896,Leucine-rich repeat protein kinase,,,,
169,VIT_11s0052g01600,1016,0.4880,UDP-glucose flavonoid 3-O-glucosyltransferase 7,E2_4_1_91,,vv10941Flavonoid_biosynthesis,
170,VIT_18s0001g13430,1011,0.4872,Coatomer alpha subunit,K05236,,vv50110Protein_coat,
171,VIT_11s0016g01290,1005,0.4864,CYP72A1,K13400,,vv10902Monoterpenoid_biosynthesis,
172,VIT_00s0515g00040,1000,0.4831,R protein MLA10,K13475,,vv34627R_proteins_from_Plant-pathogen_interaction,
173,VIT_00s0199g00190,990,0.4773,14-3-3 protein GF14 kappa (GRF8),,,,
174,VIT_16s0022g02080,985,0.4765,Exostosin family protein,K02366,,vv11030Glycan_structures-biosynthesis1,
175,VIT_11s0016g02740,984,0.4761,Beta-carotene 15 15'-monooxygenase,E1_14_99_36,,vv10906Carotenoid_biosynthesis,
176,VIT_05s0062g00820,979,0.4752,Unknown protein,,,,
177,VIT_15s0024g01260,986,0.4752,DJ-1 protein / protease,,,,
178,VIT_04s0008g00860,973,0.4700,Ndr family protein,,,,
179,VIT_18s0122g01350,948,0.4629,Small nuclear ribonucleoprotein D3,K11088,,vv23040Spliceosome,
180,VIT_08s0058g00140,958,0.4601,Ammonium transporter 2,AMT2,,vv50101Channels_and_pores,
181,VIT_06s0009g01750,953,0.4588,ATP-dependent RNA helicase DOB1,K12598,,vv23018RNA_degradation,
182,VIT_19s0015g01890,938,0.4523,BRL3 (BRI1-like 3),BRL3,,vv30005Brassinosteroids_signaling,
183,VIT_15s0021g02680,927,0.4491,Cyclin-U2-1 (CycU2;1) Cyclin-P3.1,CYCP3_1,,vv44110Cell_cycle,
184,VIT_18s0001g01320,926,0.4489,Wall-associated receptor kinase 5,,,,
185,VIT_01s0011g00400,918,0.4448,Nuclear transport factor 2 (NTF2),NTF2,,vv50133Primary_active_transporter_cat_A9_to_A18,
186,VIT_16s0013g01730,918,0.4448,Receptor Like Protein 35,,,,
187,VIT_12s0057g01060,914,0.4424,Jasmonate O-methyltransferase,E2_1_1_141,,vv10592alpha-Linolenic_acid_metabolism,
188,VIT_09s0054g00800,913,0.4406,Unknown protein,,,,
189,VIT_12s0028g03480,907,0.4399,Wax synthase,E2_3_1_75,,vv11000Single_reactions,
190,VIT_03s0063g01620<br>VIT_18s0041g01380<br>VIT_07s0095g00580<br>VIT_18s0041g01570<br>VIT_09s0018g00900<br>VIT_08s0056g00360<br>VIT_04s0008g06900<br>VIT_04s0008g04820<br>VIT_00s0193g00140<br>VIT_06s0009g02050<br>VIT_09s0054g00270<br>VIT_04s0008g04840,901,0.4367,
191,VIT_14s0060g02330,899,0.4310,Actin binding formin homology 1,FH2,,vv44810Regulation_of_actin_cytoskeleton,
192,VIT_08s0007g08200,884,0.4295,MATE efflux family protein,MATE,,vv50125Porters_cat_66_to_94,
193,VIT_06s0004g01550,881,0.4283,Phosphoribosylanthranilate transferase,E2_4_2_18,,vv10400Phenylalanine_tyrosine_and_tryptophan_biosynthesis,
194,VIT_06s0009g01420,888,0.4280,Protease inhibitor/seed storage/lipid transfer protein (LTP),,,,
195,VIT_11s0016g04160,879,0.4261,Sulfate transporter 3.5,SULTR3_5,,vv50124Porters_cat_30_to_64,
196,VIT_13s0019g00410,880,0.4253,No hit,,,,
197,VIT_00s0301g00180,877,0.4233,NADPH quinone oxidoreductase,E1_6_5_5,,vv10740Riboflavin_metabolism,
198,VIT_16s0100g00250,873,0.4221,Mandelonitrile lyase-like protein,E4_1_2_10,,vv10460Cyanoamino_acid_metabolism,
199,VIT_08s0007g05110,867,0.4199,No hit,,,,
200,VIT_11s0016g01980,861,0.4182,Unknown protein,,,,
201,VIT_00s0173g00150,860,0.4171,No hit,,,,
202,VIT_06s0004g01770,860,0.4167,Acetyl-CoA carboxylase  biotin carboxylase,E6_4_1_2,,vv10061Fatty_acid_biosynthesis,vv10620Pyruvate_metabolism
203,VIT_17s0000g07060,839,0.4077,UDP-glucosyltransferase HRA25,E2_4_1_81,,vv10941Flavonoid_biosynthesis,
204,VIT_17s0000g09980,839,0.4075,REF6 (relative of early flowering 6),REF6,,vv30009Flower_development,vv60038Jumonji
205,VIT_11s0016g05340,838,0.4037,Ethylene-responsive transcription factor SHINE 3,SHINE3_2,VvERF043,vv30008Ethylene_signaling,vv60003AP2_EREBP
206,VIT_07s0104g00420,833,0.4028,Endo-1 3;1 4-beta-D-glucanase precursor,E3_2_1_73,,,
207,VIT_17s0000g07090,828,0.4016,UDP-glucoronosyl and UDP-glucosyl transferase,,,,
208,VIT_06s0061g01460,825,0.3991,ABC transporter G member 22,ABCG22,,vv52010ABC_transporters,
209,VIT_16s0022g00240,826,0.3988,EIX receptor 2,,,,
210,VIT_10s0003g01010,818,0.3961,Lipase GDSL,,,,
211,VIT_09s0002g03050,808,0.3917,Lipase GDSL,,,,
212,VIT_15s0046g01960,812,0.3908,Hydroquinone glucosyltransferase,E2_4_1_218,,vv10500Starch_and_sucrose_metabolism,
213,VIT_10s0116g01840,806,0.3881,No hit,,,,
214,VIT_13s0106g00250,804,0.3877,Carboxylic ester hydrolase,E3_1_1_1,,,
215,VIT_09s0002g04170,801,0.3853,Acyl-CoA synthetases (Acyl-activating enzyme 13),E6_2_1_3,,vv10071Fatty_acid_metabolism,vv50104Group_translocators
216,VIT_07s0005g01090,794,0.3836,ATP binding protein,,,,
217,VIT_16s0050g02540,793,0.3835,Nodulin MtN3 family,,,,
218,VIT_16s0050g01610,792,0.3833,UDP-glycosyltransferase 88A4,,,,
219,VIT_00s0527g00020,783,0.3790,VQ motif-containing protein,,,,
220,VIT_05s0029g00300,783,0.3784,DNA repair protein RAD50,K10866,,vv23440Homologous_recombination,vv23450Non_homologous_end_joining
221,VIT_12s0028g01240,776,0.3769,fanconi anemia  complementation group D2,,,,
222,VIT_06s0061g00030,778,0.3757,Hydroxyproline-rich glycoprotein,HRGP,,vv40006Cell_wall,
223,VIT_19s0177g00310,777,0.3754,Tryptophan synthase beta chain 1,E4_2_1_20,,vv10400Phenylalanine_tyrosine_and_tryptophan_biosynthesis,
224,VIT_13s0067g02880,776,0.3749,Zinc finger (C3HC4-type ring finger),ZFC3HC4_197,,vv60078Other_zf-C3HC4,
225,VIT_18s0001g06290,773,0.3747,Ribosomal protein S6 (RPS6B) 40S,K02991,,vv23010Ribosome,vv34150mTOR_signaling_pathway
226,VIT_14s0083g00320,769,0.3733,Cinnamoyl-CoA reductase,E1_2_1_44,,vv10940Phenylpropanoid_biosynthesis,
227,VIT_00s2015g00010,767,0.3723,No hit,,,,
228,VIT_05s0062g01140,767,0.3698,Aromatic and neutral transporter 1,ANT1,,vv50123Porters_cat_18_to_29,
229,VIT_03s0038g01300,751,0.3609,Auxin-induced SAUR,SAUR,,vv30003Auxin_signaling,
230,VIT_08s0007g06680,742,0.3604,PMR5 (powdery mildew resistant 5),,,,
231,VIT_13s0019g00470,744,0.3591,No hit,,,,
232,VIT_14s0171g00100,739,0.3584,Blue (type 1) copper domain,,,,
233,VIT_02s0012g01830,736,0.3561,Heat shock cognate 70 kDa protein 3 (HSC70-3) (HSP70-3),HSC703,,vv23040Spliceosome,vv24141Protein_processing_in_endoplasmic_reticulum
234,VIT_00s0229g00160,726,0.3506,formyltetrahydrofolate deformylase,E3_5_1_10,,vv10630Glyoxylate_and_dicarboxylate_metabolism,vv10670One_carbon_pool_by_folate
235,VIT_12s0034g02350,721,0.3503,R protein disease resistance protein,RPROT,,vv34627R_proteins_from_Plant-pathogen_interaction,
236,VIT_07s0005g00410,727,0.3499,Glycosyl hydrolase family 1 protein,,,,
237,VIT_18s0089g00510,720,0.3483,Isopentenyltransferase 1,E2_5_1_27,,vv10908Zeatin_biosynthesis,
238,VIT_19s0027g01620,720,0.3465,Disease resistance protein (NBS-LRR class),,,,
239,VIT_00s0207g00010,713,0.3436,Anthranilate N-benzoyltransferase protein 1,E2_3_1_144,,vv10400Phenylalanine_tyrosine_and_tryptophan_biosynthesis,
240,VIT_09s0002g06990,710,0.3435,Phosphatidic acid phosphatase / PAP2,E3_1_3_4,,vv10561Glycerolipid_metabolism,vv10564Glycerophospholipid_metabolism
241,VIT_08s0040g03150,705,0.3421,L-ascorbate peroxidase 1  cytosolic (APX1),E1_11_1_11,,vv10053Ascorbate_and_aldarate_metabolism,
242,VIT_08s0056g00260,703,0.3416,Harpin-induced protein,,,,
243,VIT_02s0025g04550,710,0.3413,Glucose-methanol-choline (GMC) oxidoreductase,E1_1_99_1,,vv10260Glycine_serine_and_threonine_metabolism,
244,VIT_18s0122g00590,699,0.3385,DNA-binding protein,,,,
245,VIT_03s0038g01510,705,0.3373,Unknown protein,,,,
246,VIT_06s0009g01410,696,0.3362,No hit,,,,
247,VIT_13s0067g00330,690,0.3329,AUX1 auxin influx carrier protein,AUX1,,vv50004Auxin_transport,vv50123Porters_cat_18_to_29
248,VIT_09s0054g00700,685,0.3320,Vacuolar-pyrophosphatase like protein 1 AVPL1,K01507,,vv10190Oxidative_phosphorylation,vv50133Primary_active_transporter_cat_A9_to_A18
249,VIT_16s0100g00470,682,0.3299,BCL2 binding anthogene,,,,
250,VIT_02s0025g04530,678,0.3286,DNA-directed RNA polymerase II subunit A,K03006,,vv23020RNA_polymerase,
251,VIT_18s0001g06940,666,0.3244,Purine permease 1 (PUP1),PUP1,,vv10908Zeatin_biosynthesis,vv50122Porters_cat_7_to_17
252,VIT_16s0050g01010,662,0.3207,ATP binding protein,,,,
253,VIT_04s0008g02250,657,0.3183,Beta-ketoacyl-CoA synthase,E2_3_1_41,,vv10061Fatty_acid_biosynthesis,
254,VIT_15s0046g01460,656,0.3180,Unknown,,,,
255,VIT_18s0001g03470,647,0.3126,Flavonol synthase,E1_14_11_23,,vv10941Flavonoid_biosynthesis,
256,VIT_15s0048g01040,648,0.3121,DNA repair protein,,,,
257,VIT_06s0004g00850,650,0.3119,DEAD box RNA helicase,DEADBOX,,vv23040Spliceosome,vv50133Primary_active_transporter_cat_A9_to_A18
258,VIT_10s0003g03770,645,0.3119,Pyruvate dehydrogenase beta subunit,E1_2_4_1,,vv10010Glycolysis,vv10252Alanine_and_aspartate_metabolism
259,VIT_15s0046g01820,639,0.3106,Ring-H2 finger B1A,RHB1A,,vv60078Other_zf-C3HC4,
260,VIT_00s0515g00010,645,0.3099,Phospholipase/carboxylesterase,E3_1_1_1,,,
261,VIT_02s0025g02970,642,0.3098,flavanone 3-beta-hydroxylase,E1_14_11_9,,vv10941Flavonoid_biosynthesis,
262,VIT_02s0033g01020,641,0.3092,Anthraniloyal-CoA: methanol anthraniloyal transferase,AMAT,,vv10400Phenylalanine_tyrosine_and_tryptophan_biosynthesis,
263,VIT_14s0030g00690,631,0.3048,ABI3-interacting protein 2,AIP2,,vv30001ABA_signaling,
264,VIT_18s0072g01020,630,0.3035,Unknown protein,,,,
265,VIT_05s0049g01810,630,0.3030,No hit,,,,
266,VIT_01s0011g01070,626,0.3015,No hit,,,,
267,VIT_05s0094g01390,615,0.2974,Ion channel OEP37,OEP37,,vv50101Channels_and_pores,
268,VIT_05s0077g01670,607,0.2935,Major cherry allergen Pru av 1.0202,,,,
269,VIT_19s0015g00560,611,0.2928,No hit,,,,
270,VIT_14s0066g01790,604,0.2912,GASA like,GASAL,,vv30010Gibberellin_signaling,
271,VIT_05s0020g00760,598,0.2911,Pyruvate dehydrogenase kinase  Mitochondrial,E2_7_11_2,,vv10010Glycolysis,vv10252Alanine_and_aspartate_metabolism
272,VIT_18s0072g01050,602,0.2904,SNARE associated gtk16 protein,,,,
273,VIT_13s0067g00400,597,0.2883,Anthranilate synthase alpha 1,E4_1_3_27,,vv10400Phenylalanine_tyrosine_and_tryptophan_biosynthesis,
274,VIT_00s2887g00010,589,0.2862,Syntaxin 52,K08503,,vv24130SNARE_interactions_in_vesicular_transport,
275,VIT_06s0009g02140,594,0.2860,Molybdopterin biosynthesis MoaE CNX6,K03635,,vv10790Folate_biosynthesis,
276,VIT_15s0046g00230,594,0.2852,Lateral organ boundaries protein 1,LBD1_1,,vv60007AS2,
277,VIT_10s0116g00680,588,0.2852,PDF2 (protodermal factor2),PDF2_2,VvHB35,vv60034HB,
278,VIT_15s0048g02000,584,0.2839,Homeodomain GLABROUS1,HDG1_1,VvHB53,vv60034HB,
279,VIT_05s0102g00370,587,0.2834,Receptor protein kinase (ACR4),,,,
280,VIT_14s0030g00220,578,0.2795,Sugar transporter ERD6-like 5,ERD6L5,,vv50121Porters_cat_1_to_6,
281,VIT_14s0068g00930,574,0.2785,Chalcone synthase,E2_3_1_74,,vv10941Flavonoid_biosynthesis,
282,VIT_07s0129g01020,573,0.2760,MRG,,,,
283,VIT_17s0000g02830,567,0.2744,R protein MLA10,K13475,,vv34627R_proteins_from_Plant-pathogen_interaction,
284,VIT_02s0012g01680,560,0.2709,Trehalose phosphatase 5,E3_1_3_12,,vv10500Starch_and_sucrose_metabolism,
285,VIT_18s0001g06690,554,0.2682,Gibberellin 20 oxidase 2,E1_14_11_12,,vv10904Diterpenoid_biosynthesis,
286,VIT_04s0023g02810,548,0.2678,Aldehyde dehydrogenase 3B1,E1_2_1_3,vv10561Glycerolipid_metabolism,vv10010Glycolysis,vv10071Fatty_acid_metabolism
287,VIT_14s0068g02230,552,0.2660,No hit,,,,
288,VIT_00s0313g00040,547,0.2648,PAS2 (PASTICCINO 2),K10703,,vv11040Biosynthesis_of_unsaturated_fatty_acids,
289,VIT_10s0092g00150,546,0.2640,Patatin protein 3,,,,
290,VIT_14s0066g01890,543,0.2630,Sterile alpha motif (SAM) domain-containing,,,,
291,VIT_10s0597g00050,542,0.2625,Heat shock transcription factor B2A,HSFB2A_3,,vv60037HSF,
292,VIT_02s0033g01000,541,0.2621,Anthraniloyal-CoA: methanol anthraniloyal transferase,AMAT,,vv10400Phenylalanine_tyrosine_and_tryptophan_biosynthesis,
293,VIT_09s0002g04770,533,0.2582,Calcineurin-like phosphoesterase family,,,,
294,VIT_06s0004g05780,534,0.2566,UDP-glucoronosyl and UDP-glucosyl transferase,,,,
295,VIT_05s0049g01240,528,0.2561,Casein kinase I delta,K02218,,vv23008Ribosome_biogenesis_in_Eukaryotes,
296,VIT_16s0100g00360,531,0.2555,Per1,,,,
297,VIT_01s0011g03890,528,0.2552,Receptor serine/threonine kinase PR5K,,,,
298,VIT_14s0108g01080,528,0.2546,Myb domain protein 106,MYB106_2,MYB141,vv60044MYB,
299,VIT_11s0016g01120,530,0.2542,Tubulin-tyrosine ligase,TUBULINTL,,vv44810Regulation_of_actin_cytoskeleton,
300,VIT_08s0007g01750,525,0.2533,Acetyl co-enzyme A carboxylase carboxyltransferase alpha subunit,E6_4_1_2,,vv10061Fatty_acid_biosynthesis,vv10620Pyruvate_metabolism
301,VIT_11s0016g01160,528,0.2525,GCN5 N-acetyltransferase (GNAT),GCN5_3,,vv60082GNAT,
302,VIT_19s0014g05160,520,0.2522,RPS2 (resistant to p. syringae 2),K13459,,vv34626Plant-pathogen_interaction,
303,VIT_00s0361g00090,524,0.2519,Phototropic-responsive NPH3 protein,,,,
304,VIT_17s0000g08660,518,0.2504,Anthranilate phosphoribosyltransferase  chloroplast precursor,E2_4_2_18,,vv10400Phenylalanine_tyrosine_and_tryptophan_biosynthesis,
305,VIT_04s0008g06580,514,0.2483,DNA-directed RNA polymerase II subunit B,K03010,,vv23020RNA_polymerase,
306,VIT_01s0010g00720,513,0.2481,Unknown,,,,
307,VIT_17s0000g03070,512,0.2481,R protein MLA10,K13475,,vv34627R_proteins_from_Plant-pathogen_interaction,
308,VIT_02s0025g00960,511,0.2467,V-type H+-transporting ATPase subunit E,K02150,,vv10190Oxidative_phosphorylation,vv44145Phagosome
309,VIT_01s0010g02740,507,0.2448,4-coumarate-CoA ligase,E6_2_1_12,,vv10940Phenylpropanoid_biosynthesis,vv50104Group_translocators
310,VIT_13s0067g01460,508,0.2445,Avr9/Cf-9 rapidly elicited protein,,,,
311,VIT_04s0044g01700,502,0.2439,RNA polymerase I specific transcription initiation factor RRN3,RRN3,,,
312,VIT_08s0007g03140,503,0.2433,Rac GTPase activating protein 1,RHOGAP,,vv50109Incompletely_characterized_transport_systems,
313,VIT_10s0003g00980,504,0.2432,Unknown protein,,,,
314,VIT_02s0087g00280,505,0.2429,Glycosyl transferase family 1 protein,,,,
315,VIT_17s0000g07950,501,0.2420,Unknown protein,,,,
316,VIT_10s0116g00630,494,0.2391,Unknown protein,,,,
317,VIT_13s0064g01270,493,0.2382,TRNA/rRNA methyltransferase (SpoU),K02533,,,
318,VIT_19s0014g04130,490,0.2376,Serine/threonine-protein kinase receptor ARK3,,,,
319,VIT_01s0011g04450,488,0.2361,MATE efflux family protein,MATE,,vv50125Porters_cat_66_to_94,
320,VIT_02s0012g01660,486,0.2332,ATPase PGP2 (P-glycoprotein 2),PGP2,,vv52010ABC_transporters,
321,VIT_01s0011g01790,475,0.2310,Galactose-binding like,,,,
322,VIT_00s0371g00020,476,0.2292,Cinnamyl alcohol dehydrogenase,E1_1_1_195,,vv10940Phenylpropanoid_biosynthesis,
323,VIT_10s0003g04270,468,0.2278,BCL2 binding anthogene,,,,
324,VIT_18s0001g12170,470,0.2273,CYP72A1,K13400,,vv10902Monoterpenoid_biosynthesis,
325,VIT_00s0516g00010,466,0.2263,Unknown,,,,
326,VIT_19s0015g02690,465,0.2246,Glutathione S-transferase 25 GSTU25,E2_5_1_18_GSTU25,,vv10480Glutathione_metabolism,
327,VIT_02s0025g04750,463,0.2236,Glycerate dehydrogenase,E1_1_1_29,,vv10630Glyoxylate_and_dicarboxylate_metabolism,
328,VIT_19s0014g04090<br>VIT_10s0071g00450<br>VIT_10s0071g00440<br>VIT_19s0015g02410<br>VIT_19s0014g04160,463,0.2236,
329,VIT_04s0044g00050,462,0.2217,Protein kinase APK1B,,,,
330,VIT_14s0068g00040,458,0.2209,No hit,,,,
331,VIT_19s0014g04510,456,0.2200,S-locus protein kinase,,,,
332,VIT_18s0001g04800,448,0.2166,Hyperosmotically inducible periplasmic protein,K04065,,vv50131Primary_active_transporter_cat_A2_to_A4,
333,VIT_13s0019g02990<br>VIT_13s0019g02890<br>VIT_13s0019g02910,445,0.2152,
334,VIT_13s0019g00400,440,0.2129,Unknown,,,,
335,VIT_08s0007g07140,432,0.2082,Esterase/lipase/thioesterase family protein,,,,
336,VIT_08s0007g06000,425,0.2059,Glucan endo-1 3-beta-glucosidase GII precursor,E3_2_1_39,,vv10500Starch_and_sucrose_metabolism,
337,VIT_12s0035g00240,423,0.2041,DAG protein  chloroplast precursor,,,,
338,VIT_17s0000g03750,419,0.2028,Chitin elicitor-binding CEBIP LysM domain-containing,K13473,,vv34626Plant-pathogen_interaction,
339,VIT_15s0045g00030,417,0.2014,No hit,,,,
340,VIT_14s0068g02010,413,0.1998,IMP dehydrogenase/GMP reductase,E1_1_1_205,,vv10230Purine_metabolism,
341,VIT_02s0154g00410,412,0.1998,Unknown protein,,,,
342,VIT_18s0001g09510,415,0.1994,CYP81B2v1,,,,
343,VIT_14s0068g00140,414,0.1984,No hit,,,,
344,VIT_01s0011g05030,406,0.1974,Unknown protein,,,,
345,VIT_18s0041g00370,409,0.1973,Double strand break repair protein (XRCC4),K10886,,vv23450Non_homologous_end_joining,
346,VIT_06s0004g00070,404,0.1964,Alpha-expansin 10 precursor,EXPA10,,vv30003Auxin_signaling,
347,VIT_14s0060g01320,407,0.1963,Universal stress protein (USP) family protein,,,,
348,VIT_12s0034g02200,398,0.1942,RKF3 (receptor-like kinase IN in flowers 3),,,,
349,VIT_12s0059g02740,402,0.1939,SET domain protein,SETDOM_2,,vv60056SET_PCG,
350,VIT_02s0025g04410,402,0.1935,Beta-ketoacyl-CoA synthase,E2_3_1_41,,vv10061Fatty_acid_biosynthesis,
351,VIT_12s0028g02320,399,0.1926,Pentatricopeptide (PPR) repeat-containing,,,,
352,VIT_13s0067g00730,395,0.1914,Carboxylic ester hydrolase,E3_1_1_1,,,
353,VIT_09s0002g03130,393,0.1905,FRK1 (FLG22-induced receptor-like kinase 1),FRK1,,vv34626Plant-pathogen_interaction,
354,VIT_01s0026g02530,394,0.1900,Beta-1 3-galactosyltransferase,K07819,,vv10602Glycosphingolipid_biosynthesis,
355,VIT_08s0007g06030,392,0.1892,Beta 1-3 glucanase [Vitis vinifera],E3_2_1_6,,,
356,VIT_18s0001g12700,387,0.1863,No hit,,,,
357,VIT_05s0049g01120<br>VIT_05s0049g01090,384,0.1851,
358,VIT_14s0066g00280,379,0.1851,No hit,,,,
359,VIT_05s0094g01280,379,0.1841,Ribosome subunit biogenesis protein 60S,K07565,,,
360,VIT_17s0000g09760,380,0.1835,ABC transporter B member 11,K05664,,vv52010ABC_transporters,
361,VIT_13s0019g04460,375,0.1820,Phenylalanine ammonia-lyase 2 (PAL2),E4_3_1_5,,vv10350Tyrosine_metabolism,vv10360Phenylalanine_metabolism
362,VIT_16s0039g00010,374,0.1811,ABC transporter G member 7,ABCG7,,vv52010ABC_transporters,
363,VIT_12s0028g03110,362,0.1760,Caffeoyl-CoA 3-O-methyltransferase,E2_1_1_104,,vv10940Phenylpropanoid_biosynthesis,
364,VIT_01s0150g00390,361,0.1754,Minichromosome maintenance protein 2,K02540,,vv23030DNA_replication,vv44110Cell_cycle
365,VIT_02s0025g04360,359,0.1732,S-N-methylcoclaurine 3'-hydroxylase,E1_14_13_71,,vv10950Alkaloid_biosynthesis_I,
366,VIT_12s0057g01000,358,0.1728,Unknown protein,,,,
367,VIT_06s0004g02120,356,0.1722,Oxoglutarate/malate translocator,DIT1,,vv50124Porters_cat_30_to_64,
368,VIT_08s0040g03400,352,0.1701,Short-chain dehydrogenase/reductase,,,,
369,VIT_07s0005g02530,335,0.1623,Unknown protein,,,,
370,VIT_08s0040g02250,336,0.1620,No hit,,,,
371,VIT_12s0034g02570,333,0.1609,Leucine Rich Repeat receptor-like kinase,,,,
372,VIT_16s0098g00200,330,0.1598,Receptor serine/threonine kinase PR5K,,,,
373,VIT_19s0015g00710,327,0.1579,Cellulose synthase CSLE1,E2_4_1_12_CSLE1,,vv40006Cell_wall,
374,VIT_06s0061g00230,325,0.1574,ABC transporter G member 7,ABCG7,,vv52010ABC_transporters,
375,VIT_16s0039g02380,323,0.1567,Disease resistance family protein,,,,
376,VIT_01s0026g00080,318,0.1544,Metal-dependent phosphohydrolase HD domain-containing protein,K07023,,,
377,VIT_06s0009g00480,314,0.1518,Aluminium-tolerance ALMT1,ALMT1,,vv50125Porters_cat_66_to_94,
378,VIT_17s0000g09770,313,0.1516,Cysteine proteinase,E3_4_22_x,,,
379,VIT_10s0042g01620,307,0.1483,No hit,,,,
380,VIT_03s0038g01960,307,0.1481,Proline-rich family protein,,,,
381,VIT_05s0020g00700,308,0.1480,Squamosa promoter-binding protein 12 (SPL12),SPL12_4,,vv60055SBP,
382,VIT_07s0141g00610,300,0.1446,Zinc finger (C3HC4-type ring finger),ZFC3HC4_217,,vv60078Other_zf-C3HC4,
383,VIT_17s0000g04320,295,0.1423,Partner of Nob1,,,,
384,VIT_08s0007g01470,294,0.1419,Copper transporter 3,COPT3,,vv50101Channels_and_pores,
385,VIT_14s0128g00210,293,0.1414,Xyloglucanase inhibitor,,,,
386,VIT_08s0007g06390,290,0.1402,Enoyl-[acyl-carrier-protein] reductase [NADH]  chloroplast precursor,E1_3_1_9,,vv10061Fatty_acid_biosynthesis,
387,VIT_00s2240g00010,284,0.1377,GAE3 (UDP-D- glcucuronate  4-epimerase 3),E5_1_3_6,,vv10500Starch_and_sucrose_metabolism,vv10520Nucleotide_sugars_metabolism
388,VIT_01s0244g00180,278,0.1351,CTV.20,,,,
389,VIT_15s0045g01590,278,0.1345,Eceriferum 1 (CER1 protein) Sterol desaturase,,,,
390,VIT_15s0045g00370,277,0.1338,Phosphatidylglycerol specific phospholipase C,E3_1_4_3,,vv10260Glycine_serine_and_threonine_metabolism,vv10562Inositol_phosphate_metabolism
391,VIT_14s0066g00400,275,0.1336,Chalcone isomerase,E5_5_1_6,,vv10941Flavonoid_biosynthesis,
392,VIT_11s0016g05420,271,0.1315,SOS2 (salt overly sensitive 2),SOS2,,vv30001ABA_signaling,
393,VIT_13s0019g05290,267,0.1298,Acyl-CoA binding,,,,
394,VIT_09s0018g01880,268,0.1295,RNA-binding protein,,,,
395,VIT_12s0059g00190,263,0.1278,Beta-expansin (EXPB3),EXPB3,,vv30003Auxin_signaling,
396,VIT_08s0040g01580,263,0.1264,Protein kinase APK1A  chloroplast precursor,,,,
397,VIT_17s0000g00040,259,0.1259,Pentatricopeptide (PPR) repeat-containing,,,,
398,VIT_08s0058g00430,260,0.1251,ferritin,E1_16_3_1,,vv10860Porphyrin_and_chlorophyll_metabolism,
399,VIT_04s0043g00560,256,0.1247,DD1A protein,,,,
400,VIT_05s0077g00430,256,0.1242,Galactinol synthase,E2_4_1_123,,vv10052Galactose_metabolism,
401,VIT_14s0219g00280,248,0.1200,Glycerol-3-phosphate dehydrogenase (NAD+),E1_1_1_8,,vv10564Glycerophospholipid_metabolism,
402,VIT_19s0015g00510,249,0.1197,Pectate lyase 2,E4_2_2_2,,vv40006Cell_wall,
403,VIT_17s0053g00680,244,0.1186,Argonaute protein (AGO1),,,,
404,VIT_06s0004g05200,245,0.1182,No hit,,,,
405,VIT_16s0098g00360,239,0.1164,CCT motif constans-like,CCT_3,,vv60070Orphans_CCT,
406,VIT_12s0028g03900,240,0.1163,No hit,,,,
407,VIT_04s0023g01930,242,0.1160,Basic helix-loop-helix (bHLH) family,BHLHDOM_15,,vv60011BHLH,
408,VIT_03s0038g02140,240,0.1159,Auxin transporter protein 2,AUX1,,vv50004Auxin_transport,vv50123Porters_cat_18_to_29
409,VIT_15s0046g03240,238,0.1151,Unknown protein,,,,
410,VIT_12s0134g00670,239,0.1147,Anthocyanin 5-aromatic acyltransferase,E2_3_1_153,,vv10941Flavonoid_biosynthesis,vv10942Anthocyanin_biosynthesis
411,VIT_13s0064g00840,235,0.1141,9 10[9' 10']carotenoid cleavage dioxygenase,CCD,,vv10906Carotenoid_biosynthesis,
412,VIT_07s0005g01120,235,0.1134,FAR1-related sequence 11,FRS11_3,,vv60071Orphans_far-red,
413,VIT_18s0001g15450,231,0.1118,Alcohol dehydrogenase 3,E1_1_1_1,,vv10010Glycolysis,vv10071Fatty_acid_metabolism
414,VIT_04s0008g06310,231,0.1114,Octicosapeptide/Phox/Bem1p (PB1) domain-containing protein,BEM1P,,vv50132Primary_active_transporter_cat_A5_to_A8,
415,VIT_10s0003g03780,230,0.1113,Unknown protein,,,,
416,VIT_19s0014g04270,228,0.1107,S-locus protein kinase,,,,
417,VIT_10s0042g01150,229,0.1105,ARGONAUTE 2 (AGO2),,,,
418,VIT_04s0023g03040,228,0.1103,Lactoylglutathione lyase,E4_4_1_5,,vv10620Pyruvate_metabolism,
419,VIT_16s0039g02860,227,0.1101,Germin-like protein 3 [Vitis vinifera],,,,
420,VIT_08s0040g01230,228,0.1099,Auxin transport protein (PIN3),PIN3,,vv50004Auxin_transport,vv50125Porters_cat_66_to_94
421,VIT_00s0254g00010,225,0.1096,Unknown,,,,
422,VIT_11s0016g05180,227,0.1090,Nitrate transporter,NTP2,,vv50122Porters_cat_7_to_17,
423,VIT_01s0011g02520,224,0.1088,EXS family protein / ERD1/XPR1/SYG1,ERD1,,vv50125Porters_cat_66_to_94,
424,VIT_12s0057g01530,223,0.1078,Endomembrane protein 70  TM4 ;,EMP70,,,
425,VIT_05s0049g00750,222,0.1065,No hit,,,,
426,VIT_03s0038g04550,220,0.1063,Unknown,,,,
427,VIT_08s0032g00670,218,0.1057,Glutamate carboxypeptidase (AMP1),E3_4_17_21,,,
428,VIT_18s0001g11290,218,0.1055,Signal peptidase 1,K03100,,vv23060Protein_export,vv50132Primary_active_transporter_cat_A5_to_A8
429,VIT_13s0019g03760,215,0.1039,Lateral organ boundaries protein 11,LBD11_5,,vv60007AS2,
430,VIT_03s0063g00370,214,0.1034,Nitrite reductase,E1_7_7_1,,vv10910Nitrogen_metabolism,
431,VIT_07s0005g01980,214,0.1031,Glycosyl transferase family 8 protein,,,,
432,VIT_00s0415g00020,214,0.1031,Endoribonuclease E-like protein,,,,
433,VIT_01s0137g00790,213,0.1027,No hit,,,,
434,VIT_08s0105g00390,213,0.1026,Calcium-dependent protein kinase 13 CPK13,CPK13,,vv34626Plant-pathogen_interaction,
435,VIT_16s0039g01400,212,0.1023,Unknown protein,,,,
436,VIT_04s0008g01390,210,0.1020,RNA recognition motif (RRM)-containing protein,,,,
437,VIT_00s0187g00120,209,0.1009,Cystatin,,,,
438,VIT_13s0067g02390,207,0.1004,Unknown,,,,
439,VIT_16s0013g00680,208,0.1004,No hit,,,,
440,VIT_08s0040g01710,207,0.0996,Phenylalanine ammonia-lyase,E4_3_1_5,,vv10350Tyrosine_metabolism,vv10360Phenylalanine_metabolism
441,VIT_01s0026g00290,205,0.0989,No hit,,,,
442,VIT_14s0128g00520,200,0.0969,Alpha-L-fucosidase 2 precursor,E3_2_1_51,,vv10511N-Glycan_degradation,
443,VIT_18s0086g00530,198,0.0958,H(+)-ATPase AHA10 (autoinhibited H(+)-ATPase isoform 10),K01535,,vv10190Oxidative_phosphorylation,vv50131Primary_active_transporter_cat_A2_to_A4
444,VIT_08s0040g01520,197,0.0948,Indole-3-acetate beta-glucosyltransferase,E2_4_1_121,,vv11002Auxin_biosynthesis,
445,VIT_07s0005g01970,196,0.0948,Galactinol synthase,E2_4_1_123,,vv10052Galactose_metabolism,
446,VIT_00s0198g00050,196,0.0947,No hit,,,,
447,VIT_18s0001g10050,192,0.0929,LRX1 (leucine-rich repeat/extensin 1),EXTENSIN,,vv40006Cell_wall,
448,VIT_12s0142g00250,192,0.0925,Potassium transporter (KUP7),KUP7,,vv50125Porters_cat_66_to_94,
449,VIT_05s0094g00300,191,0.0925,Chitinase class IV,E3_2_1_14,,vv10530Aminosugars_metabolism,
450,VIT_01s0010g02610,191,0.0923,Unknown protein,,,,
451,VIT_10s0042g00060,189,0.0914,No hit,,,,
452,VIT_04s0043g00720,186,0.0900,Transketolase,E2_2_1_1,,vv10030Pentose_phosphate,vv10710Carbon_fixation
453,VIT_19s0027g00900,185,0.0895,No hit,,,,
454,VIT_04s0023g02940,183,0.0894,Unknown protein,,,,
455,VIT_14s0066g02270,182,0.0882,Endonuclease/exonuclease/phosphatase family protein,E3_1_30_x,,,
456,VIT_18s0001g02420,179,0.0863,Aspartic proteinase Asp1 precursor,E3_4_23_x,,,
457,VIT_04s0008g03600,176,0.0849,Tocopherol cyclase,K09834,,vv10100Biosynthesis_of_steroids,
458,VIT_03s0063g02140,176,0.0848,RRA2 (reduced residual arabinose 2),,,,
459,VIT_00s2037g00010,175,0.0847,Unknown,,,,
460,VIT_16s0022g01810,175,0.0841,AT-hook protein 1,,,,
461,VIT_00s1542g00010,175,0.0841,Receptor protein kinase,,,,
462,VIT_19s0014g04900,173,0.0839,(-)-germacrene D synthase,E4_2_3_22,,vv10900Terpenoid_biosynthesis,
463,VIT_08s0040g01640,172,0.0831,Telomere repeat binding factor like TRFL8,TRFL8,,vv60045MYBrelated,
464,VIT_06s0004g05730,170,0.0825,Universal stress protein (USP) family protein,,,,
465,VIT_19s0014g03520,171,0.0821,fiber protein,,,,
466,VIT_17s0000g07020,168,0.0816,Cis-zeatin O-beta-D-glucosyltransferase,E2_4_1_215,,vv10908Zeatin_biosynthesis,
467,VIT_16s0100g00230,167,0.0810,Glucose-methanol-choline (GMC) oxidoreductase family protein,E1_1_99_1,,vv10260Glycine_serine_and_threonine_metabolism,
468,VIT_00s0445g00040,166,0.0807,Unknown,,,,
469,VIT_08s0040g00410,163,0.0787,Proteasome 20S alpha subunit G (PAG1) (PRC8),K02727a,,vv23050Proteasome,
470,VIT_14s0030g01950,163,0.0786,Transferase,,,,
471,VIT_09s0096g00090,162,0.0785,Hypoxia up-regulated 1 HSP70,K09486,,vv50101Channels_and_pores,
472,VIT_03s0017g00830,160,0.0776,2OG-Fe(II) oxygenase,,,,
473,VIT_12s0059g01870,158,0.0768,GH3-like protein,AUXINBIOSYNTHESIS_GH3,,vv11002Auxin_biosynthesis,
474,VIT_04s0008g03950,157,0.0759,RD22,,,,
475,VIT_18s0001g10820,156,0.0755,Proteasome 26S regulatory subunit (RPN11),K03030,,vv23050Proteasome,
476,VIT_13s0019g04090,155,0.0747,Ubiquitin-conjugating enzyme E2 C,K06688,,vv24120Ubiquitin_mediated_proteolysis,
477,VIT_05s0136g00210,154,0.0745,Kafirin cluster,,,,
478,VIT_18s0122g00370,154,0.0743,Laccase,E1_10_3_2,,vv11000Single_reactions,vv50109Incompletely_characterized_transport_systems
479,VIT_14s0030g00350,151,0.0732,RKF3 (receptor-like kinase IN in flowers 3),RKF3,,vv60042MADS,
480,VIT_13s0067g01350,150,0.0727,Basic helix-loop-helix (bHLH) family,BHLHDOM_16,,vv60011BHLH,
481,VIT_04s0008g00750,151,0.0725,Unknown protein,,,,
482,VIT_18s0072g00950,150,0.0722,Permease nonimprinted in Prader-Willi/Angelman,NIPA,,vv50122Porters_cat_7_to_17,
483,VIT_11s0037g00320,149,0.0721,Serine carboxypeptidase S10,,,,
484,VIT_19s0015g01210,149,0.0714,KH domain-containing protein,,,,
485,VIT_13s0019g01520,147,0.0710,Protease inhibitor/seed storage/lipid transfer protein (LTP),,,,
486,VIT_08s0040g00490,146,0.0703,Caspase,E3_4_22_36,,,
487,VIT_18s0089g01270,145,0.0702,Heat shock protein precursor 22.0 kDa class IV,K13993,,vv24141Protein_processing_in_endoplasmic_reticulum,
488,VIT_15s0048g02730,142,0.0690,Ribosome biogenesis regulatory protein (RRS1),,,,
489,VIT_12s0142g00170,143,0.0689,Potassium transporter (KUP7),KUP7,,vv50125Porters_cat_66_to_94,
490,VIT_07s0104g00800,142,0.0684,Indole-3-acetic acid-amido synthetase GH3.6,AUXINBIOSYNTHESIS_GH3,,vv11002Auxin_biosynthesis,
491,VIT_09s0018g00310,141,0.0684,ABC transporter C member 1,K05665,,vv52010ABC_transporters,
492,VIT_07s0031g01250,140,0.0676,1-acylglycerone phosphate reductase,E1_1_1_101,,vv10564Glycerophospholipid_metabolism,vv10565Ether_lipid_metabolism
493,VIT_14s0066g00570,137,0.0662,No hit,,,,
494,VIT_09s0018g02020,136,0.0658,Syntaxin 1B/2/3/4,K08486,,vv24130SNARE_interactions_in_vesicular_transport,vv50101Channels_and_pores
495,VIT_11s0016g00290,131,0.0633,Pectinesterase PME3,E3_1_1_11,,vv40006Cell_wall,
496,VIT_06s0004g07220,131,0.0630,Indole-3-acetate beta-glucosyltransferase,E2_4_1_121,,vv11002Auxin_biosynthesis,
497,VIT_09s0002g05000,129,0.0623,R protein disease resistance protein,RPROT,,vv34627R_proteins_from_Plant-pathogen_interaction,
498,VIT_08s0007g07690,129,0.0621,Polygalacturonase inhibiting protein PGIP1,PGIP,,,
499,VIT_06s0009g03390,127,0.0614,No hit,,,,
500,VIT_13s0019g03020,127,0.0611,Glucosyltransferase-2,,,,
501,VIT_13s0019g02460,123,0.0594,Proton-dependent oligopeptide transport (POT) family protein,POT,VvHB45,vv50122Porters_cat_7_to_17,
502,VIT_07s0005g01290,122,0.0591,DnaJ homolog  subfamily C  member 7,K09527,,vv50132Primary_active_transporter_cat_A5_to_A8,
503,VIT_05s0049g00010,122,0.0589,Cellulose synthase CSLG2,E2_4_1_12_CSLG2,,vv40006Cell_wall,
504,VIT_13s0084g00710,122,0.0589,No hit,,,,
505,VIT_12s0028g01850,121,0.0585,Receptor kinase TRKe,,,,
506,VIT_16s0100g00670,119,0.0575,Homeodomain GLABROUS1,HDG1_2,VvHB55,vv60034HB,
507,VIT_07s0104g00210,119,0.0574,Phenazine biosynthesis PhzC/PhzF protein,K06998,,vv10400Phenylalanine_tyrosine_and_tryptophan_biosynthesis,
508,VIT_18s0001g00210,118,0.0571,Cytokinin riboside 5'-monophosphate phosphoribohydrolase LOG5,LOG5,,vv10908Zeatin_biosynthesis,
509,VIT_06s0004g06750,117,0.0568,Armadillo/beta-catenin repeat,,,,
510,VIT_03s0017g00520,116,0.0559,No hit,,,,
511,VIT_11s0118g00210,116,0.0557,Nodulation receptor kinase,,,,
512,VIT_15s0046g00710,114,0.0556,Wax synthase,E2_3_1_75,,vv11000Single_reactions,
513,VIT_19s0093g00590,113,0.0548,Myosin heavy chain-like protein,K10352,,vv44810Regulation_of_actin_cytoskeleton,
514,VIT_06s0004g04740,111,0.0537,G protein beta subunit-like,K08266,,vv34150mTOR_signaling_pathway,
515,VIT_10s0116g01580,111,0.0536,No hit,,,,
516,VIT_14s0068g00170,109,0.0526,No hit,,,,
517,VIT_01s0011g06190,108,0.0523,Histidine kinase (AHK4) (WOL),AHK4,,vv30007Cytokinin_signaling,
518,VIT_14s0060g01850,108,0.0518,Unknown,,,,
519,VIT_18s0001g10060,106,0.0513,LRX1 (leucine-rich repeat/extensin 1),EXTENSIN,,vv40006Cell_wall,
520,VIT_03s0038g04510,105,0.0507,Chaperone BCS1 mitochondrial,K08900,,,
521,VIT_14s0066g02410,105,0.0505,Betaine-aldehyde dehydrogenase,E1_2_1_8,,vv10260Glycine_serine_and_threonine_metabolism,vv50101Channels_and_pores
522,VIT_06s0004g07270,104,0.0503,UDP-glucoronosyl and UDP-glucosyl transferase,,,,
523,VIT_13s0084g00130,103,0.0497,CXE carboxylesterase,E3_1_1_1,,,
524,VIT_02s0033g01050,103,0.0496,Anthraniloyal-CoA: methanol anthraniloyal transferase,AMAT,,vv10400Phenylalanine_tyrosine_and_tryptophan_biosynthesis,
525,VIT_04s0023g03880,102,0.0494,Unknown,,,,
526,VIT_13s0019g02300,102,0.0493,Wall-associated receptor kinase-like 20,,,,
527,VIT_15s0045g01360,101,0.0489,No hit,,,,
528,VIT_05s0049g00230,98,0.0474,E8 protein,E8,,vv30008Ethylene_signaling,
529,VIT_07s0031g00880,97,0.0470,Nodulation protein,,,,
530,VIT_15s0046g00310,97,0.0470,Transcription factor TINY,ERF023,VvERF015,vv30008Ethylene_signaling,vv60003AP2_EREBP
531,VIT_12s0059g02360,97,0.0467,Myb caprice CPC,CAPRICE_3,,vv60045MYBrelated,
532,VIT_06s0080g00750,96,0.0465,Unknown protein,,,,
533,VIT_11s0016g01490,96,0.0463,WAVY growth 2,,,,
534,VIT_16s0039g00880,96,0.0462,CYP89H3,,,,
535,VIT_15s0046g02500,95,0.0461,Unknown protein,,,,
536,VIT_19s0090g01050,96,0.0459,Endo-beta-1 4-glucanase,E3_2_1_4,,vv40006Cell_wall,
537,VIT_04s0008g03340,93,0.0450,No hit,,,,
538,VIT_12s0059g00890,93,0.0449,Dienelactone hydrolase,E3_1_1_45,,vv11000Single_reactions,
539,VIT_01s0011g00080,91,0.0440,Universal stress protein (USP) family protein,,,,
540,VIT_05s0029g00690,90,0.0436,RPM1-interacting protein 4,K13456,,vv34626Plant-pathogen_interaction,
541,VIT_16s0013g00700,89,0.0430,Multidrug resistance-associated protein 3,MRP3,,vv52010ABC_transporters,
542,VIT_16s0050g01570,89,0.0430,Synbindin TRAPPC1,TRAPPC1,,vv50110Protein_coat,
543,VIT_09s0002g02220,89,0.0429,Protein kinase CDG1,,,,
544,VIT_04s0008g01250,88,0.0427,Unknown,,,,
545,VIT_04s0044g00160,87,0.0420,Wuschel-related homeobox 13,WOX13_3,VvHB21,vv60034HB,
546,VIT_00s0484g00030,87,0.0420,ARK3 (Arabidopsis Receptor Kinase 3),,,,
547,VIT_19s0014g04690,87,0.0419,Indole-3-acetic acid-amido synthetase,AUXINBIOSYNTHESIS_GH3,,vv11002Auxin_biosynthesis,
548,VIT_11s0016g01260,86,0.0418,Early flowering 8 (ELF8),ELF8,,vv30009Flower_development,
549,VIT_02s0025g00970,86,0.0417,ABC transporter C member 15,ABCC15,,vv52010ABC_transporters,
550,VIT_18s0166g00210,85,0.0411,Regulator of chromosome condensation (RCC1),RCC1,,vv50112Nuclear_pore_complex,
551,VIT_15s0046g02120,85,0.0408,EMB3001 (embryo defective 3001),,,,
552,VIT_02s0025g02500,83,0.0399,Metal-nicotianamine transporter YSL1,YSL1,,vv50125Porters_cat_66_to_94,
553,VIT_03s0038g02460,80,0.0385,CDP-diacylglycerol--inositol 3-phosphatidyltransferase 1,E2_7_8_11,,vv10564Glycerophospholipid_metabolism,vv34070Phosphatidylinositol_signaling_system
554,VIT_12s0034g02250,80,0.0384,Disease resistance protein (NBS class),,,,
555,VIT_10s0116g01760,79,0.0383,Myb caprice CPC,CAPRICE_2,,vv60045MYBrelated,
556,VIT_09s0054g00690,79,0.0382,Vacuolar processing enzyme alpha,,,,
557,VIT_08s0007g02560,78,0.0378,Ovate family protein 13 OFP13,OFP13_1,,vv60086OFP,
558,VIT_04s0008g04600,78,0.0378,Expansin family protein (EXPR3),EXPR3,,vv30003Auxin_signaling,
559,VIT_15s0021g00650,78,0.0377,Purine permease 11 PUP11,PUP11,,vv50122Porters_cat_7_to_17,
560,VIT_06s0004g00630,77,0.0372,Accelerated cell death 1 ACD1,ACD1,,vv50133Primary_active_transporter_cat_A9_to_A18,
561,VIT_14s0066g00310,77,0.0371,Unknown protein,,,,
562,VIT_11s0016g03250,77,0.0370,Lachrymatory factor synthase,,,,
563,VIT_00s1002g00020,73,0.0351,Protein kinase,,,,
564,VIT_04s0008g02370,72,0.0350,Pentatricopeptide (PPR) repeat-containing protein,,,,
565,VIT_16s0098g01740,72,0.0348,Unknown protein,,,,
566,VIT_14s0108g00510,72,0.0345,Nucleosome assembly protein (NAP-related) NRP2,,,,
567,VIT_00s0960g00040<br>VIT_00s1356g00020,71,0.0344,
568,VIT_16s0039g02040,70,0.0340,4-coumarate-CoA ligase 3,E6_2_1_12,,vv10940Phenylpropanoid_biosynthesis,vv50104Group_translocators
569,VIT_04s0023g00690,70,0.0339,Protein phosphatase 2C,E3_1_3_16,,,
570,VIT_19s0027g01810,70,0.0339,Invertase/pectin methylesterase inhibitor,PMEI,,vv40006Cell_wall,
571,VIT_17s0000g06110,70,0.0338,Glutathione S-transferase 9 GSTU9,E2_5_1_18_GSTU9,,vv10480Glutathione_metabolism,
572,VIT_03s0017g01980,69,0.0334,Choline-phosphate cytidylyltransferase B,E2_7_7_15,,vv10564Glycerophospholipid_metabolism,
573,VIT_17s0000g03910,69,0.0334,flavonoid 3-monooxygenase,E1_14_13_21,,vv10941Flavonoid_biosynthesis,
574,VIT_08s0058g01390,69,0.0333,WRKY DNA-binding protein 70,WRKY70_2,VvWRKY25,vv60066WRKY,
575,VIT_01s0010g02160,69,0.0333,RGS1 (regulator of G-protein SIGNALING 1),RGS1,,vv11013ABA_biosynthesis,vv30001ABA_signaling
576,VIT_05s0094g00750,69,0.0331,Stearoyl-CoA 9-desaturase,E1_14_19_1,,vv11040Biosynthesis_of_unsaturated_fatty_acids,
577,VIT_06s0004g03180,68,0.0329,Zinc finger (FYVE type),SIZ1_1,,vv30009Flower_development,vv60048PHD
578,VIT_11s0016g00640,67,0.0324,Auxin response factor 11 ARF19,ARF19,,vv30003Auxin_signaling,vv60004ARF
579,VIT_14s0006g01740,67,0.0324,AAR2 protein,,,,
580,VIT_16s0050g00630,66,0.0317,Prolyl 4-hydroxylase,E1_14_11_2,,vv10330Arginine_and_proline_metabolismis,
581,VIT_14s0066g01730,65,0.0314,Cellulose synthase CSLC04,E2_4_1_12_CSLC04,,vv40006Cell_wall,
582,VIT_06s0004g00590,65,0.0314,Lysine decarboxylase,E4_1_1_18,,vv10300Lysine_biosynthesis,
583,VIT_06s0004g01340,65,0.0313,Esterase/lipase/thioesterase,,,,
584,VIT_17s0000g06930,65,0.0313,Unfertilized embryo sac 10 UNE10,UNE10_3,,vv60011BHLH,
585,VIT_02s0025g04910,64,0.0310,Growth-regulating factor 5,GRF5_3,,vv60033GRF,
586,VIT_18s0041g02400,63,0.0305,Aldehyde oxidase,E1_2_3_7,,vv11002Auxin_biosynthesis,
587,VIT_19s0014g00570,62,0.0302,Disease resistance protein RFL1,,,,
588,VIT_14s0066g00270,62,0.0297,Dehydration-responsive protein,,,,
589,VIT_17s0000g02430,60,0.0291,Phosphoethanolamine N-methyltransferase,E2_1_1_103,,vv10564Glycerophospholipid_metabolism,
590,VIT_05s0062g00700,60,0.0290,UDP-glucose:flavonoid 7-O-glucosyltransferase,E2_4_1_237,,vv10941Flavonoid_biosynthesis,
591,VIT_15s0046g01640,60,0.0289,Abl interactor protein 1 (ABIL1),,,,
592,VIT_07s0005g00390,58,0.0282,Beta Glucosidase 11,BGLU11,,,
593,VIT_01s0011g00720,58,0.0281,WRKY DNA-binding protein 57,WRKY57,VvWRKY01,vv60066WRKY,
594,VIT_02s0025g01960,58,0.0280,No hit,,,,
595,VIT_11s0016g03460,58,0.0280,Casein kinase I delta,K02218,,vv23008Ribosome_biogenesis_in_Eukaryotes,
596,VIT_12s0057g01450,58,0.0280,Subtilisin protease,,,,
597,VIT_01s0010g02040,58,0.0279,Hydroxyproline-rich glycoprotein,HRGP_1,,vv40006Cell_wall,vv60062Trihelix
598,VIT_00s0322g00030,57,0.0277,Alpha-6-galactosyltransferase,E2_4_2_39,,vv40006Cell_wall,
599,VIT_14s0006g02990,57,0.0276,3-ketoacyl-CoA synthase,,,,
600,VIT_02s0025g02630,57,0.0275,Lipase GDSL,,,,
601,VIT_11s0078g00220,57,0.0274,Preprotein translocase secA,K03070,,vv23060Protein_export,vv50113Thylakoid_targeting_pathway
602,VIT_13s0064g00180,56,0.0271,Structural maintenance of chromosomes (SMC) family protein (MSS2),MSS2,,vv44110Cell_cycle,
603,VIT_08s0056g01070,55,0.0264,MATE efflux family protein,MATE,,vv50125Porters_cat_66_to_94,
604,VIT_16s0050g00830,54,0.0262,Beta-ketoacyl-CoA synthase,E2_3_1_41,,vv10061Fatty_acid_biosynthesis,
605,VIT_01s0010g03490,54,0.0261,Caffeoyl-CoA O-methyltransferase,E2_1_1_104,,vv10940Phenylpropanoid_biosynthesis,
606,VIT_07s0104g01400,53,0.0257,Glutaredoxin,,,,
607,VIT_08s0007g07840,52,0.0251,Cysteine protease out,E3_4_22_x,,,
608,VIT_06s0009g00450,52,0.0250,Aluminium-tolerance ALMT1,ALMT1,,vv50125Porters_cat_66_to_94,
609,VIT_02s0012g00660,51,0.0245,Calcium-binding EF-hand,,,,
610,VIT_18s0001g10300,50,0.0242,Basic helix-loop-helix (bHLH) family,BHLHDOM_68,,vv60011BHLH,
611,VIT_18s0001g10450,50,0.0241,ABA-responsive element-binding protein 2 (AREB2),AREB2,VvbZIP45,vv30001ABA_signaling,vv60012BZIP
612,VIT_16s0098g00420,50,0.0240,Ser/Thr receptor-like kinase1,,,,
613,VIT_02s0025g00210,49,0.0238,fringe protein,K05948,,,
614,VIT_14s0006g01790,48,0.0233,Beta-mannosidase,E3_2_1_25,,vv10511N-Glycan_degradation,
615,VIT_01s0011g00290,48,0.0231,Unknown protein,,,,
616,VIT_03s0167g00210,47,0.0228,No hit,,,,
617,VIT_14s0060g01090,47,0.0227,LNG1 (LONGIFOLIA1),,,,
618,VIT_05s0049g01400,47,0.0227,Alcohol oxidase,E1_1_3_13,,vv10680Methane_metabolism,
619,VIT_05s0029g00310,47,0.0227,Serine hydroxymethyltransferase 1,E2_1_2_1,,vv10260Glycine_serine_and_threonine_metabolism,vv10670One_carbon_pool_by_folate
620,VIT_01s0026g02040,46,0.0224,No hit,,,,
621,VIT_01s0137g00170,46,0.0223,B-keto acyl reductase,,,,
622,VIT_05s0136g00140,46,0.0221,AarF domain containing kinase,K08869,,,
623,VIT_07s0005g01870,45,0.0219,Unknown,,,,
624,VIT_06s0004g07280,45,0.0217,UDP-glucuronosyl/UDP-glucosyltransferase,E2_4_1_17,,vv10040Pentose_glucuronate_interconversion,vv10500Starch_and_sucrose_metabolism
625,VIT_02s0241g00060,45,0.0216,Unknown protein,,,,
626,VIT_17s0000g04210,44,0.0213,Oleosin OLE-5,,,,
627,VIT_10s0003g03910,44,0.0212,TCP family transcription factor 24,TCP24,,vv60061TCP,
628,VIT_05s0049g00420,44,0.0212,E8 protein,E8,,vv30008Ethylene_signaling,
629,VIT_18s0041g00590,43,0.0208,Proton-dependent oligopeptide transport (POT) family protein,POT,,vv50122Porters_cat_7_to_17,
630,VIT_01s0011g04190,42,0.0203,Unknown,,,,
631,VIT_11s0016g04320,42,0.0203,Nudix hydrolase 20,,,,
632,VIT_01s0011g03210,41,0.0199,Aspartyl protease,E3_4_23_x,,,
633,VIT_06s0004g00640,41,0.0198,Accelerated cell death 1 ACD1,ACD1,,vv50133Primary_active_transporter_cat_A9_to_A18,
634,VIT_04s0210g00030,41,0.0197,Strictosidine synthase,E4_3_3_2,,vv10900Terpenoid_biosynthesis,vv10902Monoterpenoid_biosynthesis
635,VIT_15s0046g02410,41,0.0197,Aquaporin TMP-C,TMPC,,vv50101Channels_and_pores,
636,VIT_06s0004g05420,40,0.0194,No hit,,,,
637,VIT_16s0050g02390,40,0.0193,Plastid division protein PDV1,PDV1,,vv44110Cell_cycle,
638,VIT_02s0025g00700,40,0.0193,Aluminum-activated malate transporter 9,ALMT9,,vv50125Porters_cat_66_to_94,
639,VIT_14s0081g00720,39,0.0189,Basic helix-loop-helix (bHLH) family,BHLHDOM_9,,vv60011BHLH,
640,VIT_10s0116g00920,39,0.0189,CERK1 (chitin elicitor receptor kinase 1),K13429,,vv34626Plant-pathogen_interaction,
641,VIT_02s0012g01870,39,0.0188,No hit,,,,
642,VIT_08s0007g05160,39,0.0188,Flavonoid 3' 5'-hydroxylase,E1_14_13_88,,vv10941Flavonoid_biosynthesis,
643,VIT_12s0142g00130,38,0.0184,MAPK (MPK20),,,,
644,VIT_18s0001g09920,38,0.0184,Cyclin delta-3 (CYCD3_1),CYCD3,,vv30007Cytokinin_signaling,vv44110Cell_cycle
645,VIT_03s0017g00710,38,0.0184,flavonol synthase,E1_14_11_23,,vv10941Flavonoid_biosynthesis,
646,VIT_15s0024g00620,38,0.0182,Terminal flower 2 protein,TFL2,,vv30009Flower_development,
647,VIT_18s0001g01530,37,0.0180,No hit,,,,
648,VIT_01s0137g00350,37,0.0180,P-glycoprotein 18,PGP18,,vv52010ABC_transporters,
649,VIT_05s0029g01510,37,0.0180,No hit,,,,
650,VIT_02s0012g01620,37,0.0179,RNA recognition motif (RRM)-containing,,,,
651,VIT_00s0208g00040,37,0.0179,Polyprotein,,,,
652,VIT_14s0171g00420,36,0.0175,Unknown protein,,,,
653,VIT_02s0012g02160,36,0.0174,Glycerol-3-phosphate acyltransferase,E2_3_1_15,,vv10561Glycerolipid_metabolism,vv10564Glycerophospholipid_metabolism
654,VIT_02s0012g01100,36,0.0173,Protein phosphatase 2C POLTERGEIST-like 1,,,,
655,VIT_01s0011g03910,35,0.0171,Protein phosphatase 2C,E3_1_3_16,,,
656,VIT_18s0001g10120,35,0.0170,SPla/RYanodine receptor (SPRY) domain-containing protein,,,,
657,VIT_16s0013g01710,35,0.0169,Verticillium wilt disease resistance,,,,
658,VIT_14s0060g01460,35,0.0169,Pentatricopeptide (PPR) repeat-containing protein,,,,
659,VIT_15s0021g01230,35,0.0169,Glutaminyl-tRNA synthetase,E6_1_1_18,,vv10251Glutamate_metabolism,vv20970Aminoacyl-tRNA_biosynthesis
660,VIT_14s0036g01130,35,0.0168,Peroxisome assembly protein 12 (PEX12),PEX12,,vv44146Peroxisome,vv50133Primary_active_transporter_cat_A9_to_A18
661,VIT_17s0000g00270,34,0.0165,GT2-like trihelix DNA-binding protein,GT2REL_3,,vv60062Trihelix,
662,VIT_00s0301g00100,34,0.0164,BFN1 (bifunctional nuclease I),,,,
663,VIT_17s0000g04450,33,0.0160,Phospholipid-transporting ATPase,K01530,,vv50131Primary_active_transporter_cat_A2_to_A4,
664,VIT_09s0002g00420,33,0.0159,Senescence-associated protein,,,,
665,VIT_07s0141g00640,33,0.0159,ProT1 (PROLINE transporter 1),PROT1,,vv50123Porters_cat_18_to_29,
666,VIT_19s0014g03140,33,0.0159,Lanthionine synthetase C,,,,
667,VIT_12s0059g01650,32,0.0155,Division site determinant MinD  Plastid,MIND1,,vv44110Cell_cycle,
668,VIT_13s0064g01760,32,0.0155,Amygdalin hydrolase isoform AH I,E3_2_1_117,,vv10460Cyanoamino_acid_metabolism,
669,VIT_14s0030g00730,32,0.0153,Vesicle-associated membrane protein 27 VAP27-2,VAP27_2,,vv50109Incompletely_characterized_transport_systems,
670,VIT_02s0012g01380,31,0.0150,No hit,,,,
671,VIT_02s0087g00370,31,0.0150,Anthranilate N-hydroxycinnamoyl/benzoyltransferase,E2_3_1_144,,vv10400Phenylalanine_tyrosine_and_tryptophan_biosynthesis,
672,VIT_12s0057g00860,31,0.0150,CF9,K13446,,vv34626Plant-pathogen_interaction,
673,VIT_01s0011g05150,31,0.0149,Bet v I allergen,,,,
674,VIT_09s0096g00140,30,0.0145,R protein MLA10,K13475,,vv34627R_proteins_from_Plant-pathogen_interaction,
675,VIT_14s0066g00900,30,0.0145,Cysteine-rich receptor-like protein kinase 42,,,,
676,VIT_10s0003g03190,30,0.0144,RNA recognition motif (RRM)-containing,,,,
677,VIT_11s0052g00410,29,0.0141,Allyl alcohol dehydrogenase,,,,
678,VIT_03s0063g00940,29,0.0140,CRK (CDPK-related kinase),,,,
679,VIT_18s0072g00390,29,0.0140,SET Domain group 41,SDG41,,vv60056SET_PCG,
680,VIT_06s0009g03600,28,0.0136,Wall-associated receptor kinase-like 14,,,,
681,VIT_13s0067g00890,28,0.0135,Phosphoinositide-specific phospholipase C,E3_1_4_11,,vv10562Inositol_phosphate_metabolism,vv30001ABA_signaling
682,VIT_08s0007g05200,28,0.0135,Nudix hydrolase 16,,,,
683,VIT_01s0010g01800,28,0.0134,Pentatricopeptide (PPR) repeat-containing protein,,,,
684,VIT_15s0048g01330,27,0.0131,Glyoxylate reductase,E1_1_1_26,,vv10630Glyoxylate_and_dicarboxylate_metabolism,
685,VIT_00s0394g00040,27,0.0130,Alliinase EGF,E4_4_1_4,,vv10272Cysteine_metabolism,
686,VIT_11s0052g00260,26,0.0127,Unknown protein,,,,
687,VIT_11s0016g01660,26,0.0126,Phenylalanine ammonia-lyase,E4_3_1_5,,vv10350Tyrosine_metabolism,vv10360Phenylalanine_metabolism
688,VIT_12s0034g02560,26,0.0125,DNA (cytosine-5)-methyltransferase (ATHIM),E2_1_1_37,,vv10271Methionine_metabolism,
689,VIT_18s0122g01200,25,0.0121,Pentatricopeptide (PPR) repeat-containing protein,,,,
690,VIT_13s0019g00450,25,0.0121,R protein MLA10,K13475,,vv34627R_proteins_from_Plant-pathogen_interaction,
691,VIT_13s0064g01640,25,0.0120,Beta-primeverosidase,E3_2_1_149,,vv11000Single_reactions,
692,VIT_04s0023g03230,24,0.0117,Auxin-responsive SAUR9,SAUR9,,vv30003Auxin_signaling,
693,VIT_08s0040g01920,24,0.0117,Crinkly4,,,,
694,VIT_06s0004g03140,24,0.0117,Isovaleryl-CoA-dehydrogenase (IVD),E1_3_99_10,,vv10280Valine_leucine_and_isoleucine_degradation,
695,VIT_00s1190g00010<br>VIT_00s0936g00010,24,0.0116,
696,VIT_00s0184g00040,24,0.0116,Mini-chromosome maintenance protein MCM6,K02542,,vv23030DNA_replication,vv44110Cell_cycle
697,VIT_11s0016g02850,24,0.0116,Phosphofructokinase,E2_7_1_90,,vv10051Fructose_and_mannose_metabolism,
698,VIT_10s0071g00850,24,0.0116,Binding,,,,
699,VIT_08s0007g02150,24,0.0116,Receptor ser/thr protein kinase,,,,
700,VIT_11s0016g01320,24,0.0116,Myb domain protein 13,MYB13,MYBPA2,vv60044MYB,
701,VIT_05s0062g01130,23,0.0112,Aromatic and neutral transporter 1,ANT1,,vv50123Porters_cat_18_to_29,
702,VIT_00s0225g00070,22,0.0106,MATE efflux family protein,MATE,,vv50125Porters_cat_66_to_94,
703,VIT_17s0000g01390,22,0.0106,Serine/threonine-protein kinase RIO1,K07178,,vv23008Ribosome_biogenesis_in_Eukaryotes,
704,VIT_14s0108g00490,22,0.0106,Cullin 3a,K03869,,vv24120Ubiquitin_mediated_proteolysis,
705,VIT_06s0004g06550,22,0.0106,DDB2 (damaged DNA-binding 2),K10140,,vv23420Nucleotide_excision_repair,vv24120Ubiquitin_mediated_proteolysis
706,VIT_00s0391g00010<br>VIT_00s0324g00080<br>VIT_00s1251g00010<br>VIT_00s0324g00100,21,0.0102,
707,VIT_15s0107g00280,21,0.0102,R protein L6,K13477,,vv34627R_proteins_from_Plant-pathogen_interaction,
708,VIT_14s0006g02290,21,0.0102,DREB sub A-4 of ERF/AP2 transcription factor,TINY_2,VvERF028,vv30008Ethylene_signaling,vv60003AP2_EREBP
709,VIT_07s0005g00880,21,0.0101,fumarate hydratase,E4_2_1_2,,vv10020Citrate_cycle,vv10720Reductive_carboxylate_cycle
710,VIT_15s0021g02300,20,0.0097,Squamosa promoter-binding protein 8 (SPL8),SPL8,,vv60055SBP,
711,VIT_13s0139g00140,20,0.0097,No hit,,,,
712,VIT_03s0017g00640,20,0.0096,Oxoglutarate/malate translocator DIT2.1,DIT2_1,,vv50124Porters_cat_30_to_64,
713,VIT_11s0016g04880,19,0.0092,Salt-inducible protein kinase,,,,
714,VIT_00s0522g00010<br>VIT_00s0266g00010<br>VIT_00s0372g00070<br>VIT_00s0372g00080<br>VIT_00s0572g00010<br>VIT_00s0372g00040<br>VIT_00s0847g00020<br>VIT_00s0572g00020,19,0.0092,
715,VIT_17s0000g00140,19,0.0092,TBP-binding protein,,,,
716,VIT_09s0018g01890,19,0.0092,No hit,,,,
717,VIT_07s0104g00190,19,0.0092,7S globulin precursor  basic,,,,
718,VIT_00s0183g00070,19,0.0091,No hit,,,,
719,VIT_13s0067g01580,18,0.0087,Anthocyaninless2 (ANL2),ANL2_4,,vv60034HB,
720,VIT_14s0060g01420,18,0.0087,Unknown protein,,,,
721,VIT_04s0210g00050,18,0.0087,Strictosidine synthase,E4_3_3_2,,vv10900Terpenoid_biosynthesis,vv10902Monoterpenoid_biosynthesis
722,VIT_16s0050g02020<br>VIT_16s0050g02030,18,0.0087,
723,VIT_01s0011g05360,18,0.0087,High mobility group protein HMGI/Y-1,HMGIY_5,,vv60035HMG,
724,VIT_06s0004g04620,18,0.0087,Unknown,,,,
725,VIT_03s0038g01180<br>VIT_03s0038g01260,18,0.0087,
726,VIT_18s0076g00280,17,0.0082,Protein tyrosine phosphatase,K01104,,,
727,VIT_06s0004g04600,17,0.0082,Protein phosphatase 2C POLTERGEIST-like 4,,,,
728,VIT_12s0142g00160,17,0.0082,Unknown protein,,,,
729,VIT_17s0000g07830,16,0.0078,Asp/Glu racemase; Tetratricopeptide helical,K01797,,,
730,VIT_19s0090g00840,16,0.0078,WRKY DNA-binding protein 6,WRKY6_2,VvWRKY55,vv60066WRKY,
731,VIT_07s0005g01910,16,0.0077,Myb family transcription factor DNA methyltransferase 1 associated,MYBDMAP1,,vv60045MYBrelated,
732,VIT_17s0000g03150,16,0.0077,No hit,,,,
733,VIT_02s0087g00460,16,0.0077,Oxidoreductase  2OG-Fe(II) oxygenase,,,,
734,VIT_03s0063g00580,16,0.0077,Rad54,K10875,,vv23440Homologous_recombination,vv60058SNF2
735,VIT_14s0066g01320,16,0.0077,formate dehydrogenase (FDH),E1_2_1_2,,vv10630Glyoxylate_and_dicarboxylate_metabolism,vv10680Methane_metabolism
736,VIT_00s0218g00100,16,0.0077,Metal transporter Nramp6,NRAMP6,,vv50124Porters_cat_30_to_64,
737,VIT_10s0116g00170,15,0.0073,S-locus lectin protein kinase,,,,
738,VIT_17s0000g09480,15,0.0073,Calcineurin phosphoesterase,,,,
739,VIT_09s0054g00430,15,0.0073,Unknown protein,,,,
740,VIT_01s0011g02610,15,0.0073,No hit,,,,
741,VIT_03s0017g01440,15,0.0073,Berberine bridge enzyme,E1_21_3_3,,vv10950Alkaloid_biosynthesis_I,
742,VIT_01s0011g00470,15,0.0073,Metallophosphatase,,,,
743,VIT_00s0215g00050,15,0.0073,Proteasome 26S regulatory subunit (RPN2),K03032,,vv23050Proteasome,
744,VIT_03s0038g03620,15,0.0072,Rho guanyl-nucleotide exchange factor ROPGEF1,ROPGEF1,,,
745,VIT_02s0012g01960,15,0.0072,Transcription factor jumonji (jmj),JARID1A_1,,vv60038Jumonji,
746,VIT_10s0003g00520,15,0.0072,Unknown protein,,,,
747,VIT_05s0020g01410,15,0.0072,Ribosome 60S subunit biogenesis protein,K07565,,,
748,VIT_14s0066g00820,15,0.0072,Unknown protein,,,,
749,VIT_14s0006g02860,15,0.0072,Unknown protein,,,,
750,VIT_14s0068g00420,15,0.0072,Alpha-amylase isozyme C2 precursor,E3_2_1_1,,vv10500Starch_and_sucrose_metabolism,
751,VIT_11s0016g03130,14,0.0068,Ceramide glucosyltransferase,E2_4_1_80,,vv10600Sphingolipid_metabolism,
752,VIT_02s0012g02440,14,0.0068,No hit,,,,
753,VIT_06s0004g07800,14,0.0067,Pentatricopeptide (PPR) repeat-containing protein,,,,
754,VIT_14s0006g00250,14,0.0067,Cysteine-rich repeat secretory protein 60,,,,
755,VIT_14s0030g01610,14,0.0067,Cytidine/deoxycytidylate deaminase,E3_5_4_5,,vv10240Pyrimidine_metabolism,
756,VIT_01s0011g00160,13,0.0063,Alpha-1 4-glucan-protein synthase,E2_4_1_113,,vv10500Starch_and_sucrose_metabolism,
757,VIT_14s0060g02370,13,0.0063,DegP protease,E3_4_21_107,,,
758,VIT_13s0064g01450,13,0.0063,Electron carrier/ protein disulfide oxidoreductase,,,,
759,VIT_19s0014g01760,13,0.0063,Glutamate receptor 2.8,GLR2_8,,vv50101Channels_and_pores,
760,VIT_05s0049g01100,13,0.0063,Glutathione S-transferase 25 GSTU7,E2_5_1_18_GSTU7,,vv10480Glutathione_metabolism,
761,VIT_17s0000g00820,12,0.0059,Nodulin MtN3 family,,,,
762,VIT_06s0061g00280,12,0.0058,2-phosphoglycerate kinase,K05715,,vv10010Glycolysis,
763,VIT_06s0009g01000,12,0.0058,Zinc finger (C3HC4-type ring finger) CIC7E11,CIC7E11_2,,vv60078Other_zf-C3HC4,
764,VIT_04s0044g00190,12,0.0058,Mannitol dehydrogenase,E1_1_1_67,,vv10051Fructose_and_mannose_metabolism,
765,VIT_17s0053g00780,12,0.0058,Homeodomain GLABROUS11,HDG11_1,VvHB60,vv60034HB,
766,VIT_10s0003g02750,12,0.0058,IMP dehydrogenase/GMP reductase,E1_1_1_205,,vv10230Purine_metabolism,
767,VIT_17s0000g04140,12,0.0058,Unknown protein,,,,
768,VIT_14s0060g01810,12,0.0058,Unknown protein,,,,
769,VIT_09s0054g01320,10,0.0049,No hit,,,,
770,VIT_06s0004g00660,10,0.0048,Accelerated cell death 1 ACD1,ACD1,,vv50133Primary_active_transporter_cat_A9_to_A18,
771,VIT_14s0083g00940,10,0.0048,Auxin-independent growth promoter,,,,
772,VIT_18s0001g12180,10,0.0048,CYP721A1,,,,
773,VIT_09s0096g00720,9,0.0044,C2-HC type zinc finger protein C.e-MyT1,,,,
774,VIT_03s0017g00920,9,0.0044,R protein  PRF  disease resistance protein,K13453,,vv34627R_proteins_from_Plant-pathogen_interaction,
775,VIT_04s0069g00790,9,0.0044,Cyclic nucleotide-regulated ion channel (CNGC14),K05391_CNGC14,,vv34626Plant-pathogen_interaction,vv50101Channels_and_pores
776,VIT_02s0025g01730,9,0.0044,3-oxoacyl-[acyl-carrier-protein] synthase,E2_3_1_41,,vv10061Fatty_acid_biosynthesis,
777,VIT_05s0020g01320,9,0.0044,Cullin 1C,K03347,,vv24120Ubiquitin_mediated_proteolysis,vv30003Auxin_signaling
778,VIT_09s0018g01660,9,0.0044,Biopterin transport-related protein BT1,BIOPTERIN,,vv50125Porters_cat_66_to_94,
779,VIT_01s0011g04260,9,0.0044,Zinc finger (CCCH-type) family protein,CCCHFAM_8,,vv60018C3H,
780,VIT_10s0003g02120,9,0.0044,Lipase GDSL,,,,
781,VIT_00s0620g00010,9,0.0044,Triacylglycerol lipase,E3_1_1_3,,vv10561Glycerolipid_metabolism,
782,VIT_10s0116g01040,9,0.0044,Stigma-specific Stig1,,,,
783,VIT_13s0084g00520<br>VIT_13s0084g00370,9,0.0044,
784,VIT_05s0077g01340,9,0.0043,PMR5 (powdery mildew resistant 5),,,,
785,VIT_07s0151g00010,9,0.0043,No hit,,,,
786,VIT_00s0286g00130,9,0.0043,S-locus lectin protein kinase,,,,
787,VIT_05s0020g03970,9,0.0043,Sulfate transporter 3.1 (AST12) (AtST1),SULTR3_1,,vv50124Porters_cat_30_to_64,
788,VIT_04s0008g06300,8,0.0039,Leucine-rich repeat family,,,,
789,VIT_10s0003g03270,8,0.0039,Inward rectifying potassium channel,SIRK,,vv30001ABA_signaling,vv50101Channels_and_pores
790,VIT_18s0001g05790,7,0.0034,Unknown protein,,,,
791,VIT_18s0001g12120,7,0.0034,G-box binding factor 1 (GBF1),GBF1_2,VvbZIP46,vv50110Protein_coat,vv60012BZIP
792,VIT_17s0000g04740,7,0.0034,Transducin family protein / WD-40 repeat,,,,
793,VIT_12s0059g01290,7,0.0034,Unknown protein,,,,
794,VIT_12s0057g00560,7,0.0034,PAT1 (Phytochrome a signal transduction 1),PAT1,,vv60032GRAS,
795,VIT_13s0019g01110,7,0.0034,R protein  PRF  disease resistance protein,K13453,,vv34627R_proteins_from_Plant-pathogen_interaction,
796,VIT_14s0060g02550,7,0.0034,Unknown,,,,
797,VIT_11s0052g00570,7,0.0034,Nodulin MtN21,MTN21,,vv50122Porters_cat_7_to_17,
798,VIT_12s0059g01450,6,0.0029,Zinc finger CCCH domain-containing protein ZFN-like 4,ZFNL4,,vv60018C3H,
799,VIT_15s0048g03000,6,0.0029,GTPase RABA3,K07976,,,
800,VIT_08s0032g00440,6,0.0029,Syntaxin 1B/2/3/4,K08486,,vv24130SNARE_interactions_in_vesicular_transport,vv50101Channels_and_pores
801,VIT_18s0001g01310,6,0.0029,Wall-associated receptor kinase 5,,,,
802,VIT_10s0116g01640,6,0.0029,Glucan endo-1 3-beta-glucosidase 3 precursor,E3_2_1_39,,vv10500Starch_and_sucrose_metabolism,
803,VIT_19s0085g00820,6,0.0029,IMP dehydrogenase,E1_1_1_205,,vv10230Purine_metabolism,
804,VIT_06s0061g00830,6,0.0029,PHD finger transcription factor,PHDFG_29,,vv60048PHD,
805,VIT_11s0052g00120,6,0.0029,Purple acid phosphatase 28- ATPAP28/PAP28,E3_1_3_2,,vv10740Riboflavin_metabolism,
806,VIT_19s0015g00740,6,0.0029,Prefoldin,,,,
807,VIT_00s1663g00010,6,0.0029,No hit,,,,
808,VIT_14s0066g00300,6,0.0029,Unknown,,,,
809,VIT_07s0031g00580,6,0.0029,No hit,,,,
810,VIT_14s0108g01200,6,0.0029,Vesicle transport v-SNARE 13,K08493,,vv24130SNARE_interactions_in_vesicular_transport,
811,VIT_19s0090g01440,6,0.0029,Fimbrin 2,FIMBRIN2,,vv44810Regulation_of_actin_cytoskeleton,
812,VIT_18s0089g01250,6,0.0029,U4/U6.U5 tri-snRNP-associated protein 2,K12847,,vv23040Spliceosome,
813,VIT_07s0031g02310,6,0.0029,Leucine-rich repeat-containing protein 40,,,,
814,VIT_01s0011g05200,6,0.0029,Phosphoethanolamine N-methyltransferase 1,E2_1_1_103,,vv10564Glycerophospholipid_metabolism,
815,VIT_09s0002g03620,6,0.0029,NADP-dependent malic enzyme,E1_1_1_39,,vv10620Pyruvate_metabolism,vv10710Carbon_fixation
816,VIT_18s0001g07130,6,0.0029,GEM-like 1,,,,
817,VIT_08s0105g00360,6,0.0029,PHD finger protein alfin,ALFINDOM2,,vv60002Alfin-like,
818,VIT_10s0116g01070,6,0.0029,Oxidosqualene cyclase,E5_4_99_7,,vv10100Biosynthesis_of_steroids,
819,VIT_18s0001g07020,6,0.0029,No hit,,,,
820,VIT_05s0051g00930,6,0.0029,DNA primase large subunit,K02685,,vv23030DNA_replication,
821,VIT_00s0566g00010,6,0.0029,Unknown protein,,,,
822,VIT_11s0065g00210,6,0.0029,Heat shock protein-related,,,,
823,VIT_09s0002g03880,6,0.0029,Cell division protein FtsH,K03798,,vv50133Primary_active_transporter_cat_A9_to_A18,
824,VIT_00s0469g00040,6,0.0029,Cellulose synthase CSLE1,E2_4_1_12_CSLE1,,vv40006Cell_wall,
825,VIT_00s0414g00020,6,0.0029,Cellulose synthase CSLE1,E2_4_1_12_CSLE1,,vv40006Cell_wall,
826,VIT_06s0004g07920,6,0.0029,WNK5 (Arabidopsis WNK kinase 5),,,,
827,VIT_07s0130g00040,6,0.0029,Myb domain protein 4,MYB4_10,MYB3,vv60044MYB,
828,VIT_19s0015g01170,6,0.0029,MYB divaricata,DIVARICATA_5,,vv30009Flower_development,vv60044MYB
829,VIT_00s0392g00040,6,0.0029,No hit,,,,
830,VIT_14s0068g01030,6,0.0029,Ubiquinol-cytochrome C reductase iron-sulfur subunit  mitochondrial,K00411,,vv10190Oxidative_phosphorylation,vv50135Primary_active_transporter_cat_D3_to_E2
831,VIT_12s0134g00180,6,0.0029,Unknown,,,,
832,VIT_13s0067g01180,6,0.0029,Leaf senescence related,,,,
833,VIT_03s0038g02680,5,0.0024,Zeta-carotene desaturase,E1_14_99_30,,vv10906Carotenoid_biosynthesis,
834,VIT_08s0007g00480,4,0.0020,Oxysterol binding protein,,,,
835,VIT_07s0005g01040,4,0.0019,Glycosyl transferase family 8 protein,,,,
836,VIT_01s0011g05750,4,0.0019,Zinc finger (C3HC4-type ring finger),ZFC3HC4_224,,vv60078Other_zf-C3HC4,
837,VIT_04s0023g00560,4,0.0019,Auxin responsive SAUR protein,SAUR,,vv30003Auxin_signaling,
838,VIT_08s0007g00040,4,0.0019,Histone H4,,,,
839,VIT_19s0014g01290,4,0.0019,Phosphoesterase,,,,
840,VIT_00s0225g00080,3,0.0015,MATE efflux family protein,MATE,,vv50125Porters_cat_66_to_94,
841,VIT_14s0068g01300,3,0.0015,Serine palmitoyltransferase,E2_3_1_50,,vv10600Sphingolipid_metabolism,
842,VIT_01s0026g00270,3,0.0015,K+ uptake permease 6,KUP6,,vv50125Porters_cat_66_to_94,
843,VIT_06s0080g00550,3,0.0015,EIF-4A3,K13025,,vv23013RNA_transport,vv23015mRNA_surveillance_pathway
844,VIT_13s0019g01540,3,0.0015,Protease inhibitor/seed storage/lipid transfer protein (LTP),,,,
845,VIT_18s0001g12190,3,0.0015,CYP721A1,,,,
846,VIT_03s0038g00360,3,0.0015,Isochorismatase hydrolase,E3_3_2_1,,vv10130Ubiquinone_biosynthesis,
847,VIT_02s0087g00470,3,0.0015,Anthraniloyal-CoA: methanol anthraniloyal transferase,AMAT,,vv10400Phenylalanine_tyrosine_and_tryptophan_biosynthesis,
848,VIT_14s0030g00580,3,0.0015,Methionyl-tRNA synthetase,E6_1_1_10,,vv10271Methionine_metabolism,vv10450Selenoamino_acid_metabolism
849,VIT_08s0058g00560,3,0.0015,Prenylated rab acceptor (PRA1),,,,
850,VIT_18s0001g11940,3,0.0015,Metalloendopeptidase,,,,
851,VIT_14s0006g02320,3,0.0015,Nuclear transcription factor Y subunit C-4,NFYC4,,vv60021CCAAT,
852,VIT_03s0063g01870,3,0.0015,Cold acclimation protein WCOR413 protein beta form,,,,
853,VIT_03s0180g00230,3,0.0015,UNC-50,,,,
854,VIT_06s0061g00240,3,0.0015,ABC transporter G member 7,ABCG7,,vv52010ABC_transporters,
855,VIT_04s0008g01480,3,0.0015,NOL1/NOP2/sun family protein,K03500,,,
856,VIT_14s0036g01290,3,0.0015,Subtilisin-like proteinase AIR3,,,,
857,VIT_15s0021g02110,3,0.0015,AP2 domain-containing transcription factor TINY,TINY_8,VvERF029,vv30008Ethylene_signaling,vv60003AP2_EREBP
858,VIT_17s0000g08630,3,0.0015,Unknown protein,,,,
859,VIT_04s0008g04490,3,0.0015,MARD1 (mediator of ABA-regulated dormancy 1),MARD1,,vv30001ABA_signaling,
860,VIT_09s0002g00390,3,0.0015,Translation initiation factor eIF-2B alpha subunit,K03239,,vv23013RNA_transport,
861,VIT_14s0128g00260,3,0.0015,Unknown,,,,
862,VIT_11s0065g01070,3,0.0015,Unknown,,,,
863,VIT_16s0013g01700,3,0.0015,Disease resistance protein,,,,
864,VIT_12s0034g01060,3,0.0015,No hit,,,,
865,VIT_19s0014g03650,3,0.0015,No hit,,,,
866,VIT_14s0030g00670,3,0.0015,Dehydroquinate dehydratase,E4_2_1_10,,vv10400Phenylalanine_tyrosine_and_tryptophan_biosynthesis,
867,VIT_00s0515g00020,3,0.0015,R protein MLA10,K13475,,vv34627R_proteins_from_Plant-pathogen_interaction,
868,VIT_00s0199g00030,3,0.0015,Ubiquitin-specific protease 16,,,,
869,VIT_13s0139g00270,3,0.0015,R protein MLA10,K13475,,vv34627R_proteins_from_Plant-pathogen_interaction,
870,VIT_08s0032g00450,3,0.0015,No hit,,,,
871,VIT_16s0039g00700,3,0.0015,RCP1 (root cap 1),RCP1,,vv50125Porters_cat_66_to_94,
872,VIT_19s0015g02530,3,0.0015,No hit,,,,
873,VIT_00s0245g00050,3,0.0015,Oleoyl-acyl carrier protein thioesterase  chloroplast precursor,E3_1_2_14,,vv10061Fatty_acid_biosynthesis,
874,VIT_00s0592g00010,3,0.0015,Thymidine kinase,E2_7_1_21,,vv10240Pyrimidine_metabolism,
875,VIT_16s0022g01210,3,0.0015,Myb domain protein 85,MYB85_2,MYB191,vv60044MYB,
876,VIT_18s0001g08110,3,0.0015,Glutamyl-tRNA reductase  chloroplast precursor,E1_2_1_70,,vv10860Porphyrin_and_chlorophyll_metabolism,
877,VIT_06s0004g01360,3,0.0015,Selenoprotein O,,,,
878,VIT_12s0028g02590,3,0.0015,BZIP transcription factor,BZIPDOM_18,VvbZIP29,vv60012BZIP,
879,VIT_04s0008g02780,3,0.0015,RBR1 (retinoblastoma-related 1),RBR1_2,,vv44110Cell_cycle,vv60051RB
880,VIT_18s0041g02110,3,0.0015,Unknown protein,,,,
881,VIT_02s0025g03130<br>VIT_02s0025g03120,3,0.0015,
882,VIT_17s0000g07210,3,0.0015,flavonoid 3'-hydroxylase [Vitis vinifera],E1_14_13_21,,vv10941Flavonoid_biosynthesis,
883,VIT_06s0004g02990,3,0.0015,GRIK2 (geminivirus rep  interacting  kinase 2),GRIK2,,,
884,VIT_02s0154g00110<br>VIT_00s0233g00030,3,0.0015,
885,VIT_13s0019g01120,3,0.0014,R protein  PRF  disease resistance protein,K13453,,vv34627R_proteins_from_Plant-pathogen_interaction,
886,VIT_04s0008g05400,3,0.0014,Serine hydrolase [Vitis vinifera],E4_3_1_18,,vv10260Glycine_serine_and_threonine_metabolism,
887,VIT_05s0049g01820,3,0.0014,Unknown protein,,,,
888,VIT_03s0063g00350,3,0.0014,Unknown,,,,
889,VIT_12s0142g00090,3,0.0014,Ribose-phosphate pyrophosphokinase 4,E2_7_6_1,,vv10030Pentose_phosphate,vv10230Purine_metabolism
890,VIT_05s0020g04540,3,0.0014,Beta-ketoacyl-CoA synthase,E2_3_1_41,,vv10061Fatty_acid_biosynthesis,
891,VIT_07s0005g04700,3,0.0014,Dihydroneopterin aldolase,E4_1_2_25,,vv10790Folate_biosynthesis,
892,VIT_03s0038g03950,3,0.0014,Phosphate carrier protein,MPHOSPTR,,vv50123Porters_cat_18_to_29,
893,VIT_18s0001g06700,3,0.0014,No hit,,,,
894,VIT_05s0102g00300,3,0.0014,Unknown protein,,,,
895,VIT_11s0016g01240,3,0.0014,DENN (AEX-3) domain-containing protein,,,,
896,VIT_00s0144g00220,3,0.0014,R protein disease resistance protein,RPROT,,vv34627R_proteins_from_Plant-pathogen_interaction,
897,VIT_18s0001g02600,3,0.0014,Ribosomal protein S1  30S,K02945,,vv23010Ribosome,
898,VIT_12s0035g01040,3,0.0014,NSL1 (necrotic spotted lesions 1),,,,
899,VIT_06s0061g00140,3,0.0014,Unknown protein,,,,
900,VIT_05s0020g01070,3,0.0014,IAA31,IAA31,,vv30003Auxin_signaling,vv60008AUXIAA
901,VIT_04s0008g05410,3,0.0014,Serine hydrolase [Vitis vinifera],E4_3_1_18,,vv10260Glycine_serine_and_threonine_metabolism,
902,VIT_00s0183g00050,3,0.0014,No hit,,,,
903,VIT_00s0665g00020,3,0.0014,Carrier protein  Mitochondrial,K03454,,vv50123Porters_cat_18_to_29,
904,VIT_00s0340g00040,3,0.0014,Beta-hexosaminidase beta chain precursor,E3_2_1_52,,vv10511N-Glycan_degradation,vv10530Aminosugars_metabolism
905,VIT_11s0052g00220,3,0.0014,Unknown protein,,,,
906,VIT_16s0039g02290,3,0.0014,Unknown,,,,
907,VIT_14s0030g02310,3,0.0014,Auxin-induced protein 22D,IAA22D_4,,vv30003Auxin_signaling,vv60008AUXIAA
908,VIT_16s0039g00510,3,0.0014,No hit,,,,
909,VIT_07s0005g01790,3,0.0014,Acyl-CoA synthetase long-chain member 2,E6_2_1_3_LACS2,,vv10071Fatty_acid_metabolism,vv44146Peroxisome
910,VIT_07s0104g00950,3,0.0014,Ankyrin repeat protein E4_8,K10380,,vv50108Accessory_factors_involved_in_transport,
911,VIT_13s0106g00700,3,0.0014,Aspartyl aminopeptidase,E3_4_11_21,,,
912,VIT_12s0178g00090,3,0.0014,Diacylglycerol kinase 1,E2_7_1_107,,vv10561Glycerolipid_metabolism,vv10564Glycerophospholipid_metabolism
913,VIT_09s0070g00240,3,0.0014,Cinnamoyl-CoA reductase,E1_2_1_44,,vv10940Phenylpropanoid_biosynthesis,
914,VIT_17s0000g10090,3,0.0014,Xanthine/uracil/vitamin C permease,K06901,,vv50121Porters_cat_1_to_6,
915,VIT_07s0130g00210,3,0.0014,PHD finger transcription factor,PHDFG_34,,vv60048PHD,
916,VIT_05s0049g01740,3,0.0014,Actin related protein 2/3 complex  subunit 2,K05758,,vv44810Regulation_of_actin_cytoskeleton,
917,VIT_03s0063g02090,3,0.0014,Unknown protein,,,,
918,VIT_14s0108g01280,3,0.0014,WRKY DNA-binding protein 4,WRKY4,VvWRKY45,vv60066WRKY,
919,VIT_04s0008g01520,3,0.0014,Heat shock protein 17.6 kDa class II,K13993,,vv24141Protein_processing_in_endoplasmic_reticulum,
920,VIT_12s0035g00010,3,0.0014,DNA (cytosine-5)-methyltransferase (ATHIM),E2_1_1_37,,vv10271Methionine_metabolism,
921,VIT_15s0046g00500,3,0.0014,Wax synthase,E2_3_1_75,,vv11000Single_reactions,
922,VIT_17s0000g07260,3,0.0014,Glucan endo-1 3-beta-glucosidase 3 precursor,E3_2_1_39,,vv10500Starch_and_sucrose_metabolism,
