Vv_m2,2000,1000,VIT_03s0038g01410
rank,node,Fabs,Frel,Functional-annotation,Name-EC-KeggID,Updated-name,Network1,Network2
1,VIT_18s0122g01280,2074,1.0000,Niemann-Pick C1 protein precursor,NPC1,,vv50121Porters_cat_1_to_6,
2,VIT_04s0023g01720,2054,1.0000,SEC14 cytosolic factor  putative,SEC14,,vv50122Porters_cat_7_to_17,
3,VIT_09s0002g06750,2066,1.0000,ERF/AP2 transcription factor sub B-6 SHINE,SHINE1_1,VvERF042,vv30008Ethylene_signaling,vv60003AP2_EREBP
4,VIT_11s0037g00890,2075,0.9995,Glutamine amidotransferase class-I domain-containing protein,K08681,,vv10750Vitamin_B6_metabolism,
5,VIT_00s0361g00090,2070,0.9995,Phototropic-responsive NPH3 protein,,,,
6,VIT_09s0002g01650,2073,0.9990,5'-nucleotidase surE,E3_1_3_5,,vv10230Purine_metabolism,vv10240Pyrimidine_metabolism
7,VIT_13s0067g00400,2070,0.9990,Anthranilate synthase alpha 1,E4_1_3_27,,vv10400Phenylalanine_tyrosine_and_tryptophan_biosynthesis,
8,VIT_11s0016g05340,2067,0.9986,Ethylene-responsive transcription factor SHINE 3,SHINE3_2,VvERF043,vv30008Ethylene_signaling,vv60003AP2_EREBP
9,VIT_18s0041g00810<br>VIT_18s0041g00910<br>VIT_00s1602g00010<br>VIT_18s0041g00920<br>VIT_18s0041g00980<br>VIT_18s0041g01000<br>VIT_00s2707g00010<br>VIT_18s0041g01080<br>VIT_18s0041g00950<br>VIT_18s0041g00830<br>VIT_18s0041g01040,2058,0.9985,
10,VIT_12s0059g01830,2070,0.9981,Unknown,,,,
11,VIT_01s0137g00410,2063,0.9981,CYP86A2,,,,
12,VIT_06s0061g00240,2059,0.9981,ABC transporter G member 7,ABCG7,,vv52010ABC_transporters,
13,VIT_18s0001g11120,2058,0.9971,Ternary complex factor MIP1,,,,
14,VIT_09s0002g03140,2053,0.9961,Lipase GDSL,,,,
15,VIT_10s0003g01010,2049,0.9937,Lipase GDSL,,,,
16,VIT_10s0042g01010,2055,0.9932,CYP714A1,,,,
17,VIT_15s0046g00500,2056,0.9885,Wax synthase,E2_3_1_75,,vv11000Single_reactions,
18,VIT_07s0005g00450,2051,0.9884,Unknown protein,,,,
19,VIT_08s0007g00890,2029,0.9854,Tropinone reductase,E1_1_1_206,,vv10220Urea_cycle_and_metabolism_of_amino_groups,
20,VIT_09s0054g01220,2036,0.9850,Cycloartenol synthase,E5_4_99_8,,vv10100Biosynthesis_of_steroids,
21,VIT_17s0000g06110,2025,0.9773,Glutathione S-transferase 9 GSTU9,E2_5_1_18_GSTU9,,vv10480Glutathione_metabolism,
22,VIT_08s0040g02250,2019,0.9768,No hit,,,,
23,VIT_19s0090g00750,2004,0.9766,Dihydrolipoamide succinyltransferase,E2_3_1_61,,vv10020Citrate_cycle,
24,VIT_01s0010g00710,2015,0.9739,Armadillo/beta-catenin repeat protein / U-box domain-containing protein ,,,,
25,VIT_04s0008g05440,1986,0.9599,Ethylene-responsive transcription factor SHINE 3,SHINE3_1,VvERF044,vv30008Ethylene_signaling,vv60003AP2_EREBP
26,VIT_14s0066g00400,1985,0.9599,Chalcone isomerase,E5_5_1_6,,vv10941Flavonoid_biosynthesis,
27,VIT_08s0007g02000,1985,0.9562,Glycerol-3-phosphate acyltransferase 8,E2_3_1_15,,vv10561Glycerolipid_metabolism,vv10564Glycerophospholipid_metabolism
28,VIT_07s0129g00360,1977,0.9546,Peroxidase 73,E1_11_1_7,,vv10360Phenylalanine_metabolism,vv10680Methane_metabolism
29,VIT_18s0001g02720,1961,0.9533,fatty acid elongation1 (FAE1),,,,
30,VIT_11s0016g05900,1966,0.9516,Clathrin assembly protein 10,CAP10,,vv50110Protein_coat,
31,VIT_04s0069g01120,1955,0.9463,Acyl-activating enzyme 7,E6_2_1_3,,vv10071Fatty_acid_metabolism,vv50104Group_translocators
32,VIT_17s0000g06130,1953,0.9439,Glutathione S-transferase 9 GSTU9,E2_5_1_18_GSTU9,,vv10480Glutathione_metabolism,
33,VIT_06s0004g00230,1943,0.9423,WRKY DNA-binding protein 48,WRKY48_2,VvWRKY15,vv60066WRKY,
34,VIT_00s1314g00010,1956,0.9422,Basic helix-loop-helix (bHLH) family,BHLHDOM_89,,vv60011BHLH,
35,VIT_07s0031g01680,1940,0.9363,CYP86A1,,,,
36,VIT_14s0066g00300,1929,0.9332,Unknown,,,,
37,VIT_12s0059g01590,1902,0.9233,Lipase GDSL,,,,
38,VIT_01s0026g02650,1908,0.9182,KH domain-containing protein,,,,
39,VIT_09s0002g03050,1906,0.9177,Lipase GDSL,,,,
40,VIT_08s0007g00710,1888,0.9143,Unknown,,,,
41,VIT_02s0025g02630,1883,0.9136,Lipase GDSL,,,,
42,VIT_14s0068g00170,1881,0.9131,No hit,,,,
43,VIT_19s0177g00270,1897,0.9120,Molecular chaperone DnaJ,K03686,,vv50132Primary_active_transporter_cat_A5_to_A8,
44,VIT_14s0006g02290,1888,0.9112,DREB sub A-4 of ERF/AP2 transcription factor,TINY_2,VvERF028,vv30008Ethylene_signaling,vv60003AP2_EREBP
45,VIT_13s0067g02390,1877,0.9107,Unknown,,,,
46,VIT_18s0041g00840,1903,0.9101,UDP-glucose: anthocyanidin 5 3-O-glucosyltransferase,E2_4_1_238,,vv10941Flavonoid_biosynthesis,vv10942Anthocyanin_biosynthesis
47,VIT_13s0067g02910,1875,0.9076,Non-specific lipid-transfer protein,,,,
48,VIT_07s0129g00370,1872,0.9013,Unknown protein,,,,
49,VIT_15s0021g00220,1851,0.8908,ABC transporter C member 15,ABCC15,,vv52010ABC_transporters,
50,VIT_08s0040g02110,1821,0.8874,NAC domain containing protein 2,NAC2_4,VvNAC45,vv60046NAC,
51,VIT_16s0050g01980,1819,0.8860,EIX receptor 2,,,,
52,VIT_10s0042g01040,1808,0.8751,CYP714A1,,,,
53,VIT_07s0104g01160,1814,0.8717,Substrate carrier   Mitochondrial,K03454,,vv50123Porters_cat_18_to_29,
54,VIT_00s0194g00340,1791,0.8656,No hit,,,,
55,VIT_15s0046g03240,1772,0.8598,Unknown protein,,,,
56,VIT_00s0456g00040<br>VIT_00s0374g00030,1788,0.8584,
57,VIT_18s0001g02490,1766,0.8565,PAB3 (poly(A) binding protein 3),PAB3,,vv50133Primary_active_transporter_cat_A9_to_A18,
58,VIT_01s0137g00170,1757,0.8508,B-keto acyl reductase,,,,
59,VIT_07s0255g00040,1761,0.8507,Cell division cycle associated 7 CDCA7,CDCA7,,vv44110Cell_cycle,
60,VIT_00s0532g00070,1743,0.8465,CRK10 (cysteine-rich RLK10); kinase,,,,
61,VIT_16s0098g01740,1753,0.8452,Unknown protein,,,,
62,VIT_19s0090g01050,1740,0.8410,Endo-beta-1 4-glucanase,E3_2_1_4,,vv40006Cell_wall,
63,VIT_09s0002g02980,1724,0.8381,FRK1 (FLG22-induced receptor-like kinase 1),FRK1,,vv34626Plant-pathogen_interaction,
64,VIT_09s0002g00300,1693,0.8210,APUM23 (Arabidopsis PUMILIO 23),,,,
65,VIT_12s0028g01850,1700,0.8189,Receptor kinase TRKe,,,,
66,VIT_19s0090g00730,1692,0.8162,No hit,,,,
67,VIT_14s0066g02270,1663,0.8018,Endonuclease/exonuclease/phosphatase family protein,E3_1_30_x,,,
68,VIT_14s0068g00040,1665,0.8016,No hit,,,,
69,VIT_19s0090g00840,1658,0.8010,WRKY DNA-binding protein 6,WRKY6_2,VvWRKY55,vv60066WRKY,
70,VIT_07s0191g00120,1656,0.8004,Pentatricopeptide (PPR) repeat-containing protein,,,,
71,VIT_00s1380g00010,1655,0.7991,Pentatricopeptide (PPR) repeat-containing protein,,,,
72,VIT_10s0116g01840,1631,0.7960,No hit,,,,
73,VIT_14s0066g01730,1647,0.7949,Cellulose synthase CSLC04,E2_4_1_12_CSLC04,,vv40006Cell_wall,
74,VIT_15s0046g00310,1626,0.7882,Transcription factor TINY,ERF023,VvERF015,vv30008Ethylene_signaling,vv60003AP2_EREBP
75,VIT_17s0000g02700,1618,0.7828,Alpha-dioxygenase 2,K10529,,vv10592alpha-Linolenic_acid_metabolism,
76,VIT_02s0025g03320,1614,0.7820,CYP86A2,,,,
77,VIT_04s0023g01900,1619,0.7814,AAA-type ATPase,,,,
78,VIT_02s0012g00660,1599,0.7762,Calcium-binding EF-hand,,,,
79,VIT_10s0003g00600,1598,0.7724,Lipase GDSL,,,,
80,VIT_03s0088g01150,1581,0.7630,Squalene monooxygenase,E1_14_99_7,,vv10100Biosynthesis_of_steroids,vv10900Terpenoid_biosynthesis
81,VIT_16s0050g02120,1575,0.7612,HcrVf3 protein,,,,
82,VIT_19s0014g00780,1568,0.7582,RKF1 (receptor-like kinase in flowers 1),,,,
83,VIT_18s0001g14980,1553,0.7561,3-methyl-2-oxobutanoate dehydrogenase,E1_2_4_4,,vv10280Valine_leucine_and_isoleucine_degradation,
84,VIT_05s0062g01180,1568,0.7560,Importin beta-2,K14293_2,,vv23013RNA_transport,vv50109Incompletely_characterized_transport_systems
85,VIT_01s0011g00080,1554,0.7544,Universal stress protein (USP) family protein,,,,
86,VIT_01s0026g00570,1564,0.7530,Bet v I allergen,,,,
87,VIT_18s0072g00580<br>VIT_11s0065g00040,1542,0.7424,
88,VIT_16s0050g01060,1520,0.7371,Unknown protein,,,,
89,VIT_08s0056g01130,1521,0.7366,Mini zinc finger 2 MIF2,MIF2_2,,vv60068Zf-HD,
90,VIT_15s0021g02510,1515,0.7365,GATA transcription factor 2,GATA2,,vv60016C2C2-GATA,
91,VIT_16s0022g01770,1513,0.7348,Phosphopyruvate hydratase.,E4_2_1_11,,vv10010Glycolysis,
92,VIT_00s0484g00020,1515,0.7312,Receptor kinase ARK3,,,,
93,VIT_12s0028g01870,1506,0.7300,Receptor kinase TRKa,,,,
94,VIT_10s0597g00050,1505,0.7292,Heat shock transcription factor B2A,HSFB2A_3,,vv60037HSF,
95,VIT_00s0665g00020,1502,0.7235,Carrier protein  Mitochondrial,K03454,,vv50123Porters_cat_18_to_29,
96,VIT_03s0091g00450,1492,0.7211,Progesterone 5-beta-reductase,E1_3_99_6,,vv10140C21-Steroid_hormone_metabolism,
97,VIT_02s0012g01660,1496,0.7196,ATPase PGP2 (P-glycoprotein 2),PGP2,,vv52010ABC_transporters,
98,VIT_08s0007g00570,1486,0.7144,WRKY DNA-binding protein 49,WRKY49,VvWRKY27,vv60066WRKY,
99,VIT_03s0038g00110,1480,0.7139,Nucleolar protein 4 NOP4,K14573,,vv23008Ribosome_biogenesis_in_Eukaryotes,
100,VIT_08s0007g05350,1466,0.7092,Haloacid dehalogenase hydrolase,E3_1_3_18,,vv10630Glyoxylate_and_dicarboxylate_metabolism,
101,VIT_16s0050g01950,1467,0.7073,Disease resistance family protein / LRR family,,,,
102,VIT_02s0025g01410,1463,0.7061,Acyl-CoA synthetase long-chain member 2,E6_2_1_3_LACS2,,vv10071Fatty_acid_metabolism,vv44146Peroxisome
103,VIT_05s0029g00480,1463,0.7057,Eceriferum 2 (CER2),,,,
104,VIT_11s0016g04160,1460,0.7033,Sulfate transporter 3.5,SULTR3_5,,vv50124Porters_cat_30_to_64,
105,VIT_04s0008g06300,1449,0.7003,Leucine-rich repeat family,,,,
106,VIT_03s0063g01880,1452,0.6987,Acyl-CoA synthetase long-chain member 2,E6_2_1_3_LACS2,,vv10071Fatty_acid_metabolism,vv44146Peroxisome
107,VIT_17s0053g00710,1445,0.6961,Calcium-dependent protein kinase,,,,
108,VIT_10s0003g05420,1419,0.6888,S-2-hydroxy-acid oxidase  peroxisomal,E1_1_3_15,,vv10630Glyoxylate_and_dicarboxylate_metabolism,
109,VIT_02s0033g01060,1418,0.6873,Anthraniloyal-CoA: methanol anthraniloyal transferase,AMAT,,vv10400Phenylalanine_tyrosine_and_tryptophan_biosynthesis,
110,VIT_08s0040g00520,1419,0.6848,Leucine-rich repeat protein kinase,,,,
111,VIT_16s0050g02100,1409,0.6817,Disease resistance,,,,
112,VIT_14s0219g00140,1401,0.6788,ATP synthase mitochondrial F1 complex assembly factor 2,K07556,,,
113,VIT_12s0055g01140,1400,0.6760,Lipid transfer protein,LTP,,,
114,VIT_08s0040g03400,1393,0.6739,Short-chain dehydrogenase/reductase,,,,
115,VIT_06s0004g01350,1379,0.6684,Emsy N terminus domain-containing protein,,,,
116,VIT_05s0062g00820,1370,0.6631,Unknown protein,,,,
117,VIT_11s0065g00130,1382,0.6625,Taxane 10-beta-hydroxylase,E1_14_13_76,,vv10904Diterpenoid_biosynthesis,
118,VIT_03s0038g01830,1364,0.6621,Proline-rich protein 4,,,,
119,VIT_02s0109g00380,1345,0.6482,Stress response suppressor 1,STRS1,,vv23040Spliceosome,vv50133Primary_active_transporter_cat_A9_to_A18
120,VIT_14s0036g00290,1354,0.6478,R protein disease resistance protein,RPROT,,vv34627R_proteins_from_Plant-pathogen_interaction,
121,VIT_08s0056g00800,1334,0.6454,Myb domain protein 60,MYB60,MYB60,vv60044MYB,
122,VIT_11s0016g05230,1329,0.6436,Allyl alcohol dehydrogenase,,,,
123,VIT_18s0166g00210,1319,0.6409,Regulator of chromosome condensation (RCC1),RCC1,,vv50112Nuclear_pore_complex,
124,VIT_08s0007g05030,1321,0.6375,Myb domain protein 36,MYB36_2,MYB150,vv60044MYB,
125,VIT_13s0019g02880,1312,0.6369,UDP-glucoronosyl/UDP-glucosyl transferase,,,,
126,VIT_06s0004g07220,1315,0.6353,Indole-3-acetate beta-glucosyltransferase,E2_4_1_121,,vv11002Auxin_biosynthesis,
127,VIT_17s0000g00130,1309,0.6311,SEC14 cytosolic factor,SEC14,,vv50122Porters_cat_7_to_17,
128,VIT_19s0090g00710,1302,0.6290,No hit,,,,
129,VIT_02s0033g01050,1309,0.6278,Anthraniloyal-CoA: methanol anthraniloyal transferase,AMAT,,vv10400Phenylalanine_tyrosine_and_tryptophan_biosynthesis,
130,VIT_18s0001g09700,1287,0.6199,F-box protein GID2,,,,
131,VIT_03s0180g00320,1277,0.6178,Indole-3-acetate beta-glucosyltransferase,E2_4_1_121,,vv11002Auxin_biosynthesis,
132,VIT_14s0060g01090,1270,0.6177,LNG1 (LONGIFOLIA1),,,,
133,VIT_12s0057g01060,1264,0.6157,Jasmonate O-methyltransferase,E2_1_1_141,,vv10592alpha-Linolenic_acid_metabolism,
134,VIT_11s0016g04540,1271,0.6140,ABC transporter G member 22,ABCG22,,vv52010ABC_transporters,
135,VIT_02s0025g00340,1258,0.6080,Monodehydroascorbate reductase  chloroplast precursor,E1_6_5_4,,vv10053Ascorbate_and_aldarate_metabolism,
136,VIT_10s0116g01560,1250,0.6056,U3 small nucleolar RNA-associated protein 6,K14557,,vv23008Ribosome_biogenesis_in_Eukaryotes,
137,VIT_01s0010g00560,1240,0.6031,Unknown protein,,,,
138,VIT_08s0058g00800,1219,0.5926,Wound-induced protein WI12,,,,
139,VIT_09s0002g05110,1217,0.5922,EMB2753,,,,
140,VIT_15s0046g00520,1224,0.5916,Wax synthase,E2_3_1_75,,vv11000Single_reactions,
141,VIT_18s0122g00590,1198,0.5833,DNA-binding protein,,,,
142,VIT_17s0000g09270,1201,0.5822,MATE efflux family protein,MATE,,vv50125Porters_cat_66_to_94,
143,VIT_19s0090g00660,1204,0.5797,Lipase GDSL,,,,
144,VIT_00s0286g00140<br>VIT_00s0484g00010<br>VIT_00s2549g00010,1193,0.5752,
145,VIT_15s0021g02690,1182,0.5749,Unfertilized embryo sac 10 UNE10,UNE10_1,,vv60011BHLH,
146,VIT_11s0016g01290,1185,0.5703,CYP72A1,K13400,,vv10902Monoterpenoid_biosynthesis,
147,VIT_11s0016g03660,1174,0.5671,Glucose transporter 2 plastidic,PGTR2,,vv50121Porters_cat_1_to_6,
148,VIT_01s0127g00340,1173,0.5650,Unknown,,,,
149,VIT_01s0011g06440,1164,0.5626,Chalcone reductase,CHALR,,vv10941Flavonoid_biosynthesis,
150,VIT_04s0008g05960,1155,0.5610,Unknown protein,,,,
151,VIT_01s0011g00420,1151,0.5596,RPK1 (receptor-like protein kinase 1),,,,
152,VIT_08s0007g08110,1158,0.5592,1-acyl-sn-glycerol-3-phosphate acyltransferase,E2_3_1_51,,vv10561Glycerolipid_metabolism,vv10564Glycerophospholipid_metabolism
153,VIT_00s0484g00030,1149,0.5575,ARK3 (Arabidopsis Receptor Kinase 3),,,,
154,VIT_10s0003g00780,1152,0.5552,Glutamate receptor 3.4,GLR3_4,,vv50101Channels_and_pores,
155,VIT_18s0041g01480,1145,0.5539,No hit,,,,
156,VIT_06s0080g00760,1147,0.5530,Unknown protein,,,,
157,VIT_19s0015g01640,1137,0.5498,No hit,,,,
158,VIT_18s0122g00220,1134,0.5492,Phosphodiesterase/alkaline phosphatase D,E3_1_4_1,,,
159,VIT_16s0050g01970,1138,0.5490,Serine/threonine protein kinase LRK19,,,,
160,VIT_13s0019g04660,1126,0.5450,Amino acid permease,AAPREL,,vv50123Porters_cat_18_to_29,
161,VIT_11s0103g00530,1126,0.5448,Oxysterol binding protein,,,,
162,VIT_15s0046g01790,1119,0.5375,ARID/BRIGHT DNA-binding domain-containing protein / ELM2,ARID_4,,vv60005ARID,
163,VIT_10s0003g01830,1105,0.5351,Aquaporin NIP1;2,NIP1_2,,vv50101Channels_and_pores,
164,VIT_13s0019g00350,1104,0.5341,ARF GTPase activator  ARF-GAP Domain 13,AGD13,,vv50110Protein_coat,
165,VIT_08s0007g08810,1101,0.5339,Nonsense-mediated mRNA decay NMD3,K07562,,vv23008Ribosome_biogenesis_in_Eukaryotes,vv23013RNA_transport
166,VIT_08s0007g09000,1101,0.5339,Glycerol-3-phosphate dehydrogenase,E1_1_1_8,,vv10564Glycerophospholipid_metabolism,
167,VIT_13s0019g02720,1109,0.5339,Guanylyl cyclase (GC1),E4_6_1_2,,vv10230Purine_metabolism,vv34020Calcium_signaling_pathway
168,VIT_04s0008g03950,1106,0.5338,RD22,,,,
169,VIT_07s0031g01890,1095,0.5277,No hit,,,,
170,VIT_10s0003g03330,1092,0.5260,Receptor-like serine-threonine protein kinase,,,,
171,VIT_06s0004g02360,1067,0.5170,Myosin-related,MYOSINR,,vv44810Regulation_of_actin_cytoskeleton,
172,VIT_17s0000g03580,1068,0.5169,BEE3 (BR Enhanced expression 3),BEE3,,vv60011BHLH,
173,VIT_12s0028g00380,1058,0.5133,DTDP-glucose 4-6-dehydratase,E4_2_1_46,,vv10520Nucleotide_sugars_metabolism,
174,VIT_18s0001g01320,1059,0.5101,Wall-associated receptor kinase 5,,,,
175,VIT_00s0131g00010,1051,0.5082,Annexin ANN3,ANN3,,vv50101Channels_and_pores,
176,VIT_13s0064g01660,1036,0.5015,Prunasin hydrolase isoform PHA precursor,E3_2_1_118,,vv10460Cyanoamino_acid_metabolism,
177,VIT_18s0001g10060,1035,0.4981,LRX1 (leucine-rich repeat/extensin 1),EXTENSIN,,vv40006Cell_wall,
178,VIT_18s0001g11160,1027,0.4973,Unknown protein,,,,
179,VIT_05s0077g00670,1026,0.4969,Unknown protein,,,,
180,VIT_03s0038g02020,1037,0.4952,Amidase,E3_5_1_4,,vv10220Urea_cycle_and_metabolism_of_amino_groups,vv10360Phenylalanine_metabolism
181,VIT_12s0059g01870,1027,0.4945,GH3-like protein,AUXINBIOSYNTHESIS_GH3,,vv11002Auxin_biosynthesis,
182,VIT_07s0205g00180,1025,0.4921,Basic helix-loop-helix (bHLH) family,BHLHDOM_30,,vv60011BHLH,
183,VIT_12s0028g03960,1006,0.4891,Ankyrin repeat protein family,K10380,,vv50108Accessory_factors_involved_in_transport,
184,VIT_14s0081g00140,1010,0.4886,Pentatricopeptide (PPR) repeat-containing,,,,
185,VIT_00s0583g00010,1008,0.4881,Transcription initiation factor TFIIH subunit H4,K03144,,vv23022Basal_transcription_factors,vv23420Nucleotide_excision_repair
186,VIT_00s0286g00110,1008,0.4870,S-locus protein kinase,,,,
187,VIT_01s0026g00080,1003,0.4852,Metal-dependent phosphohydrolase HD domain-containing protein,K07023,,,
188,VIT_00s0516g00010,998,0.4840,Unknown,,,,
189,VIT_13s0106g00700,1000,0.4838,Aspartyl aminopeptidase,E3_4_11_21,,,
190,VIT_02s0012g01910,993,0.4809,Unknown protein,,,,
191,VIT_01s0182g00130,990,0.4762,PHO1-like protein,PHO1,,vv50125Porters_cat_66_to_94,
192,VIT_14s0060g02070,982,0.4760,Protein phosphatase 2C,E3_1_3_16,,,
193,VIT_12s0055g00810,970,0.4688,Cationic peroxidase,E1_11_1_7,,vv10360Phenylalanine_metabolism,vv10680Methane_metabolism
194,VIT_14s0030g00220,972,0.4684,Sugar transporter ERD6-like 5,ERD6L5,,vv50121Porters_cat_1_to_6,
195,VIT_13s0067g00710,958,0.4650,Nascent polypeptide associated complex alpha chain,K03626,,,
196,VIT_18s0089g00510,967,0.4640,Isopentenyltransferase 1,E2_5_1_27,,vv10908Zeatin_biosynthesis,
197,VIT_09s0054g00430,953,0.4613,Unknown protein,,,,
198,VIT_05s0020g04680,934,0.4516,Auxin-induced protein 22D,IAA22D_2,,vv30003Auxin_signaling,vv60008AUXIAA
199,VIT_09s0054g01370,925,0.4475,Beta-amyrin synthase,E5_4_99_BAS,,vv10900Terpenoid_biosynthesis,
200,VIT_06s0004g00950,922,0.4467,HUB2 (histone mono-ubiquitination 2),HUB2,,vv60078Other_zf-C3HC4,
201,VIT_09s0018g01650,920,0.4451,Wrinkled1 (AP2/ERBP),WRINKLED1_1,VvAP2-06,vv30008Ethylene_signaling,vv60003AP2_EREBP
202,VIT_08s0007g04690,917,0.4436,U3 small nucleolar RNA-associated protein 12,K14556,,vv23008Ribosome_biogenesis_in_Eukaryotes,
203,VIT_07s0005g02490,906,0.4400,CYP709B2,,,,
204,VIT_01s0011g01940,907,0.4388,Unknown protein,,,,
205,VIT_14s0060g01680,903,0.4383,TPR3 (topless-related 3),TPR3,,vv30003Auxin_signaling,
206,VIT_00s0522g00010<br>VIT_00s0266g00010<br>VIT_00s0372g00070<br>VIT_00s0372g00080<br>VIT_00s0572g00010<br>VIT_00s0372g00040<br>VIT_00s0847g00020<br>VIT_00s0572g00020,905,0.4370,
207,VIT_01s0137g00780,903,0.4354,Unknown protein,,,,
208,VIT_00s0194g00210<br>VIT_00s0194g00250,892,0.4336,
209,VIT_18s0001g10830,899,0.4326,Patatin,,,,
210,VIT_02s0033g01000,898,0.4319,Anthraniloyal-CoA: methanol anthraniloyal transferase,AMAT,,vv10400Phenylalanine_tyrosine_and_tryptophan_biosynthesis,
211,VIT_15s0046g00710,894,0.4317,Wax synthase,E2_3_1_75,,vv11000Single_reactions,
212,VIT_09s0002g06990,892,0.4295,Phosphatidic acid phosphatase / PAP2,E3_1_3_4,,vv10561Glycerolipid_metabolism,vv10564Glycerophospholipid_metabolism
213,VIT_01s0011g03760,888,0.4294,Unknown,,,,
214,VIT_01s0150g00260,885,0.4279,Zinc finger (C3HC4-type ring finger),ZFC3HC4_2,,vv60078Other_zf-C3HC4,
215,VIT_00s0399g00020,882,0.4240,Protease inhibitor/seed storage/lipid transfer protein (LTP),,,,
216,VIT_09s0002g04220,876,0.4234,Ras-related protein Rab-7A,K07897,,vv44145Phagosome,
217,VIT_18s0001g01590,866,0.4192,BTB/POZ domain-containing protein,BTBDOM_1,,vv60093TRAF,
218,VIT_00s0274g00080,863,0.4133,Benzoquinone reductase,E1_6_5_6,,vv10740Riboflavin_metabolism,
219,VIT_01s0011g02610,854,0.4130,No hit,,,,
220,VIT_18s0001g06390,845,0.4053,Auxin-independent growth promoter,AXI1,,vv30003Auxin_signaling,
221,VIT_01s0011g03640,833,0.4046,Adenylate isopentenyltransferase,E2_5_1_27,,vv10100Biosynthesis_of_steroids,
222,VIT_13s0067g03890,836,0.4029,Beta-ketoacyl-CoA synthase,E2_3_1_41,,vv10061Fatty_acid_biosynthesis,
223,VIT_07s0005g01520,829,0.4024,WRKY DNA-binding protein 35,WRKY35,VvWRKY18,vv60066WRKY,
224,VIT_09s0002g03130,822,0.3990,FRK1 (FLG22-induced receptor-like kinase 1),FRK1,,vv34626Plant-pathogen_interaction,
225,VIT_09s0018g01340<br>VIT_09s0018g01360,820,0.3977,
226,VIT_02s0025g03150,823,0.3976,Nuclear pore complex protein Nup98-Nup96,K14297,,vv23013RNA_transport,vv50109Incompletely_characterized_transport_systems
227,VIT_14s0006g01280,820,0.3967,Myb domain protein 113,MYB113_5,MYBA7,vv60044MYB,
228,VIT_11s0037g01290,819,0.3958,No hit,,,,
229,VIT_18s0122g01260,813,0.3941,Protein kinase 1B,,,,
230,VIT_14s0066g00470,804,0.3892,Unknown protein,,,,
231,VIT_03s0110g00100,796,0.3857,CYP86A8,,,,
232,VIT_04s0023g02650,791,0.3821,CYP90D1 ROT3 (ROTUNDIFOLIA 3) steroid hydroxylase,,,,
233,VIT_06s0004g02690,770,0.3745,Glycosyl transferase family 2 protein,,,,
234,VIT_00s0286g00050,772,0.3744,S-locus protein kinase,,,,
235,VIT_13s0064g01480,776,0.3743,Lipoxygenase LOX1,E1_13_11_12,,vv10592alpha-Linolenic_acid_metabolism,
236,VIT_18s0001g14190,770,0.3738,Unknown,,,,
237,VIT_18s0001g07020,763,0.3706,No hit,,,,
238,VIT_02s0025g02250,766,0.3702,Dof zinc finger protein DOF4.6,DOF4_6_2,,vv60015C2C2-DOF,
239,VIT_18s0001g13820<br>VIT_18s0001g13830,760,0.3659,
240,VIT_02s0012g01640,759,0.3647,Inositol 1 3 4-trisphosphate 5/6-kinase.,E2_7_1_134,,vv10562Inositol_phosphate_metabolism,
241,VIT_01s0026g00880,750,0.3616,Transducin protein,,,,
242,VIT_00s0820g00020,749,0.3615,Anthocyanidine rhamnosyl-transferase,RHATR,,vv10942Anthocyanin_biosynthesis,
243,VIT_01s0011g02080,744,0.3594,Ribosomal protein L36a/L44 (RPL36aB) 60S,K02920,,vv23010Ribosome,
244,VIT_14s0068g00220,742,0.3591,Proteasome,,,,
245,VIT_06s0009g03300,738,0.3584,HcrVf1 protein,,,,
246,VIT_04s0008g02520,741,0.3564,ATP binding protein,,,,
247,VIT_02s0025g00390,734,0.3563,Unknown protein,,,,
248,VIT_19s0014g03380,738,0.3557,3'(2') 5'-bisphosphate nucleotidase,E3_1_3_7,,vv10920Sulfur_metabolism,
249,VIT_08s0007g02620,729,0.3518,Ribosomal protein S17 (RPS17A) 40S,K02961,,vv23010Ribosome,
250,VIT_15s0046g02380,721,0.3514,CYP86A8,,,,
251,VIT_07s0005g02710,729,0.3513,Unknown protein,,,,
252,VIT_18s0001g14940,716,0.3467,Pentatricopeptide (PPR) repeat-containing,,,,
253,VIT_19s0015g02690,721,0.3458,Glutathione S-transferase 25 GSTU25,E2_5_1_18_GSTU25,,vv10480Glutathione_metabolism,
254,VIT_08s0007g08200,711,0.3448,MATE efflux family protein,MATE,,vv50125Porters_cat_66_to_94,
255,VIT_17s0000g06010,709,0.3412,Unknown protein,,,,
256,VIT_13s0019g01520,700,0.3387,Protease inhibitor/seed storage/lipid transfer protein (LTP),,,,
257,VIT_02s0087g00240,696,0.3370,Unknown protein,,,,
258,VIT_05s0049g00300,692,0.3346,1-aminocyclopropane-1-carboxylate oxidase homolog 1,E1_14_17_4,,vv10640Propanoate_metabolism,vv30008Ethylene_signaling
259,VIT_08s0007g04890,692,0.3340,ACT domain-containing protein,,,,
260,VIT_05s0049g01400,684,0.3320,Alcohol oxidase,E1_1_3_13,,vv10680Methane_metabolism,
261,VIT_14s0006g02530,683,0.3306,Non-specific lipid-transfer protein 2 (LTP 2),,,,
262,VIT_17s0000g09110,679,0.3298,Ribosomal protein L27A (RPL27aC) 60S,K02900,,vv23010Ribosome,
263,VIT_11s0016g04270,680,0.3288,Hydrolase  alpha/beta fold,,,,
264,VIT_02s0033g01020,682,0.3287,Anthraniloyal-CoA: methanol anthraniloyal transferase,AMAT,,vv10400Phenylalanine_tyrosine_and_tryptophan_biosynthesis,
265,VIT_19s0093g00480,677,0.3280,Peptidyl-prolyl cis-trans isomerase  FKBP-type,K01802,,,
266,VIT_02s0025g03800,678,0.3277,No hit,,,,
267,VIT_12s0057g00480,670,0.3254,RNA-binding protein Musashi,K14411,,vv23015mRNA_surveillance_pathway,
268,VIT_09s0054g00690,667,0.3239,Vacuolar processing enzyme alpha,,,,
269,VIT_04s0069g00230,671,0.3235,Glutamate receptor protein,GLR2_7,,vv50101Channels_and_pores,
270,VIT_14s0030g01980,663,0.3203,Auxin-induced protein PCNT115,AUXREG,,vv30003Auxin_signaling,
271,VIT_19s0014g04900,660,0.3199,(-)-germacrene D synthase,E4_2_3_22,,vv10900Terpenoid_biosynthesis,
272,VIT_10s0003g00620,665,0.3196,Lipase GDSL,,,,
273,VIT_19s0014g02220,659,0.3188,Pentatricopeptide (PPR) repeat-containing protein,,,,
274,VIT_01s0127g00720,655,0.3166,Carbonic anhydrase  beta,E4_2_1_1,,vv10910Nitrogen_metabolism,vv50124Porters_cat_30_to_64
275,VIT_07s0104g00240,648,0.3126,Unknown protein,,,,
276,VIT_18s0001g05950,644,0.3117,Cis-zeatin O-beta-D-glucosyltransferase,E2_4_1_215,,vv10908Zeatin_biosynthesis,
277,VIT_11s0206g00050<br>VIT_11s0149g00410,644,0.3114,
278,VIT_01s0011g05370,644,0.3111,Phosphoglucomutase  cytoplasmic,E5_4_2_2,,vv10010Glycolysis,vv10030Pentose_phosphate
279,VIT_19s0085g00660,644,0.3107,No hit,,,,
280,VIT_08s0007g02700,623,0.3027,Secoisolariciresinol dehydrogenase,SIRD,,vv10940Phenylpropanoid_biosynthesis,
281,VIT_11s0016g01310,626,0.3027,TT2 (transparent testa 2),TT2_5,MYBPA4,vv44110Cell_cycle,vv60044MYB
282,VIT_06s0004g06690,625,0.3011,Ribosomal protein S18 30S,K02963,,vv23010Ribosome,
283,VIT_08s0105g00300,620,0.3007,Phospholipase C,E3_1_4_3,,vv10260Glycine_serine_and_threonine_metabolism,vv10562Inositol_phosphate_metabolism
284,VIT_05s0020g04290,622,0.3005,No hit,,,,
285,VIT_11s0052g00490,612,0.2984,No hit,,,,
286,VIT_01s0146g00370,609,0.2951,Armadillo/beta-catenin repeat,,,,
287,VIT_18s0041g00730,601,0.2903,Peptide chain release factor eRF subunit 1,K03265,,vv23015mRNA_surveillance_pathway,
288,VIT_10s0003g00560,597,0.2901,Wuschel homeobox 9,WOX9,VvHB37,vv60034HB,
289,VIT_13s0019g04260,587,0.2838,Monoglyceride lipase,E3_1_1_23,,vv10561Glycerolipid_metabolism,
290,VIT_02s0025g01240,585,0.2830,UDP-glucuronosyl/UDP-glucosyltransferase,E2_4_1_17,,vv10040Pentose_glucuronate_interconversion,vv10500Starch_and_sucrose_metabolism
291,VIT_01s0010g01870,581,0.2829,Salicylic acid-induced fragment 1 protein,,,,
292,VIT_18s0001g08920,581,0.2820,No hit,,,,
293,VIT_11s0037g00320,571,0.2745,Serine carboxypeptidase S10,,,,
294,VIT_00s1351g00010,562,0.2736,Polyadenylate-binding protein 2,K14396,,vv23015mRNA_surveillance_pathway,
295,VIT_14s0128g00510<br>VIT_14s0128g00550,565,0.2735,
296,VIT_05s0102g00370,566,0.2728,Receptor protein kinase (ACR4),,,,
297,VIT_01s0011g06060,570,0.2725,PLATZ transcription factor,PLATZFAM_2,,vv60049PLATZ,
298,VIT_08s0007g03360,561,0.2710,EMB1345 (embryo defective 1345),,,,
299,VIT_14s0068g00140,559,0.2703,No hit,,,,
300,VIT_18s0001g13080,557,0.2700,Unknown protein,,,,
301,VIT_18s0166g00080,555,0.2698,ABC transporter G member 4,K05680,,vv52010ABC_transporters,
302,VIT_00s0227g00060,557,0.2697,WD-40 repeat protein,,,,
303,VIT_18s0001g10850,555,0.2689,Patatin,,,,
304,VIT_17s0119g00300,556,0.2689,EMB2261 (embryo defective 2261),,,,
305,VIT_19s0014g01360,550,0.2674,Curculin (mannose-binding) lectin,,,,
306,VIT_13s0019g02950,554,0.2672,UGT76C2 (UDP-glucosyl transferase 76C2),,,,
307,VIT_17s0000g00300,550,0.2671,Signal recognition particle subunit 68 SRP68,K03107,,vv23060Protein_export,vv50132Primary_active_transporter_cat_A5_to_A8
308,VIT_14s0060g02330,542,0.2627,Actin binding formin homology 1,FH2,,vv44810Regulation_of_actin_cytoskeleton,
309,VIT_13s0074g00680,540,0.2615,ABC transporter G member 22,ABCG22,,vv52010ABC_transporters,
310,VIT_13s0139g00170,541,0.2612,Orotidine-5'-phosphate decarboxylase.,E4_1_1_23,,vv10240Pyrimidine_metabolism,
311,VIT_00s0670g00010,538,0.2592,T-complex protein 1 subunit eta,K09499,,,
312,VIT_04s0023g03710,534,0.2583,Myb domain protein 4,MYB4_1,MYB4B,vv60044MYB,
313,VIT_11s0118g00700,534,0.2582,Protein phosphatase 2C DBP,DBPPP2C_1,,vv60024DBP,
314,VIT_00s0207g00010,529,0.2564,Anthranilate N-benzoyltransferase protein 1,E2_3_1_144,,vv10400Phenylalanine_tyrosine_and_tryptophan_biosynthesis,
315,VIT_08s0040g01860,528,0.2557,Unknown protein,,,,
316,VIT_08s0007g08210,529,0.2548,Zinc finger (CCCH-type) family protein,CCCHFAM_36,,vv60018C3H,
317,VIT_10s0092g00150,526,0.2529,Patatin protein 3,,,,
318,VIT_13s0106g00060,517,0.2507,Ankyrin repeat,,,,
319,VIT_01s0026g01140,523,0.2505,ZCW32 (BIGPETAL  BIGPETALUB),ZCW32_2,,vv60011BHLH,
320,VIT_09s0096g00880<br>VIT_00s0606g00010,518,0.2500,
321,VIT_07s0129g00640,517,0.2499,Unknown protein,,,,
322,VIT_09s0070g00080,512,0.2483,Aquaporin NIP6;1,NIP6_1,,vv50101Channels_and_pores,
323,VIT_14s0068g02240,511,0.2466,HcrVf1 protein,K13466,,vv34626Plant-pathogen_interaction,
324,VIT_15s0046g00510,503,0.2418,Wax synthase,E2_3_1_75,,vv11000Single_reactions,
325,VIT_00s0978g00020,496,0.2415,Unknown protein,,,,
326,VIT_16s0098g01390,500,0.2413,Yippee,,,,
327,VIT_16s0098g01200,498,0.2406,6-phosphogluconolactonase,E3_1_1_31,,vv10030Pentose_phosphate,
328,VIT_09s0002g06780,492,0.2385,Unknown protein,,,,
329,VIT_11s0016g00330,488,0.2369,Pectinesterase family,E3_1_1_11,,vv40006Cell_wall,
330,VIT_03s0038g02380,486,0.2352,RAC G-protein Rac1,RAC1,,vv34020Calcium_signaling_pathway,
331,VIT_06s0004g01550,484,0.2343,Phosphoribosylanthranilate transferase,E2_4_2_18,,vv10400Phenylalanine_tyrosine_and_tryptophan_biosynthesis,
332,VIT_01s0137g00190,484,0.2342,CIP4 (COP1-interacting protein 4),CIP4,,vv24120Ubiquitin_mediated_proteolysis,
333,VIT_14s0006g02890,482,0.2336,ATSYTE/NTMC2T3.2/NTMC2TYPE3.2/SYTE,NTMC2T3_2,,vv50109Incompletely_characterized_transport_systems,
334,VIT_07s0005g00270,480,0.2322,Unknown protein,,,,
335,VIT_18s0001g10050,478,0.2303,LRX1 (leucine-rich repeat/extensin 1),EXTENSIN,,vv40006Cell_wall,
336,VIT_13s0067g03060,475,0.2288,Methionyl-tRNA synthetase,E6_1_1_10,,vv10271Methionine_metabolism,vv10450Selenoamino_acid_metabolism
337,VIT_19s0015g02080,461,0.2245,(-)-germacrene D synthase,E4_2_3_22,,vv10900Terpenoid_biosynthesis,
338,VIT_18s0001g10870,460,0.2220,Patatin,,,,
339,VIT_03s0038g01280,454,0.2193,Auxin responsive SAUR protein,SAUR,,vv30003Auxin_signaling,
340,VIT_09s0070g00130,452,0.2190,Ribosomal protein L7 (RPL7A) 60S,K02937,,vv23010Ribosome,
341,VIT_09s0002g07860,450,0.2183,Glycerol kinase,E2_7_1_30,,vv10561Glycerolipid_metabolism,
342,VIT_05s0020g01960,446,0.2170,Na+/H+ antiporter isoform 2,NHX2,,vv50124Porters_cat_30_to_64,
343,VIT_06s0061g01590,447,0.2167,Peptidylprolyl isomerase domain and WD repeat-containing protein 1,K12736,,vv23040Spliceosome,
344,VIT_15s0021g00410,445,0.2141,Transparent testa 12 protein,TT12,,vv50125Porters_cat_66_to_94,
345,VIT_10s0003g01960,441,0.2137,RKF1 (receptor-like kinase in flowers 1),,,,
346,VIT_12s0059g00110<br>VIT_12s0059g00080<br>VIT_12s0059g00100,437,0.2125,
347,VIT_05s0077g00820,440,0.2118,Unknown protein,,,,
348,VIT_19s0027g01710,436,0.2100,Acetylornithine aminotransferase,E2_6_1_11,,vv10220Urea_cycle_and_metabolism_of_amino_groups,
349,VIT_02s0025g02620,430,0.2088,BDG1 (BODYGUARD1) hydrolase,,,,
350,VIT_01s0026g02040,427,0.2085,No hit,,,,
351,VIT_04s0023g02810,428,0.2068,Aldehyde dehydrogenase 3B1,E1_2_1_3,vv10561Glycerolipid_metabolism,vv10010Glycolysis,vv10071Fatty_acid_metabolism
352,VIT_00s0477g00040,429,0.2066,Clathrin assembly protein 16,CAP16,,vv50110Protein_coat,
353,VIT_17s0000g05640,426,0.2057,Nitrate transporter 1:2,NRT1_2,,vv50122Porters_cat_7_to_17,
354,VIT_02s0087g00630,426,0.2051,Alcohol oxidase,E1_1_3_13,,vv10680Methane_metabolism,
355,VIT_12s0028g03400,423,0.2045,No hit,,,,
356,VIT_10s0092g00010,414,0.1999,Unknown protein,,,,
357,VIT_14s0219g00280,403,0.1966,Glycerol-3-phosphate dehydrogenase (NAD+),E1_1_1_8,,vv10564Glycerophospholipid_metabolism,
358,VIT_16s0050g01900,405,0.1963,Leucine-rich repeat protein kinase,,,,
359,VIT_00s0456g00020,407,0.1959,S-locus lectin protein kinase,,,,
360,VIT_06s0004g05500,400,0.1933,Chlororespiratory reduction 2 (CRR2),,,,
361,VIT_11s0052g00870,398,0.1927,IAA33,IAA33,,vv30003Auxin_signaling,vv60008AUXIAA
362,VIT_18s0001g06690,398,0.1916,Gibberellin 20 oxidase 2,E1_14_11_12,,vv10904Diterpenoid_biosynthesis,
363,VIT_13s0067g01410,392,0.1901,Anthranilate N-hydroxycinnamoyl/benzoyltransferase,E2_3_1_144,,vv10400Phenylalanine_tyrosine_and_tryptophan_biosynthesis,
364,VIT_14s0068g00150,393,0.1896,No hit,,,,
365,VIT_08s0056g00260,386,0.1879,Harpin-induced protein,,,,
366,VIT_15s0046g02410,386,0.1873,Aquaporin TMP-C,TMPC,,vv50101Channels_and_pores,
367,VIT_13s0019g05230,389,0.1869,NAC domain-containing protein50,NAC050,VvNAC21,vv60046NAC,
368,VIT_16s0100g00670,386,0.1856,Homeodomain GLABROUS1,HDG1_2,VvHB55,vv60034HB,
369,VIT_14s0171g00390,376,0.1807,DNA-binding storekeeper protein,STOREKEEPER_1,,vv60030GeBP,
370,VIT_18s0122g00460,370,0.1794,CP12-3,,,,
371,VIT_14s0060g00110,365,0.1764,Glutamyl-tRNA synthetase  cytoplasmic,E6_1_1_17,,vv10860Porphyrin_and_chlorophyll_metabolism,vv20970Aminoacyl-tRNA_biosynthesis
372,VIT_03s0017g01510,361,0.1756,N-6 Adenine-specific DNA methylase,E2_1_1_72,,vv10271Methionine_metabolism,
373,VIT_12s0059g02410,363,0.1755,Peroxidase,E1_11_1_7,,vv10360Phenylalanine_metabolism,vv10680Methane_metabolism
374,VIT_15s0048g00940,361,0.1748,ATP-dependent DNA helicase 2 subunit 2,K10885,,vv23450Non_homologous_end_joining,
375,VIT_10s0071g00250,359,0.1743,Strictosidine synthase,E4_3_3_2,,vv10900Terpenoid_biosynthesis,vv10902Monoterpenoid_biosynthesis
376,VIT_17s0000g05600,359,0.1725,(-)-isopiperitenol dehydrogenase,E1_1_1_223,,vv10902Monoterpenoid_biosynthesis,
377,VIT_08s0007g05180,351,0.1693,Unknown,,,,
378,VIT_01s0011g00470,346,0.1677,Metallophosphatase,,,,
379,VIT_00s1663g00010,343,0.1665,No hit,,,,
380,VIT_08s0007g06770,343,0.1660,Unknown protein,,,,
381,VIT_09s0018g00260,341,0.1651,No hit,,,,
382,VIT_04s0008g01260,338,0.1639,Zinc transporter ZIP4,ZIP4,,vv50121Porters_cat_1_to_6,
383,VIT_01s0026g02030,340,0.1638,Basic helix-loop-helix (bHLH) family,BHLHDOM_59,,vv60011BHLH,
384,VIT_13s0067g00730,336,0.1624,Carboxylic ester hydrolase,E3_1_1_1,,,
385,VIT_05s0165g00170,329,0.1591,No hit,,,,
386,VIT_02s0025g00820,324,0.1567,Cation/hydrogen exchanger (CHX18),CHX18,,vv50124Porters_cat_30_to_64,
387,VIT_02s0087g00090,316,0.1519,F-box family protein,,,,
388,VIT_18s0001g02470,312,0.1507,L-ascorbate peroxidase  thylakoid-bound (tAPX),E1_11_1_11,,vv10053Ascorbate_and_aldarate_metabolism,
389,VIT_15s0048g01220,310,0.1503,CRS2-associated factor 1,,,,
390,VIT_11s0016g03520,310,0.1503,Early nodule-specific-like protein ENOD8,,,,
391,VIT_15s0048g00550,308,0.1491,Abnormal floral organs,AFO_2,,vv60019C2C2-YABBY,
392,VIT_01s0011g05110,307,0.1485,Major latex protein 22,,,,
393,VIT_05s0062g01200,307,0.1470,Unknown,,,,
394,VIT_06s0061g00890,301,0.1456,Carboxypeptidase,E3_4_17_22,,,
395,VIT_06s0004g00290,300,0.1454,Ent-kaurenoic acid 13-hydroxylase,E1_14_13_79,,vv10904Diterpenoid_biosynthesis,
396,VIT_01s0010g02370,296,0.1435,Signal recognition particle subunit 72 SRP72,K03108,,vv23060Protein_export,vv50132Primary_active_transporter_cat_A5_to_A8
397,VIT_14s0108g01080,294,0.1425,Myb domain protein 106,MYB106_2,MYB141,vv60044MYB,
398,VIT_08s0007g05320,293,0.1423,Essential for mitotic growth 1,K14568,,vv23008Ribosome_biogenesis_in_Eukaryotes,
399,VIT_01s0011g02530,291,0.1411,Carboxylesterase,E3_1_1_1,,,
400,VIT_18s0001g11710,289,0.1402,Photosystem II PsbO protein,K02716,,vv10195Photosynthesis,vv50113Thylakoid_targeting_pathway
401,VIT_06s0009g00480,286,0.1376,Aluminium-tolerance ALMT1,ALMT1,,vv50125Porters_cat_66_to_94,
402,VIT_13s0019g03330,280,0.1361,Adenylosuccinate lyase,E4_3_2_2,,vv10230Purine_metabolism,vv10252Alanine_and_aspartate_metabolism
403,VIT_18s0041g00020,279,0.1343,Wall-associated receptor kinase 2,,,,
404,VIT_05s0124g00670,275,0.1335,Ankyrin repeat protein,K10380,,vv50108Accessory_factors_involved_in_transport,
405,VIT_08s0040g01130,274,0.1325,Serine carboxypeptidase II,,,,
406,VIT_13s0019g03600,271,0.1315,Nuclear transcription factor Y subunit B-8,NFYB8,,vv60021CCAAT,
407,VIT_09s0002g06060,260,0.1263,U3 small nucleolar RNA-associated protein 5,K14546,,vv23008Ribosome_biogenesis_in_Eukaryotes,
408,VIT_03s0097g00460,261,0.1261,Geraniol 10-hydroxylase,G10H,,vv10902Monoterpenoid_biosynthesis,
409,VIT_16s0039g01220,262,0.1261,C2 domain-containing protein,,,,
410,VIT_08s0007g04950,261,0.1257,Xyloglucan endotransglucosylase/hydrolase 32,E2_4_1_207,,vv40006Cell_wall,
411,VIT_05s0020g01410,260,0.1256,Ribosome 60S subunit biogenesis protein,K07565,,,
412,VIT_05s0020g04670,259,0.1252,No hit,,,,
413,VIT_01s0010g03850,256,0.1242,Calmodulin-binding protein,CMTA4,,vv60020CAMTA,
414,VIT_01s0011g05500,255,0.1235,Beta-1 3-glucanase,E3_2_1_6,,,
415,VIT_14s0006g00300,251,0.1218,Nudix hydrolase 18,,,,
416,VIT_04s0008g03160,250,0.1205,G protein protein gamma subunit (AGG2),,,,
417,VIT_06s0004g06070,249,0.1202,Unknown protein,,,,
418,VIT_18s0001g14910,247,0.1191,Mannitol dehydrogenase,E1_1_1_67,,vv10051Fructose_and_mannose_metabolism,
419,VIT_02s0154g00540,246,0.1191,Protein arginine N-methyltransferase,K00599,,vv10340Histidine_metabolism,vv10350Tyrosine_metabolism
420,VIT_05s0102g00130,245,0.1178,Unknown protein,,,,
421,VIT_16s0039g00700,241,0.1174,RCP1 (root cap 1),RCP1,,vv50125Porters_cat_66_to_94,
422,VIT_02s0025g03570,241,0.1165,DNA binding / hydrolase  acting on ester bonds,,,,
423,VIT_08s0032g00730,239,0.1153,F-box and JmjC domain protein,JMJD7_1,,vv60038Jumonji,
424,VIT_09s0054g00530,237,0.1147,Zinc finger (B-box type),ZFBBOX_13,,vv60073Orphans_zf-b_box,
425,VIT_00s0179g00110,238,0.1146,Protein phosphatase 2C,,,,
426,VIT_01s0010g02030,234,0.1130,Gamma-thionin precursor,,,,
427,VIT_09s0002g03020,229,0.1110,FRK1 (FLG22-induced receptor-like kinase 1),FRK1,,vv34626Plant-pathogen_interaction,
428,VIT_13s0019g03970,228,0.1098,Ribosomal protein P0 (RPP0A) acidic 60S,K02941,,vv23010Ribosome,
429,VIT_08s0032g00050,226,0.1094,Acyl-activating enzyme 15,E6_2_1_3_AAE15,,vv10071Fatty_acid_metabolism,vv50104Group_translocators
430,VIT_06s0004g00030,226,0.1093,S-adenosyl-L-methionine:salicylic acid carboxyl methyltransferase,SAMTBSCMT,,vv10360Phenylalanine_metabolism,
431,VIT_08s0056g00810,226,0.1091,Co-chaperone grpE,K03687,,vv50132Primary_active_transporter_cat_A5_to_A8,
432,VIT_03s0038g03460,224,0.1082,Auxin-induced SAUR,SAUR,,vv30003Auxin_signaling,
433,VIT_05s0051g00120,224,0.1080,N-6 Adenine-specific DNA methylase,E2_1_1_72,,vv10271Methionine_metabolism,
434,VIT_15s0046g02010,224,0.1079,MAPK (MPK4),MPK4,,vv30011Jasmonate_signaling,vv34626Plant-pathogen_interaction
435,VIT_00s0267g00050,222,0.1062,No hit,,,,
436,VIT_14s0066g01790,221,0.1060,GASA like,GASAL,,vv30010Gibberellin_signaling,
437,VIT_13s0084g00410,218,0.1058,No hit,,,,
438,VIT_12s0028g00270,219,0.1057,WRKY DNA-binding protein 71,WRKY71_2,VvWRKY35,vv60066WRKY,
439,VIT_07s0255g00060,214,0.1039,Prolyl oligopeptidase family,,,,
440,VIT_19s0085g00820,215,0.1038,IMP dehydrogenase,E1_1_1_205,,vv10230Purine_metabolism,
441,VIT_01s0010g03880,215,0.1037,Unknown protein,,,,
442,VIT_13s0064g01640,213,0.1030,Beta-primeverosidase,E3_2_1_149,,vv11000Single_reactions,
443,VIT_05s0029g00510,211,0.1023,Aquaporin PIP PIP1A,PIP1A,,vv50101Channels_and_pores,
444,VIT_04s0023g01110,211,0.1019,PQ-loop repeat protein,,,,
445,VIT_18s0001g14660,208,0.1010,P-glycoprotein 13,PGP13,,vv52010ABC_transporters,
446,VIT_08s0007g07140,205,0.0993,Esterase/lipase/thioesterase family protein,,,,
447,VIT_00s0384g00020,203,0.0983,Basic helix-loop-helix (bHLH) family,BHLHDOM_93,,vv60011BHLH,
448,VIT_13s0064g01740<br>VIT_13s0064g01750,202,0.0983,
449,VIT_18s0001g09920,200,0.0970,Cyclin delta-3 (CYCD3_1),CYCD3,,vv30007Cytokinin_signaling,vv44110Cell_cycle
450,VIT_01s0010g00550,200,0.0965,Prolyl oligopeptidase,E3_4_21_26,,,
451,VIT_16s0050g01960,196,0.0952,Curculin (mannose-binding) lectin,,,,
452,VIT_12s0059g00240,197,0.0950,Epoxide hydrolase,E3_3_2_10,,,
453,VIT_01s0011g02730,197,0.0950,ABC transporter G member 3,K05682,,vv52010ABC_transporters,
454,VIT_01s0011g05140,195,0.0939,Major latex-like protein ripening protein [grip61],,,,
455,VIT_08s0007g06410,195,0.0937,FAR1-related sequence5,FRS5_23,,vv60071Orphans_far-red,
456,VIT_16s0050g00830,194,0.0937,Beta-ketoacyl-CoA synthase,E2_3_1_41,,vv10061Fatty_acid_biosynthesis,
457,VIT_10s0071g00230,193,0.0933,HcrVf1 protein,,,,
458,VIT_06s0061g01240,192,0.0926,Histone deacetylase (HD2A),HD2A_2,,vv44110Cell_cycle,vv60017C2H2
459,VIT_00s0271g00030<br>VIT_00s0271g00060,189,0.0918,
460,VIT_08s0007g08080,191,0.0917,G protein beta subunit-like,K08266,,vv34150mTOR_signaling_pathway,
461,VIT_15s0046g01960,188,0.0910,Hydroquinone glucosyltransferase,E2_4_1_218,,vv10500Starch_and_sucrose_metabolism,
462,VIT_12s0059g00190,187,0.0907,Beta-expansin (EXPB3),EXPB3,,vv30003Auxin_signaling,
463,VIT_10s0003g04260,187,0.0905,Unknown protein,,,,
464,VIT_11s0016g02930,186,0.0902,Derlin-3  putative [Ricinus communis],K13989,,vv50133Primary_active_transporter_cat_A9_to_A18,
465,VIT_00s0218g00220,185,0.0901,UDP-glucoronosyl/UDP-glucosyl transferase,,,,
466,VIT_16s0098g01730,172,0.0835,RWP-RK domain-containing protein,RWPRKDOM_6,,vv60052RWP-RK,
467,VIT_16s0050g00690,169,0.0811,Protein kinase,,,,
468,VIT_05s0049g00750,167,0.0807,No hit,,,,
469,VIT_18s0001g07640,167,0.0805,Eceriferum 2 (CER2),,,,
470,VIT_15s0046g00700,166,0.0803,Wax synthase,E2_3_1_75,,vv11000Single_reactions,
471,VIT_01s0137g00510,166,0.0799,CYP71B10,CYP71B10,,vv10940Phenylpropanoid_biosynthesis,
472,VIT_10s0071g00270,165,0.0795,Abscisic acid-insensitive protein 3 (ABI3),ABI3_1,,vv30001ABA_signaling,vv30003Auxin_signaling
473,VIT_07s0129g00630,163,0.0787,Unknown protein,,,,
474,VIT_19s0085g00030,161,0.0783,Unknown protein,,,,
475,VIT_02s0025g02970,160,0.0777,flavanone 3-beta-hydroxylase,E1_14_11_9,,vv10941Flavonoid_biosynthesis,
476,VIT_17s0000g10260,159,0.0772,AarF domain containing kinase,K08869,,,
477,VIT_05s0102g00880,157,0.0762,Strictosidine synthase,E4_3_3_2,,vv10900Terpenoid_biosynthesis,vv10902Monoterpenoid_biosynthesis
478,VIT_01s0010g02220,155,0.0748,Zinc finger (C3HC4-type ring finger),ZFC3HC4_200,,vv60078Other_zf-C3HC4,
479,VIT_13s0156g00090,152,0.0730,Protease inhibitor/seed storage/lipid transfer protein (LTP),,,,
480,VIT_14s0030g02310,150,0.0728,Auxin-induced protein 22D,IAA22D_4,,vv30003Auxin_signaling,vv60008AUXIAA
481,VIT_10s0071g00310,150,0.0725,F-box/LRR-repeat protein 2,,,,
482,VIT_01s0150g00550,150,0.0724,Histone-lysine N-methyltransferase ASHR2,E2_1_1_43ASHR2_1,,vv10300Lysine_biosynthesis,vv60056SET_PCG
483,VIT_05s0020g01040,150,0.0723,Unknown protein,,,,
484,VIT_18s0001g11290,149,0.0719,Signal peptidase 1,K03100,,vv23060Protein_export,vv50132Primary_active_transporter_cat_A5_to_A8
485,VIT_05s0094g01320,148,0.0712,Ankyrin repeat,K10380,,vv50108Accessory_factors_involved_in_transport,
486,VIT_13s0019g01690,148,0.0709,Ubiquitin-specific protease 24 (UBP24),,,,
487,VIT_06s0004g06990,145,0.0706,Phytol kinase 2  chloroplast precursor,VTE5,,vv10860Porphyrin_and_chlorophyll_metabolism,
488,VIT_07s0031g01670,145,0.0703,CYP96A10,,,,
489,VIT_14s0006g00650,146,0.0702,NET1-associated nuclear protein 1 UTP!/,K14552,,vv23008Ribosome_biogenesis_in_Eukaryotes,
490,VIT_12s0028g01940<br>VIT_12s0028g02760<br>VIT_12s0028g02710<br>VIT_12s0028g01880,145,0.0700,
491,VIT_05s0102g00830,145,0.0699,Unknown protein,,,,
492,VIT_00s0225g00080,144,0.0698,MATE efflux family protein,MATE,,vv50125Porters_cat_66_to_94,
493,VIT_03s0097g00340,144,0.0695,Monofunctional aspartokinase,E2_7_2_4,,vv10260Glycine_serine_and_threonine_metabolism,vv10300Lysine_biosynthesis
494,VIT_02s0012g02820,143,0.0694,Geraniol 10-hydroxylase,G10H,,vv10902Monoterpenoid_biosynthesis,
495,VIT_02s0012g01680,143,0.0692,Trehalose phosphatase 5,E3_1_3_12,,vv10500Starch_and_sucrose_metabolism,
496,VIT_00s0225g00070,143,0.0690,MATE efflux family protein,MATE,,vv50125Porters_cat_66_to_94,
497,VIT_18s0001g11620,142,0.0690,WAK receptor protein kinase,,,,
498,VIT_08s0058g00150,141,0.0681,Ammonium transporter 2,AMT2,,vv50101Channels_and_pores,
499,VIT_08s0007g00900,140,0.0678,Tropinone reductase,E1_1_1_206,,vv10220Urea_cycle_and_metabolism_of_amino_groups,
500,VIT_02s0012g02810,139,0.0675,CYP76C4,,,,
501,VIT_04s0008g05690,139,0.0674,Meprin and TRAFy domain-containing protein,,,,
502,VIT_07s0129g00380,140,0.0674,Phototropic-responsive NPH3,BTBNPH3_1,,vv60093TRAF,
503,VIT_15s0046g02400,134,0.0651,Glycerol-3-phosphate acyltransferase 8,E2_3_1_15,,vv10561Glycerolipid_metabolism,vv10564Glycerophospholipid_metabolism
504,VIT_15s0046g01640,134,0.0650,Abl interactor protein 1 (ABIL1),,,,
505,VIT_09s0002g03000,133,0.0643,Leucine-rich repeat protein kinase,,,,
506,VIT_04s0008g02140,129,0.0626,EMB2261 (embryo defective 2261),,,,
507,VIT_06s0004g03080,128,0.0617,NAC domain containing protein 2,NAC2_3,VvNAC42,vv60046NAC,
508,VIT_04s0008g02870,126,0.0611,Transcription factor,TRIHELIXDOM_12,,vv60062Trihelix,
509,VIT_15s0021g00120,124,0.0598,RPP13 (recognition of peronospora parasitica 13),RPP13,,vv34626Plant-pathogen_interaction,
510,VIT_17s0000g10060,121,0.0585,Lipase GDSL,,,,
511,VIT_05s0020g03190,122,0.0585,Haloacid dehalogenase hydrolase,E3_1_3_18,,vv10630Glyoxylate_and_dicarboxylate_metabolism,
512,VIT_08s0007g03080,121,0.0581,Pentatricopeptide repeat,,,,
513,VIT_07s0104g01410,119,0.0581,OTU cysteine protease,,,,
514,VIT_19s0027g01810,117,0.0567,Invertase/pectin methylesterase inhibitor,PMEI,,vv40006Cell_wall,
515,VIT_13s0067g01890,117,0.0562,Glycosyl hydrolase family 85,,,,
516,VIT_06s0009g03260,116,0.0558,Unknown protein,,,,
517,VIT_14s0060g01810,115,0.0557,Unknown protein,,,,
518,VIT_14s0083g00040,115,0.0556,Sugar transport protein 12 (STP12),STP12,,vv50121Porters_cat_1_to_6,
519,VIT_14s0060g01850,114,0.0552,Unknown,,,,
520,VIT_18s0122g00350,110,0.0534,DC1 domain-containing protein,,,,
521,VIT_09s0002g03770,111,0.0534,Mitotic phosphoprotein N' end (MPPN),K14313,,vv23013RNA_transport,vv44110Cell_cycle
522,VIT_00s0160g00220,109,0.0529,Unknown protein,,,,
523,VIT_07s0104g01320,109,0.0527,Transport inhibitor response 1,TIR1,,vv30003Auxin_signaling,
524,VIT_12s0055g00970,109,0.0527,Pentatricopeptide repeat,,,,
525,VIT_17s0000g05310,107,0.0518,Pre-mRNA cleavage complex II protein Clp1,,,,
526,VIT_02s0012g01170,104,0.0504,Pyruvate kinase,E2_7_1_40,,vv10010Glycolysis,vv10230Purine_metabolism
527,VIT_12s0059g00150,104,0.0502,Ankyrin repeat,K10380,,vv50108Accessory_factors_involved_in_transport,
528,VIT_14s0030g01950,103,0.0498,Transferase,,,,
529,VIT_17s0000g03430,102,0.0492,Adaptor-related protein complex 3  delta 1 sub,AP3D1,,vv50110Protein_coat,
530,VIT_00s0286g00130,101,0.0490,S-locus lectin protein kinase,,,,
531,VIT_15s0021g02360,102,0.0490,No hit,,,,
532,VIT_17s0053g00810,101,0.0489,Cyclic nucleotide-binding transporter 1,K05391_CNBT1,,vv34626Plant-pathogen_interaction,vv50101Channels_and_pores
533,VIT_02s0025g04410,99,0.0483,Beta-ketoacyl-CoA synthase,E2_3_1_41,,vv10061Fatty_acid_biosynthesis,
534,VIT_07s0141g00530,99,0.0476,U3 small nucleolar RNA-associated protein 18,K14553,,vv23008Ribosome_biogenesis_in_Eukaryotes,
535,VIT_18s0001g12900,99,0.0475,S-adenosyl-L-methionine:salicylic acid carboxyl methyltransferase,SAMTBSCMT,,vv10360Phenylalanine_metabolism,
536,VIT_01s0011g01360,98,0.0473,Copper-transporting ATPase RAN1,K01533_RAN1,,vv50131Primary_active_transporter_cat_A2_to_A4,
537,VIT_04s0008g06000,96,0.0465,Ethylene-responsive transcription factor ERF003,ERF003_2,VvERF045,vv30008Ethylene_signaling,vv60003AP2_EREBP
538,VIT_07s0104g01150,96,0.0464,RNA-binding protein,,,,
539,VIT_00s0192g00040,96,0.0463,No hit,,,,
540,VIT_13s0106g00070,96,0.0462,Ankyrin repeat protein,K10380,,vv50108Accessory_factors_involved_in_transport,
541,VIT_15s0046g00630,96,0.0462,Wax synthase,E2_3_1_75,,vv11000Single_reactions,
542,VIT_02s0025g00750,96,0.0462,Pinoresinol forming dirigent protein,DIRPR,,vv10940Phenylpropanoid_biosynthesis,
543,VIT_01s0010g03810,95,0.0461,No hit,,,,
544,VIT_09s0002g03620,95,0.0459,NADP-dependent malic enzyme,E1_1_1_39,,vv10620Pyruvate_metabolism,vv10710Carbon_fixation
545,VIT_00s0271g00070,94,0.0455,Pentatricopeptide (PPR) repeat-containing protein,,,,
546,VIT_19s0014g04920,93,0.0449,(-)-germacrene D synthase,E4_2_3_22,,vv10900Terpenoid_biosynthesis,
547,VIT_09s0002g04690,92,0.0446,Pentatricopeptide (PPR) repeat-containing protein,,,,
548,VIT_18s0072g00340,92,0.0443,Ribosomal protein L3 (RPL3B) 60S,K02906,,vv23010Ribosome,
549,VIT_14s0083g00220,91,0.0441,Zinc finger CCHC domain-containing protein 8,K13128,,,
550,VIT_01s0026g01180,90,0.0435,No hit,,,,
551,VIT_05s0020g02270,89,0.0432,Unknown,,,,
552,VIT_05s0020g03420,89,0.0432,PHD finger transcription factor,PHDFG_4,,vv60048PHD,
553,VIT_06s0061g01000,88,0.0426,Prolylcarboxypeptidase,E3_4_16_2,,,
554,VIT_14s0060g01820,88,0.0426,Unknown,,,,
555,VIT_11s0016g03880,87,0.0420,Receptor protein kinase PERK1,,,,
556,VIT_03s0017g01140,86,0.0416,Cis-zeatin O-beta-D-glucosyltransferase,E2_4_1_215,,vv10908Zeatin_biosynthesis,
557,VIT_00s0978g00010,86,0.0415,Transcription initiation factor TFIIH subunit H4,K03144,,vv23022Basal_transcription_factors,vv23420Nucleotide_excision_repair
558,VIT_09s0002g01080,85,0.0412,Lipoxygenase,E1_13_11_12,,vv10592alpha-Linolenic_acid_metabolism,
559,VIT_00s0181g00200<br>VIT_00s0181g00180,84,0.0408,
560,VIT_00s0259g00010,84,0.0404,Unknown,,,,
561,VIT_18s0001g11890,83,0.0400,E3 ubiquitin-protein ligase RNF5,K10666_138,,vv24141Protein_processing_in_endoplasmic_reticulum,vv60078Other_zf-C3HC4
562,VIT_02s0033g01030,81,0.0393,Anthraniloyal-CoA: methanol anthraniloyal transferase,AMAT,,vv10400Phenylalanine_tyrosine_and_tryptophan_biosynthesis,
563,VIT_00s0313g00040,81,0.0392,PAS2 (PASTICCINO 2),K10703,,vv11040Biosynthesis_of_unsaturated_fatty_acids,
564,VIT_07s0031g02950,79,0.0382,Ammonium transporter 2,AMT2,,vv50101Channels_and_pores,
565,VIT_13s0019g01260,79,0.0380,Enoyl reductase,K10258,,vv11040Biosynthesis_of_unsaturated_fatty_acids,
566,VIT_12s0028g01560,78,0.0379,Zinc finger (C3HC4-type ring finger),ZFC3HC4_236,,vv60078Other_zf-C3HC4,
567,VIT_16s0050g00020,77,0.0372,Cullin-4,K10609,,vv23420Nucleotide_excision_repair,vv24120Ubiquitin_mediated_proteolysis
568,VIT_13s0019g04650,77,0.0372,Thioredoxin 8,,,,
569,VIT_16s0022g00070,77,0.0370,No hit,,,,
570,VIT_00s0204g00130,76,0.0368,Unknown,,,,
571,VIT_11s0052g00410,75,0.0364,Allyl alcohol dehydrogenase,,,,
572,VIT_00s0187g00200,75,0.0362,Unknown protein,,,,
573,VIT_01s0011g04010,74,0.0358,Catalytic,,,,
574,VIT_16s0100g00070,74,0.0357,Prohibitin 1,PHB1,,vv50108Accessory_factors_involved_in_transport,
575,VIT_11s0016g02050,72,0.0346,Nucleosome assembly protein (NAP1),,,,
576,VIT_15s0046g02460,71,0.0345,Growth-on protein GRO11,,,,
577,VIT_00s0286g00040,71,0.0344,S-locus protein kinase,,,,
578,VIT_14s0108g00150,71,0.0344,Calmodulin-binding region IQD28,IQD28,,,
579,VIT_10s0042g00130,69,0.0336,Pentatricopeptide (PPR) repeat,,,,
580,VIT_02s0087g00470,69,0.0334,Anthraniloyal-CoA: methanol anthraniloyal transferase,AMAT,,vv10400Phenylalanine_tyrosine_and_tryptophan_biosynthesis,
581,VIT_04s0023g01300,68,0.0330,Aminopeptidase P,E3_4_11_9,,,
582,VIT_14s0081g00120,67,0.0326,fertility restorer,,,,
583,VIT_07s0151g00520,67,0.0326,Homocysteine S-methyltransferase 3,E2_1_1_10,,vv10271Methionine_metabolism,
584,VIT_03s0038g01960,66,0.0316,Proline-rich family protein,,,,
585,VIT_11s0016g02760,65,0.0315,No hit,,,,
586,VIT_05s0124g00610,65,0.0315,Ankyrin repeat protein family,K10380,,vv50108Accessory_factors_involved_in_transport,
587,VIT_18s0001g10900,65,0.0313,Patatin,,,,
588,VIT_03s0038g04230,64,0.0311,Dihydroflavonol 4-reductase,E1_1_1_219,,vv10941Flavonoid_biosynthesis,
589,VIT_07s0005g01890,64,0.0311,Patatin,,,,
590,VIT_14s0060g01630,64,0.0308,Translation initiation factor eIF-3 subunit 10,K03254,,vv23013RNA_transport,
591,VIT_07s0031g01690,64,0.0308,No hit,,,,
592,VIT_12s0057g00900,63,0.0304,Import inner membrane translocase subunit TIM50,TIM50,,vv50132Primary_active_transporter_cat_A5_to_A8,
593,VIT_08s0040g02820,63,0.0304,Unknown protein,,,,
594,VIT_13s0064g00790,63,0.0304,No hit,,,,
595,VIT_15s0048g00950,62,0.0300,Glutathione S-transferase Z2 GSTZ2,E2_5_1_18_GSTZ2,,vv10480Glutathione_metabolism,
596,VIT_15s0046g00600,61,0.0293,No hit,,,,
597,VIT_03s0091g00390,59,0.0287,Snakin-1,SNAKIN,,vv30010Gibberellin_signaling,
598,VIT_15s0048g02090,58,0.0281,Thioesterase family,,,,
599,VIT_00s0131g00020,58,0.0281,Annexin ANN4,ANN4,,vv50101Channels_and_pores,
600,VIT_01s0011g00790,58,0.0280,DnaJ homolog  subfamily C  member 2 gonidia forming protein GlsA,K09522_1,,vv50132Primary_active_transporter_cat_A5_to_A8,vv60045MYBrelated
601,VIT_19s0015g01210,54,0.0262,KH domain-containing protein,,,,
602,VIT_09s0002g02320,54,0.0262,Cell wall apoplastic invertase,E3_2_1_26,,vv10052Galactose_metabolism,vv10500Starch_and_sucrose_metabolism
603,VIT_00s0593g00010,54,0.0261,Pentatricopeptide (PPR) repeat-containing protein,,,,
604,VIT_00s0271g00110,54,0.0261,flavodoxin-like quinone reductase 1,FQR1,,vv30003Auxin_signaling,
605,VIT_14s0036g00370,53,0.0256,Serine/threonine-protein phosphatase PP1,K06269,,vv10500Starch_and_sucrose_metabolism,
606,VIT_14s0060g02460,53,0.0256,Unknown,,,,
607,VIT_09s0002g00340,52,0.0254,Alanine aminotransferase 2,E2_6_1_21,,vv10330Arginine_and_proline_metabolism,vv10360Phenylalanine_metabolism
608,VIT_18s0001g14080,52,0.0251,Diphthine synthase (DPH5),E2_1_1_98,,vv10271Methionine_metabolism,
609,VIT_06s0061g00620,52,0.0250,Short-chain dehydrogenase carbonyl reductase 3,,,,
610,VIT_18s0001g11090,51,0.0248,Uroporphyrinogen-III synthase,E4_2_1_75,,vv10860Porphyrin_and_chlorophyll_metabolism,
611,VIT_03s0038g02540,51,0.0246,Aborted microspores AMS,AMS_3,,vv60011BHLH,
612,VIT_03s0017g01350,50,0.0241,Ribosomal protein S6 (RPS6B) 40S,K02991,,vv23010Ribosome,vv34150mTOR_signaling_pathway
613,VIT_12s0035g01990,49,0.0236,Intron maturase  type II,,,,
614,VIT_11s0118g00180,48,0.0232,HHP1 (heptahelical protein 1),,,,
615,VIT_17s0000g02920,48,0.0231,Glutathione S-transferase 25 GSTU7,E2_5_1_18_GSTU7,,vv10480Glutathione_metabolism,
616,VIT_14s0060g01830,48,0.0231,Unknown protein,,,,
617,VIT_10s0003g00380,48,0.0231,Homeobox-leucine zipper protein HB52,VVHB52_2,,vv60034HB,
618,VIT_13s0067g02990,47,0.0228,Superoxide dismutase  Fe-Mn family,K04564,,vv44146Peroxisome,
619,VIT_08s0032g00530,46,0.0223,Rhomboid,,,,
620,VIT_06s0061g01010,46,0.0221,Prolylcarboxypeptidase,E3_4_16_2,,,
621,VIT_18s0001g03860,43,0.0206,Unknown protein,,,,
622,VIT_00s0194g00330,42,0.0204,Proline-rich family protein,,,,
623,VIT_16s0148g00350,42,0.0203,Receptor kinase LRK10,,,,
624,VIT_03s0038g04210,42,0.0202,Phototropin-2,K08282,,vv50101Channels_and_pores,
625,VIT_08s0007g07100,41,0.0199,Male sterility 2,,,,
626,VIT_08s0007g00850,40,0.0192,EFR (EF-TU receptor),K13428,,vv34626Plant-pathogen_interaction,
627,VIT_11s0037g01410,39,0.0189,XBAT32 (XB3 ortholog 2 in Arabidopsis thaliana 32),XBAT32,,vv50108Accessory_factors_involved_in_transport,
628,VIT_13s0064g01490,38,0.0185,Lipoxygenase,E1_13_11_12,,vv10592alpha-Linolenic_acid_metabolism,
629,VIT_07s0005g00880,38,0.0184,fumarate hydratase,E4_2_1_2,,vv10020Citrate_cycle,vv10720Reductive_carboxylate_cycle
630,VIT_04s0043g00560,38,0.0184,DD1A protein,,,,
631,VIT_04s0023g01060,37,0.0178,Proton gradient regulation 3,PGR3,,,
632,VIT_03s0017g01070,37,0.0178,CYP86C2,,,,
633,VIT_00s0477g00030,36,0.0174,MATE efflux family protein ripening responsive,MATE,,vv50125Porters_cat_66_to_94,
634,VIT_12s0028g01930,36,0.0172,Receptor kinase TRKe,,,,
635,VIT_06s0061g00230,35,0.0169,ABC transporter G member 7,ABCG7,,vv52010ABC_transporters,
636,VIT_19s0014g00540,34,0.0164,No hit,,,,
637,VIT_11s0016g05430,34,0.0164,Unknown protein,,,,
638,VIT_07s0005g02360,33,0.0160,Unknown protein,,,,
639,VIT_08s0040g01040,33,0.0160,Serine carboxypeptidase II,,,,
640,VIT_18s0001g12750,33,0.0160,Carbohydrate kinase,E2_7_1_15,,vv10030Pentose_phosphate,
641,VIT_12s0035g01890,33,0.0159,RNA recognition motif (RRM)-containing,,,,
642,VIT_07s0005g02660,32,0.0155,ABC transporter B member 13,ABCB13,,vv52010ABC_transporters,
643,VIT_09s0002g01010,32,0.0155,Aldehyde dehydrogenase family 7 member A1,E1_2_1_3,vv10561Glycerolipid_metabolism,vv10010Glycolysis,vv10071Fatty_acid_metabolism
644,VIT_01s0011g02330,32,0.0155,Unknown protein,,,,
645,VIT_01s0011g01910,32,0.0155,Glycosyl transferase-related,,,,
646,VIT_11s0037g00290,31,0.0151,Plastocyanin domain-containing protein,K02638,,vv10195Photosynthesis,vv50113Thylakoid_targeting_pathway
647,VIT_11s0016g02450,31,0.0151,Serine O-acetyltransferase (SAT-52),E2_3_1_30,,vv10272Cysteine_metabolism,vv10920Sulfur_metabolism
648,VIT_14s0006g01340,31,0.0150,Myb domain protein 113,MYB113_1,MYBA5,vv60044MYB,
649,VIT_19s0177g00320,31,0.0150,Apolipoprotein D,,,,
650,VIT_15s0046g00150,31,0.0148,DOF affecting germination 1,DAG1_1,,vv60015C2C2-DOF,
651,VIT_09s0002g00880,30,0.0146,Oligouridylate binding protein 1B UBP1B,UBP1B,,,
652,VIT_09s0002g02330,30,0.0146,Nucleosome/chromatin assembly factor group A,,,,
653,VIT_13s0073g00140,30,0.0145,Ovate family protein 13 OFP13,OFP13_2,,vv60086OFP,
654,VIT_14s0108g01560,30,0.0145,Alpha-1 4 glucan phosphorylase  L isozyme  chloroplast precursor,E2_4_1_1,,vv10500Starch_and_sucrose_metabolism,
655,VIT_08s0007g00160,30,0.0145,Glycosyltransferase family 14,,,,
656,VIT_15s0046g00380,30,0.0145,Seven in absentia (SINA) family protein,K04506,,vv24120Ubiquitin_mediated_proteolysis,
657,VIT_18s0001g10500,30,0.0145,ABA 8'-hydroxylase CYP707A1,E1_14_13_93,,vv10906Carotenoid_biosynthesis,vv11013ABA_biosynthesis
658,VIT_00s2417g00010,30,0.0145,Phosphatidylinositolglycan class O (PIG-O),K05288,,vv10563Glycosylphosphatidylinositol-anchor_biosynthesis,
659,VIT_14s0128g00160,29,0.0140,Protein kinase CDG1,,,,
660,VIT_15s0045g00070,28,0.0136,Aminopeptidase,,,,
661,VIT_14s0066g00310,28,0.0136,Unknown protein,,,,
662,VIT_03s0063g00550,28,0.0135,Fw2.2 ORFX,,,,
663,VIT_16s0039g02790,27,0.0132,No hit,,,,
664,VIT_06s0004g05990,27,0.0131,Rename pre-mRNA-splicing factor RBM22/SLT11,K12872_2,,vv23040Spliceosome,vv60018C3H
665,VIT_04s0023g01130,27,0.0131,E3 ubiquitin-protein ligase RNF5,K10666_155,,vv24141Protein_processing_in_endoplasmic_reticulum,vv60078Other_zf-C3HC4
666,VIT_12s0059g00230,27,0.0131,Epoxide hydrolase 2,E3_3_2_10,,,
667,VIT_14s0060g01210,26,0.0126,BZIP DNA-binding protein BZIP53,BZIP53_2,VvbZIP37,vv60012BZIP,
668,VIT_00s0218g00100,26,0.0126,Metal transporter Nramp6,NRAMP6,,vv50124Porters_cat_30_to_64,
669,VIT_12s0059g00140,26,0.0125,Ankyrin repeat protein,,,,
670,VIT_06s0004g06810,25,0.0122,PHD finger transcription factor,PHDFG_33,,vv60048PHD,
671,VIT_13s0067g01350,25,0.0121,Basic helix-loop-helix (bHLH) family,BHLHDOM_16,,vv60011BHLH,
672,VIT_06s0004g03210,25,0.0121,Unknown,,,,
673,VIT_13s0074g00040,25,0.0121,Phytol kinase 2  chloroplast precursor,VTE5,,vv10860Porphyrin_and_chlorophyll_metabolism,
674,VIT_18s0001g11600,25,0.0121,Transducin protein,,,,
675,VIT_14s0060g01460,25,0.0120,Pentatricopeptide (PPR) repeat-containing protein,,,,
676,VIT_05s0102g00620,24,0.0117,No hit,,,,
677,VIT_19s0014g04930,24,0.0116,Germacrene-D synthase,E4_2_3_22,,vv10900Terpenoid_biosynthesis,
678,VIT_12s0059g00210,24,0.0116,Epoxide hydrolase,E3_3_2_10,,,
679,VIT_02s0025g04760,24,0.0116,Splicing factor YT521-B,,,,
680,VIT_18s0001g06840,23,0.0112,Peroxidase GvPx2b class III,E1_11_1_7,,vv10360Phenylalanine_metabolism,vv10680Methane_metabolism
681,VIT_02s0012g01870,23,0.0111,No hit,,,,
682,VIT_14s0030g02230,22,0.0107,Unfertilized embryo sac 12 UNE12,UNE12_1,,vv60011BHLH,
683,VIT_11s0016g04300,22,0.0107,Nudix hydrolase 20  chloroplast precursor (AtNUDT20),,,,
684,VIT_16s0039g00490,22,0.0106,Unknown protein,,,,
685,VIT_11s0016g01280,22,0.0106,DNA-directed RNA polymerase III subunit C4,K03026,,vv23020RNA_polymerase,
686,VIT_15s0048g03000,21,0.0103,GTPase RABA3,K07976,,,
687,VIT_11s0016g03500,21,0.0101,Unknown protein,,,,
688,VIT_11s0052g00860,20,0.0097,Haloacid dehalogenase hydrolase,E3_1_3_18,,vv10630Glyoxylate_and_dicarboxylate_metabolism,
689,VIT_11s0016g00290,20,0.0097,Pectinesterase PME3,E3_1_1_11,,vv40006Cell_wall,
690,VIT_18s0001g01760,19,0.0092,PISTILLATA (PI) floral homeotic protein,PISTILLATA_1,,vv30009Flower_development,vv60042MADS
691,VIT_03s0038g03810,19,0.0092,Serine/threonine Protein kinase BNK1,,,,
692,VIT_07s0031g01270,19,0.0092,Ring-H2 finger A2A,RHA2A,,vv60078Other_zf-C3HC4,
693,VIT_14s0060g02420,19,0.0091,Transcription factor jumonji (jmjC) domain-containing protein,JMJD1A_2,,vv60038Jumonji,
694,VIT_18s0001g06920,18,0.0088,TRNA-guanine transglycosylase,E2_4_2_29,,vv10230Purine_metabolism,
695,VIT_16s0039g01670,18,0.0087,Cinnamoyl-CoA reductase,E1_2_1_44,,vv10940Phenylpropanoid_biosynthesis,
696,VIT_13s0047g00370,18,0.0087,Enoyl-CoA hydratase,E4_2_1_17,vv10650Butanoate_metabolism,vv10062Fatty_acid_elongation_in_mitochondria,vv10071Fatty_acid_metabolism
697,VIT_18s0001g14440,18,0.0087,Molecular chaperone DnaJ,K03686,,vv50132Primary_active_transporter_cat_A5_to_A8,
698,VIT_12s0059g02310,18,0.0086,PDF2 (protodermal factor2),PDF2_4,VvHB44,vv60034HB,
699,VIT_14s0006g02990,17,0.0082,3-ketoacyl-CoA synthase,,,,
700,VIT_04s0008g02010,17,0.0082,Endo-1 4-beta-glucanase,E3_2_1_4,,vv40006Cell_wall,
701,VIT_15s0046g00300,17,0.0082,Importin-alpha re-exporter,IMPREL,,vv50109Incompletely_characterized_transport_systems,vv50112Nuclear_pore_complex
702,VIT_13s0074g00420,17,0.0082,Unknown,,,,
703,VIT_04s0008g04810,17,0.0081,Unknown,,,,
704,VIT_13s0156g00020,16,0.0078,SC35 splicing factor SCL30a  30a kD,,,,
705,VIT_01s0010g00690,16,0.0078,DNA-directed RNA polymerase,K00960,,,
706,VIT_17s0000g01770,16,0.0077,Photosystem I assembly protein Ycf3,,,,
707,VIT_02s0025g03100,16,0.0077,Cinnamyl alcohol dehydrogenase,E1_1_1_195,,vv10940Phenylpropanoid_biosynthesis,
708,VIT_18s0072g00350,16,0.0077,No hit,,,,
709,VIT_06s0004g07780,16,0.0077,No hit,,,,
710,VIT_09s0002g04170,16,0.0077,Acyl-CoA synthetases (Acyl-activating enzyme 13),E6_2_1_3,,vv10071Fatty_acid_metabolism,vv50104Group_translocators
711,VIT_14s0030g02020,15,0.0073,Aldo/keto reductase,E1_1_1_21,,vv10040Pentose_glucuronate_interconversion,vv10051Fructose_and_mannose_metabolism
712,VIT_18s0041g00690,15,0.0073,Basic helix-loop-helix (bHLH) family,BHLHDOM_41,,vv60011BHLH,
713,VIT_05s0051g00670,15,0.0073,9-cis-epoxycarotenoid dioxygenase 4,E1_13_11_51,,vv10906Carotenoid_biosynthesis,vv11013ABA_biosynthesis
714,VIT_04s0069g00500,15,0.0072,Villin 2 (Fragment),K05768,,vv44810Regulation_of_actin_cytoskeleton,
715,VIT_15s0046g00680,15,0.0072,Wax synthase,E2_3_1_75,,vv11000Single_reactions,
716,VIT_16s0022g01800,14,0.0068,RRNA-processing protein EBP2,,,,
717,VIT_06s0004g07730,14,0.0068,Inner envelope protein  110 kD (IEP110) precursor  Chloroplast,TIC110,,vv50101Channels_and_pores,
718,VIT_06s0004g00690,14,0.0067,Calmodulin-binding region IQ,,,,
719,VIT_13s0139g00230,14,0.0067,R protein disease resistance protein,RPROT,,vv34627R_proteins_from_Plant-pathogen_interaction,
720,VIT_03s0038g02400,14,0.0067,Protein kinase,,,,
721,VIT_11s0037g01210,13,0.0063,Eceriferum 1 (CER1 protein) Sterol desaturase,,,,
722,VIT_16s0022g01540<br>VIT_16s0022g01500,13,0.0063,
723,VIT_08s0058g00700,13,0.0063,F-box protein (FBL3),,,,
724,VIT_04s0008g01050,12,0.0058,Unknown,,,,
725,VIT_12s0059g02130,12,0.0058,F-box family protein,,,,
726,VIT_06s0004g08250,12,0.0058,Leucine-rich repeat transmembrane protein kinase  putative,,,,
727,VIT_07s0005g05520,12,0.0058,Pectate lyase,E4_2_2_2,,vv40006Cell_wall,
728,VIT_07s0031g00520,12,0.0058,Unknown protein,,,,
729,VIT_13s0064g00770,12,0.0058,No hit,,,,
730,VIT_00s0471g00030,12,0.0058,GTP-binding protein engB,K03978,,,
731,VIT_19s0015g00100,12,0.0058,CYP71D51v2,E1_14_13_73,,vv10902Monoterpenoid_biosynthesis,
732,VIT_02s0025g04550,12,0.0058,Glucose-methanol-choline (GMC) oxidoreductase,E1_1_99_1,,vv10260Glycine_serine_and_threonine_metabolism,
733,VIT_00s0429g00040,12,0.0058,Aspartic proteinase nepenthesin-1 precursor,E3_4_23_12,,,
734,VIT_14s0030g00010,12,0.0058,Unknown protein,,,,
735,VIT_01s0137g00300,12,0.0058,SDA1,SDA1,,vv44810Regulation_of_actin_cytoskeleton,
736,VIT_16s0039g02110,12,0.0058,AAA-type ATPase,,,,
737,VIT_16s0050g02430,12,0.0058,Receptor protein kinase,,,,
738,VIT_00s0374g00040,12,0.0058,S-locus lectin protein kinase,,,,
739,VIT_04s0023g00740,12,0.0058,Thioredoxin F-type 2 (Trx-F2),,,,
740,VIT_02s0025g04170,12,0.0058,Heat shock transcription factor B2B,HSFB2B,,vv60037HSF,
741,VIT_06s0004g07640,11,0.0054,Pentatricopeptide (PPR) repeat-containing protein,,,,
742,VIT_01s0010g03950,11,0.0053,Pentatricopeptide (PPR) repeat-containing protein,,,,
743,VIT_13s0074g00660,11,0.0053,ABC transporter G member 22,ABCG22,,vv52010ABC_transporters,
744,VIT_01s0010g00720,11,0.0053,Unknown,,,,
745,VIT_12s0057g00590,10,0.0048,Vacuolar protein sorting 11 (VPS11),VPS11,,vv50111Tethering_factors,
746,VIT_18s0089g00300<br>VIT_18s0089g00260,10,0.0048,
747,VIT_10s0003g03550,10,0.0048,Lupeol synthase,E5_4_99_8,,vv10100Biosynthesis_of_steroids,
748,VIT_13s0074g00700,9,0.0044,ABC transporter G member 22,ABCG22,,vv52010ABC_transporters,
749,VIT_08s0007g00690,9,0.0044,Laccase,E1_10_3_2,,vv11000Single_reactions,vv50109Incompletely_characterized_transport_systems
750,VIT_06s0004g04410,9,0.0044,SEC14 cytosolic factor,SEC14,,vv50122Porters_cat_7_to_17,
751,VIT_19s0014g04880,9,0.0044,(-)-germacrene D synthase,E4_2_3_22,,vv10900Terpenoid_biosynthesis,
752,VIT_05s0062g01140,9,0.0044,Aromatic and neutral transporter 1,ANT1,,vv50123Porters_cat_18_to_29,
753,VIT_11s0016g04790,9,0.0044,No hit,,,,
754,VIT_13s0074g00390,9,0.0044,CYP77A2,,,,
755,VIT_04s0008g02510,9,0.0044,Receptor kinase homolog LRK10,,,,
756,VIT_14s0006g00570,9,0.0044,Unknown protein,,,,
757,VIT_14s0030g00610,9,0.0044,No hit,,,,
758,VIT_18s0001g08110,9,0.0044,Glutamyl-tRNA reductase  chloroplast precursor,E1_2_1_70,,vv10860Porphyrin_and_chlorophyll_metabolism,
759,VIT_02s0025g01190,9,0.0044,Extra-large G-protein (XLG1),,,,
760,VIT_03s0017g00690,9,0.0043,Unknown,,,,
761,VIT_00s0912g00010,9,0.0043,Unknown protein,,,,
762,VIT_04s0008g05520,9,0.0043,Unknown protein,,,,
763,VIT_07s0191g00170,8,0.0039,LMBR1 integral membrane,,,,
764,VIT_18s0001g00570,7,0.0034,Pentatricopeptide (PPR) repeat-containing,,,,
765,VIT_08s0056g00160,7,0.0034,U3 small nucleolar RNA-associated protein 11,,,,
766,VIT_05s0029g00070,7,0.0034,Calcium-binding protein CML,K13448,,vv34626Plant-pathogen_interaction,
767,VIT_00s0254g00010,7,0.0034,Unknown,,,,
768,VIT_12s0035g01250,7,0.0034,Disease resistance protein (NBS-LRR class),,,,
769,VIT_15s0021g01150,7,0.0034,Calcium-dependent protein kinase-related,,,,
770,VIT_14s0030g01670,7,0.0034,Proteasome 26S regulatory subunit (RPN6),K03036,,vv23050Proteasome,
771,VIT_08s0056g00200,7,0.0034,2 3-bisphosphoglycerate-independent phosphoglycerate mutase,E5_4_2_1,,vv10010Glycolysis,
772,VIT_01s0011g03660,7,0.0034,IMP dehydrogenase/GMP reductase,E1_1_1_205,VvERF121,vv10230Purine_metabolism,
773,VIT_18s0041g00890,6,0.0029,UDP-glucose: anthocyanidin 5 3-O-glucosyltransferase,RHGT1,,vv10942Anthocyanin_biosynthesis,
774,VIT_08s0007g07700,6,0.0029,Unknown protein,,,,
775,VIT_18s0041g01110,6,0.0029,Pentatricopeptide (PPR) repeat-containing,,,,
776,VIT_00s0341g00050,6,0.0029,ATMYB66/WER/WER1 (WEREWOLF 1),WEREWOLF_3,MYBPAL1,vv44110Cell_cycle,vv60044MYB
777,VIT_03s0017g00540,6,0.0029,Subtilase,,,,
778,VIT_11s0078g00260,6,0.0029,Unknown protein,,,,
779,VIT_15s0046g02180,6,0.0029,Pentatricopeptide (PPR) repeat-containing protein,,,,
780,VIT_14s0068g01170,6,0.0029,Pentatricopeptide repeat domain containing protein,,,,
781,VIT_07s0130g00370,6,0.0029,Smr protein/MutS2 C-terminal,,,,
782,VIT_12s0121g00180,6,0.0029,Diacylglycerol kinase,E2_7_1_107,,vv10561Glycerolipid_metabolism,vv10564Glycerophospholipid_metabolism
783,VIT_05s0077g02300,6,0.0029,UDP-glucuronic acid decarboxylase 2,E4_1_1_35,,vv10500Starch_and_sucrose_metabolism,vv10520Nucleotide_sugars_metabolism
784,VIT_00s2839g00010,6,0.0029,No hit,,,,
785,VIT_00s0771g00010,6,0.0029,Pentatricopeptide (PPR) repeat-containing protein,,,,
786,VIT_16s0100g00520,6,0.0029,ATPP2-A13,,,,
787,VIT_05s0077g02000,6,0.0029,Epoxide hydrolase,E3_3_2_10,,,
788,VIT_13s0019g00040,6,0.0029,Beta-N-acetylhexosaminidase,E3_2_1_52,,vv10511N-Glycan_degradation,vv10530Aminosugars_metabolism
789,VIT_09s0002g06730,6,0.0029,Longin,,,,
790,VIT_03s0038g01190,6,0.0029,Auxin-induced SAUR,SAUR,,vv30003Auxin_signaling,
791,VIT_10s0116g01040,6,0.0029,Stigma-specific Stig1,,,,
792,VIT_12s0034g00250,6,0.0029,Aquaporin PIP1A,PIP1A,,vv50101Channels_and_pores,
793,VIT_06s0004g08290,6,0.0029,KH domain-containing protein,,,,
794,VIT_02s0025g02370,6,0.0029,Yippee,,,,
795,VIT_11s0065g00210,6,0.0029,Heat shock protein-related,,,,
796,VIT_14s0066g02120,6,0.0029,Photosystem I P700 apoprotein A1 [Vitis vinifera],K02689,,vv10195Photosynthesis,vv50105Transport_electron_carriers
797,VIT_11s0052g01450,6,0.0029,Matrix metalloproteinase,,,,
798,VIT_16s0022g00370,6,0.0029,GDP-mannose transporter (GONST1),GONST1,,vv50122Porters_cat_7_to_17,
799,VIT_11s0037g01130,6,0.0029,TET8 (tetraspanin8),,,,
800,VIT_18s0001g07920,6,0.0029,Pentatricopeptide (PPR) repeat-containing,,,,
801,VIT_08s0007g00480,6,0.0029,Oxysterol binding protein,,,,
802,VIT_14s0006g02570,6,0.0029,Protease inhibitor/seed storage/lipid transfer protein (LTP),,,,
803,VIT_04s0023g01550,6,0.0029,Unknown,,,,
804,VIT_13s0019g04530,6,0.0029,Early flowering 6,ELF6_1,,vv34710Circadian_rhythm,vv60038Jumonji
805,VIT_02s0025g00370,6,0.0029,2-C-methyl-D-erythritol 2 4-cyclodiphosphate synthase  chloroplast,E4_6_1_12,,vv10100Biosynthesis_of_steroids,
806,VIT_11s0016g05470,4,0.0019,Nuclear pore complex protein Nup98-Nup96,K14297,,vv23013RNA_transport,vv50109Incompletely_characterized_transport_systems
807,VIT_04s0008g04460,4,0.0019,Molybdate transporter 1,MOT1,,vv50124Porters_cat_30_to_64,
808,VIT_18s0041g02390,4,0.0019,Aldehyde oxidase 1,E1_2_3_7,,vv11002Auxin_biosynthesis,
809,VIT_07s0130g00340<br>VIT_07s0130g00320,4,0.0019,
810,VIT_02s0236g00150,4,0.0019,Calcineurin B 1,E3_1_3_16,,,
811,VIT_19s0015g00740,4,0.0019,Prefoldin,,,,
812,VIT_11s0103g00560,4,0.0019,Pentatricopeptide (PPR) repeat,,,,
813,VIT_02s0025g04360,4,0.0019,S-N-methylcoclaurine 3'-hydroxylase,E1_14_13_71,,vv10950Alkaloid_biosynthesis_I,
814,VIT_02s0012g00280,3,0.0015,Senescence-associated protein,,,,
815,VIT_08s0007g05330,3,0.0015,EDA7 (embryo sac development arrest 7),,,,
816,VIT_17s0000g09300,3,0.0015,Pentatricopeptide (PPR) repeat,,,,
817,VIT_18s0122g00890,3,0.0015,Oligosaccharyltransferase complex subunit alpha (ribophorin I),E2_4_1_119,,vv10510N-Glycan_biosynthesis,vv11030Glycan_structures-biosynthesis1
818,VIT_06s0061g00710,3,0.0015,Zinc finger (C3HC4-type ring finger),ZFC3HC4_187,,vv60078Other_zf-C3HC4,
819,VIT_07s0031g01750,3,0.0015,N-acetyltransferase 10,K14521,,vv23008Ribosome_biogenesis_in_Eukaryotes,
820,VIT_18s0075g00800,3,0.0015,TIR-NBS disease resistance,,,,
821,VIT_18s0001g01530,3,0.0015,No hit,,,,
822,VIT_00s0267g00030,3,0.0015,Unknown,,,,
823,VIT_04s0008g05990,3,0.0015,Threonine synthase  chloroplast precursor (TS),E4_2_3_1,,vv10260Glycine_serine_and_threonine_metabolism,vv10750Vitamin_B6_metabolism
824,VIT_03s0063g01560,3,0.0015,CYP82C1p,,,,
825,VIT_05s0094g00820,3,0.0015,Unknown protein,,,,
826,VIT_07s0151g00510,3,0.0015,GCN5 N-acetyltransferase (GNAT),GCN5_22,,vv60082GNAT,
827,VIT_07s0005g01790,3,0.0015,Acyl-CoA synthetase long-chain member 2,E6_2_1_3_LACS2,,vv10071Fatty_acid_metabolism,vv44146Peroxisome
828,VIT_09s0002g06770,3,0.0015,Unknown protein,,,,
829,VIT_13s0064g00820,3,0.0015,No hit,,,,
830,VIT_18s0166g00220,3,0.0015,No hit,,,,
831,VIT_17s0000g06190,3,0.0015,Myb domain protein 94,MYB94_2,MYB30A,vv60044MYB,
832,VIT_18s0001g15700,3,0.0015,GLTP3 (glycolipid transfer protein 3),GLTP3,,,
833,VIT_12s0028g01860,3,0.0015,Protein kinase Xa21,K13437,,vv34626Plant-pathogen_interaction,
834,VIT_12s0028g01920,3,0.0015,Receptor kinase TRKe,,,,
835,VIT_01s0244g00010,3,0.0015,Basic helix-loop-helix (bHLH) family,BHLHDOM_53,,vv60011BHLH,
836,VIT_05s0049g00770,3,0.0015,No hit,,,,
837,VIT_01s0010g02830,3,0.0015,No hit,,,,
838,VIT_17s0000g01250,3,0.0015,F-box/LRR-repeat protein,,,,
839,VIT_14s0006g02550,3,0.0015,Non-specific lipid-transfer protein 2 (LTP 2),,,,
840,VIT_08s0040g02170,3,0.0015,MLO6 (mildew resistance locus O 6),K08472,,,
841,VIT_17s0000g03940,3,0.0015,ferulate 5-hydroxylase,K09755,,vv10940Phenylpropanoid_biosynthesis,
842,VIT_04s0044g01110,3,0.0015,Alcohol dehydrogenase 6,E1_1_1_1,,vv10010Glycolysis,vv10071Fatty_acid_metabolism
843,VIT_15s0046g02450,3,0.0015,SKP1-like 21 ASK21,K03094,,vv24120Ubiquitin_mediated_proteolysis,vv24141Protein_processing_in_endoplasmic_reticulum
844,VIT_06s0061g00060,3,0.0015,THUMP domain-containing protein 1,,,,
845,VIT_09s0002g02940,3,0.0015,Myo-inositol oxygenase 1,E1_13_99_1,,vv10562Inositol_phosphate_metabolism,
846,VIT_14s0066g01000,3,0.0015,Phosphate/phosphoenolpyruvate translocator,PPTLREL,,vv50122Porters_cat_7_to_17,
847,VIT_03s0110g00300,3,0.0015,Copper transporter 4,COPT4,,vv50101Channels_and_pores,
848,VIT_05s0020g01790,3,0.0015,Triacylglycerol lipase.,E3_1_1_3,,vv10561Glycerolipid_metabolism,
849,VIT_17s0000g06270,3,0.0015,Malate dehydrogenase precursor,E1_1_1_37,,vv10020Citrate_cycle,vv10620Pyruvate_metabolism
850,VIT_07s0005g00510,3,0.0015,Monoglyceride lipase,E3_1_1_23,,vv10561Glycerolipid_metabolism,
851,VIT_09s0018g02120,3,0.0015,No hit,,,,
852,VIT_03s0063g01720,3,0.0015,S-N-methylcoclaurine 3'-hydroxylase,E1_14_13_71,,vv10950Alkaloid_biosynthesis_I,
853,VIT_12s0134g00070,3,0.0014,No hit,,,,
854,VIT_16s0039g01850,3,0.0014,Syntaxin 7,K08488,,vv24130SNARE_interactions_in_vesicular_transport,vv44145Phagosome
855,VIT_00s0245g00010,3,0.0014,Integral membrane protein,,,,
856,VIT_16s0050g01650,3,0.0014,Unknown,,,,
857,VIT_01s0026g00180,3,0.0014,Serine/threonine kinase protein,,,,
858,VIT_14s0006g02960,3,0.0014,KH domain containing protein,,,,
859,VIT_05s0049g01770,3,0.0014,Translation initiation factor eIF-4E,K03259,,vv23013RNA_transport,vv34150mTOR_signaling_pathway
860,VIT_18s0041g00710,3,0.0014,UDP-glucose: anthocyanidin 5 3-O-glucosyltransferase,RHGT1,,vv10942Anthocyanin_biosynthesis,
861,VIT_11s0016g00880,3,0.0014,Strictosidine synthase; Soluble quinoprotein glucose dehydrogenase,E4_3_3_2,,vv10900Terpenoid_biosynthesis,vv10902Monoterpenoid_biosynthesis
862,VIT_10s0003g01100,3,0.0014,Cysteine protease RCR3,K13441,,vv34626Plant-pathogen_interaction,
863,VIT_12s0028g02110,3,0.0014,Unknown protein,,,,
864,VIT_12s0034g02160,3,0.0014,Importin beta-2,K14293_2,,vv23013RNA_transport,vv50109Incompletely_characterized_transport_systems
865,VIT_11s0016g01320,3,0.0014,Myb domain protein 13,MYB13,MYBPA2,vv60044MYB,
866,VIT_11s0016g03250,3,0.0014,Lachrymatory factor synthase,,,,
867,VIT_12s0028g03920,3,0.0014,Ankyrin repeat,K10380,,vv50108Accessory_factors_involved_in_transport,
868,VIT_12s0035g01850,3,0.0014,MATE antiporter/ drug transporter,MATE,,vv50125Porters_cat_66_to_94,
869,VIT_07s0005g01410,3,0.0014,Dimethyladenosine transferase,K02528,,,
870,VIT_07s0104g00800,3,0.0014,Indole-3-acetic acid-amido synthetase GH3.6,AUXINBIOSYNTHESIS_GH3,,vv11002Auxin_biosynthesis,
871,VIT_06s0061g01050,3,0.0014,Protein kinase SRPK1,,,,
872,VIT_17s0000g00120,3,0.0014,Exostosin,K02366,,vv11030Glycan_structures-biosynthesis1,
873,VIT_08s0056g00870,3,0.0014,MATE efflux family protein,MATE,,vv50125Porters_cat_66_to_94,
874,VIT_12s0059g00650,3,0.0014,No hit,,,,
875,VIT_18s0001g03160,3,0.0014,Nodulin MtN21 family,MTN21,,vv50122Porters_cat_7_to_17,
876,VIT_07s0151g00270,3,0.0014,Chlorophyllase 1,E3_1_1_14,,vv10860Porphyrin_and_chlorophyll_metabolism,
877,VIT_09s0002g02170,3,0.0014,No hit,,,,
878,VIT_17s0000g09800,3,0.0014,No hit,,,,
879,VIT_08s0007g06680,3,0.0014,PMR5 (powdery mildew resistant 5),,,,
880,VIT_16s0098g00990,3,0.0014,No hit,,,,
881,VIT_02s0012g02030,3,0.0014,Homeobox-7,VVHB7_1,VvHB09,vv60034HB,
882,VIT_06s0004g04490,3,0.0014,Unknown protein,,,,
883,VIT_07s0151g00570,3,0.0014,OB-fold nucleic acid binding domain containing protein,,,,
884,VIT_06s0080g00140,3,0.0014,Pentatricopeptide (PPR) repeat-containing,,,,
885,VIT_03s0038g04220,3,0.0014,Dihydroflavonol-4-reductase,E1_1_1_219,,vv10941Flavonoid_biosynthesis,
886,VIT_12s0134g00430,3,0.0014,Universal stress protein (USP) family protein,,,,
887,VIT_09s0002g02790,3,0.0014,Light repressible receptor protein kinase,,,,
888,VIT_14s0060g01510,3,0.0014,Importin alpha,IMPALPHA,,vv50109Incompletely_characterized_transport_systems,vv50112Nuclear_pore_complex
889,VIT_12s0059g00050,3,0.0014,Ankyrin repeat,K10380,,vv50108Accessory_factors_involved_in_transport,
