Vv_m2,2000,1000,VIT_03s0063g01880
rank,node,Fabs,Frel,Functional-annotation,Name-EC-KeggID,Updated-name,Network1,Network2
1,VIT_11s0016g04540,2053,1.0000,ABC transporter G member 22,ABCG22,,vv52010ABC_transporters,
2,VIT_13s0067g00730,2064,1.0000,Carboxylic ester hydrolase,E3_1_1_1,,,
3,VIT_09s0002g03140,2078,1.0000,Lipase GDSL,,,,
4,VIT_04s0043g00560,2062,1.0000,DD1A protein,,,,
5,VIT_07s0005g01670,2067,1.0000,No hit,,,,
6,VIT_00s0399g00020,2070,1.0000,Protease inhibitor/seed storage/lipid transfer protein (LTP),,,,
7,VIT_13s0074g00390,2063,1.0000,CYP77A2,,,,
8,VIT_02s0025g02620,2079,1.0000,BDG1 (BODYGUARD1) hydrolase,,,,
9,VIT_01s0026g00570,2085,1.0000,Bet v I allergen,,,,
10,VIT_02s0025g04550,2069,1.0000,Glucose-methanol-choline (GMC) oxidoreductase,E1_1_99_1,,vv10260Glycine_serine_and_threonine_metabolism,
11,VIT_12s0059g01590,2078,0.9995,Lipase GDSL,,,,
12,VIT_03s0038g01830,2058,0.9976,Proline-rich protein 4,,,,
13,VIT_14s0066g00400,2068,0.9971,Chalcone isomerase,E5_5_1_6,,vv10941Flavonoid_biosynthesis,
14,VIT_18s0001g14910,2055,0.9966,Mannitol dehydrogenase,E1_1_1_67,,vv10051Fructose_and_mannose_metabolism,
15,VIT_04s0008g05440,2066,0.9957,Ethylene-responsive transcription factor SHINE 3,SHINE3_1,VvERF044,vv30008Ethylene_signaling,vv60003AP2_EREBP
16,VIT_00s0207g00010,2059,0.9956,Anthranilate N-benzoyltransferase protein 1,E2_3_1_144,,vv10400Phenylalanine_tyrosine_and_tryptophan_biosynthesis,
17,VIT_02s0012g01660,2054,0.9952,ATPase PGP2 (P-glycoprotein 2),PGP2,,vv52010ABC_transporters,
18,VIT_15s0046g02410,2063,0.9947,Aquaporin TMP-C,TMPC,,vv50101Channels_and_pores,
19,VIT_04s0008g03950,2053,0.9947,RD22,,,,
20,VIT_16s0050g00830,2034,0.9898,Beta-ketoacyl-CoA synthase,E2_3_1_41,,vv10061Fatty_acid_biosynthesis,
21,VIT_05s0102g00370,2027,0.9893,Receptor protein kinase (ACR4),,,,
22,VIT_10s0003g00620,2029,0.9888,Lipase GDSL,,,,
23,VIT_17s0000g00130,2034,0.9850,SEC14 cytosolic factor,SEC14,,vv50122Porters_cat_7_to_17,
24,VIT_08s0058g01210,2030,0.9831,Non-specific lipid transfer protein LTP1,LTP1,,,
25,VIT_14s0219g00280,2020,0.9796,Glycerol-3-phosphate dehydrogenase (NAD+),E1_1_1_8,,vv10564Glycerophospholipid_metabolism,
26,VIT_13s0019g05290,2017,0.9735,Acyl-CoA binding,,,,
27,VIT_08s0007g09000,1999,0.9676,Glycerol-3-phosphate dehydrogenase,E1_1_1_8,,vv10564Glycerophospholipid_metabolism,
28,VIT_09s0018g01650,1983,0.9640,Wrinkled1 (AP2/ERBP),WRINKLED1_1,VvAP2-06,vv30008Ethylene_signaling,vv60003AP2_EREBP
29,VIT_18s0001g14660,1968,0.9475,P-glycoprotein 13,PGP13,,vv52010ABC_transporters,
30,VIT_14s0108g00740,1975,0.9472,GASA4,GASA4,,vv30010Gibberellin_signaling,
31,VIT_04s0023g02810,1955,0.9417,Aldehyde dehydrogenase 3B1,E1_2_1_3,vv10561Glycerolipid_metabolism,vv10010Glycolysis,vv10071Fatty_acid_metabolism
32,VIT_13s0067g00400,1942,0.9391,Anthranilate synthase alpha 1,E4_1_3_27,,vv10400Phenylalanine_tyrosine_and_tryptophan_biosynthesis,
33,VIT_02s0025g04410,1923,0.9335,Beta-ketoacyl-CoA synthase,E2_3_1_41,,vv10061Fatty_acid_biosynthesis,
34,VIT_12s0059g02310,1924,0.9331,PDF2 (protodermal factor2),PDF2_4,VvHB44,vv60034HB,
35,VIT_10s0003g02120,1911,0.9295,Lipase GDSL,,,,
36,VIT_18s0122g01280,1921,0.9267,Niemann-Pick C1 protein precursor,NPC1,,vv50121Porters_cat_1_to_6,
37,VIT_04s0008g02870,1898,0.9205,Transcription factor,TRIHELIXDOM_12,,vv60062Trihelix,
38,VIT_17s0000g10060,1908,0.9200,Lipase GDSL,,,,
39,VIT_16s0039g00010,1899,0.9169,ABC transporter G member 7,ABCG7,,vv52010ABC_transporters,
40,VIT_08s0007g01750,1877,0.9134,Acetyl co-enzyme A carboxylase carboxyltransferase alpha subunit,E6_4_1_2,,vv10061Fatty_acid_biosynthesis,vv10620Pyruvate_metabolism
41,VIT_07s0005g01790,1886,0.9116,Acyl-CoA synthetase long-chain member 2,E6_2_1_3_LACS2,,vv10071Fatty_acid_metabolism,vv44146Peroxisome
42,VIT_08s0040g03400,1888,0.9108,Short-chain dehydrogenase/reductase,,,,
43,VIT_19s0090g00710,1872,0.9101,No hit,,,,
44,VIT_05s0049g00010,1880,0.9095,Cellulose synthase CSLG2,E2_4_1_12_CSLG2,,vv40006Cell_wall,
45,VIT_13s0067g03890,1883,0.9092,Beta-ketoacyl-CoA synthase,E2_3_1_41,,vv10061Fatty_acid_biosynthesis,
46,VIT_09s0002g04170,1865,0.9040,Acyl-CoA synthetases (Acyl-activating enzyme 13),E6_2_1_3,,vv10071Fatty_acid_metabolism,vv50104Group_translocators
47,VIT_06s0080g00760,1873,0.9018,Unknown protein,,,,
48,VIT_11s0065g00360,1840,0.8928,Acetyl-CoA carboxylase  biotin carboxylase subunit (CAC2),E6_4_1_2,,vv10061Fatty_acid_biosynthesis,vv10620Pyruvate_metabolism
49,VIT_14s0066g00300,1844,0.8844,Unknown,,,,
50,VIT_08s0040g02250,1830,0.8790,No hit,,,,
51,VIT_06s0009g02780,1825,0.8774,Histone mRNA exonuclease 1,K01175,,,
52,VIT_13s0019g01260,1805,0.8724,Enoyl reductase,K10258,,vv11040Biosynthesis_of_unsaturated_fatty_acids,
53,VIT_12s0034g01140,1790,0.8668,Plastocyanin domain-containing protein,K02638,,vv10195Photosynthesis,vv50113Thylakoid_targeting_pathway
54,VIT_18s0072g01000,1796,0.8630,Dihydrolipoamide S-acetyltransferase,E2_3_1_12,,vv10010Glycolysis,vv10252Alanine_and_aspartate_metabolism
55,VIT_07s0031g01680,1780,0.8603,CYP86A1,,,,
56,VIT_14s0128g00210,1756,0.8512,Xyloglucanase inhibitor,,,,
57,VIT_13s0067g02390,1731,0.8411,Unknown,,,,
58,VIT_14s0006g02990,1732,0.8396,3-ketoacyl-CoA synthase,,,,
59,VIT_04s0008g03600,1733,0.8388,Tocopherol cyclase,K09834,,vv10100Biosynthesis_of_steroids,
60,VIT_05s0077g01670,1731,0.8342,Major cherry allergen Pru av 1.0202,,,,
61,VIT_14s0068g00400,1711,0.8298,Hydrolase  alpha/beta fold family,,,,
62,VIT_14s0060g00900,1703,0.8263,Unknown protein,,,,
63,VIT_10s0003g05420,1692,0.8190,S-2-hydroxy-acid oxidase  peroxisomal,E1_1_3_15,,vv10630Glyoxylate_and_dicarboxylate_metabolism,
64,VIT_12s0059g01830,1679,0.8143,Unknown,,,,
65,VIT_14s0060g01090,1678,0.8130,LNG1 (LONGIFOLIA1),,,,
66,VIT_00s0313g00040,1655,0.7964,PAS2 (PASTICCINO 2),K10703,,vv11040Biosynthesis_of_unsaturated_fatty_acids,
67,VIT_18s0001g11120,1647,0.7960,Ternary complex factor MIP1,,,,
68,VIT_09s0002g03050,1643,0.7960,Lipase GDSL,,,,
69,VIT_18s0001g01730,1636,0.7946,Shikimate kinase,E2_7_1_71,,vv10400Phenylalanine_tyrosine_and_tryptophan_biosynthesis,
70,VIT_07s0031g00320,1639,0.7937,Curly leaf PHCLF1,CLF1_1,,vv30009Flower_development,vv60056SET_PCG
71,VIT_08s0007g02700,1629,0.7927,Secoisolariciresinol dehydrogenase,SIRD,,vv10940Phenylpropanoid_biosynthesis,
72,VIT_11s0037g01210,1613,0.7864,Eceriferum 1 (CER1 protein) Sterol desaturase,,,,
73,VIT_13s0156g00540,1610,0.7823,Disease resistance protein (CC-NBS-LRR class),,,,
74,VIT_05s0049g01400,1613,0.7811,Alcohol oxidase,E1_1_3_13,,vv10680Methane_metabolism,
75,VIT_08s0056g01070,1616,0.7811,MATE efflux family protein,MATE,,vv50125Porters_cat_66_to_94,
76,VIT_06s0061g00230,1621,0.7808,ABC transporter G member 7,ABCG7,,vv52010ABC_transporters,
77,VIT_00s0286g00130,1611,0.7779,S-locus lectin protein kinase,,,,
78,VIT_04s0008g02250,1604,0.7760,Beta-ketoacyl-CoA synthase,E2_3_1_41,,vv10061Fatty_acid_biosynthesis,
79,VIT_06s0009g01410,1594,0.7708,No hit,,,,
80,VIT_09s0002g03620,1599,0.7706,NADP-dependent malic enzyme,E1_1_1_39,,vv10620Pyruvate_metabolism,vv10710Carbon_fixation
81,VIT_12s0059g01870,1588,0.7705,GH3-like protein,AUXINBIOSYNTHESIS_GH3,,vv11002Auxin_biosynthesis,
82,VIT_02s0012g02030,1583,0.7692,Homeobox-7,VVHB7_1,VvHB09,vv60034HB,
83,VIT_13s0106g00250,1589,0.7650,Carboxylic ester hydrolase,E3_1_1_1,,,
84,VIT_03s0088g01150,1577,0.7641,Squalene monooxygenase,E1_14_99_7,,vv10100Biosynthesis_of_steroids,vv10900Terpenoid_biosynthesis
85,VIT_01s0026g01140,1563,0.7595,ZCW32 (BIGPETAL  BIGPETALUB),ZCW32_2,,vv60011BHLH,
86,VIT_14s0108g01080,1571,0.7589,Myb domain protein 106,MYB106_2,MYB141,vv60044MYB,
87,VIT_02s0025g03320,1566,0.7558,CYP86A2,,,,
88,VIT_15s0046g01640,1551,0.7504,Abl interactor protein 1 (ABIL1),,,,
89,VIT_06s0061g00240,1554,0.7500,ABC transporter G member 7,ABCG7,,vv52010ABC_transporters,
90,VIT_18s0122g00950,1538,0.7412,Unknown protein,,,,
91,VIT_10s0071g00270,1507,0.7298,Abscisic acid-insensitive protein 3 (ABI3),ABI3_1,,vv30001ABA_signaling,vv30003Auxin_signaling
92,VIT_10s0003g00600,1508,0.7278,Lipase GDSL,,,,
93,VIT_13s0084g00520<br>VIT_13s0084g00370,1498,0.7268,
94,VIT_15s0046g02400,1486,0.7221,Glycerol-3-phosphate acyltransferase 8,E2_3_1_15,,vv10561Glycerolipid_metabolism,vv10564Glycerophospholipid_metabolism
95,VIT_19s0014g04090<br>VIT_10s0071g00450<br>VIT_10s0071g00440<br>VIT_19s0015g02410<br>VIT_19s0014g04160,1478,0.7171,
96,VIT_18s0001g13080,1476,0.7144,Unknown protein,,,,
97,VIT_03s0038g01410,1468,0.7112,Aquaporin PIP PIP1A,PIP1A,,vv50101Channels_and_pores,
98,VIT_08s0007g02000,1459,0.7103,Glycerol-3-phosphate acyltransferase 8,E2_3_1_15,,vv10561Glycerolipid_metabolism,vv10564Glycerophospholipid_metabolism
99,VIT_04s0044g00190,1460,0.7050,Mannitol dehydrogenase,E1_1_1_67,,vv10051Fructose_and_mannose_metabolism,
100,VIT_18s0001g06410,1436,0.6931,Ribosomal protein 60S,,,,
101,VIT_14s0030g01950,1430,0.6928,Transferase,,,,
102,VIT_00s0340g00040,1415,0.6902,Beta-hexosaminidase beta chain precursor,E3_2_1_52,,vv10511N-Glycan_degradation,vv10530Aminosugars_metabolism
103,VIT_04s0008g02520,1433,0.6886,ATP binding protein,,,,
104,VIT_00s0413g00010,1424,0.6863,Laccase (diphenol oxidase) family protein,E1_10_3_2,,vv11000Single_reactions,vv50109Incompletely_characterized_transport_systems
105,VIT_03s0038g04500,1421,0.6838,Bifunctional dihydrofolate reductase-thymidylate synthase 1,K13998,,vv10240Pyrimidine_metabolism,vv10670One_carbon_pool_by_folate
106,VIT_14s0060g01940,1399,0.6781,Epoxide hydrolase,E3_3_2_10,,,
107,VIT_06s0004g07920,1372,0.6612,WNK5 (Arabidopsis WNK kinase 5),,,,
108,VIT_14s0068g00260,1359,0.6562,Serine carboxypeptidase S10,,,,
109,VIT_04s0023g01170,1345,0.6535,Unknown protein,,,,
110,VIT_04s0008g06300,1342,0.6474,Leucine-rich repeat family,,,,
111,VIT_14s0068g01300,1337,0.6459,Serine palmitoyltransferase,E2_3_1_50,,vv10600Sphingolipid_metabolism,
112,VIT_14s0006g02530,1311,0.6327,Non-specific lipid-transfer protein 2 (LTP 2),,,,
113,VIT_13s0067g02910,1307,0.6311,Non-specific lipid-transfer protein,,,,
114,VIT_10s0003g00330,1279,0.6203,HSL1 (HAESA-like 1),,,,
115,VIT_00s0245g00050,1284,0.6173,Oleoyl-acyl carrier protein thioesterase  chloroplast precursor,E3_1_2_14,,vv10061Fatty_acid_biosynthesis,
116,VIT_05s0020g03130,1258,0.6080,Plastocyanin domain-containing protein,K02638,,vv10195Photosynthesis,vv50113Thylakoid_targeting_pathway
117,VIT_06s0004g07960,1261,0.6080,Glucose-6-phosphate/phosphate translocator,G6PPTR,,vv50122Porters_cat_7_to_17,
118,VIT_18s0122g00590,1257,0.6058,DNA-binding protein,,,,
119,VIT_05s0029g00480,1251,0.6055,Eceriferum 2 (CER2),,,,
120,VIT_11s0016g02600,1257,0.6049,Caffeoyl-CoA O-methyltransferase,E2_1_1_104,,vv10940Phenylpropanoid_biosynthesis,
121,VIT_12s0028g00310,1240,0.5987,Protein kinase family,,,,
122,VIT_02s0025g03760,1234,0.5970,Myosin-related,MYOSINR,,vv44810Regulation_of_actin_cytoskeleton,
123,VIT_05s0049g01200,1230,0.5968,S-locus lectin protein kinase,,,,
124,VIT_00s0225g00070,1232,0.5960,MATE efflux family protein,MATE,,vv50125Porters_cat_66_to_94,
125,VIT_12s0142g00640,1227,0.5933,FLS2 (flagellin-sensitive 2),K13420,,vv34626Plant-pathogen_interaction,
126,VIT_05s0020g01980,1223,0.5914,Acyl carrier protein  mitochondrial 3,K02078,,vv50134Primary_active_transporter_cat_D1,
127,VIT_00s1314g00010,1219,0.5849,Basic helix-loop-helix (bHLH) family,BHLHDOM_89,,vv60011BHLH,
128,VIT_02s0025g01190,1202,0.5815,Extra-large G-protein (XLG1),,,,
129,VIT_05s0062g01130,1199,0.5815,Aromatic and neutral transporter 1,ANT1,,vv50123Porters_cat_18_to_29,
130,VIT_16s0022g01050<br>VIT_16s0022g01030<br>VIT_16s0022g01010<br>VIT_16s0022g01110<br>VIT_16s0022g01100<br>VIT_16s0022g01040<br>VIT_16s0022g00990<br>VITisv_028484,1200,0.5806,
131,VIT_05s0020g01820,1192,0.5798,Integral membrane family protein UPF0497,,,,
132,VIT_15s0046g00500,1182,0.5741,Wax synthase,E2_3_1_75,,vv11000Single_reactions,
133,VIT_14s0128g00160,1187,0.5723,Protein kinase CDG1,,,,
134,VIT_09s0002g06750,1177,0.5689,ERF/AP2 transcription factor sub B-6 SHINE,SHINE1_1,VvERF042,vv30008Ethylene_signaling,vv60003AP2_EREBP
135,VIT_09s0002g02220,1173,0.5667,Protein kinase CDG1,,,,
136,VIT_11s0052g00800,1174,0.5647,Protein kinase family,,,,
137,VIT_13s0019g04260,1169,0.5645,Monoglyceride lipase,E3_1_1_23,,vv10561Glycerolipid_metabolism,
138,VIT_18s0001g10120,1167,0.5611,SPla/RYanodine receptor (SPRY) domain-containing protein,,,,
139,VIT_11s0016g01320,1154,0.5594,Myb domain protein 13,MYB13,MYBPA2,vv60044MYB,
140,VIT_18s0072g00580<br>VIT_11s0065g00040,1145,0.5591,
141,VIT_03s0038g01960,1150,0.5572,Proline-rich family protein,,,,
142,VIT_15s0046g01820,1139,0.5532,Ring-H2 finger B1A,RHB1A,,vv60078Other_zf-C3HC4,
143,VIT_02s0087g00630,1123,0.5436,Alcohol oxidase,E1_1_3_13,,vv10680Methane_metabolism,
144,VIT_01s0010g01870,1113,0.5427,Salicylic acid-induced fragment 1 protein,,,,
145,VIT_07s0129g00070<br>VIT_07s0129g00150,1102,0.5373,
146,VIT_03s0038g00120,1103,0.5365,Gibberellin-regulated protein 4 (GASA4),GASA4,,vv30010Gibberellin_signaling,
147,VIT_14s0108g00150,1113,0.5346,Calmodulin-binding region IQD28,IQD28,,,
148,VIT_08s0007g07240,1101,0.5334,Armadillo helical,,,,
149,VIT_14s0066g02270,1094,0.5298,Endonuclease/exonuclease/phosphatase family protein,E3_1_30_x,,,
150,VIT_06s0004g06890,1097,0.5294,Potassium transporter (KUP1),KUP1,,vv50125Porters_cat_66_to_94,
151,VIT_17s0000g02700,1066,0.5190,Alpha-dioxygenase 2,K10529,,vv10592alpha-Linolenic_acid_metabolism,
152,VIT_18s0001g08110,1069,0.5169,Glutamyl-tRNA reductase  chloroplast precursor,E1_2_1_70,,vv10860Porphyrin_and_chlorophyll_metabolism,
153,VIT_11s0065g00130,1061,0.5138,Taxane 10-beta-hydroxylase,E1_14_13_76,,vv10904Diterpenoid_biosynthesis,
154,VIT_11s0118g00180,1059,0.5096,HHP1 (heptahelical protein 1),,,,
155,VIT_18s0001g11100,1055,0.5089,Serine carboxypeptidase,,,,
156,VIT_02s0012g00180,1049,0.5058,Serine protease,,,,
157,VIT_08s0056g00240,1039,0.5029,Unknown protein,,,,
158,VIT_06s0009g01420,1036,0.5027,Protease inhibitor/seed storage/lipid transfer protein (LTP),,,,
159,VIT_08s0040g02820,1035,0.5010,Unknown protein,,,,
160,VIT_18s0001g05480,1026,0.4959,Unknown protein,,,,
161,VIT_06s0061g01290,1027,0.4954,No hit,,,,
162,VIT_12s0028g03480,1025,0.4940,Wax synthase,E2_3_1_75,,vv11000Single_reactions,
163,VIT_09s0002g04220,1015,0.4885,Ras-related protein Rab-7A,K07897,,vv44145Phagosome,
164,VIT_00s0220g00180,1009,0.4867,Glycosyl hydrolase family 20 protein,,,,
165,VIT_00s0762g00030,1003,0.4867,S-locus lectin protein kinase,,,,
166,VIT_06s0004g06800,969,0.4661,PHD finger transcription factor,PHDFG_18,,vv60048PHD,
167,VIT_01s0137g00410,966,0.4653,CYP86A2,,,,
168,VIT_10s0116g00680,961,0.4620,PDF2 (protodermal factor2),PDF2_2,VvHB35,vv60034HB,
169,VIT_05s0020g04850,953,0.4586,H1flk,,,,
170,VIT_13s0067g01180,940,0.4561,Leaf senescence related,,,,
171,VIT_11s0065g00170,945,0.4556,Squamosa promoter-binding protein 2 (SPL2),SPL2_3,,vv60055SBP,
172,VIT_12s0035g01040,936,0.4541,NSL1 (necrotic spotted lesions 1),,,,
173,VIT_17s0000g06280,935,0.4519,Geranylgeranyl reductase,CHLP,,vv10100Biosynthesis_of_steroids,
174,VIT_05s0062g01140,926,0.4504,Aromatic and neutral transporter 1,ANT1,,vv50123Porters_cat_18_to_29,
175,VIT_07s0255g00060,928,0.4503,Prolyl oligopeptidase family,,,,
176,VIT_11s0016g02050,930,0.4501,Nucleosome assembly protein (NAP1),,,,
177,VIT_10s0003g00560,915,0.4431,Wuschel homeobox 9,WOX9,VvHB37,vv60034HB,
178,VIT_04s0008g03930,912,0.4395,RD22,,,,
179,VIT_04s0023g03330,895,0.4293,Unknown protein,,,,
180,VIT_12s0055g00810,887,0.4287,Cationic peroxidase,E1_11_1_7,,vv10360Phenylalanine_metabolism,vv10680Methane_metabolism
181,VIT_05s0020g03890,881,0.4252,Kinase interacting,,,,
182,VIT_08s0056g00800,875,0.4227,Myb domain protein 60,MYB60,MYB60,vv60044MYB,
183,VIT_14s0060g01290,865,0.4199,Calreticulin 2 (CRT2),K08057,,vv24141Protein_processing_in_endoplasmic_reticulum,vv44145Phagosome
184,VIT_14s0128g00180,868,0.4195,Zinc finger (C3HC4-type ring finger),ZFC3HC4_209,,vv60078Other_zf-C3HC4,
185,VIT_10s0116g01580,872,0.4194,No hit,,,,
186,VIT_16s0100g00670,857,0.4158,Homeodomain GLABROUS1,HDG1_2,VvHB55,vv60034HB,
187,VIT_04s0008g05520,851,0.4111,Unknown protein,,,,
188,VIT_09s0054g01220,842,0.4095,Cycloartenol synthase,E5_4_99_8,,vv10100Biosynthesis_of_steroids,
189,VIT_15s0048g00550,841,0.4090,Abnormal floral organs,AFO_2,,vv60019C2C2-YABBY,
190,VIT_09s0002g03130,845,0.4088,FRK1 (FLG22-induced receptor-like kinase 1),FRK1,,vv34626Plant-pathogen_interaction,
191,VIT_19s0015g00300,841,0.4055,KCO1 (two pore K channel),K05389_KCO1,,vv50101Channels_and_pores,
192,VIT_00s0532g00070,832,0.4041,CRK10 (cysteine-rich RLK10); kinase,,,,
193,VIT_17s0000g09270,843,0.4039,MATE efflux family protein,MATE,,vv50125Porters_cat_66_to_94,
194,VIT_15s0024g00780,829,0.4018,No hit,,,,
195,VIT_08s0007g00570,811,0.3910,WRKY DNA-binding protein 49,WRKY49,VvWRKY27,vv60066WRKY,
196,VIT_19s0015g00740,809,0.3876,Prefoldin,,,,
197,VIT_08s0007g05140,800,0.3874,MAP70 protein .,,,,
198,VIT_13s0019g00420,801,0.3864,F-box family protein,,,,
199,VIT_05s0049g01810,792,0.3806,No hit,,,,
200,VIT_08s0058g01230,783,0.3781,Non-specific lipid-transfer protein,,,,
201,VIT_01s0010g03540,780,0.3761,Microtubule associated protein (MAP65-6),MAP656,,vv44810Regulation_of_actin_cytoskeleton,
202,VIT_18s0001g11160,774,0.3759,Unknown protein,,,,
203,VIT_05s0049g00480,775,0.3751,Zinc finger (C3HC4-type ring finger),ZFC3HC4_65,,vv60078Other_zf-C3HC4,
204,VIT_08s0007g03990,769,0.3704,Cellulose synthase CSLA09,E2_4_1_12_CSLA09,,vv40006Cell_wall,
205,VIT_11s0037g00320,760,0.3677,Serine carboxypeptidase S10,,,,
206,VIT_11s0016g04160,758,0.3653,Sulfate transporter 3.5,SULTR3_5,,vv50124Porters_cat_30_to_64,
207,VIT_17s0000g02230,755,0.3653,Jasmonate ZIM domain-containing protein 3,JAZ3_2,,vv30011Jasmonate_signaling,vv34626Plant-pathogen_interaction
208,VIT_15s0021g01350,746,0.3614,Transducin family protein / WD-40 repeat,,,,
209,VIT_12s0059g00190,745,0.3611,Beta-expansin (EXPB3),EXPB3,,vv30003Auxin_signaling,
210,VIT_15s0024g00770,741,0.3590,No hit,,,,
211,VIT_15s0046g03240,739,0.3561,Unknown protein,,,,
212,VIT_12s0034g00250,735,0.3549,Aquaporin PIP1A,PIP1A,,vv50101Channels_and_pores,
213,VIT_08s0040g02640,734,0.3542,Serine/threonine-protein kinase AFC1,K08287,,,
214,VIT_00s0267g00050,735,0.3535,No hit,,,,
215,VIT_03s0088g00270,725,0.3502,No hit,,,,
216,VIT_11s0016g00330,717,0.3464,Pectinesterase family,E3_1_1_11,,vv40006Cell_wall,
217,VIT_18s0089g00510,713,0.3446,Isopentenyltransferase 1,E2_5_1_27,,vv10908Zeatin_biosynthesis,
218,VIT_00s0225g00090,705,0.3414,Copper amine oxidase,E1_4_3_4,,vv10220Urea_cycle_and_metabolism_of_amino_groups,vv10340Histidine_metabolism
219,VIT_06s0009g01460,701,0.3395,Homoserine dehydrogenase,E1_1_1_3,,vv10260Glycine_serine_and_threonine_metabolism,vv10300Lysine_biosynthesis
220,VIT_17s0000g03750,700,0.3369,Chitin elicitor-binding CEBIP LysM domain-containing,K13473,,vv34626Plant-pathogen_interaction,
221,VIT_00s0361g00090,682,0.3290,Phototropic-responsive NPH3 protein,,,,
222,VIT_12s0057g01060,680,0.3290,Jasmonate O-methyltransferase,E2_1_1_141,,vv10592alpha-Linolenic_acid_metabolism,
223,VIT_14s0068g00930,680,0.3272,Chalcone synthase,E2_3_1_74,,vv10941Flavonoid_biosynthesis,
224,VIT_03s0017g00830,673,0.3258,2OG-Fe(II) oxygenase,,,,
225,VIT_00s0267g00030,669,0.3227,Unknown,,,,
226,VIT_00s0406g00010,668,0.3222,Beta-hexosaminidase beta chain precursor,E3_2_1_52,,vv10511N-Glycan_degradation,vv10530Aminosugars_metabolism
227,VIT_19s0090g00330,645,0.3113,1-acyl-sn-glycerol-3-phosphate acyltransferase,E2_3_1_51,,vv10561Glycerolipid_metabolism,vv10564Glycerophospholipid_metabolism
228,VIT_00s0515g00040,647,0.3108,R protein MLA10,K13475,,vv34627R_proteins_from_Plant-pathogen_interaction,
229,VIT_05s0077g00530,642,0.3107,Unknown protein,,,,
230,VIT_10s0116g00360,637,0.3083,Pyrophosphate-dependent phosphofructokinase beta subunit,E2_7_1_11,,vv10010Glycolysis,vv10030Pentose_phosphate
231,VIT_17s0000g01000,636,0.3049,Amino acid-binding ACT,,,,
232,VIT_07s0005g01290,627,0.3045,DnaJ homolog  subfamily C  member 7,K09527,,vv50132Primary_active_transporter_cat_A5_to_A8,
233,VIT_06s0004g01510,627,0.3004,Lipoxygenase (LOX2),E1_13_11_12,,vv10592alpha-Linolenic_acid_metabolism,
234,VIT_00s0245g00030,615,0.2980,Integral membrane family protein,,,,
235,VIT_15s0024g00920,613,0.2963,NFD4 (nuclear fusion defective 4),,,,
236,VIT_17s0000g02830,610,0.2960,R protein MLA10,K13475,,vv34627R_proteins_from_Plant-pathogen_interaction,
237,VIT_04s0044g01790,617,0.2959,Ribosome assembly protein 1,K14536,,vv23008Ribosome_biogenesis_in_Eukaryotes,
238,VIT_18s0072g01010,607,0.2932,Peptide chain release factor eRF subunit 1,K03265,,vv23015mRNA_surveillance_pathway,
239,VIT_18s0001g07640,604,0.2919,Eceriferum 2 (CER2),,,,
240,VIT_11s0016g05340,600,0.2910,Ethylene-responsive transcription factor SHINE 3,SHINE3_2,VvERF043,vv30008Ethylene_signaling,vv60003AP2_EREBP
241,VIT_18s0041g00420,599,0.2906,Patellin-5,,,,
242,VIT_11s0037g01410,596,0.2881,XBAT32 (XB3 ortholog 2 in Arabidopsis thaliana 32),XBAT32,,vv50108Accessory_factors_involved_in_transport,
243,VIT_04s0008g04470,591,0.2855,Zinc finger  SWIM-type,ZFSWIM_8,,vv60074Orphans_zf-SWIM,
244,VIT_00s0194g00220,584,0.2832,Unknown,,,,
245,VIT_08s0007g00530,583,0.2807,3-beta hydroxysteroid dehydrogenase/isomerase protein,E1_1_1_145,,vv10140C21-Steroid_hormone_metabolism,
246,VIT_16s0050g02390,577,0.2787,Plastid division protein PDV1,PDV1,,vv44110Cell_cycle,
247,VIT_03s0063g00670,576,0.2767,Cyclin-dependent kinase inhibitor ICK5,ICK5,,vv44110Cell_cycle,
248,VIT_05s0051g00330,569,0.2757,F-box domain containing protein,,,,
249,VIT_09s0002g00910,566,0.2728,Exocyst subunit EXO70 D1,EXO70D1,,vv50111Tethering_factors,
250,VIT_00s2839g00010,564,0.2714,No hit,,,,
251,VIT_12s0028g02130,560,0.2711,MAP3K delta-1 protein kinase,,,,
252,VIT_18s0001g09920,559,0.2689,Cyclin delta-3 (CYCD3_1),CYCD3,,vv30007Cytokinin_signaling,vv44110Cell_cycle
253,VIT_00s0301g00110,553,0.2661,Bifunctional nuclease,,,,
254,VIT_15s0021g00050,551,0.2654,Eceriferum 1 (CER1 protein) Sterol desaturase,,,,
255,VIT_18s0001g14790,538,0.2621,Lipase 3 (EXL3) family II extracellular,,,,
256,VIT_10s0003g01710,543,0.2617,Ubiquitin domain containing 2,,,,
257,VIT_12s0134g00640,541,0.2607,Anthocyanidin 3-O-glucoside-6''-O-malonyltransferase,E2_3_1_171,,vv10942Anthocyanin_biosynthesis,
258,VIT_18s0001g01210,536,0.2591,Senescence-inducible chloroplast stay-green protein 2,,,,
259,VIT_07s0005g01870,534,0.2572,Unknown,,,,
260,VIT_08s0007g06460,531,0.2565,Laccase (diphenol oxidase)-like protein,E1_10_3_2,,vv11000Single_reactions,vv50109Incompletely_characterized_transport_systems
261,VIT_15s0045g01600,528,0.2542,Eceriferum 1 (CER1 protein) Sterol desaturase,,,,
262,VIT_10s0116g01830,525,0.2541,Unknown protein,,,,
263,VIT_01s0026g02120,525,0.2535,Microtubule end binding protein 1 (EB1),K10436,,vv44810Regulation_of_actin_cytoskeleton,
264,VIT_16s0098g01890,521,0.2534,Phosphatidylinositol 3- and 4-kinase / ubiquitin,,,,
265,VIT_13s0139g00230,522,0.2525,R protein disease resistance protein,RPROT,,vv34627R_proteins_from_Plant-pathogen_interaction,
266,VIT_19s0014g04900,522,0.2524,(-)-germacrene D synthase,E4_2_3_22,,vv10900Terpenoid_biosynthesis,
267,VIT_17s0000g05890,523,0.2513,Protein kinase APK1B,,,,
268,VIT_06s0009g01210,517,0.2500,Leucine-rich repeat protein kinase,,,,
269,VIT_17s0000g10260,514,0.2484,AarF domain containing kinase,K08869,,,
270,VIT_04s0008g00860,509,0.2457,Ndr family protein,,,,
271,VIT_16s0098g00660,508,0.2455,Unknown protein,,,,
272,VIT_00s0978g00020,507,0.2449,Unknown protein,,,,
273,VIT_11s0052g00890,501,0.2426,Unknown protein,,,,
274,VIT_08s0007g00700,498,0.2402,PCS1 (promotion of cell survival1) peptidase,,,,
275,VIT_16s0039g00740,488,0.2356,Histone-lysine N-methyltransferase ASHH3,E2_1_1_43ASHH3_1,,vv10300Lysine_biosynthesis,vv60056SET_PCG
276,VIT_06s0004g06960,491,0.2356,BCL2 binding anthogene,,,,
277,VIT_13s0019g04460,485,0.2349,Phenylalanine ammonia-lyase 2 (PAL2),E4_3_1_5,,vv10350Tyrosine_metabolism,vv10360Phenylalanine_metabolism
278,VIT_11s0016g00290,481,0.2326,Pectinesterase PME3,E3_1_1_11,,vv40006Cell_wall,
279,VIT_14s0068g02010,479,0.2317,IMP dehydrogenase/GMP reductase,E1_1_1_205,,vv10230Purine_metabolism,
280,VIT_04s0023g02840,477,0.2301,Leucine-rich repeat disease resistance protein,,,,
281,VIT_08s0040g00040,476,0.2301,Ubiquitin-conjugating enzyme E2 D/E,K06689,,vv24120Ubiquitin_mediated_proteolysis,vv24141Protein_processing_in_endoplasmic_reticulum
282,VIT_03s0038g04210,477,0.2292,Phototropin-2,K08282,,vv50101Channels_and_pores,
283,VIT_02s0025g02630,471,0.2283,Lipase GDSL,,,,
284,VIT_11s0037g00490,470,0.2262,Translation initiation factor eIF-4F,K03260,,vv23013RNA_transport,
285,VIT_04s0008g05500,463,0.2260,S-receptor kinase,,,,
286,VIT_17s0000g02430,464,0.2242,Phosphoethanolamine N-methyltransferase,E2_1_1_103,,vv10564Glycerophospholipid_metabolism,
287,VIT_18s0001g05790,464,0.2238,Unknown protein,,,,
288,VIT_14s0060g00410,462,0.2233,EDA32 (embryo sac development arrest 32),,,,
289,VIT_00s0218g00090,454,0.2208,Exostosin family protein,K02366,,vv11030Glycan_structures-biosynthesis1,
290,VIT_06s0009g00580,452,0.2208,Receptor protein kinase,,,,
291,VIT_08s0007g05250,455,0.2204,Cig3,K14409,,vv23015mRNA_surveillance_pathway,vv30007Cytokinin_signaling
292,VIT_02s0033g01020,451,0.2177,Anthraniloyal-CoA: methanol anthraniloyal transferase,AMAT,,vv10400Phenylalanine_tyrosine_and_tryptophan_biosynthesis,
293,VIT_08s0007g07530,451,0.2166,3-oxoacyl-[acyl-carrier-protein] reductase  chloroplast,E1_1_1_100,,vv10061Fatty_acid_biosynthesis,vv11040Biosynthesis_of_unsaturated_fatty_acids
294,VIT_01s0182g00130,440,0.2131,PHO1-like protein,PHO1,,vv50125Porters_cat_66_to_94,
295,VIT_06s0004g01550,439,0.2125,Phosphoribosylanthranilate transferase,E2_4_2_18,,vv10400Phenylalanine_tyrosine_and_tryptophan_biosynthesis,
296,VIT_06s0004g07970,438,0.2117,Alpha-expansin 10 precursor,EXPA10,,vv30003Auxin_signaling,
297,VIT_16s0013g01730,435,0.2096,Receptor Like Protein 35,,,,
298,VIT_09s0018g01780,433,0.2095,ACT domain repeat 1 (ACR1) uridylyltransferase,,,,
299,VIT_11s0052g00410,432,0.2094,Allyl alcohol dehydrogenase,,,,
300,VIT_18s0122g01240,426,0.2068,Serine/threonine Protein kinase BNK1,,,,
301,VIT_06s0004g03210,424,0.2042,Unknown,,,,
302,VIT_12s0059g00230,419,0.2026,Epoxide hydrolase 2,E3_3_2_10,,,
303,VIT_14s0068g01520,417,0.2017,Double-stranded RNA-binding (DsRBD) domain-containing protein,,,,
304,VIT_14s0030g00730,414,0.2006,Vesicle-associated membrane protein 27 VAP27-2,VAP27_2,,vv50109Incompletely_characterized_transport_systems,
305,VIT_19s0014g02670,413,0.1993,Protein kinase CRK1 CRK1 protein(Cdc2-related kinase 1),,,,
306,VIT_05s0020g04540,409,0.1979,Beta-ketoacyl-CoA synthase,E2_3_1_41,,vv10061Fatty_acid_biosynthesis,
307,VIT_09s0002g06160,405,0.1976,Ser/thr specific protein kinase,,,,
308,VIT_09s0002g05560,408,0.1973,ABC transporter g family pleiotropic drug resistance 12 PDR12,ABCGPDR12,,vv52010ABC_transporters,
309,VIT_18s0166g00080,410,0.1971,ABC transporter G member 4,K05680,,vv52010ABC_transporters,
310,VIT_05s0124g00100,406,0.1961,Unknown,,,,
311,VIT_14s0066g01050,397,0.1922,Glycogen synthase kinase 3 beta,K03083,,vv44110Cell_cycle,
312,VIT_15s0046g02140,396,0.1910,Ribosomal protein L46 39S,,,,
313,VIT_17s0000g03430,394,0.1908,Adaptor-related protein complex 3  delta 1 sub,AP3D1,,vv50110Protein_coat,
314,VIT_19s0090g00750,394,0.1895,Dihydrolipoamide succinyltransferase,E2_3_1_61,,vv10020Citrate_cycle,
315,VIT_14s0036g00290,389,0.1888,R protein disease resistance protein,RPROT,,vv34627R_proteins_from_Plant-pathogen_interaction,
316,VIT_14s0108g01020,390,0.1885,Alpha-expansin 1 precursor,EXPA1,,vv30003Auxin_signaling,
317,VIT_08s0040g01130,386,0.1878,Serine carboxypeptidase II,,,,
318,VIT_15s0048g02720,383,0.1841,fatty acid elongase,E2_3_1_41,,vv10061Fatty_acid_biosynthesis,
319,VIT_06s0061g00620,377,0.1820,Short-chain dehydrogenase carbonyl reductase 3,,,,
320,VIT_09s0054g00690,377,0.1806,Vacuolar processing enzyme alpha,,,,
321,VIT_19s0014g04050,375,0.1798,S-locus lectin protein kinase,,,,
322,VIT_05s0077g00650,367,0.1785,Poly(A) polymerase,K14376,,vv23015mRNA_surveillance_pathway,
323,VIT_15s0024g01260,367,0.1770,DJ-1 protein / protease,,,,
324,VIT_02s0241g00060,356,0.1728,Unknown protein,,,,
325,VIT_10s0003g02280,356,0.1719,SRG1 (senescence-related gene 1) oxidoreductase,,,,
326,VIT_14s0060g02330,356,0.1719,Actin binding formin homology 1,FH2,,vv44810Regulation_of_actin_cytoskeleton,
327,VIT_18s0117g00550,352,0.1714,Laccase,E1_10_3_2,,vv11000Single_reactions,vv50109Incompletely_characterized_transport_systems
328,VIT_06s0009g00480,352,0.1712,Aluminium-tolerance ALMT1,ALMT1,,vv50125Porters_cat_66_to_94,
329,VIT_06s0004g01750,354,0.1708,Polygalacturonase inhibitor protein,PGIP,,,
330,VIT_00s0218g00220,350,0.1701,UDP-glucoronosyl/UDP-glucosyl transferase,,,,
331,VIT_13s0019g00560,350,0.1701,Chaperonin GroEL,K04077,,vv23018RNA_degradation,
332,VIT_19s0090g00660,354,0.1699,Lipase GDSL,,,,
333,VIT_19s0027g01820,347,0.1694,Potassium transporter (KUP1),KUP1,,vv50125Porters_cat_66_to_94,
334,VIT_05s0102g00940,351,0.1688,R protein  PRF  disease resistance protein,K13453,,vv34627R_proteins_from_Plant-pathogen_interaction,
335,VIT_13s0074g00660,349,0.1683,ABC transporter G member 22,ABCG22,,vv52010ABC_transporters,
336,VIT_18s0041g01210<br>VIT_18s0041g01160<br>VIT_18s0041g01170,347,0.1680,
337,VIT_08s0007g08380,345,0.1666,Cellulose synthase CESA3,E2_4_1_12_CESA3,,vv30011Jasmonate_signaling,vv40006Cell_wall
338,VIT_01s0011g03210,339,0.1632,Aspartyl protease,E3_4_23_x,,,
339,VIT_03s0091g01090,338,0.1615,Unknown,,,,
340,VIT_17s0000g02010,327,0.1590,Atypical receptor kinase MARK,,,,
341,VIT_00s0207g00120,329,0.1586,Ternary complex factor MIP1,,,,
342,VIT_18s0157g00140,327,0.1583,Alliin lyase,E4_4_1_4,,vv10272Cysteine_metabolism,
343,VIT_14s0128g00510<br>VIT_14s0128g00550,326,0.1576,
344,VIT_14s0060g01850,327,0.1575,Unknown,,,,
345,VIT_09s0002g00190,324,0.1575,NBS-LRR type disease resistance protein,,,,
346,VIT_06s0080g00800,324,0.1574,Vesicle-associated membrane protein 714,K08515,,vv24130SNARE_interactions_in_vesicular_transport,vv50101Channels_and_pores
347,VIT_09s0002g07250,324,0.1571,No hit,,,,
348,VIT_13s0064g01660,324,0.1561,Prunasin hydrolase isoform PHA precursor,E3_2_1_118,,vv10460Cyanoamino_acid_metabolism,
349,VIT_00s0531g00030,322,0.1556,C2 domain containing protein,,,,
350,VIT_02s0012g00580,319,0.1540,Ankyrin protein kinase,,,,
351,VIT_10s0042g00060,311,0.1513,No hit,,,,
352,VIT_08s0056g00260,308,0.1488,Harpin-induced protein,,,,
353,VIT_06s0004g06090,309,0.1486,Diphenol oxidase,E1_10_3_1,,vv10350Tyrosine_metabolism,vv50109Incompletely_characterized_transport_systems
354,VIT_14s0030g00960,296,0.1434,R protein MLA10,K13475,,vv34627R_proteins_from_Plant-pathogen_interaction,
355,VIT_00s0225g00100,294,0.1431,Armadillo,,,,
356,VIT_01s0010g00720,293,0.1418,Unknown,,,,
357,VIT_15s0045g01440,291,0.1407,Eceriferum 1 (CER1 protein) Sterol desaturase,,,,
358,VIT_14s0219g00170,291,0.1406,Zinc finger (CCCH-type) family protein,CCCHFAM_19,,vv60018C3H,
359,VIT_19s0090g00400,284,0.1373,Zinc finger (C3HC4-type ring finger),ZFC3HC4_83,,vv60078Other_zf-C3HC4,
360,VIT_17s0053g00590,283,0.1368,Kinase interacting protein,,,,
361,VIT_18s0001g12240,281,0.1356,Peptide chain release factor eRF subunit 1,K03265,,vv23015mRNA_surveillance_pathway,
362,VIT_00s0593g00010,275,0.1333,Pentatricopeptide (PPR) repeat-containing protein,,,,
363,VIT_18s0122g00220,275,0.1323,Phosphodiesterase/alkaline phosphatase D,E3_1_4_1,,,
364,VIT_14s0066g00310,274,0.1321,Unknown protein,,,,
365,VIT_01s0010g02740,273,0.1318,4-coumarate-CoA ligase,E6_2_1_12,,vv10940Phenylpropanoid_biosynthesis,vv50104Group_translocators
366,VIT_13s0019g01520,273,0.1317,Protease inhibitor/seed storage/lipid transfer protein (LTP),,,,
367,VIT_00s0349g00020,269,0.1304,Unknown protein,,,,
368,VIT_00s0823g00020<br>VIT_00s0670g00020,269,0.1300,
369,VIT_19s0014g04690,263,0.1268,Indole-3-acetic acid-amido synthetase,AUXINBIOSYNTHESIS_GH3,,vv11002Auxin_biosynthesis,
370,VIT_00s0516g00010,260,0.1260,Unknown,,,,
371,VIT_08s0007g06680,257,0.1243,PMR5 (powdery mildew resistant 5),,,,
372,VIT_02s0025g03150,254,0.1224,Nuclear pore complex protein Nup98-Nup96,K14297,,vv23013RNA_transport,vv50109Incompletely_characterized_transport_systems
373,VIT_00s0183g00050,249,0.1203,No hit,,,,
374,VIT_18s0001g09180,246,0.1188,CUE domain containing protein,,,,
375,VIT_14s0006g02290,243,0.1178,DREB sub A-4 of ERF/AP2 transcription factor,TINY_2,VvERF028,vv30008Ethylene_signaling,vv60003AP2_EREBP
376,VIT_02s0025g01240,242,0.1175,UDP-glucuronosyl/UDP-glucosyltransferase,E2_4_1_17,,vv10040Pentose_glucuronate_interconversion,vv10500Starch_and_sucrose_metabolism
377,VIT_19s0090g00280,239,0.1158,RNA-binding protein 45 (RBP45),RBP45,,vv50133Primary_active_transporter_cat_A9_to_A18,
378,VIT_05s0051g00140,239,0.1155,RRS1 (resistant to ralstonia solanacearum 1),RRS1,,vv34627R_proteins_from_Plant-pathogen_interaction,
379,VIT_13s0019g00410,239,0.1154,No hit,,,,
380,VIT_17s0053g00780,240,0.1153,Homeodomain GLABROUS11,HDG11_1,VvHB60,vv60034HB,
381,VIT_09s0002g03880,236,0.1137,Cell division protein FtsH,K03798,,vv50133Primary_active_transporter_cat_A9_to_A18,
382,VIT_10s0042g00610,232,0.1115,Leucine-rich repeat transmembrane protein kinase,,,,
383,VIT_07s0005g04440,230,0.1114,NADH dehydrogenase (ubiquinone) 1 alpha subcomplex 9,K03953,,vv10190Oxidative_phosphorylation,vv50134Primary_active_transporter_cat_D1
384,VIT_06s0004g05940,227,0.1099,Uncoupling protein 1,PUMP1,,vv50123Porters_cat_18_to_29,
385,VIT_06s0004g02640,225,0.1094,Receptor protein kinase PERK1,,,,
386,VIT_12s0178g00090,224,0.1093,Diacylglycerol kinase 1,E2_7_1_107,,vv10561Glycerolipid_metabolism,vv10564Glycerophospholipid_metabolism
387,VIT_13s0019g02090,226,0.1091,Thylakoid lumenal 15 kDa protein 1,,,,
388,VIT_15s0046g00510,225,0.1083,Wax synthase,E2_3_1_75,,vv11000Single_reactions,
389,VIT_19s0014g03860,220,0.1065,No hit,,,,
390,VIT_19s0027g01810,218,0.1054,Invertase/pectin methylesterase inhibitor,PMEI,,vv40006Cell_wall,
391,VIT_02s0154g00020,218,0.1052,Vascular related NAC-domain protein 4,VND4_2,VvNAC02,vv60046NAC,
392,VIT_01s0137g00170,216,0.1042,B-keto acyl reductase,,,,
393,VIT_04s0008g06310,212,0.1026,Octicosapeptide/Phox/Bem1p (PB1) domain-containing protein,BEM1P,,vv50132Primary_active_transporter_cat_A5_to_A8,
394,VIT_13s0019g04750,213,0.1026,Kinesin morphogenesis of root hair 2 (MRH2),MRH2,,vv44810Regulation_of_actin_cytoskeleton,
395,VIT_17s0053g00680,213,0.1023,Argonaute protein (AGO1),,,,
396,VIT_15s0046g02290,210,0.1011,ATBRM/CHR2 (Arabidopsis thaliana BRAHMA),BRAHMA,,vv60058SNF2,
397,VIT_03s0063g01450,206,0.1001,VRN1 (reduced vernalization response 1),VRN1_1,,vv30009Flower_development,vv60001ABI3VP1
398,VIT_15s0048g02880,206,0.0995,Ubiquitin thiolesterase,,,,
399,VIT_07s0205g00180,205,0.0990,Basic helix-loop-helix (bHLH) family,BHLHDOM_30,,vv60011BHLH,
400,VIT_07s0151g00010,204,0.0987,No hit,,,,
401,VIT_15s0048g02680,202,0.0978,Calmodulin-binding region IQD17,,,,
402,VIT_12s0059g00220,200,0.0970,Epoxide hydrolase,E3_3_2_10,,,
403,VIT_02s0025g04750,199,0.0965,Glycerate dehydrogenase,E1_1_1_29,,vv10630Glyoxylate_and_dicarboxylate_metabolism,
404,VIT_00s1356g00010,199,0.0962,Zinc finger (C2H2 type) family,C2H2FAM_15,,vv60017C2H2,
405,VIT_01s0011g01070,198,0.0962,No hit,,,,
406,VIT_07s0005g00860,196,0.0948,U3 snoRNP-associated helicase Ecm16,ECM16,,,
407,VIT_02s0025g04120,196,0.0942,Calmodulin binding protein,,,,
408,VIT_15s0048g01410,194,0.0934,NTMC2T4/NTMC2TYPE4; NTMC2T4/NTMC2TYPE4,NTMC2T4,,vv50109Incompletely_characterized_transport_systems,
409,VIT_01s0137g00180,192,0.0932,B-keto acyl reductase,,,,
410,VIT_13s0064g01760,188,0.0909,Amygdalin hydrolase isoform AH I,E3_2_1_117,,vv10460Cyanoamino_acid_metabolism,
411,VIT_00s0179g00300,188,0.0908,MPBQ/MSBQ methyltransferase 2,K12502,,vv10100Biosynthesis_of_steroids,
412,VIT_11s0037g01400,185,0.0892,Zinc finger (C3HC4-type ring finger),ZFC3HC4_80,,vv60078Other_zf-C3HC4,
413,VIT_14s0030g01330,182,0.0885,No hit,,,,
414,VIT_10s0003g01010,182,0.0881,Lipase GDSL,,,,
415,VIT_03s0088g00560,181,0.0880,Citrate synthase,E2_3_3_1,,vv10020Citrate_cycle,vv10630Glyoxylate_and_dicarboxylate_metabolism
416,VIT_14s0068g00650,181,0.0878,Unknown,,,,
417,VIT_05s0102g00270,179,0.0864,Cyclin-related,CYCREL,,vv44110Cell_cycle,
418,VIT_10s0003g00980,177,0.0860,Unknown protein,,,,
419,VIT_04s0008g03320,177,0.0858,UVB-resistance protein,,,,
420,VIT_16s0098g00410,175,0.0848,Receptor kinase homolog LRK10,,,,
421,VIT_09s0002g04100,173,0.0838,Vacuolar sorting protein 9,VPS9,,vv50110Protein_coat,
422,VIT_13s0019g03210,173,0.0834,Lectin-like protein,,,,
423,VIT_10s0003g01860,170,0.0824,RKF1 (receptor-like kinase in flowers 1),,,,
424,VIT_01s0011g02960,168,0.0817,Leucoanthocyanidin reductase 1,E1_17_1_3,,vv10941Flavonoid_biosynthesis,
425,VIT_14s0060g01460,170,0.0817,Pentatricopeptide (PPR) repeat-containing protein,,,,
426,VIT_03s0038g02380,167,0.0808,RAC G-protein Rac1,RAC1,,vv34020Calcium_signaling_pathway,
427,VIT_15s0048g01990,166,0.0802,Methyltransferase dehydration-responsive,,,,
428,VIT_14s0066g01790,166,0.0801,GASA like,GASAL,,vv30010Gibberellin_signaling,
429,VIT_16s0039g02270,164,0.0792,Unknown protein,,,,
430,VIT_07s0005g05180,164,0.0792,No hit,,,,
431,VIT_09s0018g01340<br>VIT_09s0018g01360,162,0.0783,
432,VIT_08s0032g00530,161,0.0777,Rhomboid,,,,
433,VIT_01s0010g01160,159,0.0770,Zinc finger (DHHC type),ZFDHHC_4,,vv60079Other_zf-DHHC,
434,VIT_12s0059g01190,160,0.0768,Homeobox protein shoot MERISTEMLESS (STM),STM_2,VvHB43,vv50004Auxin_transport,vv60034HB
435,VIT_14s0068g00140,157,0.0764,No hit,,,,
436,VIT_02s0087g00100,157,0.0762,Ankyrin repeat family,K10380,,vv50108Accessory_factors_involved_in_transport,
437,VIT_15s0046g01790,155,0.0752,ARID/BRIGHT DNA-binding domain-containing protein / ELM2,ARID_4,,vv60005ARID,
438,VIT_19s0015g02690,156,0.0751,Glutathione S-transferase 25 GSTU25,E2_5_1_18_GSTU25,,vv10480Glutathione_metabolism,
439,VIT_00s0515g00020,153,0.0743,R protein MLA10,K13475,,vv34627R_proteins_from_Plant-pathogen_interaction,
440,VIT_12s0028g01850,153,0.0742,Receptor kinase TRKe,,,,
441,VIT_06s0061g01430,153,0.0740,flavonoid 1-2 rhamnosyltransferase,E2_4_1_236,,vv10941Flavonoid_biosynthesis,
442,VIT_14s0006g02960,153,0.0737,KH domain containing protein,,,,
443,VIT_14s0006g02570,152,0.0734,Protease inhibitor/seed storage/lipid transfer protein (LTP),,,,
444,VIT_18s0122g01250,151,0.0729,No hit,,,,
445,VIT_00s0508g00020,151,0.0727,Nuclear prelamin A recognition factor; Narf,,,,
446,VIT_16s0039g01670,147,0.0716,Cinnamoyl-CoA reductase,E1_2_1_44,,vv10940Phenylpropanoid_biosynthesis,
447,VIT_10s0116g01880,148,0.0716,MATE efflux family protein,MATE,,vv50125Porters_cat_66_to_94,
448,VIT_14s0068g00360,145,0.0700,LNG1 (LONGIFOLIA1),,,,
449,VIT_17s0000g06510,142,0.0684,Exonuclease,E3_1_13_1,,,
450,VIT_02s0087g00400,142,0.0682,Pectinacetylesterase,PAE,,vv40006Cell_wall,
451,VIT_18s0001g05950,137,0.0664,Cis-zeatin O-beta-D-glucosyltransferase,E2_4_1_215,,vv10908Zeatin_biosynthesis,
452,VIT_18s0001g09550,135,0.0655,Receptor kinase TRKe,,,,
453,VIT_18s0001g14090,135,0.0648,Molecular chaperone DnaJ,K03686,,vv50132Primary_active_transporter_cat_A5_to_A8,
454,VIT_01s0011g00080,133,0.0646,Universal stress protein (USP) family protein,,,,
455,VIT_18s0041g00100,132,0.0639,Unknown protein,,,,
456,VIT_06s0009g03390,133,0.0639,No hit,,,,
457,VIT_18s0076g00210,132,0.0637,Alpha/beta hydrolase fold,,,,
458,VIT_17s0000g05370,131,0.0634,MYC ZCW32 (bigpetal  bigpetalub),ZCW32_1,,vv60011BHLH,
459,VIT_00s1881g00010,130,0.0629,No hit,,,,
460,VIT_03s0063g00410,129,0.0624,Alpha-amylase,E3_2_1_1,,vv10500Starch_and_sucrose_metabolism,
461,VIT_03s0063g01890,129,0.0624,Ring-H2 finger protein ATL3G,,,,
462,VIT_18s0001g06640,129,0.0624,Zinc finger (C3HC4-type ring finger),ZFC3HC4_60,,vv60078Other_zf-C3HC4,
463,VIT_05s0094g01350,128,0.0621,Thiol methyltransferase 1,E2_1_1_9,,vv10450Selenoamino_acid_metabolism,
464,VIT_11s0052g01600,126,0.0610,UDP-glucose flavonoid 3-O-glucosyltransferase 7,E2_4_1_91,,vv10941Flavonoid_biosynthesis,
465,VIT_00s0211g00030,126,0.0609,Symbiosis receptor kinase,,,,
466,VIT_17s0000g02660,126,0.0608,Myb domain protein 6,MYB6_2,MYBC2-L2,vv60044MYB,
467,VIT_00s0333g00070,124,0.0605,Unknown protein,,,,
468,VIT_08s0056g00300,120,0.0579,Unknown,,,,
469,VIT_11s0016g03410,119,0.0577,Unknown protein,,,,
470,VIT_05s0051g00050,119,0.0575,Myosin-like protein XIB,MYOSINXIB,,vv44810Regulation_of_actin_cytoskeleton,
471,VIT_05s0077g01030,118,0.0572,Unknown,,,,
472,VIT_14s0006g02550,116,0.0559,Non-specific lipid-transfer protein 2 (LTP 2),,,,
473,VIT_15s0048g01160,116,0.0559,Phospholipase D beta 1,PLDB1,,vv10564Glycerophospholipid_metabolism,vv10565Ether_lipid_metabolism
474,VIT_13s0019g03390,115,0.0556,Unknown protein,,,,
475,VIT_00s0532g00050,113,0.0547,Basic helix-loop-helix ILR3,ILR3_4,,vv11002Auxin_biosynthesis,vv60011BHLH
476,VIT_14s0066g02120,113,0.0545,Photosystem I P700 apoprotein A1 [Vitis vinifera],K02689,,vv10195Photosynthesis,vv50105Transport_electron_carriers
477,VIT_18s0001g14810,111,0.0538,Lipase 3 (EXL3) family II extracellular,,,,
478,VIT_05s0020g01110,109,0.0528,Pectinacetylesterase,PAE,,vv40006Cell_wall,
479,VIT_14s0030g00080,108,0.0524,No hit,,,,
480,VIT_06s0061g00520,108,0.0523,Serine carboxypeptidase precursor,,,,
481,VIT_09s0002g00490,106,0.0512,Lipase GDSL 5,,,,
482,VIT_13s0019g02880,106,0.0512,UDP-glucoronosyl/UDP-glucosyl transferase,,,,
483,VIT_09s0002g06990,106,0.0511,Phosphatidic acid phosphatase / PAP2,E3_1_3_4,,vv10561Glycerolipid_metabolism,vv10564Glycerophospholipid_metabolism
484,VIT_18s0001g14040,103,0.0501,Endo-1 4-beta-glucanase,E3_2_1_4,,vv40006Cell_wall,
485,VIT_04s0069g01120,102,0.0494,Acyl-activating enzyme 7,E6_2_1_3,,vv10071Fatty_acid_metabolism,vv50104Group_translocators
486,VIT_19s0014g04060,102,0.0491,ARK3 (Arabidopsis Receptor Kinase 3),,,,
487,VIT_07s0151g00510,101,0.0488,GCN5 N-acetyltransferase (GNAT),GCN5_22,,vv60082GNAT,
488,VIT_07s0141g00240,101,0.0487,NADH dehydrogenase (ubiquinone) flavoprotein 2,K03943,,vv10190Oxidative_phosphorylation,vv50134Primary_active_transporter_cat_D1
489,VIT_07s0130g00040,97,0.0471,Myb domain protein 4,MYB4_10,MYB3,vv60044MYB,
490,VIT_18s0001g15230,97,0.0467,Unknown,,,,
491,VIT_09s0002g02490,96,0.0465,Dof zinc finger protein 1,ADOF1,,vv60015C2C2-DOF,
492,VIT_16s0013g00500,95,0.0458,Unknown protein,,,,
493,VIT_13s0019g03310,94,0.0454,Transposon protein,,,,
494,VIT_06s0004g06750,93,0.0449,Armadillo/beta-catenin repeat,,,,
495,VIT_06s0080g00040,92,0.0443,ABC transporter G member 22,ABCG22,,vv52010ABC_transporters,
496,VIT_08s0040g01040,92,0.0443,Serine carboxypeptidase II,,,,
497,VIT_02s0025g01750,91,0.0440,Cellulose synthase CSLG3,E2_4_1_12_CSLG3,,vv40006Cell_wall,
498,VIT_14s0060g02370,90,0.0437,DegP protease,E3_4_21_107,,,
499,VIT_07s0031g01450,89,0.0430,Transcription termination factor mitochondrial mTERF,MTERF_18,,vv60085MTERF,
500,VIT_14s0066g01040,89,0.0430,Cytosine methyltransferase (DRM2),E2_1_1_49,,vv11002Auxin_biosynthesis,
501,VIT_13s0158g00120,89,0.0429,Protein kinase,,,,
502,VIT_04s0044g00990,89,0.0428,PGSIP1 (Plant glycogenin-like starch initiation protein 1),,,,
503,VIT_12s0059g02420,88,0.0426,Peroxidase ATP11A (gb|X98802).,E1_11_1_7,,vv10360Phenylalanine_metabolism,vv10680Methane_metabolism
504,VIT_18s0075g00700,88,0.0425,Laccase,E1_10_3_2,,vv11000Single_reactions,vv50109Incompletely_characterized_transport_systems
505,VIT_03s0017g00710,87,0.0420,flavonol synthase,E1_14_11_23,,vv10941Flavonoid_biosynthesis,
506,VIT_15s0021g00060,87,0.0418,Eceriferum 1 (CER1 protein) Sterol desaturase,,,,
507,VIT_19s0093g00590,86,0.0415,Myosin heavy chain-like protein,K10352,,vv44810Regulation_of_actin_cytoskeleton,
508,VIT_15s0046g00650,84,0.0409,Wax synthase,E2_3_1_75,,vv11000Single_reactions,
509,VIT_06s0004g03490,84,0.0407,Nuclear transcription factor Y subunit B related,NFYBREL_5,,vv60021CCAAT,
510,VIT_06s0004g06730,84,0.0406,Microsomal omega-3 fatty acid desaturase,K10257,,vv11040Biosynthesis_of_unsaturated_fatty_acids,
511,VIT_12s0057g00820,84,0.0405,Leucine-rich repeat,,,,
512,VIT_10s0116g01040,83,0.0404,Stigma-specific Stig1,,,,
513,VIT_12s0059g02600,82,0.0395,Receptor protein kinase RK20-1,,,,
514,VIT_14s0060g00680,81,0.0394,Lipase GDSL,,,,
515,VIT_08s0040g02960,81,0.0393,Unknown,,,,
516,VIT_13s0067g03380,79,0.0385,Regulator of chromosome condensation (RCC1),RCC1,,vv50112Nuclear_pore_complex,
517,VIT_07s0031g01670,79,0.0382,CYP96A10,,,,
518,VIT_18s0001g02600,79,0.0381,Ribosomal protein S1  30S,K02945,,vv23010Ribosome,
519,VIT_02s0012g00150,78,0.0376,NAK-type protein kinase,,,,
520,VIT_07s0005g02190,77,0.0374,Zinc finger (C2H2 type) family,C2H2FAM_36,,vv60017C2H2,
521,VIT_01s0011g00790,75,0.0362,DnaJ homolog  subfamily C  member 2 gonidia forming protein GlsA,K09522_1,,vv50132Primary_active_transporter_cat_A5_to_A8,vv60045MYBrelated
522,VIT_14s0060g01810,74,0.0357,Unknown protein,,,,
523,VIT_05s0062g00700,73,0.0353,UDP-glucose:flavonoid 7-O-glucosyltransferase,E2_4_1_237,,vv10941Flavonoid_biosynthesis,
524,VIT_16s0050g02100,72,0.0350,Disease resistance,,,,
525,VIT_01s0127g00590,72,0.0349,Protein disulfide isomerase,E5_3_4_1,,,
526,VIT_03s0088g00070,72,0.0347,No hit,,,,
527,VIT_18s0001g00400,71,0.0344,Laccase,E1_10_3_2,,vv11000Single_reactions,vv50109Incompletely_characterized_transport_systems
528,VIT_14s0036g01290,70,0.0336,Subtilisin-like proteinase AIR3,,,,
529,VIT_12s0035g01960,69,0.0334,Stichel,K02343,,vv23030DNA_replication,
530,VIT_14s0030g00650,69,0.0334,Shikimate dehydrogenase,E1_1_1_25,,vv10400Phenylalanine_tyrosine_and_tryptophan_biosynthesis,
531,VIT_13s0064g00970,68,0.0330,F-type H+-transporting ATPase oligomycin sensitivity conferral,K02137,,vv10190Oxidative_phosphorylation,vv50131Primary_active_transporter_cat_A2_to_A4
532,VIT_14s0068g00840,68,0.0328,RBR1 (retinoblastoma-related 1),RBR1_1,,vv44110Cell_cycle,vv60051RB
533,VIT_01s0011g01760,68,0.0328,Lectin,,,,
534,VIT_05s0051g00980,68,0.0327,No hit,,,,
535,VIT_09s0002g02980,67,0.0327,FRK1 (FLG22-induced receptor-like kinase 1),FRK1,,vv34626Plant-pathogen_interaction,
536,VIT_13s0067g02060,67,0.0325,Biotin/lipoyl attachment domain-containing protein,E6_4_1_2,,vv10061Fatty_acid_biosynthesis,vv10620Pyruvate_metabolism
537,VIT_00s0227g00070,67,0.0324,Sialidase BNR/Asp-box repeat family protein,,,,
538,VIT_09s0018g01550,67,0.0322,Trimethylguanosine synthase,K14292,,vv23013RNA_transport,
539,VIT_11s0016g04710,66,0.0319,Serine-threonine kinase receptor-associated protein STRAP,K13137,,vv23013RNA_transport,
540,VIT_15s0048g03000,66,0.0318,GTPase RABA3,K07976,,,
541,VIT_04s0008g04230,65,0.0315,ABC transporter G member 22,ABCG22,,vv52010ABC_transporters,
542,VIT_19s0014g05000,65,0.0314,Zinc finger (C2H2 type) family,C2H2FAM_16,,vv60017C2H2,
543,VIT_02s0012g01670,64,0.0309,R-mandelonitrile lyase isoform 1 precursor,E4_1_2_10,,vv10460Cyanoamino_acid_metabolism,
544,VIT_06s0009g01620,64,0.0308,Harpin-induced protein,,,,
545,VIT_01s0137g00510,64,0.0307,CYP71B10,CYP71B10,,vv10940Phenylpropanoid_biosynthesis,
546,VIT_07s0129g00270,62,0.0300,Casein kinase II alpha chain,K03097,,vv23008Ribosome_biogenesis_in_Eukaryotes,vv34710Circadian_rhythm
547,VIT_05s0020g02900,62,0.0300,Substrate carrier  Mitochondrial,K03454,,vv44146Peroxisome,vv50123Porters_cat_18_to_29
548,VIT_01s0011g00620,62,0.0299,14-3-3 protein GF14 iota (GRF12),,,,
549,VIT_07s0005g01410,62,0.0296,Dimethyladenosine transferase,K02528,,,
550,VIT_08s0105g00400,61,0.0293,GT-1-like transcription factor,GT1L,,vv60062Trihelix,
551,VIT_12s0059g00300,60,0.0289,TAFII59 (TATA box associated factor II 59),K03131,,vv23022Basal_transcription_factors,
552,VIT_00s0229g00120,59,0.0286,Ternary complex factor MIP1,,,,
553,VIT_00s0346g00020,59,0.0284,Kinase,,,,
554,VIT_17s0000g07300,57,0.0274,ATP synthase gamma chain  mitochondrial (ATPC),K02136,,vv10190Oxidative_phosphorylation,vv50131Primary_active_transporter_cat_A2_to_A4
555,VIT_18s0041g00270,54,0.0260,R protein  PRF  disease resistance protein,K13453,,vv34627R_proteins_from_Plant-pathogen_interaction,
556,VIT_02s0012g01680,54,0.0259,Trehalose phosphatase 5,E3_1_3_12,,vv10500Starch_and_sucrose_metabolism,
557,VIT_04s0008g05880,54,0.0258,CHD3-type chromatin-remodeling factor PICKLE,PICKLE_2,,vv60048PHD,
558,VIT_14s0030g01890,53,0.0257,Unknown,,,,
559,VIT_12s0028g02970,53,0.0257,MLO1,K08472,,,
560,VIT_01s0146g00410,52,0.0252,GEM-like protein 5,,,,
561,VIT_19s0015g00380,52,0.0250,Cystathionine beta-synthase,E4_2_1_22,,vv10260Glycine_serine_and_threonine_metabolism,vv10271Methionine_metabolism
562,VIT_14s0108g01270,51,0.0246,Cyclin-dependent kinase CDC2C,CDC2C,,vv44110Cell_cycle,
563,VIT_04s0023g03370,49,0.0237,Flavonone- 3-hydroxylase,E1_14_11_9,,vv10941Flavonoid_biosynthesis,
564,VIT_15s0046g00520,49,0.0237,Wax synthase,E2_3_1_75,,vv11000Single_reactions,
565,VIT_14s0036g00330,48,0.0232,RPS2 (resistant to p. syringae 2),K13459,,vv34626Plant-pathogen_interaction,
566,VIT_17s0000g03150,48,0.0232,No hit,,,,
567,VIT_06s0009g02640,47,0.0227,Hydroxymethylglutaryl-CoA lyase,E4_1_3_4,,vv10072Synthesis_and_degradation_of_ketone_bodies,vv10280Valine_leucine_and_isoleucine_degradation
568,VIT_00s0375g00060,47,0.0226,Ent-kaurene synthase,E5_5_1_13,,vv10904Diterpenoid_biosynthesis,
569,VIT_18s0075g00500,46,0.0224,No hit,,,,
570,VIT_18s0075g00570,46,0.0223,Emb1381 (embryo defective 1381),,,,
571,VIT_12s0057g01450,46,0.0222,Subtilisin protease,,,,
572,VIT_08s0058g00520,45,0.0219,Dehydration-responsive element-binding protein 2E,DREB2E,VvERF038,vv30008Ethylene_signaling,vv60003AP2_EREBP
573,VIT_00s2178g00010,45,0.0217,R protein  PRF  disease resistance protein,K13453,,vv34627R_proteins_from_Plant-pathogen_interaction,
574,VIT_15s0046g01960,44,0.0214,Hydroquinone glucosyltransferase,E2_4_1_218,,vv10500Starch_and_sucrose_metabolism,
575,VIT_05s0062g01180,43,0.0209,Importin beta-2,K14293_2,,vv23013RNA_transport,vv50109Incompletely_characterized_transport_systems
576,VIT_01s0026g01640,43,0.0208,Band 7 family,BAND7,,vv50108Accessory_factors_involved_in_transport,
577,VIT_13s0064g01510,43,0.0207,Auxin-independent growth promoter,,,,
578,VIT_05s0077g01250,43,0.0207,Endochitinase A2 precursor,E3_2_1_14,,vv10530Aminosugars_metabolism,
579,VIT_00s0415g00020,42,0.0204,Endoribonuclease E-like protein,,,,
580,VIT_00s0384g00020,42,0.0204,Basic helix-loop-helix (bHLH) family,BHLHDOM_93,,vv60011BHLH,
581,VIT_05s0020g01740,42,0.0203,RanGAP1 interacting protein,,,,
582,VIT_05s0049g01980,42,0.0203,3-isopropylmalate dehydratase large subunit 2,E4_2_1_33,,vv10290Valine_leucine_and_isoleucine_biosynthesis,
583,VIT_18s0001g02720,42,0.0203,fatty acid elongation1 (FAE1),,,,
584,VIT_03s0017g01280,42,0.0203,ABC transporter G member 7,ABCG7,,vv52010ABC_transporters,
585,VIT_18s0001g01750,42,0.0203,No hit,,,,
586,VIT_15s0021g02300,41,0.0199,Squamosa promoter-binding protein 8 (SPL8),SPL8,,vv60055SBP,
587,VIT_16s0100g01000,41,0.0196,Stilbene synthase 4,E2_3_1_95,,vv10940Phenylpropanoid_biosynthesis,
588,VIT_16s0050g01430,40,0.0195,Ornithine cyclodeaminase,E4_3_1_12,,vv10330Arginine_and_proline_metabolism,
589,VIT_01s0137g00290,40,0.0194,Oxysterol binding protein,,,,
590,VIT_17s0000g09120,40,0.0194,Ethylene-responsive DEAD box RNA helicase (RH30),RH30,,vv23040Spliceosome,vv30008Ethylene_signaling
591,VIT_07s0031g01270,40,0.0193,Ring-H2 finger A2A,RHA2A,,vv60078Other_zf-C3HC4,
592,VIT_01s0150g00390,39,0.0189,Minichromosome maintenance protein 2,K02540,,vv23030DNA_replication,vv44110Cell_cycle
593,VIT_12s0028g03050,39,0.0188,NAC domain-containing protein 73,NAC073_2,VvNAC34,vv60046NAC,
594,VIT_03s0017g01130,38,0.0184,Cis-zeatin O-beta-D-glucosyltransferase,E2_4_1_215,,vv10908Zeatin_biosynthesis,
595,VIT_14s0030g00220,38,0.0183,Sugar transporter ERD6-like 5,ERD6L5,,vv50121Porters_cat_1_to_6,
596,VIT_11s0052g00490,38,0.0183,No hit,,,,
597,VIT_06s0004g06820,36,0.0175,Unknown protein,,,,
598,VIT_04s0023g03710,36,0.0174,Myb domain protein 4,MYB4_1,MYB4B,vv60044MYB,
599,VIT_14s0068g02230,36,0.0174,No hit,,,,
600,VIT_00s0361g00040,36,0.0174,Anthocyanidin reductase,E1_3_1_77,,vv10941Flavonoid_biosynthesis,
601,VIT_10s0003g03190,36,0.0173,RNA recognition motif (RRM)-containing,,,,
602,VIT_02s0025g04620,36,0.0173,Phospholipase D beta 1,PLDB1,,vv10564Glycerophospholipid_metabolism,vv10565Ether_lipid_metabolism
603,VIT_03s0038g01480,35,0.0168,Beta-fructofuranosidase,E3_2_1_26,,vv10052Galactose_metabolism,vv10500Starch_and_sucrose_metabolism
604,VIT_05s0049g01450,34,0.0165,No hit,,,,
605,VIT_02s0025g03130<br>VIT_02s0025g03120,34,0.0164,
606,VIT_18s0041g02470,34,0.0164,Disease resistance protein (TIR-NBS-LRR class),,,,
607,VIT_04s0023g01300,34,0.0164,Aminopeptidase P,E3_4_11_9,,,
608,VIT_15s0021g01840,33,0.0161,Cationic amino acid transporter 9,CAT9,,vv50121Porters_cat_1_to_6,
609,VIT_19s0014g01470,32,0.0156,Thioredoxin TTL1 (Tetratricopetide-repeat thioredoxin-like 1),TTL1,,vv50132Primary_active_transporter_cat_A5_to_A8,
610,VIT_18s0001g09450,32,0.0155,Unknown protein,,,,
611,VIT_05s0029g00550,32,0.0155,HEAT repeat-containing protein,,,,
612,VIT_14s0068g00150,32,0.0154,No hit,,,,
613,VIT_07s0005g06000,32,0.0154,Pore-forming toxin-like protein Hfr-2,HFR2,,vv50101Channels_and_pores,
614,VIT_07s0005g06410,31,0.0151,High-affinity K+ transporter 1 (HKT1),HKT1,,vv50124Porters_cat_30_to_64,
615,VIT_02s0012g00140,31,0.0150,Novel plant snare 11,K08494,,,
616,VIT_16s0050g00870,31,0.0150,Acyltransferase,E2_3_1_x,,,
617,VIT_07s0031g00470,31,0.0150,DNA polymerase alpha,K02320,,vv23030DNA_replication,
618,VIT_01s0026g00080,31,0.0149,Metal-dependent phosphohydrolase HD domain-containing protein,K07023,,,
619,VIT_14s0006g00800,30,0.0145,Tubulin alpha-2 chain,K07374,,vv44145Phagosome,vv44810Regulation_of_actin_cytoskeleton
620,VIT_15s0046g03520,30,0.0145,Phosphomannomutase,E5_4_2_8,,vv10051Fructose_and_mannose_metabolism,
621,VIT_03s0110g00100,30,0.0145,CYP86A8,,,,
622,VIT_09s0002g02330,30,0.0145,Nucleosome/chromatin assembly factor group A,,,,
623,VIT_14s0030g00670,29,0.0140,Dehydroquinate dehydratase,E4_2_1_10,,vv10400Phenylalanine_tyrosine_and_tryptophan_biosynthesis,
624,VIT_10s0042g01010,29,0.0140,CYP714A1,,,,
625,VIT_00s0301g00040,28,0.0136,Glycine-rich protein,,,,
626,VIT_04s0044g00840,28,0.0135,S-receptor kinase,,,,
627,VIT_14s0060g02340,27,0.0131,Heat shock protein 70,K03283,,vv23040Spliceosome,vv24141Protein_processing_in_endoplasmic_reticulum
628,VIT_18s0001g05490,27,0.0131,No hit,,,,
629,VIT_00s0532g00030,27,0.0130,Thioredoxin H,,,,
630,VIT_09s0018g02130,27,0.0130,Calcium-transporting ATPase 9 ACA9,K01537,,vv34020Calcium_signaling_pathway,vv50131Primary_active_transporter_cat_A2_to_A4
631,VIT_11s0016g02670,27,0.0130,Unknown protein,,,,
632,VIT_12s0057g01030,27,0.0130,Glucose-6-phosphate 1-dehydrogenase 2  chloroplast precursor,E1_1_1_49,,vv10030Pentose_phosphate,vv10480Glutathione_metabolism
633,VIT_04s0044g00070,26,0.0127,RAB GDP dissociation inhibitor 1 ATGD1,,,,
634,VIT_12s0059g00670,26,0.0126,NADP-dependent oxidoreductase,E1_6_5_5,,,
635,VIT_00s0456g00040<br>VIT_00s0374g00030,26,0.0125,
636,VIT_01s0026g02530,25,0.0121,Beta-1 3-galactosyltransferase,K07819,,vv10602Glycosphingolipid_biosynthesis,
637,VIT_19s0027g01310,25,0.0121,Polygalacturonase GH28,E3_2_1_15,,vv40006Cell_wall,
638,VIT_07s0005g06090,25,0.0121,Pore-forming toxin-like protein Hfr-2,HFR2,,vv50101Channels_and_pores,
639,VIT_12s0034g01030,25,0.0121,R protein MLA10,K13475,,vv34627R_proteins_from_Plant-pathogen_interaction,
640,VIT_11s0016g04350,25,0.0121,Methyltransferase Met-10+ like family protein,K07055,,,
641,VIT_15s0048g01040,25,0.0120,DNA repair protein,,,,
642,VIT_18s0001g07300,25,0.0120,MADS box interactor,,,,
643,VIT_19s0093g00230,25,0.0120,No hit,,,,
644,VIT_15s0048g02000,24,0.0117,Homeodomain GLABROUS1,HDG1_1,VvHB53,vv60034HB,
645,VIT_17s0000g03760,24,0.0115,Endonuclease/exonuclease/phosphatase family,,,,
646,VIT_09s0054g00700,23,0.0112,Vacuolar-pyrophosphatase like protein 1 AVPL1,K01507,,vv10190Oxidative_phosphorylation,vv50133Primary_active_transporter_cat_A9_to_A18
647,VIT_18s0001g09700,23,0.0111,F-box protein GID2,,,,
648,VIT_11s0016g00590,23,0.0111,Invertase/pectin methylesterase inhibitor,PMEI,,vv40006Cell_wall,
649,VIT_13s0019g02460,22,0.0107,Proton-dependent oligopeptide transport (POT) family protein,POT,VvHB45,vv50122Porters_cat_7_to_17,
650,VIT_06s0061g01480,22,0.0107,ABC transporter G member 22,ABCG22,,vv52010ABC_transporters,
651,VIT_04s0008g02780,22,0.0106,RBR1 (retinoblastoma-related 1),RBR1_2,,vv44110Cell_cycle,vv60051RB
652,VIT_05s0049g00310,22,0.0105,E8 protein,E8,,vv30008Ethylene_signaling,
653,VIT_08s0007g06390,21,0.0101,Enoyl-[acyl-carrier-protein] reductase [NADH]  chloroplast precursor,E1_3_1_9,,vv10061Fatty_acid_biosynthesis,
654,VIT_00s0211g00040,21,0.0101,Nodulation receptor kinase,,,,
655,VIT_15s0045g01590,20,0.0097,Eceriferum 1 (CER1 protein) Sterol desaturase,,,,
656,VIT_09s0002g04860,20,0.0097,GTPase activating protein,,,,
657,VIT_18s0122g01180,20,0.0097,Unknown,,,,
658,VIT_15s0021g02510,20,0.0096,GATA transcription factor 2,GATA2,,vv60016C2C2-GATA,
659,VIT_08s0007g01500,20,0.0096,DNA binding / nuclease,,,,
660,VIT_13s0019g02360,20,0.0096,Pyrroline-5-carboxylate synthetase,E2_7_2_11,,vv10220Urea_cycle_and_metabolism_of_amino_groups,
661,VIT_11s0037g00290,20,0.0096,Plastocyanin domain-containing protein,K02638,,vv10195Photosynthesis,vv50113Thylakoid_targeting_pathway
662,VIT_00s0335g00050,19,0.0092,S-receptor kinase 1,,,,
663,VIT_06s0004g03180,18,0.0088,Zinc finger (FYVE type),SIZ1_1,,vv30009Flower_development,vv60048PHD
664,VIT_08s0007g06610,18,0.0088,Lectin protein kinase,,,,
665,VIT_11s0016g03710,18,0.0088,Abl interactor protein 1 (ABIL1),,,,
666,VIT_12s0028g00440,18,0.0087,Protein phosphatase 2C,E3_1_3_16,,,
667,VIT_06s0004g08250,18,0.0087,Leucine-rich repeat transmembrane protein kinase  putative,,,,
668,VIT_10s0071g00850,17,0.0082,Binding,,,,
669,VIT_02s0087g00420,17,0.0082,Zinc finger (C3HC4-type ring finger),ZFC3HC4_14,,vv60078Other_zf-C3HC4,
670,VIT_18s0001g14780,17,0.0082,Lipase 3 (EXL3) family II extracellular,,,,
671,VIT_08s0007g03920,17,0.0082,DEMETER protein (DME),,,,
672,VIT_06s0004g03020,17,0.0082,Beta-galactosidase,E3_2_1_23,,vv10052Galactose_metabolism,vv10511N-Glycan_degradation
673,VIT_11s0016g01310,17,0.0081,TT2 (transparent testa 2),TT2_5,MYBPA4,vv44110Cell_cycle,vv60044MYB
674,VIT_09s0096g00420<br>VIT_09s0096g00830<br>VIT_09s0096g00200<br>VIT_09s0096g00760<br>VIT_09s0002g00270,16,0.0078,
675,VIT_06s0009g00250,16,0.0078,Large subunit GTPase 1,K14539,,vv23008Ribosome_biogenesis_in_Eukaryotes,
676,VIT_18s0001g00090,16,0.0078,Seed maturation protein PM23,,,,
677,VIT_08s0007g06220,16,0.0078,No hit,,,,
678,VIT_13s0067g01930,16,0.0077,Unknown protein,,,,
679,VIT_07s0005g05260<br>VIT_07s0005g05230,16,0.0077,
680,VIT_10s0116g01870,16,0.0077,MATE efflux family protein,MATE,,vv50125Porters_cat_66_to_94,
681,VIT_08s0040g02970,16,0.0077,Protein phosphatase 2C,E3_1_3_16,,,
682,VIT_15s0046g02300,16,0.0077,Beta-cyanoalanine synthase,E2_5_1_47,,vv10272Cysteine_metabolism,vv10450Selenoamino_acid_metabolism
683,VIT_16s0039g01910,15,0.0073,Vegetative storage protein win4.5,,,,
684,VIT_15s0046g02860,15,0.0073,Riboflavin biosynthesis protein ribD,E3_5_4_26,,vv10740Riboflavin_metabolism,
685,VIT_15s0021g01280,15,0.0073,Cyclin-U4-1 (CycU4;1) CYCP4;1,CYCP4_1,,vv44110Cell_cycle,
686,VIT_03s0063g02490,15,0.0072,Glucan endo-1 3-beta-glucosidase 7 precursor,E3_2_1_39,,vv10500Starch_and_sucrose_metabolism,
687,VIT_14s0060g01830,15,0.0072,Unknown protein,,,,
688,VIT_00s2582g00010,15,0.0072,Unknown,,,,
689,VIT_15s0021g02710,15,0.0072,Zinc finger (C2H2 type) family,C2H2FAM_24,,vv60017C2H2,
690,VIT_01s0137g00820,14,0.0068,Phototropic-responsive NPH3,,,,
691,VIT_02s0012g01250,13,0.0063,Carnitine/acylcarnitine carrier  Mitochondrial,BOU,,vv50123Porters_cat_18_to_29,
692,VIT_15s0045g01520,13,0.0063,Eceriferum 1 (CER1 protein) Sterol desaturase,,,,
693,VIT_03s0063g02610,13,0.0063,GRP7 (cold  circadian rhythm  and RNA binding 2),GRP7,,vv50133Primary_active_transporter_cat_A9_to_A18,
694,VIT_03s0088g00280,13,0.0063,Ribosomal RNA small subunit methyltransferase E,K09761,,,
695,VIT_18s0001g12030,13,0.0063,Uracil-DNA glycosylase,K03648,,vv23410Base_excision_repair,
696,VIT_07s0151g00590,13,0.0063,Inositol-1 4 5-trisphosphate 5-phosphatase CVP2  type I,E3_1_3_56,,vv10562Inositol_phosphate_metabolism,vv34070Phosphatidylinositol_signaling_system
697,VIT_09s0054g00600,13,0.0062,Pyridoxamine 5-phosphate oxidase,E1_4_3_5,,vv10750Vitamin_B6_metabolism,
698,VIT_18s0001g06010,12,0.0058,Hydrolase  alpha/beta fold,,,,
699,VIT_01s0010g00710,12,0.0058,Armadillo/beta-catenin repeat protein / U-box domain-containing protein ,,,,
700,VIT_10s0116g00820,12,0.0058,Adenosine/AMP deaminase,E3_5_4_4,,vv10230Purine_metabolism,
701,VIT_07s0005g01910,12,0.0058,Myb family transcription factor DNA methyltransferase 1 associated,MYBDMAP1,,vv60045MYBrelated,
702,VIT_13s0084g00410,12,0.0058,No hit,,,,
703,VIT_04s0008g01980,12,0.0058,MADS-box agamous-like 30,AGL30_2,,vv60042MADS,
704,VIT_02s0025g04910,12,0.0058,Growth-regulating factor 5,GRF5_3,,vv60033GRF,
705,VIT_06s0004g01530,12,0.0058,DNA topoisomerase 6 subunit B (TOP6B),E5_99_1_3,,,
706,VIT_16s0050g02460,12,0.0058,Beta-1 3-galactosyltransferase sqv-2,K07820,,vv10602Glycosphingolipid_biosynthesis,
707,VIT_08s0007g08840,12,0.0058,Glycosyl transferaseHGA1,,,,
708,VIT_10s0042g00820,12,0.0058,Transparent testa16,TT16_2,,vv60042MADS,
709,VIT_15s0048g01940,12,0.0058,Generic methyltransferase,,,,
710,VIT_07s0031g02560,12,0.0058,UVB-resistance protein UVR8,,,,
711,VIT_10s0003g01940,12,0.0057,RKF1 (receptor-like kinase in flowers 1),,,,
712,VIT_05s0020g02600,11,0.0053,Serine incorporator 3,,,,
713,VIT_03s0038g02180,11,0.0053,Glycosyl hydrolase family 10 protein,,,,
714,VIT_15s0021g00530,10,0.0049,Unknown protein,,,,
715,VIT_14s0108g00510,10,0.0048,Nucleosome assembly protein (NAP-related) NRP2,,,,
716,VIT_18s0086g00520,10,0.0048,No hit,,,,
717,VIT_17s0000g03090,10,0.0048,R protein disease resistance protein,RPROT,,vv34627R_proteins_from_Plant-pathogen_interaction,
718,VIT_08s0007g00060,9,0.0044,5-oxoprolinase,E3_5_2_9,,vv10480Glutathione_metabolism,
719,VIT_13s0019g01690,9,0.0044,Ubiquitin-specific protease 24 (UBP24),,,,
720,VIT_14s0066g01730,9,0.0044,Cellulose synthase CSLC04,E2_4_1_12_CSLC04,,vv40006Cell_wall,
721,VIT_03s0038g03620,9,0.0044,Rho guanyl-nucleotide exchange factor ROPGEF1,ROPGEF1,,,
722,VIT_19s0014g04130,9,0.0044,Serine/threonine-protein kinase receptor ARK3,,,,
723,VIT_05s0077g01450,9,0.0044,GATA transcription factor 16,GAT16_1,,vv60016C2C2-GATA,
724,VIT_14s0066g02640,9,0.0044,No hit,,,,
725,VIT_16s0039g01650,9,0.0044,Transporter-related,TRANSPORTERUNK,,vv50109Incompletely_characterized_transport_systems,
726,VIT_02s0025g02550,9,0.0044,Late embryogenesis abundant protein,,,,
727,VIT_03s0017g00690,9,0.0043,Unknown,,,,
728,VIT_01s0026g02600,9,0.0043,Myb domain protein 105,MYB105_2,MYB165,vv60044MYB,
729,VIT_05s0049g01820,9,0.0043,Unknown protein,,,,
730,VIT_19s0015g01210,9,0.0043,KH domain-containing protein,,,,
731,VIT_08s0007g01110,9,0.0043,No hit,,,,
732,VIT_18s0072g01050,9,0.0043,SNARE associated gtk16 protein,,,,
733,VIT_16s0022g02330,9,0.0043,MADS-box agamous-like 6,AGL6_2,,vv60042MADS,
734,VIT_04s0023g01960,9,0.0043,Laccase (diphenol oxidase)-like protein,E1_10_3_2,,vv11000Single_reactions,vv50109Incompletely_characterized_transport_systems
735,VIT_02s0025g04360,9,0.0043,S-N-methylcoclaurine 3'-hydroxylase,E1_14_13_71,,vv10950Alkaloid_biosynthesis_I,
736,VIT_00s0211g00050,9,0.0043,Protein BRICK1 (AtBRK1),K05752,,vv44810Regulation_of_actin_cytoskeleton,
737,VIT_16s0022g00720,9,0.0043,Endo-1 4-beta-glucanase,E3_2_1_4,,vv40006Cell_wall,
738,VIT_07s0104g00800,8,0.0039,Indole-3-acetic acid-amido synthetase GH3.6,AUXINBIOSYNTHESIS_GH3,,vv11002Auxin_biosynthesis,
739,VIT_13s0047g00320,7,0.0034,EDA35 (embryo sac development arrest 35),,,,
740,VIT_12s0178g00200,7,0.0034,Actin beta/gamma 1,K05692,,vv44810Regulation_of_actin_cytoskeleton,
741,VIT_03s0017g01700,7,0.0034,Glycine cleavage system H protein  mitochondrial,E1_4_4_2,,vv10260Glycine_serine_and_threonine_metabolism,
742,VIT_11s0016g04970,7,0.0034,NADH-cytochrome b5 reductase,E1_6_2_2,,vv50135Primary_active_transporter_cat_D3_to_E2,
743,VIT_00s0225g00080,7,0.0034,MATE efflux family protein,MATE,,vv50125Porters_cat_66_to_94,
744,VIT_05s0102g00870,7,0.0034,R protein  PRF  disease resistance protein,K13453,,vv34627R_proteins_from_Plant-pathogen_interaction,
745,VIT_03s0132g00370,6,0.0029,No hit,,,,
746,VIT_18s0001g07490,6,0.0029,Auxin-independent growth promoter,AXI1,,vv30003Auxin_signaling,
747,VIT_07s0005g02480,6,0.0029,Myb domain protein 61,MYB61_1,MYB55A,vv60044MYB,
748,VIT_14s0083g01150,6,0.0029,COBRA protein,COBRA,,vv40006Cell_wall,
749,VIT_12s0035g00560,6,0.0029,CYP82M1v3,,,,
750,VIT_01s0011g05440,6,0.0029,Unknown protein,,,,
751,VIT_14s0068g00920,6,0.0029,Chalcone synthase (CHS),E2_3_1_74,,vv10941Flavonoid_biosynthesis,
752,VIT_08s0032g00050,6,0.0029,Acyl-activating enzyme 15,E6_2_1_3_AAE15,,vv10071Fatty_acid_metabolism,vv50104Group_translocators
753,VIT_18s0001g01680,6,0.0029,Protein kinase,,,,
754,VIT_12s0134g00010,6,0.0029,Phototropic-responsive NPH3 protein,,,,
755,VIT_04s0044g01650,6,0.0029,GA 20-oxidase 2,E1_14_11_12,,vv10904Diterpenoid_biosynthesis,
756,VIT_02s0033g00660<br>VIT_02s0033g00850<br>VIT_02s0033g00870<br>VIT_02s0033g00800,6,0.0029,
757,VIT_08s0007g00200,6,0.0029,Ankyrin repeat,K10380,,vv50108Accessory_factors_involved_in_transport,
758,VIT_17s0000g04960,6,0.0029,Polygalacturonate 4-alpha-galacturonosyltransferase GAUT11,E2_4_1_43,,vv40006Cell_wall,
759,VIT_07s0005g00830,6,0.0029,Subtilisin protease,,,,
760,VIT_02s0025g02600,6,0.0029,Glyoxal oxidase,,,,
761,VIT_18s0001g05030,6,0.0029,Glucan 1 3-beta-glucosidase precursor,E3_2_1_58,,vv10500Starch_and_sucrose_metabolism,
762,VIT_15s0046g02010,6,0.0029,MAPK (MPK4),MPK4,,vv30011Jasmonate_signaling,vv34626Plant-pathogen_interaction
763,VIT_19s0015g00510,6,0.0029,Pectate lyase 2,E4_2_2_2,,vv40006Cell_wall,
764,VIT_03s0038g02020,6,0.0029,Amidase,E3_5_1_4,,vv10220Urea_cycle_and_metabolism_of_amino_groups,vv10360Phenylalanine_metabolism
765,VIT_09s0070g00980,6,0.0029,Unknown,,,,
766,VIT_09s0002g08560,6,0.0029,Unknown protein,,,,
767,VIT_09s0002g05930,6,0.0029,Unknown protein,,,,
768,VIT_08s0056g00110,6,0.0029,Emp24/gp25L/p24,EMP24,,vv50110Protein_coat,
769,VIT_00s0676g00040<br>VIT_00s0239g00090<br>VIT_02s0012g03160<br>VIT_07s0005g06400<br>VIT_00s0239g00120<br>VIT_00s0173g00060<br>VIT_00s0308g00030,6,0.0029,
770,VIT_19s0090g01050,6,0.0029,Endo-beta-1 4-glucanase,E3_2_1_4,,vv40006Cell_wall,
771,VIT_05s0051g00230,6,0.0029,R protein L6,K13477,,vv34627R_proteins_from_Plant-pathogen_interaction,
772,VIT_12s0034g00350,6,0.0029,Unknown,,,,
773,VIT_13s0019g05230,6,0.0029,NAC domain-containing protein50,NAC050,VvNAC21,vv60046NAC,
774,VIT_09s0002g00970,6,0.0029,Ribosomal protein S29 (RPS29C) 40S,K02980,,vv23010Ribosome,
775,VIT_13s0067g02870,6,0.0029,Chalcone-flavanone isomerase,E5_5_1_6,,vv10941Flavonoid_biosynthesis,
776,VIT_16s0039g00910,6,0.0029,CYP89A28,,,,
777,VIT_18s0001g11710,6,0.0029,Photosystem II PsbO protein,K02716,,vv10195Photosynthesis,vv50113Thylakoid_targeting_pathway
778,VIT_10s0597g00050,6,0.0029,Heat shock transcription factor B2A,HSFB2A_3,,vv60037HSF,
779,VIT_01s0127g00260,6,0.0029,ATP-citrate synthase,E4_1_3_6,,vv10020Citrate_cycle,
780,VIT_15s0046g02370,6,0.0029,Unknown protein,,,,
781,VIT_06s0004g02190,6,0.0029,Armadillo/beta-catenin repeat,,,,
782,VIT_18s0001g00230,6,0.0029,Unknown protein,,,,
783,VIT_01s0026g01750,6,0.0029,Pentatricopeptide (PPR) repeat-containing,,,,
784,VIT_18s0001g04180,4,0.0019,Auxin response factor ARF17,ARF17,,vv30003Auxin_signaling,vv60004ARF
785,VIT_00s0245g00010,4,0.0019,Integral membrane protein,,,,
786,VIT_12s0055g00820,4,0.0019,Serine carboxypeptidase II,,,,
787,VIT_15s0046g03190,4,0.0019,Myb domain protein 17,MYB17_2,MYB17A,vv60044MYB,
788,VIT_12s0028g02370,4,0.0019,Methyltransferase type 11,,,,
789,VIT_00s0246g00120,4,0.0019,No hit,,,,
790,VIT_18s0001g01250,3,0.0015,Senescence-inducible chloroplast stay-green protein 2,,,,
791,VIT_01s0011g04710,3,0.0015,Copper-binding family protein,,,,
792,VIT_11s0016g01270,3,0.0015,Unknown protein,,,,
793,VIT_04s0008g02920,3,0.0015,Desiccation protein PCC13-62 precursor,,,,
794,VIT_18s0001g12000,3,0.0015,Geranylgeranyl pyrophosphate synthetase 1  chloroplast precursor,E2_5_1_29,,vv10100Biosynthesis_of_steroids,vv10900Terpenoid_biosynthesis
795,VIT_05s0020g02680,3,0.0015,Zinc finger (C3HC4-type ring finger),ZFC3HC4_220,,vv60078Other_zf-C3HC4,
796,VIT_06s0061g01070,3,0.0015,Oligopeptidase A,E3_4_24_70,,,
797,VIT_19s0014g03790,3,0.0015,Diacylglycerol kinase,E2_7_1_107,,vv10561Glycerolipid_metabolism,vv10564Glycerophospholipid_metabolism
798,VIT_00s2525g00010,3,0.0015,Unknown,,,,
799,VIT_18s0001g07020,3,0.0015,No hit,,,,
800,VIT_04s0008g00730,3,0.0015,Unknown protein,,,,
801,VIT_04s0023g00360,3,0.0015,Unknown protein,,,,
802,VIT_02s0109g00380,3,0.0015,Stress response suppressor 1,STRS1,,vv23040Spliceosome,vv50133Primary_active_transporter_cat_A9_to_A18
803,VIT_10s0042g01040,3,0.0015,CYP714A1,,,,
804,VIT_17s0000g07530,3,0.0015,Transportin-SR,TRANSPORTINSR,,vv50112Nuclear_pore_complex,
805,VIT_06s0061g00700,3,0.0015,Auxin-regulated protein,AUXREG,,vv30003Auxin_signaling,
806,VIT_18s0001g14390,3,0.0015,Transducin protein,,,,
807,VIT_02s0033g01310,3,0.0015,Amino acid permease,AAPREL,,vv50123Porters_cat_18_to_29,
808,VIT_15s0021g02320,3,0.0015,ABC transporter G member 7,ABCG7,,vv52010ABC_transporters,
809,VIT_19s0014g04170,3,0.0015,Curculin (mannose-binding) lectin,,,,
810,VIT_17s0000g06190,3,0.0015,Myb domain protein 94,MYB94_2,MYB30A,vv60044MYB,
811,VIT_17s0000g07270,3,0.0015,No hit,,,,
812,VIT_14s0128g00690,3,0.0015,Germin protein 3,,,,
813,VIT_14s0108g00490,3,0.0015,Cullin 3a,K03869,,vv24120Ubiquitin_mediated_proteolysis,
814,VIT_13s0067g03050,3,0.0015,Leucine-rich repeat transmembrane protein kinase,,,,
815,VIT_11s0103g00250,3,0.0015,Carboxyl methylase,,,,
816,VIT_07s0031g02910,3,0.0015,Receptor-like kinase,,,,
817,VIT_08s0007g05360,3,0.0015,Strictosidine synthase,E4_3_3_2,,vv10900Terpenoid_biosynthesis,vv10902Monoterpenoid_biosynthesis
818,VIT_15s0046g01350,3,0.0015,Tubulin gamma-2 chain,K10389,,vv44810Regulation_of_actin_cytoskeleton,
819,VIT_02s0025g01040,3,0.0015,Receptor protein kinase,,,,
820,VIT_14s0006g02690,3,0.0015,Delta 7-sterol-C5-desaturase (STE1),K00258,,vv10902Monoterpenoid_biosynthesis,
821,VIT_16s0050g00100,3,0.0015,Myosin-related,MYOSINR,,vv44810Regulation_of_actin_cytoskeleton,
822,VIT_02s0012g01440,3,0.0015,Zinc finger (C3HC4-type ring finger),ZFC3HC4_215,,vv60078Other_zf-C3HC4,
823,VIT_07s0005g04670,3,0.0015,ABC transporter C member 9,K05033,,vv52010ABC_transporters,
824,VIT_05s0020g00540,3,0.0015,Alpha-L-arabinofuranosidase,E3_2_1_55,,vv10520Nucleotide_sugars_metabolism,
825,VIT_00s0283g00030,3,0.0015,Calnexin 1 (CNX1),K08054,,vv24141Protein_processing_in_endoplasmic_reticulum,vv44145Phagosome
826,VIT_06s0004g01770,3,0.0015,Acetyl-CoA carboxylase  biotin carboxylase,E6_4_1_2,,vv10061Fatty_acid_biosynthesis,vv10620Pyruvate_metabolism
827,VIT_00s0220g00110,3,0.0015,Acetolactate synthase small subunit,E2_2_1_6,,vv10290Valine_leucine_and_isoleucine_biosynthesis,vv10650Butanoate_metabolism
828,VIT_03s0017g02010,3,0.0015,No hit,,,,
829,VIT_00s1008g00020,3,0.0015,GID1C (GA insensitive DWARF1C),GID1C,,vv30010Gibberellin_signaling,
830,VIT_09s0054g01370,3,0.0015,Beta-amyrin synthase,E5_4_99_BAS,,vv10900Terpenoid_biosynthesis,
831,VIT_15s0046g02620,3,0.0015,Beta-amylase 9 BMY9,E3_2_1_2,,vv10500Starch_and_sucrose_metabolism,
832,VIT_06s0009g03350,3,0.0015,Phosphatidylglycerol specific phospholipase C,E3_1_4_3,,vv10260Glycine_serine_and_threonine_metabolism,vv10562Inositol_phosphate_metabolism
833,VIT_11s0037g00070,3,0.0015,NADP-dependent glyceraldehyde-3-phosphate dehydrogenase,E1_2_1_41,,vv10220Urea_cycle_and_metabolism_of_amino_groups,vv50101Channels_and_pores
834,VIT_11s0065g00790<br>VIT_00s0188g00040<br>VIT_00s0279g00110,3,0.0015,
835,VIT_03s0088g00260,3,0.0015,Serine carboxypeptidase S10,,,,
836,VIT_14s0030g02310,3,0.0015,Auxin-induced protein 22D,IAA22D_4,,vv30003Auxin_signaling,vv60008AUXIAA
837,VIT_06s0009g00760,3,0.0015,HcrVf1 protein,,,,
838,VIT_17s0000g09980,3,0.0015,REF6 (relative of early flowering 6),REF6,,vv30009Flower_development,vv60038Jumonji
839,VIT_13s0064g01090,3,0.0015,Zinc finger (CCCH-type) family protein,CCCHFAM_34,,vv60018C3H,
840,VIT_17s0000g03700,3,0.0015,Kinesin motor protein-related,KMOTOR,,vv44810Regulation_of_actin_cytoskeleton,
841,VIT_05s0029g00070,3,0.0015,Calcium-binding protein CML,K13448,,vv34626Plant-pathogen_interaction,
842,VIT_16s0013g01130,3,0.0014,No hit,,,,
843,VIT_14s0081g00120,3,0.0014,fertility restorer,,,,
844,VIT_03s0063g00370,3,0.0014,Nitrite reductase,E1_7_7_1,,vv10910Nitrogen_metabolism,
845,VIT_01s0026g02030,3,0.0014,Basic helix-loop-helix (bHLH) family,BHLHDOM_59,,vv60011BHLH,
846,VIT_12s0028g02240,3,0.0014,Thioredoxin TTL3 (Tetratricopetide-repeat thioredoxin-like 3),TTL3,,vv50132Primary_active_transporter_cat_A5_to_A8,
847,VIT_01s0010g02580,3,0.0014,Acid phosphatase/vanadium-dependent haloperoxidase,,,,
848,VIT_06s0004g01460<br>VIT_06s0004g01450,3,0.0014,
849,VIT_08s0058g00350,3,0.0014,OAS high accumulation 1 OSH1,,,,
850,VIT_14s0006g00910,3,0.0014,ATA15 protein,,,,
851,VIT_12s0134g00500,3,0.0014,Cyclin D6,CYCD6_1,,vv44110Cell_cycle,
852,VIT_11s0016g02350,3,0.0014,Ubiquinone/menaquinone biosynthesis methyltransferase UbiE,K06127,,vv10130Ubiquinone_biosynthesis,
853,VIT_13s0067g02570,3,0.0014,Potassium transporter 2,KUP2,,vv50125Porters_cat_66_to_94,
854,VIT_03s0038g04220,3,0.0014,Dihydroflavonol-4-reductase,E1_1_1_219,,vv10941Flavonoid_biosynthesis,
855,VIT_07s0104g01320,3,0.0014,Transport inhibitor response 1,TIR1,,vv30003Auxin_signaling,
856,VIT_16s0022g02220,3,0.0014,Receptor Like Protein 48 RLP48,RLP48,,,
857,VIT_05s0049g01560,3,0.0014,Unknown protein,,,,
858,VIT_07s0104g01150,3,0.0014,RNA-binding protein,,,,
859,VIT_09s0002g03750,3,0.0014,GATA transcription factor 11,GAT11_2,,vv60016C2C2-GATA,
860,VIT_10s0003g00050,3,0.0014,Squamosa promoter-binding protein 3 (SPL3),SPL3,,vv60055SBP,
861,VIT_05s0049g00300,3,0.0014,1-aminocyclopropane-1-carboxylate oxidase homolog 1,E1_14_17_4,,vv10640Propanoate_metabolism,vv30008Ethylene_signaling
862,VIT_14s0060g02690,3,0.0014,Germin-like protein 3 [Vitis vinifera],,,,
863,VIT_13s0019g02710,3,0.0014,Rho guanyl-nucleotide exchange factor ROPGEF5,ROPGEF5,,,
864,VIT_11s0016g02280,3,0.0014,Glycine dehydrogenase 2,E1_4_4_2,,vv10260Glycine_serine_and_threonine_metabolism,
865,VIT_05s0077g02300,3,0.0014,UDP-glucuronic acid decarboxylase 2,E4_1_1_35,,vv10500Starch_and_sucrose_metabolism,vv10520Nucleotide_sugars_metabolism
866,VIT_01s0137g00190,3,0.0014,CIP4 (COP1-interacting protein 4),CIP4,,vv24120Ubiquitin_mediated_proteolysis,
867,VIT_14s0060g02750<br>VIT_14s0128g00970<br>VIT_14s0128g00990<br>VIT_14s0128g00980<br>VIT_14s0128g01010<br>VIT_14s0128g01030<br>VIT_14s0128g01020<br>VIT_14s0128g01040,3,0.0014,
868,VIT_08s0007g03150,3,0.0014,Pentatricopeptide (PPR) repeat-containing protein,,,,
869,VIT_11s0016g04300,3,0.0014,Nudix hydrolase 20  chloroplast precursor (AtNUDT20),,,,
870,VIT_16s0022g02060,3,0.0014,K+ efflux antiporter (KEA5),KEA5,,vv50124Porters_cat_30_to_64,
871,VIT_11s0052g01410,3,0.0014,Leucine Rich Repeat receptor-like kinase,,,,
872,VIT_14s0068g00160,3,0.0014,No hit,,,,
873,VIT_18s0001g14670,3,0.0014,Rac-like GTP-binding protein RAC1,RAC1,,vv34020Calcium_signaling_pathway,
874,VIT_17s0000g09820,3,0.0014,DNA polymerase III gamma and tau subunit,K02343,,vv23030DNA_replication,
875,VIT_11s0016g04270,3,0.0014,Hydrolase  alpha/beta fold,,,,
876,VIT_02s0012g00660,3,0.0014,Calcium-binding EF-hand,,,,
877,VIT_00s0203g00220,3,0.0014,S-locus lectin protein kinase,,,,
878,VIT_06s0004g03310,3,0.0014,Hydrolase  alpha/beta fold,,,,
879,VIT_08s0058g01340,3,0.0014,Leucine-rich repeat transmembrane protein kinase,,,,
880,VIT_07s0255g00150,3,0.0014,Kinase,,,,
881,VIT_02s0012g01940,3,0.0014,Myb KAN2 (KANADI 2),KANADI2_1,,vv60029G2-like,
882,VIT_01s0011g01570,3,0.0014,Coatomer subunit delta,COPD,,vv50110Protein_coat,
883,VIT_15s0024g00070,3,0.0014,Methylenetetrahydrofolate reductase 1 (AtMTHFR1),E1_5_1_20,,vv10670One_carbon_pool_by_folate,vv10680Methane_metabolism
884,VIT_07s0005g02280,3,0.0014,Phosphate translocator,PTLREL,,vv50122Porters_cat_7_to_17,
885,VIT_11s0016g01490,3,0.0014,WAVY growth 2,,,,
886,VIT_14s0060g01790,3,0.0014,Unknown protein,,,,
887,VIT_01s0150g00550,3,0.0014,Histone-lysine N-methyltransferase ASHR2,E2_1_1_43ASHR2_1,,vv10300Lysine_biosynthesis,vv60056SET_PCG
888,VIT_00s0499g00030,3,0.0014,Stearoyl-CoA 9-desaturase,E1_14_19_1,,vv11040Biosynthesis_of_unsaturated_fatty_acids,
889,VIT_01s0011g01890,3,0.0014,Glutathione S-transferase  C-terminal,E2_5_1_18,,vv10480Glutathione_metabolism,
