Vv_m2,2000,1000,VIT_04s0023g03710
rank,node,Fabs,Frel,Functional-annotation,Name-EC-KeggID,Updated-name,Network1,Network2
1,VIT_16s0039g01910,2067,0.9995,Vegetative storage protein win4.5,,,,
2,VIT_06s0080g00760,2064,0.9995,Unknown protein,,,,
3,VIT_18s0001g06220,2058,0.9990,F-box protein (FBW2),,,,
4,VIT_07s0031g01270,2055,0.9990,Ring-H2 finger A2A,RHA2A,,vv60078Other_zf-C3HC4,
5,VIT_08s0007g00710,2060,0.9976,Unknown,,,,
6,VIT_02s0087g00570,2061,0.9942,Unknown protein,,,,
7,VIT_13s0067g02910,2053,0.9937,Non-specific lipid-transfer protein,,,,
8,VIT_01s0011g00080,2051,0.9918,Universal stress protein (USP) family protein,,,,
9,VIT_09s0054g00430,2040,0.9913,Unknown protein,,,,
10,VIT_17s0000g01260,2054,0.9875,Squamosa promoter-binding protein 13 (SPL13),SPL13_1,,vv60055SBP,
11,VIT_01s0137g00410,2047,0.9870,CYP86A2,,,,
12,VIT_18s0001g04520,2054,0.9861,No hit,,,,
13,VIT_02s0012g00660,2031,0.9845,Calcium-binding EF-hand,,,,
14,VIT_07s0031g01680,2039,0.9831,CYP86A1,,,,
15,VIT_17s0000g04260,2046,0.9822,Universal stress protein (USP) family protein,,,,
16,VIT_13s0064g01640,2019,0.9796,Beta-primeverosidase,E3_2_1_149,,vv11000Single_reactions,
17,VIT_12s0059g00150,2020,0.9758,Ankyrin repeat,K10380,,vv50108Accessory_factors_involved_in_transport,
18,VIT_12s0059g00190,2014,0.9753,Beta-expansin (EXPB3),EXPB3,,vv30003Auxin_signaling,
19,VIT_08s0007g08840,2004,0.9738,Glycosyl transferaseHGA1,,,,
20,VIT_16s0022g00370,2019,0.9725,GDP-mannose transporter (GONST1),GONST1,,vv50122Porters_cat_7_to_17,
21,VIT_05s0077g00530,1998,0.9643,Unknown protein,,,,
22,VIT_10s0003g00050,1985,0.9617,Squamosa promoter-binding protein 3 (SPL3),SPL3,,vv60055SBP,
23,VIT_13s0067g00110,1972,0.9550,CYP72A1,K13400,,vv10902Monoterpenoid_biosynthesis,
24,VIT_06s0009g03390,1961,0.9487,No hit,,,,
25,VIT_04s0023g01550,1947,0.9379,Unknown,,,,
26,VIT_07s0031g00520,1943,0.9346,Unknown protein,,,,
27,VIT_06s0004g06890,1935,0.9325,Potassium transporter (KUP1),KUP1,,vv50125Porters_cat_66_to_94,
28,VIT_04s0023g02230,1919,0.9316,S-adenosyl-L-methionine:salicylic acid carboxyl methyltransferase,SAMTBSCMT,,vv10360Phenylalanine_metabolism,
29,VIT_00s1543g00010<br>VIT_00s0194g00160,1931,0.9302,
30,VIT_15s0048g02680,1887,0.9094,Calmodulin-binding region IQD17,,,,
31,VIT_03s0063g00360,1894,0.9080,Glycoprotein 3-alpha-L-fucosyltransferase,E2_4_1_214,,vv11030Glycan_structures-biosynthesis1,
32,VIT_14s0068g00150,1831,0.8884,No hit,,,,
33,VIT_17s0000g06020,1833,0.8881,TCP family transcription factor TCP14,TCP14_1,,vv60061TCP,
34,VIT_13s0067g02390,1831,0.8854,Unknown,,,,
35,VIT_05s0102g00310,1824,0.8833,GUN4,,,,
36,VIT_06s0004g02390,1814,0.8730,Triacylglycerol lipase,E3_1_1_3,,vv10561Glycerolipid_metabolism,
37,VIT_08s0007g06270,1803,0.8710,Squamosa promoter-binding protein 9 (SPL9),SPL9_2,,vv60055SBP,
38,VIT_03s0038g02400,1797,0.8656,Protein kinase,,,,
39,VIT_00s0361g00090,1790,0.8643,Phototropic-responsive NPH3 protein,,,,
40,VIT_11s0016g05300,1780,0.8637,Heme oxygenase 1,E1_14_99_3,,vv10860Porphyrin_and_chlorophyll_metabolism,
41,VIT_12s0059g02420,1780,0.8628,Peroxidase ATP11A (gb|X98802).,E1_11_1_7,,vv10360Phenylalanine_metabolism,vv10680Methane_metabolism
42,VIT_02s0012g02190,1771,0.8551,Cellulose synthase CSLD2,E2_4_1_12_CSLD2,,vv40006Cell_wall,
43,VIT_09s0002g02220,1767,0.8549,Protein kinase CDG1,,,,
44,VIT_18s0041g00840,1759,0.8514,UDP-glucose: anthocyanidin 5 3-O-glucosyltransferase,E2_4_1_238,,vv10941Flavonoid_biosynthesis,vv10942Anthocyanin_biosynthesis
45,VIT_15s0046g02300,1748,0.8400,Beta-cyanoalanine synthase,E2_5_1_47,,vv10272Cysteine_metabolism,vv10450Selenoamino_acid_metabolism
46,VIT_15s0021g02110,1742,0.8367,AP2 domain-containing transcription factor TINY,TINY_8,VvERF029,vv30008Ethylene_signaling,vv60003AP2_EREBP
47,VIT_12s0057g01450,1729,0.8357,Subtilisin protease,,,,
48,VIT_14s0066g00400,1721,0.8330,Chalcone isomerase,E5_5_1_6,,vv10941Flavonoid_biosynthesis,
49,VIT_18s0001g00560,1711,0.8330,Alpha-amylase / 1 4-alpha-D-glucan glucanohydrolase,E3_2_1_1,,vv10500Starch_and_sucrose_metabolism,
50,VIT_09s0002g03050,1703,0.8307,Lipase GDSL,,,,
51,VIT_16s0039g01940,1730,0.8285,No hit,,,,
52,VIT_08s0007g00700,1709,0.8236,PCS1 (promotion of cell survival1) peptidase,,,,
53,VIT_18s0001g11710,1698,0.8195,Photosystem II PsbO protein,K02716,,vv10195Photosynthesis,vv50113Thylakoid_targeting_pathway
54,VIT_03s0038g03570,1680,0.8143,Monocopper oxidase SKS5 (SKU5 Similar 5),SKS5,,vv50109Incompletely_characterized_transport_systems,
55,VIT_11s0016g05340,1674,0.8110,Ethylene-responsive transcription factor SHINE 3,SHINE3_2,VvERF043,vv30008Ethylene_signaling,vv60003AP2_EREBP
56,VIT_01s0010g01870,1674,0.8083,Salicylic acid-induced fragment 1 protein,,,,
57,VIT_11s0016g00290,1641,0.7951,Pectinesterase PME3,E3_1_1_11,,vv40006Cell_wall,
58,VIT_01s0127g00680,1643,0.7949,SRO2 (similar to rcd one 2),E2_4_2_30,,vv10760Nicotinate_and_nicotinamide_metabolism,
59,VIT_13s0067g01930,1644,0.7938,Unknown protein,,,,
60,VIT_11s0016g04300,1628,0.7895,Nudix hydrolase 20  chloroplast precursor (AtNUDT20),,,,
61,VIT_07s0005g05180,1608,0.7821,No hit,,,,
62,VIT_14s0066g02270,1612,0.7769,Endonuclease/exonuclease/phosphatase family protein,E3_1_30_x,,,
63,VIT_13s0019g01830,1608,0.7738,Calmodulin binding protein,,,,
64,VIT_08s0007g02590,1595,0.7728,Unknown,,,,
65,VIT_05s0124g00100,1603,0.7722,Unknown,,,,
66,VIT_13s0019g00260,1601,0.7708,Photosystem II reaction center PsbP,K02717,,vv10195Photosynthesis,vv50135Primary_active_transporter_cat_D3_to_E2
67,VIT_08s0007g00160,1582,0.7698,Glycosyltransferase family 14,,,,
68,VIT_06s0004g04410,1590,0.7681,SEC14 cytosolic factor,SEC14,,vv50122Porters_cat_7_to_17,
69,VIT_08s0007g07110,1598,0.7679,Unknown protein,,,,
70,VIT_05s0094g00470,1581,0.7678,Zinc finger (C3HC4-type ring finger),ZFC3HC4_201,,vv60078Other_zf-C3HC4,
71,VIT_13s0019g02500,1585,0.7657,No hit,,,,
72,VIT_13s0067g01350,1581,0.7605,Basic helix-loop-helix (bHLH) family,BHLHDOM_16,,vv60011BHLH,
73,VIT_18s0041g00350,1569,0.7598,Dienelactone hydrolase,E3_1_1_45,,vv11000Single_reactions,
74,VIT_07s0104g01320,1566,0.7554,Transport inhibitor response 1,TIR1,,vv30003Auxin_signaling,
75,VIT_10s0042g01020,1556,0.7492,Isochorismatase,E3_3_2_1,,vv10130Ubiquinone_biosynthesis,
76,VIT_11s0037g00320,1538,0.7430,Serine carboxypeptidase S10,,,,
77,VIT_07s0129g00380,1525,0.7353,Phototropic-responsive NPH3,BTBNPH3_1,,vv60093TRAF,
78,VIT_05s0049g01410,1511,0.7300,Phosphate transporter 1,PHO1,,vv50125Porters_cat_66_to_94,
79,VIT_10s0003g01770,1498,0.7192,Heat shock transcription factor A4A,HSFA4A_1,,vv60037HSF,
80,VIT_15s0046g03240,1490,0.7153,Unknown protein,,,,
81,VIT_05s0062g01140,1468,0.7130,Aromatic and neutral transporter 1,ANT1,,vv50123Porters_cat_18_to_29,
82,VIT_18s0001g06690,1482,0.7128,Gibberellin 20 oxidase 2,E1_14_11_12,,vv10904Diterpenoid_biosynthesis,
83,VIT_06s0080g00830,1463,0.7119,Unknown protein,,,,
84,VIT_05s0062g00430,1473,0.7082,UDP-glucose:flavonoid 7-O-glucosyltransferase,E2_4_1_237,,vv10941Flavonoid_biosynthesis,
85,VIT_10s0071g00580,1463,0.7081,Zfwd2 protein (ZFWD2),ZFWD2_4,,vv60018C3H,
86,VIT_11s0016g05230,1448,0.6992,Allyl alcohol dehydrogenase,,,,
87,VIT_06s0004g07220,1430,0.6888,Indole-3-acetate beta-glucosyltransferase,E2_4_1_121,,vv11002Auxin_biosynthesis,
88,VIT_04s0023g01170,1429,0.6864,Unknown protein,,,,
89,VIT_00s0820g00020,1418,0.6860,Anthocyanidine rhamnosyl-transferase,RHATR,,vv10942Anthocyanin_biosynthesis,
90,VIT_10s0092g00500,1416,0.6821,CYP71D10,,,,
91,VIT_07s0129g00070<br>VIT_07s0129g00150,1420,0.6817,
92,VIT_17s0000g01120,1411,0.6807,Unknown protein,,,,
93,VIT_01s0026g00570,1385,0.6720,Bet v I allergen,,,,
94,VIT_11s0016g03660,1390,0.6708,Glucose transporter 2 plastidic,PGTR2,,vv50121Porters_cat_1_to_6,
95,VIT_11s0016g01300,1395,0.6700,TT2 (transparent testa 2),TT2_4,MYBPAR,vv44110Cell_cycle,vv60044MYB
96,VIT_14s0081g00060,1386,0.6699,Photosystem II reaction centre W (PsbW),K08903,,vv10195Photosynthesis,vv50135Primary_active_transporter_cat_D3_to_E2
97,VIT_04s0069g01120,1379,0.6688,Acyl-activating enzyme 7,E6_2_1_3,,vv10071Fatty_acid_metabolism,vv50104Group_translocators
98,VIT_01s0026g02030,1375,0.6655,Basic helix-loop-helix (bHLH) family,BHLHDOM_59,,vv60011BHLH,
99,VIT_14s0068g00260,1372,0.6609,Serine carboxypeptidase S10,,,,
100,VIT_00s0160g00220,1354,0.6576,Unknown protein,,,,
101,VIT_08s0040g02250,1366,0.6558,No hit,,,,
102,VIT_05s0062g00520,1352,0.6535,UDP-glucose:flavonoid 7-O-glucosyltransferase,E2_4_1_237,,vv10941Flavonoid_biosynthesis,
103,VIT_14s0068g00280,1326,0.6421,Unknown protein,,,,
104,VIT_04s0023g01910,1324,0.6405,Myb family,MYBREL_12,,vv60045MYBrelated,
105,VIT_03s0038g01830,1334,0.6404,Proline-rich protein 4,,,,
106,VIT_05s0102g00710,1325,0.6367,fructokinase-1,E2_7_1_4,,vv10051Fructose_and_mannose_metabolism,vv10500Starch_and_sucrose_metabolism
107,VIT_19s0090g01540,1313,0.6343,Beta-1 2-xylosyltransferase,E2_4_2_38,,vv11030Glycan_structures-biosynthesis1,
108,VIT_13s0073g00140,1314,0.6326,Ovate family protein 13 OFP13,OFP13_2,,vv60086OFP,
109,VIT_04s0043g00510,1304,0.6321,Ethylene-responsive transcription factor ERF003,ERF003_1,,vv30008Ethylene_signaling,vv60003AP2_EREBP
110,VIT_13s0019g02720,1310,0.6313,Guanylyl cyclase (GC1),E4_6_1_2,,vv10230Purine_metabolism,vv34020Calcium_signaling_pathway
111,VIT_19s0090g01050,1303,0.6301,Endo-beta-1 4-glucanase,E3_2_1_4,,vv40006Cell_wall,
112,VIT_09s0002g06750,1293,0.6277,ERF/AP2 transcription factor sub B-6 SHINE,SHINE1_1,VvERF042,vv30008Ethylene_signaling,vv60003AP2_EREBP
113,VIT_02s0012g00150,1297,0.6272,NAK-type protein kinase,,,,
114,VIT_10s0003g00600,1276,0.6173,Lipase GDSL,,,,
115,VIT_06s0009g02340,1266,0.6158,Tryptophan/tyrosine permease family,TRYTYRPERM,,vv50124Porters_cat_30_to_64,
116,VIT_03s0017g01490,1272,0.6115,Berberine bridge enzyme,E1_21_3_3,,vv10950Alkaloid_biosynthesis_I,
117,VIT_15s0048g01840,1252,0.6081,Zinc finger (C3HC4-type ring finger),ZFC3HC4_127,,vv60078Other_zf-C3HC4,
118,VIT_01s0011g02330,1235,0.5972,Unknown protein,,,,
119,VIT_17s0000g03580,1231,0.5944,BEE3 (BR Enhanced expression 3),BEE3,,vv60011BHLH,
120,VIT_00s0207g00150,1219,0.5941,Ternary complex factor MIP1,,,,
121,VIT_03s0063g00580,1223,0.5934,Rad54,K10875,,vv23440Homologous_recombination,vv60058SNF2
122,VIT_08s0040g02970,1209,0.5863,Protein phosphatase 2C,E3_1_3_16,,,
123,VIT_17s0000g09270,1212,0.5858,MATE efflux family protein,MATE,,vv50125Porters_cat_66_to_94,
124,VIT_07s0031g00420,1219,0.5858,SHN1 (SHINE 1),SHINE1_2,,vv30008Ethylene_signaling,vv60003AP2_EREBP
125,VIT_08s0032g01030,1185,0.5725,Glutaredoxin,,,,
126,VIT_05s0094g01350,1180,0.5706,Thiol methyltransferase 1,E2_1_1_9,,vv10450Selenoamino_acid_metabolism,
127,VIT_13s0019g01200,1181,0.5694,Unknown,,,,
128,VIT_11s0016g01500,1175,0.5693,PHD finger protein alfin,ALFINDOM5,,vv60002Alfin-like,
129,VIT_14s0083g01030,1175,0.5668,MADS-box APETALA 1,APETALA1_1,,vv30009Flower_development,vv60042MADS
130,VIT_05s0020g01820,1168,0.5656,Integral membrane family protein UPF0497,,,,
131,VIT_05s0020g02900,1161,0.5636,Substrate carrier  Mitochondrial,K03454,,vv44146Peroxisome,vv50123Porters_cat_18_to_29
132,VIT_05s0077g02270,1157,0.5571,Unknown protein,,,,
133,VIT_09s0070g00240,1146,0.5542,Cinnamoyl-CoA reductase,E1_2_1_44,,vv10940Phenylpropanoid_biosynthesis,
134,VIT_10s0042g01010,1141,0.5520,CYP714A1,,,,
135,VIT_19s0085g01010,1140,0.5510,No hit,,,,
136,VIT_15s0021g02270,1139,0.5494,Unknown protein,,,,
137,VIT_08s0040g00850,1126,0.5474,Thylakoid lumenal 20 kDa protein,,,,
138,VIT_10s0092g00370,1137,0.5469,CYP71D7,E1_14_13_73,,vv10902Monoterpenoid_biosynthesis,
139,VIT_01s0150g00480,1126,0.5427,Protein binding protein,,,,
140,VIT_07s0005g01340,1122,0.5420,Ribosomal protein L29e,K02905,,vv23010Ribosome,
141,VIT_17s0053g00590,1113,0.5364,Kinase interacting protein,,,,
142,VIT_09s0002g02490,1106,0.5351,Dof zinc finger protein 1,ADOF1,,vv60015C2C2-DOF,
143,VIT_06s0009g01620,1104,0.5338,Harpin-induced protein,,,,
144,VIT_18s0001g06580,1112,0.5338,Plastocyanin domain-containing protein,K02638,,vv10195Photosynthesis,vv50113Thylakoid_targeting_pathway
145,VIT_15s0048g02080,1095,0.5318,Signal recognition particle receptor protein  chloroplast (FTSY),K03110,,vv23060Protein_export,vv50113Thylakoid_targeting_pathway
146,VIT_05s0077g00730,1099,0.5312,WRKY DNA-binding protein 48,WRKY48_1,VvWRKY14,vv60066WRKY,
147,VIT_14s0030g00220,1090,0.5289,Sugar transporter ERD6-like 5,ERD6L5,,vv50121Porters_cat_1_to_6,
148,VIT_01s0010g03710,1094,0.5277,Squamosa promoter-binding protein 2 (SPL2),SPL2_1,,vv60055SBP,
149,VIT_04s0023g00410,1087,0.5266,Photosystem I subunit XI (PSAL),K02699,,vv10195Photosynthesis,vv50105Transport_electron_carriers
150,VIT_18s0001g03120,1089,0.5251,Ethylene-responsive transcription factor ERF003,ERF003_6,,vv30008Ethylene_signaling,vv60003AP2_EREBP
151,VIT_04s0008g06000,1076,0.5193,Ethylene-responsive transcription factor ERF003,ERF003_2,VvERF045,vv30008Ethylene_signaling,vv60003AP2_EREBP
152,VIT_11s0016g01850,1077,0.5190,Anthocyanidin-3-glucoside rhamnosyltransferase,RHATR,,vv10942Anthocyanin_biosynthesis,
153,VIT_02s0025g03040,1066,0.5185,Zinc finger (C3HC4-type ring finger),ZFC3HC4_133,,vv60078Other_zf-C3HC4,
154,VIT_14s0066g00470,1068,0.5157,Unknown protein,,,,
155,VIT_15s0024g00660,1062,0.5153,Esterase,,,,
156,VIT_12s0059g01830,1051,0.5077,Unknown,,,,
157,VIT_11s0016g05510,1055,0.5070,Unknown protein,,,,
158,VIT_04s0044g00190,1048,0.5046,Mannitol dehydrogenase,E1_1_1_67,,vv10051Fructose_and_mannose_metabolism,
159,VIT_15s0048g02980,1035,0.5041,Unknown protein,,,,
160,VIT_06s0004g06240,1041,0.5029,Zinc finger (C2H2 type) family,C2H2FAM_31,,vv60017C2H2,
161,VIT_04s0008g01730,1011,0.4929,PSBX (photosystem II subunit X),K02722,,vv10195Photosynthesis,
162,VIT_13s0019g05380,1022,0.4928,Unknown protein,,,,
163,VIT_18s0041g00810<br>VIT_18s0041g00910<br>VIT_00s1602g00010<br>VIT_18s0041g00920<br>VIT_18s0041g00980<br>VIT_18s0041g01000<br>VIT_00s2707g00010<br>VIT_18s0041g01080<br>VIT_18s0041g00950<br>VIT_18s0041g00830<br>VIT_18s0041g01040,1005,0.4820,
164,VIT_00s0399g00020,994,0.4818,Protease inhibitor/seed storage/lipid transfer protein (LTP),,,,
165,VIT_15s0046g01960,989,0.4810,Hydroquinone glucosyltransferase,E2_4_1_218,,vv10500Starch_and_sucrose_metabolism,
166,VIT_19s0014g03970,991,0.4804,Calcium-binding EF-hand,,,,
167,VIT_18s0001g14980,994,0.4788,3-methyl-2-oxobutanoate dehydrogenase,E1_2_4_4,,vv10280Valine_leucine_and_isoleucine_degradation,
168,VIT_14s0068g00840,987,0.4768,RBR1 (retinoblastoma-related 1),RBR1_1,,vv44110Cell_cycle,vv60051RB
169,VIT_02s0025g00740,978,0.4752,Pinoresinol forming dirigent protein,DIRPR,,vv10940Phenylpropanoid_biosynthesis,
170,VIT_14s0108g01080,975,0.4735,Myb domain protein 106,MYB106_2,MYB141,vv60044MYB,
171,VIT_19s0090g00730,976,0.4722,No hit,,,,
172,VIT_08s0040g00690,972,0.4693,Unknown,,,,
173,VIT_04s0008g05960,962,0.4661,Unknown protein,,,,
174,VIT_08s0058g00800,957,0.4634,Wound-induced protein WI12,,,,
175,VIT_00s0349g00020,958,0.4630,Unknown protein,,,,
176,VIT_17s0000g01950,956,0.4612,Dihydropyrimidine dehydrogenase,E1_3_1_2,,vv10410Beta-alanine_metabolism,vv10770Pantothenate_and_CoA_biosynthesis
177,VIT_10s0071g00830,953,0.4606,Binding,,,,
178,VIT_15s0021g02300,945,0.4601,Squamosa promoter-binding protein 8 (SPL8),SPL8,,vv60055SBP,
179,VIT_11s0118g00250,946,0.4597,IMP dehydrogenase/GMP reductase,E1_1_1_205,,vv10230Purine_metabolism,
180,VIT_18s0001g03850,944,0.4558,Ribosomal protein S10 30S,K02946,,vv23010Ribosome,
181,VIT_03s0017g01570,942,0.4553,FAD-binding domain-containing protein,,,,
182,VIT_18s0001g09160,945,0.4552,Cyclin  N-terminal,CYCD5_1,,vv44110Cell_cycle,
183,VIT_06s0004g01550,935,0.4532,Phosphoribosylanthranilate transferase,E2_4_2_18,,vv10400Phenylalanine_tyrosine_and_tryptophan_biosynthesis,
184,VIT_14s0128g00510<br>VIT_14s0128g00550,940,0.4524,
185,VIT_19s0014g04900,940,0.4511,(-)-germacrene D synthase,E4_2_3_22,,vv10900Terpenoid_biosynthesis,
186,VIT_18s0001g04130,923,0.4502,Unknown,,,,
187,VIT_00s0218g00030,931,0.4502,ELO1 (ELONGATA 1),,,,
188,VIT_18s0001g10330,932,0.4496,Subtilisin protease,ARA12,,vv50101Channels_and_pores,
189,VIT_07s0151g00570,932,0.4494,OB-fold nucleic acid binding domain containing protein,,,,
190,VIT_14s0066g00300,926,0.4473,Unknown,,,,
191,VIT_06s0061g00890,917,0.4443,Carboxypeptidase,E3_4_17_22,,,
192,VIT_12s0134g00350,910,0.4424,Zinc finger (C3HC4-type ring finger),ZFC3HC4_228,,vv60078Other_zf-C3HC4,
193,VIT_01s0182g00130,906,0.4387,PHO1-like protein,PHO1,,vv50125Porters_cat_66_to_94,
194,VIT_06s0061g00240,902,0.4381,ABC transporter G member 7,ABCG7,,vv52010ABC_transporters,
195,VIT_10s0116g00980,903,0.4325,Unknown protein,,,,
196,VIT_18s0122g01440,892,0.4303,AMP-dependent synthetase and ligase,E6_2_1_x,,,
197,VIT_03s0017g01440,883,0.4260,Berberine bridge enzyme,E1_21_3_3,,vv10950Alkaloid_biosynthesis_I,
198,VIT_00s0181g00200<br>VIT_00s0181g00180,874,0.4245,
199,VIT_07s0005g04920,877,0.4208,Photosystem I reaction center subunit IV B (PSAE B),K02693,,vv10195Photosynthesis,vv50105Transport_electron_carriers
200,VIT_02s0087g00560,870,0.4201,Unknown protein,,,,
201,VIT_07s0005g04860,862,0.4193,Glutaredoxin protein,,,,
202,VIT_18s0001g11750,867,0.4186,Ribosomal protein S9,K02996,,vv23010Ribosome,
203,VIT_12s0035g01890,861,0.4159,RNA recognition motif (RRM)-containing,,,,
204,VIT_18s0001g11100,845,0.4078,Serine carboxypeptidase,,,,
205,VIT_15s0046g01470,845,0.4059,Unknown protein,,,,
206,VIT_12s0028g03350,837,0.4049,Squamosa promoter-binding protein 4 (SPL4),SPL4_2,,vv60055SBP,
207,VIT_12s0059g01900,833,0.4046,Unknown protein,,,,
208,VIT_15s0021g01210,833,0.4032,Peptidyl-prolyl cis-trans isomerase  cyclophilin type,K01802,,,
209,VIT_12s0034g00010,829,0.4018,No hit,,,,
210,VIT_18s0001g10050,818,0.3940,LRX1 (leucine-rich repeat/extensin 1),EXTENSIN,,vv40006Cell_wall,
211,VIT_00s0531g00030,813,0.3937,C2 domain containing protein,,,,
212,VIT_08s0058g01020,808,0.3924,Saposin B domain-containing protein,SAPB,,vv50101Channels_and_pores,
213,VIT_13s0064g01740<br>VIT_13s0064g01750,807,0.3912,
214,VIT_02s0025g01040,801,0.3888,Receptor protein kinase,,,,
215,VIT_04s0008g01430,793,0.3840,APM1 (Aminopeptidase M1),APM1,,vv50004Auxin_transport,
216,VIT_04s0023g01300,793,0.3835,Aminopeptidase P,E3_4_11_9,,,
217,VIT_04s0043g00850,777,0.3768,Unknown protein,,,,
218,VIT_11s0052g00320,774,0.3728,Ca2+-ATPase 10 ACA10  plasma membrane,K01537,,vv34020Calcium_signaling_pathway,vv50131Primary_active_transporter_cat_A2_to_A4
219,VIT_02s0154g00450,761,0.3707,Zinc knuckle,ZFC2HC,,,
220,VIT_01s0127g00500,754,0.3635,OBP32pep,,,,
221,VIT_19s0027g00740,746,0.3609,Inhibitor of apoptosis,,,,
222,VIT_14s0060g01090,745,0.3597,LNG1 (LONGIFOLIA1),,,,
223,VIT_17s0000g03940,746,0.3569,ferulate 5-hydroxylase,K09755,,vv10940Phenylpropanoid_biosynthesis,
224,VIT_14s0030g00410,737,0.3557,Arabidopsis histidine phosphotransfer AHP1,AHP1,,vv30007Cytokinin_signaling,
225,VIT_17s0000g05020,730,0.3530,Squamosa promoter-binding protein 6 (SPL6),SPL6_2,,vv60055SBP,
226,VIT_06s0004g00230,729,0.3505,WRKY DNA-binding protein 48,WRKY48_2,VvWRKY15,vv60066WRKY,
227,VIT_18s0001g01680,716,0.3474,Protein kinase,,,,
228,VIT_02s0012g02030,712,0.3443,Homeobox-7,VVHB7_1,VvHB09,vv60034HB,
229,VIT_10s0071g00850,708,0.3437,Binding,,,,
230,VIT_13s0064g00670,713,0.3420,No hit,,,,
231,VIT_11s0016g01310,703,0.3408,TT2 (transparent testa 2),TT2_5,MYBPA4,vv44110Cell_cycle,vv60044MYB
232,VIT_12s0059g01750,704,0.3393,Caffeic acid O-methyltransferase,E2_1_1_68,,vv10940Phenylpropanoid_biosynthesis,
233,VIT_13s0064g00740,701,0.3382,Lysine decarboxylase - like protein,E4_1_1_18,,vv10300Lysine_biosynthesis,
234,VIT_02s0012g01120,697,0.3362,Glycine cleavage system H protein  mitochondrial,E1_4_4_2,,vv10260Glycine_serine_and_threonine_metabolism,
235,VIT_13s0084g00110,695,0.3356,ABC transporter I member 8,ABCI8,,vv52010ABC_transporters,
236,VIT_09s0002g03140,693,0.3351,Lipase GDSL,,,,
237,VIT_14s0066g01730,685,0.3314,Cellulose synthase CSLC04,E2_4_1_12_CSLC04,,vv40006Cell_wall,
238,VIT_15s0045g01030,683,0.3308,MRP-like ABC transporter MRP6,MRP6,,vv52010ABC_transporters,
239,VIT_15s0024g00850,684,0.3298,Geranylgeranyl diphosphate synthase,E2_5_1_29,,vv10100Biosynthesis_of_steroids,vv10900Terpenoid_biosynthesis
240,VIT_16s0098g01870,678,0.3296,SOS3 (salt overly sensitive 3),E3_1_3_16,,,
241,VIT_05s0124g00520,683,0.3287,No hit,,,,
242,VIT_19s0014g05000,676,0.3272,Zinc finger (C2H2 type) family,C2H2FAM_16,,vv60017C2H2,
243,VIT_17s0000g00660,675,0.3261,Phosphoglycerate mutase,E5_4_2_1,,vv10010Glycolysis,
244,VIT_08s0007g01110,677,0.3260,No hit,,,,
245,VIT_05s0020g01140,676,0.3259,Ribosomal protein L18,K02881,,vv23010Ribosome,
246,VIT_03s0038g03730,667,0.3238,Niemann-Pick C1 protein precursor,NPC1,,vv50121Porters_cat_1_to_6,
247,VIT_08s0007g03360,670,0.3237,EMB1345 (embryo defective 1345),,,,
248,VIT_11s0016g00880,654,0.3158,Strictosidine synthase; Soluble quinoprotein glucose dehydrogenase,E4_3_3_2,,vv10900Terpenoid_biosynthesis,vv10902Monoterpenoid_biosynthesis
249,VIT_18s0166g00220,655,0.3154,No hit,,,,
250,VIT_02s0025g03030,653,0.3147,Zinc finger (C3HC4-type ring finger),ZFC3HC4_23,,vv60078Other_zf-C3HC4,
251,VIT_09s0002g03130,650,0.3134,FRK1 (FLG22-induced receptor-like kinase 1),FRK1,,vv34626Plant-pathogen_interaction,
252,VIT_04s0008g05440,646,0.3122,Ethylene-responsive transcription factor SHINE 3,SHINE3_1,VvERF044,vv30008Ethylene_signaling,vv60003AP2_EREBP
253,VIT_11s0016g00590,642,0.3115,Invertase/pectin methylesterase inhibitor,PMEI,,vv40006Cell_wall,
254,VIT_10s0003g01010,641,0.3097,Lipase GDSL,,,,
255,VIT_07s0005g03540,637,0.3086,Plastid-specific 50S ribosomal protein 6,,,,
256,VIT_18s0041g00730,637,0.3085,Peptide chain release factor eRF subunit 1,K03265,,vv23015mRNA_surveillance_pathway,
257,VIT_12s0059g01190,637,0.3083,Homeobox protein shoot MERISTEMLESS (STM),STM_2,VvHB43,vv50004Auxin_transport,vv60034HB
258,VIT_18s0072g00820,639,0.3074,VFB3 (VIER F- box  proteinE 3),,,,
259,VIT_11s0065g00170,627,0.3020,Squamosa promoter-binding protein 2 (SPL2),SPL2_3,,vv60055SBP,
260,VIT_06s0004g01680,623,0.3014,Unknown protein,,,,
261,VIT_17s0000g05310,622,0.3009,Pre-mRNA cleavage complex II protein Clp1,,,,
262,VIT_18s0001g09920,621,0.3003,Cyclin delta-3 (CYCD3_1),CYCD3,,vv30007Cytokinin_signaling,vv44110Cell_cycle
263,VIT_03s0038g00680,621,0.2988,Exostosin,K02366,,vv11030Glycan_structures-biosynthesis1,
264,VIT_05s0102g00370,608,0.2954,Receptor protein kinase (ACR4),,,,
265,VIT_06s0004g04860,610,0.2947,Alpha-expansin 6 precursor,EXPA6,,vv30003Auxin_signaling,
266,VIT_14s0060g01940,610,0.2943,Epoxide hydrolase,E3_3_2_10,,,
267,VIT_06s0061g01070,597,0.2897,Oligopeptidase A,E3_4_24_70,,,
268,VIT_14s0128g00160,595,0.2891,Protein kinase CDG1,,,,
269,VIT_00s0194g00220,595,0.2883,Unknown,,,,
270,VIT_16s0098g01160,579,0.2818,Subtilisin protease,SBT3_5,,vv50101Channels_and_pores,
271,VIT_08s0007g08010,584,0.2804,No hit,,,,
272,VIT_14s0219g00130,577,0.2801,PQ-loop repeat / transmembrane,PQLOOP,,vv50124Porters_cat_30_to_64,
273,VIT_06s0009g00970,577,0.2773,Thylakoid lumenal P17.1 protein,,,,
274,VIT_16s0039g00720,576,0.2771,Folate-biopterin transporter,FBT,,vv50125Porters_cat_66_to_94,
275,VIT_03s0038g01410,570,0.2758,Aquaporin PIP PIP1A,PIP1A,,vv50101Channels_and_pores,
276,VIT_01s0011g01060,567,0.2756,RNA recognition motif (RRM)-containing protein,,,,
277,VIT_19s0014g03660,568,0.2745,LHCII type III  chloroplast precursor,K08914,,vv10196Photosynthesis_antenna_proteins,vv50105Transport_electron_carriers
278,VIT_18s0001g11160,562,0.2720,Unknown protein,,,,
279,VIT_09s0002g02430,562,0.2708,ABC transporter C member 12,K05672,,vv52010ABC_transporters,
280,VIT_10s0003g00420,557,0.2699,Auxin response factor 3,ARF3_2,,vv30003Auxin_signaling,vv60004ARF
281,VIT_04s0008g01290,550,0.2682,CGA1 (cytokinin-responsive GATA factor 1),CGA1,,vv30007Cytokinin_signaling,vv60016C2C2-GATA
282,VIT_14s0060g02560,551,0.2664,Brassinosteroid-responsive ring-H2 (BRH1),BRH1,,vv30005Brassinosteroids_signaling,
283,VIT_05s0020g01960,548,0.2654,Na+/H+ antiporter isoform 2,NHX2,,vv50124Porters_cat_30_to_64,
284,VIT_18s0001g12020,546,0.2644,Brassinosteroid Signaling positive regulator (BZR1),BZR1_2,,vv30005Brassinosteroids_signaling,vv60010BES1
285,VIT_00s0207g00130,541,0.2626,Pathogenesis-related protein 1 precursor (PRP 1),PRP1,,vv30011Jasmonate_signaling,vv34626Plant-pathogen_interaction
286,VIT_11s0016g05770,541,0.2612,Alkaline alpha galactosidase 2,E3_2_1_22,,vv10052Galactose_metabolism,vv10561Glycerolipid_metabolism
287,VIT_11s0016g04180,545,0.2611,Coatomer protein complex  subunit beta 2,COPB2,,vv50110Protein_coat,
288,VIT_03s0063g01890,544,0.2609,Ring-H2 finger protein ATL3G,,,,
289,VIT_02s0025g02250,527,0.2543,Dof zinc finger protein DOF4.6,DOF4_6_2,,vv60015C2C2-DOF,
290,VIT_07s0104g01410,515,0.2494,OTU cysteine protease,,,,
291,VIT_01s0011g05200,509,0.2466,Phosphoethanolamine N-methyltransferase 1,E2_1_1_103,,vv10564Glycerophospholipid_metabolism,
292,VIT_08s0007g04950,507,0.2459,Xyloglucan endotransglucosylase/hydrolase 32,E2_4_1_207,,vv40006Cell_wall,
293,VIT_13s0064g01510,501,0.2432,Auxin-independent growth promoter,,,,
294,VIT_07s0005g05260<br>VIT_07s0005g05230,501,0.2424,
295,VIT_14s0068g00170,499,0.2414,No hit,,,,
296,VIT_18s0001g08490,496,0.2414,Early-responsive to dehydration,,,,
297,VIT_04s0008g01900,488,0.2367,Unknown protein,,,,
298,VIT_08s0007g01740,481,0.2333,Cysteine peptidase,E3_4_22_x,,,
299,VIT_14s0068g00040,479,0.2322,No hit,,,,
300,VIT_02s0025g02890,480,0.2318,Ribosomal protein L11,K02867,,vv23010Ribosome,
301,VIT_13s0156g00190,476,0.2307,No hit,,,,
302,VIT_08s0007g04540,466,0.2272,Oxidoreductase  2OG-Fe(II) oxygenase,,,,
303,VIT_07s0005g05210,469,0.2266,No hit,,,,
304,VIT_13s0019g00460,465,0.2251,Unknown protein,,,,
305,VIT_08s0007g01590,465,0.2235,fructose 1 6-bisphosphatase,E3_1_3_11,,vv10010Glycolysis,vv10030Pentose_phosphate
306,VIT_02s0087g00470,457,0.2205,Anthraniloyal-CoA: methanol anthraniloyal transferase,AMAT,,vv10400Phenylalanine_tyrosine_and_tryptophan_biosynthesis,
307,VIT_01s0010g03320,455,0.2203,Kelch repeat-containing F-box protein,,,,
308,VIT_18s0001g03240,456,0.2198,DREB sub A-5 of ERF/AP2 transcription factor,ERF012,VvERF008,vv30008Ethylene_signaling,vv60003AP2_EREBP
309,VIT_18s0001g04340,451,0.2196,Glycine hydroxymethyltransferase,E2_1_2_1,,vv10260Glycine_serine_and_threonine_metabolism,vv10670One_carbon_pool_by_folate
310,VIT_11s0016g03980,446,0.2148,Unknown protein,,,,
311,VIT_04s0008g05520,441,0.2132,Unknown protein,,,,
312,VIT_03s0110g00100,440,0.2124,CYP86A8,,,,
313,VIT_05s0020g04690,438,0.2118,IAA7,IAA7,,vv30003Auxin_signaling,vv60008AUXIAA
314,VIT_19s0177g00340,439,0.2109,Unknown protein,,,,
315,VIT_03s0038g02380,433,0.2099,RAC G-protein Rac1,RAC1,,vv34020Calcium_signaling_pathway,
316,VIT_19s0014g03380,432,0.2087,3'(2') 5'-bisphosphate nucleotidase,E3_1_3_7,,vv10920Sulfur_metabolism,
317,VIT_17s0000g10100,430,0.2081,Response regulator ARR11 Type-B,ARR11_1,,vv30007Cytokinin_signaling,vv60006ARR-B
318,VIT_14s0066g02120,427,0.2071,Photosystem I P700 apoprotein A1 [Vitis vinifera],K02689,,vv10195Photosynthesis,vv50105Transport_electron_carriers
319,VIT_01s0011g02800,429,0.2067,RIC7 (ROP-interactive crib motif-containing protein 7),,,,
320,VIT_02s0025g00730,422,0.2058,Pinoresinol forming dirigent protein,DIRPR,,vv10940Phenylpropanoid_biosynthesis,
321,VIT_14s0060g01810,424,0.2040,Unknown protein,,,,
322,VIT_16s0050g00390,419,0.2039,4-coumarate-CoA ligase,E6_2_1_12,,vv10940Phenylpropanoid_biosynthesis,vv50104Group_translocators
323,VIT_05s0020g02480,419,0.2017,Glutamine synthetase,E6_3_1_2,,vv10251Glutamate_metabolism,vv10550Peptidoglycan_biosynthesis
324,VIT_01s0010g02030,410,0.1981,Gamma-thionin precursor,,,,
325,VIT_16s0050g02430,404,0.1954,Receptor protein kinase,,,,
326,VIT_07s0031g00650,401,0.1933,Defective chloroplasts and leaves protein / DCL protein,,,,
327,VIT_00s0286g00130,398,0.1933,S-locus lectin protein kinase,,,,
328,VIT_10s0003g03870,400,0.1920,Ornithine aminotransferase,E2_6_1_13,,vv10330Arginine_and_proline_metabolism,
329,VIT_13s0019g02090,397,0.1910,Thylakoid lumenal 15 kDa protein 1,,,,
330,VIT_14s0006g00300,393,0.1894,Nudix hydrolase 18,,,,
331,VIT_11s0037g00290,392,0.1888,Plastocyanin domain-containing protein,K02638,,vv10195Photosynthesis,vv50113Thylakoid_targeting_pathway
332,VIT_03s0017g01330,382,0.1861,1 4-dihydroxy-2-naphthoate octaprenyltransferase,K02548,,vv10130Ubiquinone_biosynthesis,
333,VIT_13s0067g01410,382,0.1861,Anthranilate N-hydroxycinnamoyl/benzoyltransferase,E2_3_1_144,,vv10400Phenylalanine_tyrosine_and_tryptophan_biosynthesis,
334,VIT_13s0067g00400,380,0.1839,Anthranilate synthase alpha 1,E4_1_3_27,,vv10400Phenylalanine_tyrosine_and_tryptophan_biosynthesis,
335,VIT_08s0040g01820,381,0.1835,No hit,,,,
336,VIT_01s0011g04440,376,0.1824,Transparent testa 12 protein,TT12,,vv50125Porters_cat_66_to_94,
337,VIT_02s0087g00490,372,0.1803,10-deacetylbaccatin III 10-O-acetyltransferase,E2_3_1_167,,vv10904Diterpenoid_biosynthesis,
338,VIT_10s0003g01710,372,0.1795,Ubiquitin domain containing 2,,,,
339,VIT_11s0016g00560,368,0.1789,Peroxiredoxin bcp,E1_11_1_15,,,
340,VIT_03s0038g03210,365,0.1770,Chitin elicitor-binding CEBIP LysM domain-containing,K13473,,vv34626Plant-pathogen_interaction,
341,VIT_18s0001g10870,363,0.1749,Patatin,,,,
342,VIT_07s0005g01470,360,0.1743,Unknown protein,,,,
343,VIT_17s0000g06130,358,0.1740,Glutathione S-transferase 9 GSTU9,E2_5_1_18_GSTU9,,vv10480Glutathione_metabolism,
344,VIT_13s0067g00730,356,0.1722,Carboxylic ester hydrolase,E3_1_1_1,,,
345,VIT_04s0023g02620,351,0.1706,Ubiquitin-conjugating enzyme E2 W,K10688,,vv24120Ubiquitin_mediated_proteolysis,
346,VIT_07s0031g01890,350,0.1697,No hit,,,,
347,VIT_17s0000g00130,347,0.1683,SEC14 cytosolic factor,SEC14,,vv50122Porters_cat_7_to_17,
348,VIT_08s0058g01030,349,0.1678,Saposin B domain-containing protein,SAPB,,vv50101Channels_and_pores,
349,VIT_18s0001g10060,342,0.1669,LRX1 (leucine-rich repeat/extensin 1),EXTENSIN,,vv40006Cell_wall,
350,VIT_16s0039g01670,345,0.1669,Cinnamoyl-CoA reductase,E1_2_1_44,,vv10940Phenylpropanoid_biosynthesis,
351,VIT_00s0375g00030,338,0.1633,Alpha-galactosidase,E3_2_1_22,,vv10052Galactose_metabolism,vv10561Glycerolipid_metabolism
352,VIT_07s0151g00010,340,0.1631,No hit,,,,
353,VIT_11s0052g01650,338,0.1631,Pathogenesis-related protein 1 precursor (PRP 1),PRP1,,vv30011Jasmonate_signaling,vv34626Plant-pathogen_interaction
354,VIT_13s0019g03180,336,0.1621,Unknown protein,,,,
355,VIT_01s0026g01300,333,0.1606,Unknown protein,,,,
356,VIT_02s0033g00440,331,0.1603,Myb VvMYBA1,VVMYBA1_3,MYBA11,vv60044MYB,
357,VIT_12s0059g02310,329,0.1596,PDF2 (protodermal factor2),PDF2_4,VvHB44,vv60034HB,
358,VIT_00s0480g00090<br>VIT_00s0480g00100,330,0.1588,
359,VIT_00s0522g00010<br>VIT_00s0266g00010<br>VIT_00s0372g00070<br>VIT_00s0372g00080<br>VIT_00s0572g00010<br>VIT_00s0372g00040<br>VIT_00s0847g00020<br>VIT_00s0572g00020,327,0.1584,
360,VIT_08s0056g01130,324,0.1571,Mini zinc finger 2 MIF2,MIF2_2,,vv60068Zf-HD,
361,VIT_15s0046g02410,322,0.1553,Aquaporin TMP-C,TMPC,,vv50101Channels_and_pores,
362,VIT_08s0040g02370,320,0.1539,DnaJ homolog  subfamily C  member 19,K09539,,vv50132Primary_active_transporter_cat_A5_to_A8,
363,VIT_14s0066g01110,317,0.1528,Ribosomal protein L12-1  chloroplast (CL12-A) 50S,K02869,,vv23010Ribosome,
364,VIT_05s0124g00240,310,0.1498,Basic helix-loop-helix (bHLH) family,BHLHDOM_61,,vv60011BHLH,
365,VIT_05s0029g01410,307,0.1487,No hit,,,,
366,VIT_12s0059g01820,307,0.1486,Protein phosphatase 1D,K10147,,,
367,VIT_11s0016g05530,307,0.1484,Plastocyanin domain-containing protein,K02638,,vv10195Photosynthesis,vv50113Thylakoid_targeting_pathway
368,VIT_07s0031g01670,304,0.1482,CYP96A10,,,,
369,VIT_06s0004g02560,303,0.1475,Kiwellin Ripening-related protein grip22,,,,
370,VIT_11s0103g00250,305,0.1470,Carboxyl methylase,,,,
371,VIT_15s0021g00220,304,0.1466,ABC transporter C member 15,ABCC15,,vv52010ABC_transporters,
372,VIT_16s0039g02720,301,0.1463,Glutamate dehydrogenase 2 (GDH2),E1_4_1_2,,vv10251Glutamate_metabolism,vv10910Nitrogen_metabolism
373,VIT_03s0063g00770,302,0.1460,Carboxyesterase 12; CXE12,E3_1_1_1,,,
374,VIT_15s0048g03000,301,0.1459,GTPase RABA3,K07976,,,
375,VIT_08s0007g03240,301,0.1455,Carbonic anhydrase precursor,E4_2_1_1,,vv10910Nitrogen_metabolism,vv50124Porters_cat_30_to_64
376,VIT_00s0333g00050,299,0.1449,DIR1 (defective IN induced resistance 1),,,,
377,VIT_19s0014g00020,295,0.1415,ATP-dependent Clp protease ATP-binding subunit (ClpA),K03694,,vv50109Incompletely_characterized_transport_systems,
378,VIT_18s0001g01950,290,0.1400,Pentatricopeptide (PPR) repeat-containing protein,,,,
379,VIT_05s0077g00650,282,0.1376,Poly(A) polymerase,K14376,,vv23015mRNA_surveillance_pathway,
380,VIT_10s0071g00890,286,0.1375,Unknown protein,,,,
381,VIT_04s0008g01800,283,0.1365,Myb domain protein 7,MYB7_3,MYBPA7,vv60044MYB,
382,VIT_12s0034g01240,278,0.1343,GNS1/SUR4 membrane,,,,
383,VIT_18s0001g15310,277,0.1343,Thioredoxin M-type,,,,
384,VIT_01s0244g00010,274,0.1318,Basic helix-loop-helix (bHLH) family,BHLHDOM_53,,vv60011BHLH,
385,VIT_07s0141g01050,272,0.1316,No hit,,,,
386,VIT_15s0046g00310,270,0.1309,Transcription factor TINY,ERF023,VvERF015,vv30008Ethylene_signaling,vv60003AP2_EREBP
387,VIT_17s0000g02340,272,0.1307,Leucine-rich repeat receptor-like protein kinase 1,,,,
388,VIT_10s0092g00510,268,0.1302,CYP71D10p,E1_14_13_73,,vv10902Monoterpenoid_biosynthesis,
389,VIT_06s0004g04590,264,0.1279,Epsin N-terminal homology (ENTH) domain-containing,ENTH,,vv50110Protein_coat,
390,VIT_07s0031g00460,262,0.1269,Nicotinate phosphoribosyltransferase,E2_4_2_11,,vv10760Nicotinate_and_nicotinamide_metabolism,
391,VIT_00s0271g00110,260,0.1256,flavodoxin-like quinone reductase 1,FQR1,,vv30003Auxin_signaling,
392,VIT_14s0068g01520,259,0.1251,Double-stranded RNA-binding (DsRBD) domain-containing protein,,,,
393,VIT_05s0077g01350,257,0.1244,Mov34 STAM-binding protein,K11866,,vv50111Tethering_factors,
394,VIT_07s0005g00410,255,0.1240,Glycosyl hydrolase family 1 protein,,,,
395,VIT_19s0014g02350,251,0.1215,Squamosa promoter-binding protein 4 (SPL4),SPL4_1,,vv60055SBP,
396,VIT_02s0025g01300,247,0.1196,Unknown protein,,,,
397,VIT_05s0020g04020,245,0.1183,Unknown protein,,,,
398,VIT_06s0061g01430,240,0.1158,flavonoid 1-2 rhamnosyltransferase,E2_4_1_236,,vv10941Flavonoid_biosynthesis,
399,VIT_11s0103g00660,232,0.1127,ELM2 domain-containing protein,PHDEDM2_5,,vv60048PHD,
400,VIT_12s0059g00230,233,0.1125,Epoxide hydrolase 2,E3_3_2_10,,,
401,VIT_11s0016g03250,232,0.1121,Lachrymatory factor synthase,,,,
402,VIT_18s0001g06640,232,0.1120,Zinc finger (C3HC4-type ring finger),ZFC3HC4_60,,vv60078Other_zf-C3HC4,
403,VIT_07s0255g00060,232,0.1120,Prolyl oligopeptidase family,,,,
404,VIT_01s0127g00340,231,0.1116,Unknown,,,,
405,VIT_03s0088g01190,229,0.1106,Malate dehydrogenase  glyoxysomal precursor,E1_1_1_37,,vv10020Citrate_cycle,vv10620Pyruvate_metabolism
406,VIT_03s0038g02050,224,0.1082,Dirigent protein pDIR7,,,,
407,VIT_19s0014g00090,216,0.1042,Glucan endo-1 3-beta-glucosidase 4 precursor,E3_2_1_39,,vv10500Starch_and_sucrose_metabolism,
408,VIT_17s0000g02440,213,0.1034,Integral membrane protein,,,,
409,VIT_08s0105g00400,213,0.1030,GT-1-like transcription factor,GT1L,,vv60062Trihelix,
410,VIT_09s0018g00550,212,0.1030,Pentatricopeptide (PPR) repeat-containing protein,,,,
411,VIT_05s0062g00570,210,0.1019,UDP-glucose:flavonoid 7-O-glucosyltransferase,E2_4_1_237,,vv10941Flavonoid_biosynthesis,
412,VIT_09s0002g07220,207,0.0998,Unknown,,,,
413,VIT_04s0023g03650,206,0.0993,Galactose mutarotase-like,E5_1_3_3,,vv10010Glycolysis,
414,VIT_04s0043g00380,203,0.0979,Unknown protein,,,,
415,VIT_09s0002g04010,202,0.0976,Ferredoxin,K02639,,vv10195Photosynthesis,
416,VIT_08s0007g03210,199,0.0961,F-box family,,,,
417,VIT_14s0006g01280,196,0.0952,Myb domain protein 113,MYB113_5,MYBA7,vv60044MYB,
418,VIT_10s0003g05420,196,0.0947,S-2-hydroxy-acid oxidase  peroxisomal,E1_1_3_15,,vv10630Glyoxylate_and_dicarboxylate_metabolism,
419,VIT_09s0002g08940,194,0.0941,MOS3/PRE/SAR3 (suppressor of AUXIN resistance3),SAR3,,vv30003Auxin_signaling,
420,VIT_01s0150g00200,192,0.0928,Peptidyl-prolyl cis-trans isomerase  FKBP-type,K01802,,,
421,VIT_11s0052g01790,189,0.0913,No hit,,,,
422,VIT_18s0166g00300,187,0.0906,Histidinol dehydrogenase  chloroplast precursor,E1_1_1_23,,vv10340Histidine_metabolism,
423,VIT_00s0283g00050<br>VIT_06s0009g03090<br>VIT_03s0132g00010,186,0.0894,
424,VIT_13s0067g03890,182,0.0882,Beta-ketoacyl-CoA synthase,E2_3_1_41,,vv10061Fatty_acid_biosynthesis,
425,VIT_05s0062g00820,176,0.0858,Unknown protein,,,,
426,VIT_04s0008g06300,173,0.0836,Leucine-rich repeat family,,,,
427,VIT_18s0001g01640,172,0.0834,UDP-sugar pyrophospharylase,E2_7_7_23,,vv10530Aminosugars_metabolism,
428,VIT_08s0058g00640,172,0.0828,Patellin-5,,,,
429,VIT_18s0001g12340,170,0.0825,Unknown protein,,,,
430,VIT_07s0005g02480,168,0.0807,Myb domain protein 61,MYB61_1,MYB55A,vv60044MYB,
431,VIT_12s0034g00250,166,0.0802,Aquaporin PIP1A,PIP1A,,vv50101Channels_and_pores,
432,VIT_00s0373g00020,165,0.0799,HSL2 (HAESA-like 2),,,,
433,VIT_06s0004g06690,164,0.0788,Ribosomal protein S18 30S,K02963,,vv23010Ribosome,
434,VIT_00s0218g00100,159,0.0775,Metal transporter Nramp6,NRAMP6,,vv50124Porters_cat_30_to_64,
435,VIT_09s0002g06990,158,0.0764,Phosphatidic acid phosphatase / PAP2,E3_1_3_4,,vv10561Glycerolipid_metabolism,vv10564Glycerophospholipid_metabolism
436,VIT_07s0005g06300,157,0.0763,Phototropic-responsive NPH3,,,,
437,VIT_04s0044g01730,157,0.0761,F-box family protein,,,,
438,VIT_02s0154g00220,155,0.0744,Zinc finger (C2H2 type) family,C2H2FAM_17,,vv60017C2H2,
439,VIT_00s1314g00010,153,0.0739,Basic helix-loop-helix (bHLH) family,BHLHDOM_89,,vv60011BHLH,
440,VIT_14s0060g01830,152,0.0737,Unknown protein,,,,
441,VIT_06s0009g00480,148,0.0716,Aluminium-tolerance ALMT1,ALMT1,,vv50125Porters_cat_66_to_94,
442,VIT_12s0059g01680,147,0.0714,Lipid-binding serum glycoprotein family protein,K05399,,vv50101Channels_and_pores,
443,VIT_01s0011g05110,147,0.0713,Major latex protein 22,,,,
444,VIT_12s0057g00590,145,0.0703,Vacuolar protein sorting 11 (VPS11),VPS11,,vv50111Tethering_factors,
445,VIT_19s0177g00270,140,0.0676,Molecular chaperone DnaJ,K03686,,vv50132Primary_active_transporter_cat_A5_to_A8,
446,VIT_13s0019g01920,139,0.0669,Laccase,E1_10_3_2,,vv11000Single_reactions,vv50109Incompletely_characterized_transport_systems
447,VIT_14s0068g02010,138,0.0664,IMP dehydrogenase/GMP reductase,E1_1_1_205,,vv10230Purine_metabolism,
448,VIT_05s0077g01670,134,0.0647,Major cherry allergen Pru av 1.0202,,,,
449,VIT_01s0011g04720,134,0.0646,Multi copper oxidase type 1,,,,
450,VIT_18s0075g00410,133,0.0640,Sucrose-phosphate synthase - like protein,E2_4_1_14,,vv10500Starch_and_sucrose_metabolism,
451,VIT_10s0597g00050,132,0.0640,Heat shock transcription factor B2A,HSFB2A_3,,vv60037HSF,
452,VIT_18s0001g08280,130,0.0625,HEN4 (HUA enhancer 4),HEN4,,vv30009Flower_development,
453,VIT_02s0025g05050,128,0.0621,Zf A20 and AN1 domain-containing stress-associated protein 1,SAP1_1,,vv60077Other_zf-AN1,
454,VIT_17s0000g02530,128,0.0620,Peptidyl-prolyl cis-trans isomerase FKBP-type,K01802,,,
455,VIT_19s0015g02070,128,0.0616,(-)-germacrene D synthase,E4_2_3_22,,vv10900Terpenoid_biosynthesis,
456,VIT_16s0013g00260,127,0.0616,Superoxide dismutase  Fe-Mn family,K04564,,vv44146Peroxisome,
457,VIT_08s0040g00780,124,0.0605,P-coumaroyl shikimate 3'-hydroxylase isoform 1,K09754,,vv10940Phenylpropanoid_biosynthesis,
458,VIT_13s0019g01520,125,0.0603,Protease inhibitor/seed storage/lipid transfer protein (LTP),,,,
459,VIT_18s0001g14910,125,0.0601,Mannitol dehydrogenase,E1_1_1_67,,vv10051Fructose_and_mannose_metabolism,
460,VIT_03s0038g03940,123,0.0596,Tonoplast monosaccharide transporter2,TMT2,,vv50121Porters_cat_1_to_6,
461,VIT_04s0008g01250,123,0.0592,Unknown,,,,
462,VIT_11s0037g01290,123,0.0591,No hit,,,,
463,VIT_01s0146g00400,122,0.0589,Humj1,,,,
464,VIT_00s0323g00050,121,0.0589,Invertase/pectin methylesterase inhibitor,PMEI,,vv40006Cell_wall,
465,VIT_06s0061g00770,120,0.0582,Ribosomal protein L9  chloroplast (CL9) 50S,K02939,,vv23010Ribosome,
466,VIT_15s0048g01760,120,0.0582,Unknown protein,,,,
467,VIT_14s0108g00950,120,0.0577,Unknown protein,,,,
468,VIT_18s0001g01730,118,0.0569,Shikimate kinase,E2_7_1_71,,vv10400Phenylalanine_tyrosine_and_tryptophan_biosynthesis,
469,VIT_18s0001g11120,116,0.0559,Ternary complex factor MIP1,,,,
470,VIT_11s0016g04320,114,0.0551,Nudix hydrolase 20,,,,
471,VIT_04s0044g01230,114,0.0550,Unknown,,,,
472,VIT_01s0011g00790,113,0.0548,DnaJ homolog  subfamily C  member 2 gonidia forming protein GlsA,K09522_1,,vv50132Primary_active_transporter_cat_A5_to_A8,vv60045MYBrelated
473,VIT_04s0023g02840,113,0.0546,Leucine-rich repeat disease resistance protein,,,,
474,VIT_12s0028g01820,113,0.0543,Aspartate transaminase  mitochondrial,E2_6_1_1,vv10710Carbon_fixation,vv10252Alanine_and_aspartate_metabolism,vv10272Cysteine_metabolism
475,VIT_03s0063g02250,111,0.0533,Polyol transporter 5,PLT5,,vv50121Porters_cat_1_to_6,
476,VIT_01s0011g05620,110,0.0531,No hit,,,,
477,VIT_00s0225g00070,109,0.0528,MATE efflux family protein,MATE,,vv50125Porters_cat_66_to_94,
478,VIT_18s0041g01180,109,0.0528,No hit,,,,
479,VIT_09s0002g03780,109,0.0528,Integral membrane family protein UPF0497,,,,
480,VIT_16s0022g02170,109,0.0527,Alpha-L-fucosidase,E3_2_1_51,,vv10511N-Glycan_degradation,
481,VIT_13s0067g01960,109,0.0526,Dehydration-responsive element-binding protein 2C,DREB2C,VvERF037,vv30008Ethylene_signaling,vv60003AP2_EREBP
482,VIT_17s0000g07720,108,0.0525,Sterile alpha motif (SAM) domain-containing protein,,,,
483,VIT_04s0008g04590,107,0.0520,CXE carboxylesterase,E3_1_1_1,,,
484,VIT_01s0150g00500,107,0.0518,Glyceraldehyde-3-phosphate dehydrogenase,E1_2_1_13,,vv10710Carbon_fixation,
485,VIT_00s0483g00040,106,0.0511,No hit,,,,
486,VIT_18s0086g00190,105,0.0508,Permease nonimprinted in Prader-Willi/Angelman,NIPA,,vv50122Porters_cat_7_to_17,
487,VIT_07s0005g00510,104,0.0504,Monoglyceride lipase,E3_1_1_23,,vv10561Glycerolipid_metabolism,
488,VIT_02s0025g04910,104,0.0503,Growth-regulating factor 5,GRF5_3,,vv60033GRF,
489,VIT_13s0067g02340,104,0.0500,Proton-dependent oligopeptide transport (POT) family protein,POT,,vv50122Porters_cat_7_to_17,
490,VIT_04s0023g03230,104,0.0497,Auxin-responsive SAUR9,SAUR9,,vv30003Auxin_signaling,
491,VIT_02s0025g03070,101,0.0486,Zinc finger (C3HC4-type ring finger),ZFC3HC4_116,,vv60078Other_zf-C3HC4,
492,VIT_17s0053g00710,100,0.0486,Calcium-dependent protein kinase,,,,
493,VIT_16s0039g02750,100,0.0482,NADH glutamate dehydrogenase,E1_4_1_3,,vv10251Glutamate_metabolism,vv10330Arginine_and_proline_metabolism
494,VIT_06s0061g01360,100,0.0481,Unknown protein,,,,
495,VIT_13s0019g01940,100,0.0480,Laccase,E1_10_3_2,,vv11000Single_reactions,vv50109Incompletely_characterized_transport_systems
496,VIT_01s0010g00120,99,0.0478,No hit,,,,
497,VIT_01s0011g03790,98,0.0474,ARG1 (Altered response to gravity 1),ARG1,,vv50132Primary_active_transporter_cat_A5_to_A8,
498,VIT_07s0005g00450,98,0.0472,Unknown protein,,,,
499,VIT_08s0007g02000,97,0.0469,Glycerol-3-phosphate acyltransferase 8,E2_3_1_15,,vv10561Glycerolipid_metabolism,vv10564Glycerophospholipid_metabolism
500,VIT_00s0665g00030,96,0.0464,Unknown protein,,,,
501,VIT_18s0001g06720,95,0.0459,Rieske [2Fe-2S] domain,RIESKE,,,
502,VIT_15s0048g02880,95,0.0459,Ubiquitin thiolesterase,,,,
503,VIT_18s0001g06370,95,0.0458,L-ascorbate peroxidase  chloroplast,E1_11_1_11,,vv10053Ascorbate_and_aldarate_metabolism,
504,VIT_15s0021g01340,94,0.0454,Phagocytosis and cell motility protein ELMO1,,,,
505,VIT_07s0005g03310,94,0.0454,Cofilin,K05765,,vv44810Regulation_of_actin_cytoskeleton,
506,VIT_13s0084g00130,93,0.0450,CXE carboxylesterase,E3_1_1_1,,,
507,VIT_01s0011g02130,93,0.0450,Peptidoglycan-binding LysM domain-containing protein,,,,
508,VIT_09s0002g06300,93,0.0449,Unknown,,,,
509,VIT_05s0051g00730,93,0.0449,Zinc finger (C3HC4-type ring finger),ZFC3HC4_79,,vv60078Other_zf-C3HC4,
510,VIT_15s0046g01880,92,0.0447,Brassinosteroid-responsive ring-H2 (BRH1),BRH1,,vv30005Brassinosteroids_signaling,
511,VIT_08s0007g05180,92,0.0445,Unknown,,,,
512,VIT_00s0231g00080,91,0.0442,No hit,,,,
513,VIT_02s0012g01660,91,0.0438,ATPase PGP2 (P-glycoprotein 2),PGP2,,vv52010ABC_transporters,
514,VIT_04s0044g01410,89,0.0431,Photosystem I reaction center subunit N (PSAN),K02701,,vv10195Photosynthesis,vv50105Transport_electron_carriers
515,VIT_14s0030g00900,89,0.0428,MRP-like ABC transporter MRP6,MRP6,,vv52010ABC_transporters,
516,VIT_13s0067g03290,88,0.0428,Ribosomal protein L10,K02864,,vv23010Ribosome,
517,VIT_03s0038g00220,87,0.0419,Purple acid phosphatase 10 ATPAP10/PAP10,E3_1_3_2,,vv10740Riboflavin_metabolism,
518,VIT_13s0074g00520,86,0.0412,ATP-dependent RNA helicase,,,,
519,VIT_01s0026g02040,85,0.0411,No hit,,,,
520,VIT_01s0011g05610,84,0.0405,Caleosin,CALEOSIN,,vv30001ABA_signaling,
521,VIT_09s0002g01450,83,0.0402,Unknown protein,,,,
522,VIT_01s0127g00740,82,0.0397,Quinone oxidoreductase  chloroplast precursor,K03956,,vv10190Oxidative_phosphorylation,vv50134Primary_active_transporter_cat_D1
523,VIT_13s0084g00820,82,0.0397,Pepsin A,,,,
524,VIT_06s0004g03400,82,0.0396,Myosin heavy chain,K10352,,vv44810Regulation_of_actin_cytoskeleton,
525,VIT_18s0001g06410,80,0.0386,Ribosomal protein 60S,,,,
526,VIT_06s0004g01750,79,0.0383,Polygalacturonase inhibitor protein,PGIP,,,
527,VIT_14s0068g01540,77,0.0371,PBS1 (avrPphB susceptible 1),K13430,,vv34626Plant-pathogen_interaction,
528,VIT_18s0001g12880,76,0.0371,Jasmonate O-methyltransferase,E2_1_1_141,,vv10592alpha-Linolenic_acid_metabolism,
529,VIT_19s0015g01760,76,0.0368,Photosystem I reaction center subunit V (PSAG),K08905,,vv10195Photosynthesis,vv50105Transport_electron_carriers
530,VIT_12s0134g00140,76,0.0367,R-linalool synthase,E4_2_3_26,,vv10900Terpenoid_biosynthesis,
531,VIT_18s0001g12000,75,0.0362,Geranylgeranyl pyrophosphate synthetase 1  chloroplast precursor,E2_5_1_29,,vv10100Biosynthesis_of_steroids,vv10900Terpenoid_biosynthesis
532,VIT_18s0001g06390,75,0.0362,Auxin-independent growth promoter,AXI1,,vv30003Auxin_signaling,
533,VIT_18s0001g05690,72,0.0348,Protein phosphatase 2C,E3_1_3_16,,,
534,VIT_14s0128g00210,71,0.0345,Xyloglucanase inhibitor,,,,
535,VIT_04s0008g01810,71,0.0345,Myb domain protein 4,MYB4_9,MYBPA8,vv60044MYB,
536,VIT_18s0001g03540,70,0.0339,Auxin transporter protein 4,AUX1,,vv50004Auxin_transport,vv50123Porters_cat_18_to_29
537,VIT_09s0018g01390,69,0.0334,STE20/SPS1 proline-alanine-rich protein kinase,,,,
538,VIT_18s0001g07670,67,0.0324,DsRNA-binding protein LH1 HYL1,HYL1,,vv30001ABA_signaling,
539,VIT_10s0003g01370,67,0.0324,Unknown protein,,,,
540,VIT_18s0001g07850,67,0.0323,Lyase,,,,
541,VIT_18s0001g11350,66,0.0319,Unknown protein,,,,
542,VIT_19s0014g04880,65,0.0316,(-)-germacrene D synthase,E4_2_3_22,,vv10900Terpenoid_biosynthesis,
543,VIT_04s0008g01850,65,0.0316,Trihelix DNA-binding protein (GT2),GT2_2,,vv60062Trihelix,
544,VIT_01s0011g03710,65,0.0315,Thioesterase family,,,,
545,VIT_07s0005g01290,64,0.0312,DnaJ homolog  subfamily C  member 7,K09527,,vv50132Primary_active_transporter_cat_A5_to_A8,
546,VIT_14s0068g01470,64,0.0307,Hydroxyproline-rich glycoprotein family protein,HRGP,,vv40006Cell_wall,
547,VIT_13s0074g00040,63,0.0307,Phytol kinase 2  chloroplast precursor,VTE5,,vv10860Porphyrin_and_chlorophyll_metabolism,
548,VIT_02s0033g00450<br>VIT_02s0033g00380<br>VIT_02s0033g00390<br>VIT_02s0033g00410,63,0.0305,
549,VIT_14s0108g00420,61,0.0295,Basic helix-loop-helix (bHLH) family,BHLHDOM_4,,vv60011BHLH,
550,VIT_06s0004g05730,61,0.0294,Universal stress protein (USP) family protein,,,,
551,VIT_08s0040g01170,61,0.0294,Hydroxymethylglutaryl-CoA lyase,E4_1_3_4,,vv10072Synthesis_and_degradation_of_ketone_bodies,vv10280Valine_leucine_and_isoleucine_degradation
552,VIT_10s0092g00010,60,0.0291,Unknown protein,,,,
553,VIT_13s0019g02880,60,0.0291,UDP-glucoronosyl/UDP-glucosyl transferase,,,,
554,VIT_08s0056g00180,59,0.0286,Translation initiation factor IF-2B subunit delta,K03680,,,
555,VIT_06s0080g01060,59,0.0284,Calcium-binding EF hand,,,,
556,VIT_19s0014g04690,58,0.0281,Indole-3-acetic acid-amido synthetase,AUXINBIOSYNTHESIS_GH3,,vv11002Auxin_biosynthesis,
557,VIT_09s0002g00300,58,0.0280,APUM23 (Arabidopsis PUMILIO 23),,,,
558,VIT_14s0083g00850,58,0.0279,Lipase GDSL 7,,,,
559,VIT_11s0016g02900,56,0.0272,Leucine-rich repeat family protein / extensin,EXTENSIN,,vv40006Cell_wall,
560,VIT_02s0025g00030,55,0.0266,Zinc finger (C3HC4-type ring finger),ZFC3HC4_125,,vv60078Other_zf-C3HC4,
561,VIT_04s0008g00860,55,0.0265,Ndr family protein,,,,
562,VIT_18s0001g12900,54,0.0262,S-adenosyl-L-methionine:salicylic acid carboxyl methyltransferase,SAMTBSCMT,,vv10360Phenylalanine_metabolism,
563,VIT_18s0001g13500,54,0.0261,forkhead-associated domain-containing protein,FHADOM_9,,vv60028FHA,
564,VIT_19s0014g01900,54,0.0260,Protein transport protein Sec24,K14007,,vv24141Protein_processing_in_endoplasmic_reticulum,vv50110Protein_coat
565,VIT_02s0025g02680,54,0.0260,Growth-regulating factor 5,GRF5_1,,vv60033GRF,
566,VIT_11s0016g05400,53,0.0255,Unknown protein,,,,
567,VIT_05s0094g01210,53,0.0255,Amine oxidase,E1_4_3_4,,vv10220Urea_cycle_and_metabolism_of_amino_groups,vv10340Histidine_metabolism
568,VIT_05s0094g00820,53,0.0255,Unknown protein,,,,
569,VIT_00s1937g00010,52,0.0251,Amine oxidase,E1_4_3_4,,vv10220Urea_cycle_and_metabolism_of_amino_groups,vv10340Histidine_metabolism
570,VIT_09s0002g08930,52,0.0250,Calcium ion binding,,,,
571,VIT_13s0019g05150,52,0.0250,Unknown protein,,,,
572,VIT_12s0142g00640,51,0.0246,FLS2 (flagellin-sensitive 2),K13420,,vv34626Plant-pathogen_interaction,
573,VIT_08s0007g06780,50,0.0242,Unknown protein,,,,
574,VIT_10s0003g01550,49,0.0238,IMK2 (inflorescence meristem receptor-like kinase 2),,,,
575,VIT_01s0026g01140,48,0.0234,ZCW32 (BIGPETAL  BIGPETALUB),ZCW32_2,,vv60011BHLH,
576,VIT_07s0197g00250,48,0.0231,Disease resistance protein (CC-NBS-LRR class),,,,
577,VIT_08s0040g03400,45,0.0218,Short-chain dehydrogenase/reductase,,,,
578,VIT_12s0134g00090,45,0.0217,R-linalool synthase,E4_2_3_26,,vv10900Terpenoid_biosynthesis,
579,VIT_02s0025g04430,45,0.0216,Sugar transporter 1,STP1,,vv50121Porters_cat_1_to_6,
580,VIT_08s0040g02820,44,0.0213,Unknown protein,,,,
581,VIT_18s0001g10830,44,0.0212,Patatin,,,,
582,VIT_00s0194g00340,44,0.0212,No hit,,,,
583,VIT_06s0061g00620,44,0.0212,Short-chain dehydrogenase carbonyl reductase 3,,,,
584,VIT_14s0006g02290,43,0.0209,DREB sub A-4 of ERF/AP2 transcription factor,TINY_2,VvERF028,vv30008Ethylene_signaling,vv60003AP2_EREBP
585,VIT_14s0081g00020,43,0.0209,Pathogenesis-related protein-4 (Chitinase ),E3_2_1_14,,vv10530Aminosugars_metabolism,
586,VIT_08s0007g08380,43,0.0208,Cellulose synthase CESA3,E2_4_1_12_CESA3,,vv30011Jasmonate_signaling,vv40006Cell_wall
587,VIT_18s0001g14660,42,0.0204,P-glycoprotein 13,PGP13,,vv52010ABC_transporters,
588,VIT_10s0042g01040,42,0.0204,CYP714A1,,,,
589,VIT_11s0016g01400,42,0.0203,PSBX (photosystem II subunit X),K02722,,vv10195Photosynthesis,
590,VIT_10s0003g00560,42,0.0203,Wuschel homeobox 9,WOX9,VvHB37,vv60034HB,
591,VIT_18s0166g00110,41,0.0199,E4/E8 binding protein-1,E4E8BP,,vv30008Ethylene_signaling,
592,VIT_12s0059g00220,41,0.0197,Epoxide hydrolase,E3_3_2_10,,,
593,VIT_08s0032g01090,40,0.0194,Ubiquitin-specific protease 8 (UBP8),,,,
594,VIT_01s0011g03550,39,0.0189,Unknown,,,,
595,VIT_07s0104g01160,39,0.0189,Substrate carrier   Mitochondrial,K03454,,vv50123Porters_cat_18_to_29,
596,VIT_06s0004g06060,39,0.0189,Unknown protein,,,,
597,VIT_10s0092g00150,39,0.0188,Patatin protein 3,,,,
598,VIT_03s0063g01880,39,0.0188,Acyl-CoA synthetase long-chain member 2,E6_2_1_3_LACS2,,vv10071Fatty_acid_metabolism,vv44146Peroxisome
599,VIT_07s0005g04790,37,0.0179,Myosin-like protein XIB,MYOSINXIB,,vv44810Regulation_of_actin_cytoskeleton,
600,VIT_05s0102g00830,37,0.0178,Unknown protein,,,,
601,VIT_10s0003g01960,37,0.0178,RKF1 (receptor-like kinase in flowers 1),,,,
602,VIT_01s0010g03800,36,0.0174,Unknown protein,,,,
603,VIT_16s0098g01550,36,0.0174,No hit,,,,
604,VIT_15s0046g02660,35,0.0169,Sas10/U3 ribonucleoprotein,,,,
605,VIT_02s0234g00110,35,0.0168,Oleosin OLE-4,,,,
606,VIT_08s0040g02610,34,0.0164,Unknown,,,,
607,VIT_04s0008g03630,34,0.0164,Binding,,,,
608,VIT_13s0067g03050,34,0.0164,Leucine-rich repeat transmembrane protein kinase,,,,
609,VIT_16s0039g02680,33,0.0160,Unknown protein,,,,
610,VIT_12s0059g02480,33,0.0159,CYCP2;1 (cyclin p2;1),CYCP2_1,,vv44110Cell_cycle,
611,VIT_01s0127g00420,33,0.0158,Naphthoate synthase,E4_1_3_36,,vv10130Ubiquinone_biosynthesis,
612,VIT_04s0008g03950,32,0.0156,RD22,,,,
613,VIT_03s0038g01960,32,0.0155,Proline-rich family protein,,,,
614,VIT_12s0034g02560,32,0.0155,DNA (cytosine-5)-methyltransferase (ATHIM),E2_1_1_37,,vv10271Methionine_metabolism,
615,VIT_03s0038g03560,32,0.0154,CAO (CHAOS); chromatin binding,CPSRP43,,vv50113Thylakoid_targeting_pathway,
616,VIT_18s0089g00410,31,0.0150,Sucrose-phosphate synthase 1,E2_4_1_14,,vv10500Starch_and_sucrose_metabolism,
617,VIT_04s0044g00500,31,0.0150,Unknown protein,,,,
618,VIT_08s0056g00600,31,0.0150,No hit,,,,
619,VIT_14s0006g01930,31,0.0150,Unknown protein,,,,
620,VIT_04s0008g06310,29,0.0140,Octicosapeptide/Phox/Bem1p (PB1) domain-containing protein,BEM1P,,vv50132Primary_active_transporter_cat_A5_to_A8,
621,VIT_01s0244g00030,28,0.0136,ACP4 (Acyl carrier protein 4),K02078,,vv50134Primary_active_transporter_cat_D1,
622,VIT_09s0018g01780,28,0.0135,ACT domain repeat 1 (ACR1) uridylyltransferase,,,,
623,VIT_12s0057g01410,28,0.0135,Exostosin,K02366,,vv11030Glycan_structures-biosynthesis1,
624,VIT_04s0044g01790,28,0.0135,Ribosome assembly protein 1,K14536,,vv23008Ribosome_biogenesis_in_Eukaryotes,
625,VIT_04s0023g00050,26,0.0126,Sterol glucosyltransferase,E2_4_1_173,,vv10100Biosynthesis_of_steroids,
626,VIT_00s1663g00010,26,0.0126,No hit,,,,
627,VIT_11s0016g04160,26,0.0125,Sulfate transporter 3.5,SULTR3_5,,vv50124Porters_cat_30_to_64,
628,VIT_02s0025g01470,26,0.0125,Unknown protein,,,,
629,VIT_11s0016g00630,26,0.0125,DEAD-box ATP-dependent RNA helicase 17,RH17,,vv23040Spliceosome,vv50133Primary_active_transporter_cat_A9_to_A18
630,VIT_17s0000g02230,25,0.0121,Jasmonate ZIM domain-containing protein 3,JAZ3_2,,vv30011Jasmonate_signaling,vv34626Plant-pathogen_interaction
631,VIT_15s0046g02070,25,0.0121,Zinc finger (C3HC4-type ring finger),ZFC3HC4_27,,vv60078Other_zf-C3HC4,
632,VIT_07s0005g05090,25,0.0121,No hit,,,,
633,VIT_01s0011g03210,24,0.0116,Aspartyl protease,E3_4_23_x,,,
634,VIT_06s0004g04490,24,0.0116,Unknown protein,,,,
635,VIT_01s0010g02750,24,0.0116,Lipoxygenase,E1_13_11_12,,vv10592alpha-Linolenic_acid_metabolism,
636,VIT_18s0001g10440,24,0.0116,THO complex subunit 5,K13174,,vv23013RNA_transport,
637,VIT_18s0001g09180,24,0.0116,CUE domain containing protein,,,,
638,VIT_17s0000g04750,23,0.0111,UDP-glycosyltransferase 89B2,E2_4_1_17,,vv10040Pentose_glucuronate_interconversion,vv10500Starch_and_sucrose_metabolism
639,VIT_02s0033g00370,23,0.0111,Myb domain protein 113,MYB113_4,MYBA4,vv60044MYB,
640,VIT_14s0066g00950,23,0.0110,Isocitrate dehydrogenase  chloroplast precursor,E1_1_1_42,,vv10020Citrate_cycle,vv10720Reductive_carboxylate_cycle
641,VIT_01s0011g01610,22,0.0106,Protein kinase C inhibitor,,,,
642,VIT_11s0016g04270,22,0.0106,Hydrolase  alpha/beta fold,,,,
643,VIT_02s0033g00460<br>VIT_02s0033g00400<br>VIT_02s0033g00430,22,0.0106,
644,VIT_04s0023g01880,21,0.0102,Zinc finger homeobox 31,ZFHB31,,vv60068Zf-HD,
645,VIT_00s0379g00070,21,0.0102,CDPK protein kinase,,,,
646,VIT_07s0031g00750,21,0.0101,MATE efflux family protein,MATE,,vv50125Porters_cat_66_to_94,
647,VIT_08s0007g08680,21,0.0101,Unknown protein,,,,
648,VIT_13s0067g00140,20,0.0097,Proline-rich family protein,BHSH1,,vv60013BHSH,
649,VIT_06s0061g00700,20,0.0097,Auxin-regulated protein,AUXREG,,vv30003Auxin_signaling,
650,VIT_04s0043g00560,20,0.0097,DD1A protein,,,,
651,VIT_06s0004g05480,20,0.0097,Translation initiation factor eIF-3 subunit 3,K03247,,vv23013RNA_transport,
652,VIT_10s0116g01870,20,0.0096,MATE efflux family protein,MATE,,vv50125Porters_cat_66_to_94,
653,VIT_02s0025g03530,20,0.0096,Gamma-glutamylcysteine synthetase,E6_3_2_2,,vv10251Glutamate_metabolism,vv10480Glutathione_metabolism
654,VIT_08s0007g03250,19,0.0092,Unknown protein,,,,
655,VIT_07s0005g02220,19,0.0092,LHCII type I CAB-1,K08912,,vv10196Photosynthesis_antenna_proteins,vv50105Transport_electron_carriers
656,VIT_19s0014g03510,19,0.0092,ARF GTPase activator  ARF-GAP Domain 5,AGD5,,vv50110Protein_coat,
657,VIT_18s0041g00890,19,0.0091,UDP-glucose: anthocyanidin 5 3-O-glucosyltransferase,RHGT1,,vv10942Anthocyanin_biosynthesis,
658,VIT_09s0096g00880<br>VIT_00s0606g00010,18,0.0088,
659,VIT_13s0064g01080,18,0.0087,Thylakoid lumenal 19 kDa protein  chloroplast precursor,,,,
660,VIT_08s0007g07550,18,0.0087,GATA transcription factor 11,GAT11_3,,vv60016C2C2-GATA,
661,VIT_18s0089g00490,18,0.0087,Sucrose synthase,E2_4_1_13,,vv10500Starch_and_sucrose_metabolism,
662,VIT_15s0046g01820,18,0.0087,Ring-H2 finger B1A,RHB1A,,vv60078Other_zf-C3HC4,
663,VIT_05s0077g01290,18,0.0087,Unknown protein,,,,
664,VIT_17s0000g07530,18,0.0087,Transportin-SR,TRANSPORTINSR,,vv50112Nuclear_pore_complex,
665,VIT_19s0027g01810,18,0.0087,Invertase/pectin methylesterase inhibitor,PMEI,,vv40006Cell_wall,
666,VIT_10s0116g01580,17,0.0082,No hit,,,,
667,VIT_01s0137g00210,17,0.0082,Photosystem II core complex proteins psbY  chloroplast precursor,K02723,,vv10195Photosynthesis,vv50135Primary_active_transporter_cat_D3_to_E2
668,VIT_17s0000g10260,17,0.0082,AarF domain containing kinase,K08869,,,
669,VIT_05s0029g01340,17,0.0082,Auxin-independent growth promoter (axi 1),AXI1,,vv30003Auxin_signaling,
670,VIT_15s0048g01600,16,0.0078,Geraniol 10-hydroxylase,G10H,,vv10902Monoterpenoid_biosynthesis,
671,VIT_06s0004g02250,16,0.0078,Unknown protein,,,,
672,VIT_17s0000g04270,16,0.0077,Peptidyl-prolyl cis-trans isomerase B,K03768,,,
673,VIT_17s0000g03750,16,0.0077,Chitin elicitor-binding CEBIP LysM domain-containing,K13473,,vv34626Plant-pathogen_interaction,
674,VIT_00s0934g00010,16,0.0077,RARE-cold-inducible 2B,RCI2B,,vv50109Incompletely_characterized_transport_systems,
675,VIT_08s0007g02500,16,0.0077,Transcription termination factor mitochondrial mTERF,MTERF_28,,vv60085MTERF,
676,VIT_00s0724g00010,16,0.0077,Pinene synthase,E4_2_3_14,,vv10902Monoterpenoid_biosynthesis,
677,VIT_02s0109g00230,15,0.0073,Early-responsive to dehydration protein / ERD protein,,,,
678,VIT_08s0032g00600,15,0.0073,Ubiquitin-specific protease 12 (UBP12),,,,
679,VIT_11s0016g03130,15,0.0073,Ceramide glucosyltransferase,E2_4_1_80,,vv10600Sphingolipid_metabolism,
680,VIT_05s0020g00970,15,0.0073,Thioesterase family,,,,
681,VIT_17s0000g00280,15,0.0072,Magnesium-protoporphyrin O-methyltransferase,E2_1_1_11,,vv10860Porphyrin_and_chlorophyll_metabolism,
682,VIT_14s0030g00960,15,0.0072,R protein MLA10,K13475,,vv34627R_proteins_from_Plant-pathogen_interaction,
683,VIT_05s0077g01130,15,0.0072,Seed maturation protein PM36,,,,
684,VIT_03s0063g00110,14,0.0068,Cyclin delta-3,CYCD3,,vv30007Cytokinin_signaling,vv44110Cell_cycle
685,VIT_05s0051g00460,14,0.0068,Leucine-rich repeat protein kinase,,,,
686,VIT_12s0059g01650,14,0.0068,Division site determinant MinD  Plastid,MIND1,,vv44110Cell_cycle,
687,VIT_12s0028g00450,14,0.0068,Carrier protein  Mitochondrial,K03454,,vv50123Porters_cat_18_to_29,
688,VIT_14s0108g00490,14,0.0067,Cullin 3a,K03869,,vv24120Ubiquitin_mediated_proteolysis,
689,VIT_14s0036g00440,14,0.0067,Unknown protein,,,,
690,VIT_05s0020g03030,13,0.0063,Leucine-rich repeat family protein,,,,
691,VIT_19s0015g00930,13,0.0063,Hydroxyproline-rich glycoprotein,HRGP,,vv40006Cell_wall,
692,VIT_12s0059g01770,13,0.0063,Caffeic acid O-methyltransferase,E2_1_1_68,,vv10940Phenylpropanoid_biosynthesis,
693,VIT_06s0009g03350,13,0.0063,Phosphatidylglycerol specific phospholipase C,E3_1_4_3,,vv10260Glycine_serine_and_threonine_metabolism,vv10562Inositol_phosphate_metabolism
694,VIT_16s0039g00220,13,0.0063,Aquaporin BETA-TIP,TIP_BETA,,vv50101Channels_and_pores,
695,VIT_02s0025g03250,13,0.0063,Protein kinase,,,,
696,VIT_06s0080g01260,13,0.0063,Receptor-like kinase,,,,
697,VIT_18s0001g06820,12,0.0058,MATE efflux family protein ripening responsive,MATE,,vv50125Porters_cat_66_to_94,
698,VIT_19s0014g03330,12,0.0058,Peptidyl-prolyl cis-trans isomerase TLP38  chloroplast,K01802,,,
699,VIT_08s0032g00730,12,0.0058,F-box and JmjC domain protein,JMJD7_1,,vv60038Jumonji,
700,VIT_00s0231g00090,12,0.0058,No hit,,,,
701,VIT_16s0013g01410,12,0.0058,Serine esterase,E3_1_1_1,,,
702,VIT_02s0025g04730,12,0.0058,Glyoxylate reductase,E1_1_1_26,,vv10630Glyoxylate_and_dicarboxylate_metabolism,
703,VIT_10s0003g02120,12,0.0058,Lipase GDSL,,,,
704,VIT_13s0019g02150,12,0.0058,Laccase,E1_10_3_2,,vv11000Single_reactions,vv50109Incompletely_characterized_transport_systems
705,VIT_19s0014g03350,12,0.0058,Peptidyl-prolyl cis-trans isomerase TLP38  chloroplast,K01802,,,
706,VIT_18s0001g05480,12,0.0058,Unknown protein,,,,
707,VIT_07s0151g01090,12,0.0057,No hit,,,,
708,VIT_10s0071g00860,11,0.0053,Disease resistance protein,,,,
709,VIT_18s0089g00510,11,0.0053,Isopentenyltransferase 1,E2_5_1_27,,vv10908Zeatin_biosynthesis,
710,VIT_05s0077g02300,10,0.0049,UDP-glucuronic acid decarboxylase 2,E4_1_1_35,,vv10500Starch_and_sucrose_metabolism,vv10520Nucleotide_sugars_metabolism
711,VIT_05s0049g02360,10,0.0049,DEAD/DEAH box helicase (RH10),RH10,,vv23040Spliceosome,vv50133Primary_active_transporter_cat_A9_to_A18
712,VIT_06s0004g03020,10,0.0048,Beta-galactosidase,E3_2_1_23,,vv10052Galactose_metabolism,vv10511N-Glycan_degradation
713,VIT_06s0004g06820,10,0.0048,Unknown protein,,,,
714,VIT_18s0001g14030,9,0.0044,Lysine decarboxylase,E4_1_1_18,,vv10300Lysine_biosynthesis,
715,VIT_05s0020g00420,9,0.0044,Polygalacturonase GH28,E3_2_1_15,,vv40006Cell_wall,
716,VIT_03s0038g04220,9,0.0044,Dihydroflavonol-4-reductase,E1_1_1_219,,vv10941Flavonoid_biosynthesis,
717,VIT_18s0001g01210,9,0.0044,Senescence-inducible chloroplast stay-green protein 2,,,,
718,VIT_08s0007g03160,9,0.0044,Signal recognition particle subunit 54 SRP54,K03106,,vv23060Protein_export,vv50113Thylakoid_targeting_pathway
719,VIT_06s0080g00800,9,0.0044,Vesicle-associated membrane protein 714,K08515,,vv24130SNARE_interactions_in_vesicular_transport,vv50101Channels_and_pores
720,VIT_05s0049g01980,9,0.0044,3-isopropylmalate dehydratase large subunit 2,E4_2_1_33,,vv10290Valine_leucine_and_isoleucine_biosynthesis,
721,VIT_08s0040g00300,9,0.0043,No hit,,,,
722,VIT_19s0177g00330,9,0.0043,Unknown protein,,,,
723,VIT_15s0046g02380,9,0.0043,CYP86A8,,,,
724,VIT_13s0064g01430,9,0.0043,Pigment defective 322,CP33,,,
725,VIT_18s0041g00710,9,0.0043,UDP-glucose: anthocyanidin 5 3-O-glucosyltransferase,RHGT1,,vv10942Anthocyanin_biosynthesis,
726,VIT_05s0020g02830,9,0.0043,Unknown protein,,,,
727,VIT_06s0061g00010,9,0.0043,Magnesium-chelatase subunit chlD  chloroplast precursor,E6_6_1_1,,vv10860Porphyrin_and_chlorophyll_metabolism,
728,VIT_17s0000g02600,9,0.0043,Unknown protein,,,,
729,VIT_12s0059g01590,9,0.0043,Lipase GDSL,,,,
730,VIT_00s0286g00050,9,0.0043,S-locus protein kinase,,,,
731,VIT_15s0048g01590,9,0.0043,CYP76B1,,,,
732,VIT_05s0020g03130,9,0.0043,Plastocyanin domain-containing protein,K02638,,vv10195Photosynthesis,vv50113Thylakoid_targeting_pathway
733,VIT_03s0038g02570,9,0.0043,Ubiquitin-conjugating enzyme E2 O,K10581,,vv24120Ubiquitin_mediated_proteolysis,
734,VIT_10s0003g04100,9,0.0043,Auxin response factor 3,ARF3_1,,vv30003Auxin_signaling,vv60004ARF
735,VIT_17s0000g01130,8,0.0038,Nuclear transcription factor Y subunit C-1,NFYC1_1,,vv60021CCAAT,
736,VIT_07s0005g01670,7,0.0034,No hit,,,,
737,VIT_08s0007g03770,7,0.0034,Unknown protein,,,,
738,VIT_11s0016g04540,7,0.0034,ABC transporter G member 22,ABCG22,,vv52010ABC_transporters,
739,VIT_18s0122g00860,7,0.0034,Unknown protein,,,,
740,VIT_08s0007g00890,6,0.0029,Tropinone reductase,E1_1_1_206,,vv10220Urea_cycle_and_metabolism_of_amino_groups,
741,VIT_05s0094g01420,6,0.0029,Inosine-uridine preferring nucleoside hydrolase,E3_2_2_1,,vv10230Purine_metabolism,vv10760Nicotinate_and_nicotinamide_metabolism
742,VIT_13s0019g03210,6,0.0029,Lectin-like protein,,,,
743,VIT_03s0038g04150,6,0.0029,FAR1-related sequence 9,FRS9,,vv60071Orphans_far-red,
744,VIT_08s0032g01140,6,0.0029,Unknown protein,,,,
745,VIT_18s0001g09450,6,0.0029,Unknown protein,,,,
746,VIT_18s0086g00230,6,0.0029,Unknown protein,,,,
747,VIT_07s0129g00860,6,0.0029,CYP81E1 Isoflavone 2'-hydroxylase,E1_14_13_89,,vv10943Isoflavonoid_biosynthesis,
748,VIT_14s0219g00220,6,0.0029,CCT motif constans-like,CCT_7,,vv60070Orphans_CCT,
749,VIT_11s0037g00810,6,0.0029,Unknown protein,,,,
750,VIT_08s0007g00530,6,0.0029,3-beta hydroxysteroid dehydrogenase/isomerase protein,E1_1_1_145,,vv10140C21-Steroid_hormone_metabolism,
751,VIT_08s0040g02950,6,0.0029,Zinc finger (C3HC4-type ring finger),ZFC3HC4_240,,vv60078Other_zf-C3HC4,
752,VIT_04s0008g01970,6,0.0029,ER (ERECTA),,,,
753,VIT_01s0010g03860,6,0.0029,Unknown,,,,
754,VIT_09s0002g05270,6,0.0029,Gibberellin 3beta-hydroxylase3,E1_14_11_15,,vv10904Diterpenoid_biosynthesis,vv30001ABA_signaling
755,VIT_06s0004g05950,6,0.0029,Unknown protein,,,,
756,VIT_02s0012g02810,6,0.0029,CYP76C4,,,,
757,VIT_18s0001g03670,6,0.0029,Zinc finger (C2H2 type) family,C2H2FAM_10,,vv60017C2H2,
758,VIT_11s0016g02910,6,0.0029,Acid phosphatase class B,E3_1_3_2,,vv10740Riboflavin_metabolism,
759,VIT_11s0052g00800,6,0.0029,Protein kinase family,,,,
760,VIT_04s0023g01600,6,0.0029,Membrane protein,,,,
761,VIT_00s0373g00030,6,0.0029,HSL2 (HAESA-like 2),,,,
762,VIT_12s0059g01870,6,0.0029,GH3-like protein,AUXINBIOSYNTHESIS_GH3,,vv11002Auxin_biosynthesis,
763,VIT_03s0038g01330,6,0.0029,Anthranilate N-benzoyltransferase protein 1,E2_3_1_144,,vv10400Phenylalanine_tyrosine_and_tryptophan_biosynthesis,
764,VIT_14s0108g00750,6,0.0029,Zinc finger homeobox 34,ZFHB34,,vv60068Zf-HD,
765,VIT_16s0098g01740,6,0.0029,Unknown protein,,,,
766,VIT_18s0001g05580,6,0.0029,Unknown protein,,,,
767,VIT_17s0000g03130,6,0.0029,Unknown protein,,,,
768,VIT_18s0001g05950,6,0.0029,Cis-zeatin O-beta-D-glucosyltransferase,E2_4_1_215,,vv10908Zeatin_biosynthesis,
769,VIT_10s0003g00620,6,0.0029,Lipase GDSL,,,,
770,VIT_11s0052g01140,6,0.0029,Membrane protein,,,,
771,VIT_00s0207g00010,6,0.0029,Anthranilate N-benzoyltransferase protein 1,E2_3_1_144,,vv10400Phenylalanine_tyrosine_and_tryptophan_biosynthesis,
772,VIT_00s1328g00020,6,0.0029,Phytosulfokines PSK4,,,,
773,VIT_02s0012g00640,6,0.0029,PBP1 (pinoid-binding protein 1),PBP1,,vv50004Auxin_transport,
774,VIT_05s0020g03420,6,0.0029,PHD finger transcription factor,PHDFG_4,,vv60048PHD,
775,VIT_01s0011g04760,6,0.0029,Myb domain protein 4,MYB4_2,MYBC2-L1,vv60044MYB,
776,VIT_08s0007g02170,6,0.0029,Yippee,,,,
777,VIT_01s0011g02840,6,0.0029,Cytochrome B561,K08360,,vv50105Transport_electron_carriers,
778,VIT_07s0129g00360,6,0.0029,Peroxidase 73,E1_11_1_7,,vv10360Phenylalanine_metabolism,vv10680Methane_metabolism
779,VIT_19s0014g04710,6,0.0029,DAG protein  chloroplast precursor,,,,
780,VIT_04s0008g07340,6,0.0029,Constans-like 4,COL4,,vv30009Flower_development,vv34710Circadian_rhythm
781,VIT_07s0005g02850,6,0.0029,No hit,,,,
782,VIT_05s0062g00780,4,0.0019,Rho GDP-dissociation inhibitor 2,,,,
783,VIT_16s0039g00010,4,0.0019,ABC transporter G member 7,ABCG7,,vv52010ABC_transporters,
784,VIT_02s0025g03100,4,0.0019,Cinnamyl alcohol dehydrogenase,E1_1_1_195,,vv10940Phenylpropanoid_biosynthesis,
785,VIT_07s0005g01690,4,0.0019,No hit,,,,
786,VIT_16s0050g01980,4,0.0019,EIX receptor 2,,,,
787,VIT_00s0317g00060,4,0.0019,Unknown protein,,,,
788,VIT_16s0098g01890,4,0.0019,Phosphatidylinositol 3- and 4-kinase / ubiquitin,,,,
789,VIT_14s0060g00680,4,0.0019,Lipase GDSL,,,,
790,VIT_17s0000g05370,4,0.0019,MYC ZCW32 (bigpetal  bigpetalub),ZCW32_1,,vv60011BHLH,
791,VIT_00s0313g00040,3,0.0015,PAS2 (PASTICCINO 2),K10703,,vv11040Biosynthesis_of_unsaturated_fatty_acids,
792,VIT_14s0068g00160,3,0.0015,No hit,,,,
793,VIT_04s0008g04080,3,0.0015,No hit,,,,
794,VIT_01s0010g01900,3,0.0015,Pentatricopeptide (PPR) repeat-containing protein,,,,
795,VIT_09s0002g08050,3,0.0015,Unknown protein,,,,
796,VIT_07s0129g01070,3,0.0015,Leucine-rich repeat protein kinase,,,,
797,VIT_11s0037g00490,3,0.0015,Translation initiation factor eIF-4F,K03260,,vv23013RNA_transport,
798,VIT_01s0127g00900,3,0.0015,No hit,,,,
799,VIT_04s0008g07370,3,0.0015,Glutamine dumper  2,,,,
800,VIT_17s0000g01280,3,0.0015,WRKY DNA-binding protein 75,WRKY75_3,VvWRKY52,vv60066WRKY,
801,VIT_04s0044g01110,3,0.0015,Alcohol dehydrogenase 6,E1_1_1_1,,vv10010Glycolysis,vv10071Fatty_acid_metabolism
802,VIT_13s0084g00670,3,0.0015,Unknown protein,,,,
803,VIT_11s0016g01340,3,0.0015,Unknown protein,,,,
804,VIT_00s0317g00160,3,0.0015,Chalcone and stilbene synthases,E2_3_1_74,,vv10941Flavonoid_biosynthesis,
805,VIT_08s0007g01500,3,0.0015,DNA binding / nuclease,,,,
806,VIT_18s0001g00690,3,0.0015,Glutathione S-transferase 8 GSTF8,E2_5_1_18_GSTF8,,vv10480Glutathione_metabolism,
807,VIT_12s0142g00630,3,0.0015,Calcineurin-like phosphoesterase family,,,,
808,VIT_14s0060g01790,3,0.0015,Unknown protein,,,,
809,VIT_18s0157g00060,3,0.0015,Allinase,E4_4_1_4,,vv10272Cysteine_metabolism,
810,VIT_16s0098g01280,3,0.0015,Rhodanese domain-containing protein,K07146,,,
811,VIT_18s0001g01750,3,0.0015,No hit,,,,
812,VIT_08s0040g01190,3,0.0015,3-oxoacyl-reductase  chloroplast precursor,E1_1_1_100,,vv10061Fatty_acid_biosynthesis,vv11040Biosynthesis_of_unsaturated_fatty_acids
813,VIT_18s0001g01590,3,0.0015,BTB/POZ domain-containing protein,BTBDOM_1,,vv60093TRAF,
814,VIT_02s0109g00180,3,0.0015,No hit,,,,
815,VIT_08s0032g01180,3,0.0015,CP33 (pigment defective 322),CP33,,vv50133Primary_active_transporter_cat_A9_to_A18,
816,VIT_07s0205g00070,3,0.0015,Phosphoenolpyruvate carboxykinase,E4_1_1_49,,vv10020Citrate_cycle,vv10620Pyruvate_metabolism
817,VIT_04s0008g00800,3,0.0015,Ferrochelatase-2,E4_99_1_1,,vv10860Porphyrin_and_chlorophyll_metabolism,
818,VIT_12s0028g01300,3,0.0015,Polygalacturonase GH28,E3_2_1_15,,vv40006Cell_wall,
819,VIT_17s0000g02860,3,0.0015,G1 to S phase transition protein,K03267,,vv23015mRNA_surveillance_pathway,
820,VIT_05s0049g00050,3,0.0015,Cellulose synthase CSLG2,E2_4_1_12_CSLG3,,vv40006Cell_wall,
821,VIT_14s0030g01160,3,0.0015,R protein disease resistance protein,RPROT,,vv34627R_proteins_from_Plant-pathogen_interaction,
822,VIT_06s0004g03210,3,0.0015,Unknown,,,,
823,VIT_00s0207g00250,3,0.0015,No hit,,,,
824,VIT_08s0007g02860,3,0.0015,RNA-binding protein,,,,
825,VIT_11s0016g03540,3,0.0015,Auxin-responsive protein IAA27,IAA27_1,,vv30003Auxin_signaling,vv60008AUXIAA
826,VIT_06s0004g05230,3,0.0015,Plastid transcriptionally active18,PTAC16,,vv50133Primary_active_transporter_cat_A9_to_A18,
827,VIT_08s0040g00380,3,0.0015,Zinc finger (DHHC type) family,ZFDHHC_22,,vv60079Other_zf-DHHC,
828,VIT_16s0050g01950,3,0.0015,Disease resistance family protein / LRR family,,,,
829,VIT_08s0007g09000,3,0.0015,Glycerol-3-phosphate dehydrogenase,E1_1_1_8,,vv10564Glycerophospholipid_metabolism,
830,VIT_03s0063g02290,3,0.0015,Unknown protein,,,,
831,VIT_03s0063g00370,3,0.0015,Nitrite reductase,E1_7_7_1,,vv10910Nitrogen_metabolism,
832,VIT_00s0341g00070<br>VIT_00s0632g00010,3,0.0015,
833,VIT_06s0004g04180,3,0.0015,Zinc finger (C2H2 type) protein (ZAT11),ZAT11,,vv60017C2H2,
834,VIT_11s0016g01700,3,0.0015,Unknown protein,,,,
835,VIT_02s0025g02610,3,0.0015,Basic helix-loop-helix (bHLH) family,BHLHDOM_48,,vv60011BHLH,
836,VIT_11s0016g05110,3,0.0015,Sodium hypersensitive 1,SHS1,,vv50123Porters_cat_18_to_29,
837,VIT_08s0007g08080,3,0.0015,G protein beta subunit-like,K08266,,vv34150mTOR_signaling_pathway,
838,VIT_13s0047g00360,3,0.0014,6-hydroxyisobutyryl-coenzyme A hydrolase,E3_1_2_4,,vv10280Valine_leucine_and_isoleucine_degradation,vv10410Beta-alanine_metabolism
839,VIT_06s0004g04890,3,0.0014,Rhomboid ATRBL1,,,,
840,VIT_16s0098g00810,3,0.0014,Unknown protein,,,,
841,VIT_03s0091g00190,3,0.0014,WD40,,,,
842,VIT_08s0007g06900,3,0.0014,Disease resistance-responsive,,,,
843,VIT_04s0008g01880,3,0.0014,Cytokinin dehydrogenase 7,E1_5_99_12,,vv10908Zeatin_biosynthesis,
844,VIT_12s0059g00240,3,0.0014,Epoxide hydrolase,E3_3_2_10,,,
845,VIT_16s0100g00270,3,0.0014,Peptidoglycan-binding LysM domain-containing protein,,,,
846,VIT_10s0116g01480,3,0.0014,2-oxoglutarate dehydrogenase E2 subunit,E1_2_4_2,,vv10020Citrate_cycle,vv10380Tryptophan_metabolism
847,VIT_17s0000g00300,3,0.0014,Signal recognition particle subunit 68 SRP68,K03107,,vv23060Protein_export,vv50132Primary_active_transporter_cat_A5_to_A8
848,VIT_07s0005g02540,3,0.0014,Protoporphyrinogen oxidase (PPOX),E1_3_3_4,,vv10860Porphyrin_and_chlorophyll_metabolism,
849,VIT_07s0151g00470,3,0.0014,Leucine-rich repeat family protein,,,,
850,VIT_00s0163g00060,3,0.0014,Zinc finger (C3HC4-type ring finger),ZFC3HC4_229,,vv60078Other_zf-C3HC4,
851,VIT_08s0040g03120,3,0.0014,Pseudo-response regulator 7 (APRR7),APRR7_1,,vv30007Cytokinin_signaling,vv34710Circadian_rhythm
852,VIT_18s0001g00090,3,0.0014,Seed maturation protein PM23,,,,
853,VIT_13s0019g03380,3,0.0014,Coronatine-insensitive protein 1,COI1,,vv30011Jasmonate_signaling,vv34626Plant-pathogen_interaction
854,VIT_19s0085g01000,3,0.0014,RGLG2 (ring Domain LIGASE2),RGLG2,,vv50004Auxin_transport,
855,VIT_10s0092g00260,3,0.0014,Alpha-glucosidase 1 (AGLU1),E3_2_1_20,,vv10052Galactose_metabolism,vv10500Starch_and_sucrose_metabolism
856,VIT_01s0137g00170,3,0.0014,B-keto acyl reductase,,,,
857,VIT_04s0008g04460,3,0.0014,Molybdate transporter 1,MOT1,,vv50124Porters_cat_30_to_64,
858,VIT_04s0044g02040,3,0.0014,Ubiquitin carboxyl-terminal hydrolase L5,K05610,,,
859,VIT_13s0106g00060,3,0.0014,Ankyrin repeat,,,,
860,VIT_13s0320g00060,3,0.0014,Carboxyl-terminal peptidase,,,,
861,VIT_02s0109g00380,3,0.0014,Stress response suppressor 1,STRS1,,vv23040Spliceosome,vv50133Primary_active_transporter_cat_A9_to_A18
862,VIT_13s0019g01930,3,0.0014,Laccase,E1_10_3_2,,vv11000Single_reactions,vv50109Incompletely_characterized_transport_systems
863,VIT_12s0028g00320,3,0.0014,LHB1B1,K08912,,vv10196Photosynthesis_antenna_proteins,vv50105Transport_electron_carriers
864,VIT_19s0014g00160,3,0.0014,LHCII type I CAB-1,K08912,,vv10196Photosynthesis_antenna_proteins,vv50105Transport_electron_carriers
865,VIT_12s0028g00640,3,0.0014,NOL1/NOP2/sun,K03500,,,
866,VIT_13s0067g01590,3,0.0014,Lectin protein kinase,,,,
867,VIT_16s0039g00570,3,0.0014,10-deacetylbaccatin III 10-O-acetyltransferase,E2_3_1_167,,vv10904Diterpenoid_biosynthesis,
868,VIT_00s0271g00030<br>VIT_00s0271g00060,3,0.0014,
869,VIT_14s0108g01660,3,0.0014,Biotin carboxyl carrier protein of acetyl-CoA carboxylase,E6_4_1_2,,vv10061Fatty_acid_biosynthesis,vv10620Pyruvate_metabolism
870,VIT_18s0122g00220,3,0.0014,Phosphodiesterase/alkaline phosphatase D,E3_1_4_1,,,
871,VIT_16s0050g00020,3,0.0014,Cullin-4,K10609,,vv23420Nucleotide_excision_repair,vv24120Ubiquitin_mediated_proteolysis
872,VIT_11s0016g04790,3,0.0014,No hit,,,,
873,VIT_14s0083g01130,3,0.0014,MAP3K-like protein kinase  putative  expressed,,,,
874,VIT_02s0025g02620,3,0.0014,BDG1 (BODYGUARD1) hydrolase,,,,
875,VIT_01s0137g00530,3,0.0014,Unknown,,,,
876,VIT_13s0019g05400,3,0.0014,RPG related protein 1 RR1,,,,
877,VIT_04s0008g02250,3,0.0014,Beta-ketoacyl-CoA synthase,E2_3_1_41,,vv10061Fatty_acid_biosynthesis,
878,VIT_15s0046g03230,3,0.0014,Disease resistance protein RGA4,,,,
879,VIT_08s0007g00980,3,0.0014,Integral membrane family protein UPF0497,,,,
880,VIT_03s0063g00550,3,0.0014,Fw2.2 ORFX,,,,
881,VIT_14s0068g00520,3,0.0014,F-box domain containing protein,,,,
882,VIT_01s0026g02330,3,0.0014,Phytochrome kinase substrate,,,,
