Vv_m2,2000,1000,VIT_04s0069g01120
rank,node,Fabs,Frel,Functional-annotation,Name-EC-KeggID,Updated-name,Network1,Network2
1,VIT_06s0009g03390,2046,1.0000,No hit,,,,
2,VIT_15s0046g03240,2079,1.0000,Unknown protein,,,,
3,VIT_09s0002g06750,2077,1.0000,ERF/AP2 transcription factor sub B-6 SHINE,SHINE1_1,VvERF042,vv30008Ethylene_signaling,vv60003AP2_EREBP
4,VIT_19s0090g01050,2070,1.0000,Endo-beta-1 4-glucanase,E3_2_1_4,,vv40006Cell_wall,
5,VIT_19s0090g00730,2061,1.0000,No hit,,,,
6,VIT_18s0041g00840,2076,1.0000,UDP-glucose: anthocyanidin 5 3-O-glucosyltransferase,E2_4_1_238,,vv10941Flavonoid_biosynthesis,vv10942Anthocyanin_biosynthesis
7,VIT_09s0002g03050,2056,0.9995,Lipase GDSL,,,,
8,VIT_11s0016g00880,2068,0.9990,Strictosidine synthase; Soluble quinoprotein glucose dehydrogenase,E4_3_3_2,,vv10900Terpenoid_biosynthesis,vv10902Monoterpenoid_biosynthesis
9,VIT_01s0137g00410,2068,0.9990,CYP86A2,,,,
10,VIT_11s0037g00320,2062,0.9990,Serine carboxypeptidase S10,,,,
11,VIT_13s0067g02910,2077,0.9986,Non-specific lipid-transfer protein,,,,
12,VIT_17s0000g09270,2065,0.9985,MATE efflux family protein,MATE,,vv50125Porters_cat_66_to_94,
13,VIT_15s0046g01960,2068,0.9971,Hydroquinone glucosyltransferase,E2_4_1_218,,vv10500Starch_and_sucrose_metabolism,
14,VIT_08s0056g01130,2063,0.9957,Mini zinc finger 2 MIF2,MIF2_2,,vv60068Zf-HD,
15,VIT_18s0001g10050,2065,0.9942,LRX1 (leucine-rich repeat/extensin 1),EXTENSIN,,vv40006Cell_wall,
16,VIT_16s0098g01740,2055,0.9932,Unknown protein,,,,
17,VIT_02s0033g01050,2049,0.9932,Anthraniloyal-CoA: methanol anthraniloyal transferase,AMAT,,vv10400Phenylalanine_tyrosine_and_tryptophan_biosynthesis,
18,VIT_18s0001g10060,2046,0.9922,LRX1 (leucine-rich repeat/extensin 1),EXTENSIN,,vv40006Cell_wall,
19,VIT_12s0059g00190,2041,0.9898,Beta-expansin (EXPB3),EXPB3,,vv30003Auxin_signaling,
20,VIT_13s0064g01640,2045,0.9874,Beta-primeverosidase,E3_2_1_149,,vv11000Single_reactions,
21,VIT_04s0079g00110,2022,0.9825,Kinesin 4 motor protein,K10395,,vv44810Regulation_of_actin_cytoskeleton,
22,VIT_06s0004g01550,2024,0.9787,Phosphoribosylanthranilate transferase,E2_4_2_18,,vv10400Phenylalanine_tyrosine_and_tryptophan_biosynthesis,
23,VIT_00s0820g00020,2036,0.9784,Anthocyanidine rhamnosyl-transferase,RHATR,,vv10942Anthocyanin_biosynthesis,
24,VIT_18s0001g02720,2023,0.9773,fatty acid elongation1 (FAE1),,,,
25,VIT_09s0054g01370,2027,0.9741,Beta-amyrin synthase,E5_4_99_BAS,,vv10900Terpenoid_biosynthesis,
26,VIT_12s0059g01830,2008,0.9677,Unknown,,,,
27,VIT_13s0067g00400,1986,0.9650,Anthranilate synthase alpha 1,E4_1_3_27,,vv10400Phenylalanine_tyrosine_and_tryptophan_biosynthesis,
28,VIT_18s0166g00220,1985,0.9645,No hit,,,,
29,VIT_00s1663g00010,1993,0.9637,No hit,,,,
30,VIT_19s0015g00510,1984,0.9612,Pectate lyase 2,E4_2_2_2,,vv40006Cell_wall,
31,VIT_13s0019g02880,1985,0.9589,UDP-glucoronosyl/UDP-glucosyl transferase,,,,
32,VIT_18s0122g00220,1981,0.9575,Phosphodiesterase/alkaline phosphatase D,E3_1_4_1,,,
33,VIT_01s0026g02030,1977,0.9537,Basic helix-loop-helix (bHLH) family,BHLHDOM_59,,vv60011BHLH,
34,VIT_15s0046g02380,1994,0.9532,CYP86A8,,,,
35,VIT_11s0016g05340,1959,0.9510,Ethylene-responsive transcription factor SHINE 3,SHINE3_2,VvERF043,vv30008Ethylene_signaling,vv60003AP2_EREBP
36,VIT_03s0038g01410,1971,0.9490,Aquaporin PIP PIP1A,PIP1A,,vv50101Channels_and_pores,
37,VIT_14s0068g01520,1935,0.9352,Double-stranded RNA-binding (DsRBD) domain-containing protein,,,,
38,VIT_10s0003g01010,1925,0.9349,Lipase GDSL,,,,
39,VIT_05s0077g02000,1938,0.9335,Epoxide hydrolase,E3_3_2_10,,,
40,VIT_10s0597g00050,1925,0.9322,Heat shock transcription factor B2A,HSFB2A_3,,vv60037HSF,
41,VIT_01s0182g00130,1925,0.9277,PHO1-like protein,PHO1,,vv50125Porters_cat_66_to_94,
42,VIT_06s0080g00760,1901,0.9246,Unknown protein,,,,
43,VIT_12s0034g00250,1908,0.9231,Aquaporin PIP1A,PIP1A,,vv50101Channels_and_pores,
44,VIT_01s0026g02280,1895,0.9195,Binding,,,,
45,VIT_13s0019g03710,1909,0.9191,Lateral organ boundaries protein 1,LBD1_7,,vv60007AS2,
46,VIT_08s0007g09000,1911,0.9179,Glycerol-3-phosphate dehydrogenase,E1_1_1_8,,vv10564Glycerophospholipid_metabolism,
47,VIT_09s0002g06310,1907,0.9177,No hit,,,,
48,VIT_11s0037g01290,1894,0.9159,No hit,,,,
49,VIT_05s0077g02300,1877,0.9076,UDP-glucuronic acid decarboxylase 2,E4_1_1_35,,vv10500Starch_and_sucrose_metabolism,vv10520Nucleotide_sugars_metabolism
50,VIT_15s0046g00710,1869,0.8999,Wax synthase,E2_3_1_75,,vv11000Single_reactions,
51,VIT_18s0001g05950,1851,0.8985,Cis-zeatin O-beta-D-glucosyltransferase,E2_4_1_215,,vv10908Zeatin_biosynthesis,
52,VIT_13s0064g01740<br>VIT_13s0064g01750,1858,0.8967,
53,VIT_09s0002g03000,1857,0.8949,Leucine-rich repeat protein kinase,,,,
54,VIT_00s0665g00020,1853,0.8939,Carrier protein  Mitochondrial,K03454,,vv50123Porters_cat_18_to_29,
55,VIT_05s0029g00510,1837,0.8913,Aquaporin PIP PIP1A,PIP1A,,vv50101Channels_and_pores,
56,VIT_12s0134g00140,1845,0.8913,R-linalool synthase,E4_2_3_26,,vv10900Terpenoid_biosynthesis,
57,VIT_15s0046g00310,1822,0.8832,Transcription factor TINY,ERF023,VvERF015,vv30008Ethylene_signaling,vv60003AP2_EREBP
58,VIT_06s0061g00240,1820,0.8822,ABC transporter G member 7,ABCG7,,vv52010ABC_transporters,
59,VIT_14s0066g01730,1811,0.8770,Cellulose synthase CSLC04,E2_4_1_12_CSLC04,,vv40006Cell_wall,
60,VIT_16s0022g00340,1794,0.8755,Unknown,,,,
61,VIT_11s0016g05230,1751,0.8541,Allyl alcohol dehydrogenase,,,,
62,VIT_10s0042g00190,1776,0.8538,No hit,,,,
63,VIT_10s0092g00370,1772,0.8523,CYP71D7,E1_14_13_73,,vv10902Monoterpenoid_biosynthesis,
64,VIT_16s0050g02430,1755,0.8486,Receptor protein kinase,,,,
65,VIT_10s0003g00600,1762,0.8479,Lipase GDSL,,,,
66,VIT_02s0025g02630,1732,0.8449,Lipase GDSL,,,,
67,VIT_18s0041g01480,1752,0.8439,No hit,,,,
68,VIT_04s0023g02230,1732,0.8420,S-adenosyl-L-methionine:salicylic acid carboxyl methyltransferase,SAMTBSCMT,,vv10360Phenylalanine_metabolism,
69,VIT_08s0007g02000,1727,0.8303,Glycerol-3-phosphate acyltransferase 8,E2_3_1_15,,vv10561Glycerolipid_metabolism,vv10564Glycerophospholipid_metabolism
70,VIT_15s0021g02110,1726,0.8302,AP2 domain-containing transcription factor TINY,TINY_8,VvERF029,vv30008Ethylene_signaling,vv60003AP2_EREBP
71,VIT_10s0092g00150,1717,0.8295,Patatin protein 3,,,,
72,VIT_10s0071g00030,1707,0.8290,Strictosidine synthase,E4_3_3_2,,vv10900Terpenoid_biosynthesis,vv10902Monoterpenoid_biosynthesis
73,VIT_07s0031g01680,1702,0.8179,CYP86A1,,,,
74,VIT_04s0023g01720,1680,0.8155,SEC14 cytosolic factor  putative,SEC14,,vv50122Porters_cat_7_to_17,
75,VIT_15s0046g01460,1677,0.8153,Unknown,,,,
76,VIT_01s0011g00080,1673,0.8082,Universal stress protein (USP) family protein,,,,
77,VIT_09s0002g03130,1656,0.8012,FRK1 (FLG22-induced receptor-like kinase 1),FRK1,,vv34626Plant-pathogen_interaction,
78,VIT_12s0055g01140,1650,0.7994,Lipid transfer protein,LTP,,,
79,VIT_14s0060g00090,1657,0.7986,SNARE YKT6 1,K08516,,vv24130SNARE_interactions_in_vesicular_transport,
80,VIT_17s0000g06110,1636,0.7965,Glutathione S-transferase 9 GSTU9,E2_5_1_18_GSTU9,,vv10480Glutathione_metabolism,
81,VIT_00s1314g00010,1650,0.7940,Basic helix-loop-helix (bHLH) family,BHLHDOM_89,,vv60011BHLH,
82,VIT_00s0218g00100,1638,0.7905,Metal transporter Nramp6,NRAMP6,,vv50124Porters_cat_30_to_64,
83,VIT_12s0034g02570,1623,0.7852,Leucine Rich Repeat receptor-like kinase,,,,
84,VIT_17s0000g06130,1613,0.7842,Glutathione S-transferase 9 GSTU9,E2_5_1_18_GSTU9,,vv10480Glutathione_metabolism,
85,VIT_03s0017g01490,1612,0.7829,Berberine bridge enzyme,E1_21_3_3,,vv10950Alkaloid_biosynthesis_I,
86,VIT_12s0028g03960,1611,0.7801,Ankyrin repeat protein family,K10380,,vv50108Accessory_factors_involved_in_transport,
87,VIT_19s0090g00840,1601,0.7791,WRKY DNA-binding protein 6,WRKY6_2,VvWRKY55,vv60066WRKY,
88,VIT_10s0092g00510,1610,0.7767,CYP71D10p,E1_14_13_73,,vv10902Monoterpenoid_biosynthesis,
89,VIT_14s0066g02270,1599,0.7743,Endonuclease/exonuclease/phosphatase family protein,E3_1_30_x,,,
90,VIT_14s0083g00630,1589,0.7687,F-box domain containing protein,,,,
91,VIT_16s0022g00370,1587,0.7682,GDP-mannose transporter (GONST1),GONST1,,vv50122Porters_cat_7_to_17,
92,VIT_14s0068g00170,1596,0.7680,No hit,,,,
93,VIT_18s0041g00710,1582,0.7657,UDP-glucose: anthocyanidin 5 3-O-glucosyltransferase,RHGT1,,vv10942Anthocyanin_biosynthesis,
94,VIT_06s0009g00480,1577,0.7652,Aluminium-tolerance ALMT1,ALMT1,,vv50125Porters_cat_66_to_94,
95,VIT_07s0104g00800,1561,0.7545,Indole-3-acetic acid-amido synthetase GH3.6,AUXINBIOSYNTHESIS_GH3,,vv11002Auxin_biosynthesis,
96,VIT_13s0073g00140,1550,0.7528,Ovate family protein 13 OFP13,OFP13_2,,vv60086OFP,
97,VIT_01s0137g00510,1553,0.7524,CYP71B10,CYP71B10,,vv10940Phenylpropanoid_biosynthesis,
98,VIT_06s0009g02910,1555,0.7465,Flavonoid 3' 5'-hydroxylase,E1_14_13_88,,vv10941Flavonoid_biosynthesis,
99,VIT_14s0030g00220,1524,0.7416,Sugar transporter ERD6-like 5,ERD6L5,,vv50121Porters_cat_1_to_6,
100,VIT_18s0122g01280,1521,0.7323,Niemann-Pick C1 protein precursor,NPC1,,vv50121Porters_cat_1_to_6,
101,VIT_03s0063g01680,1501,0.7262,CYP82C1p,,,,
102,VIT_10s0116g01880,1473,0.7154,MATE efflux family protein,MATE,,vv50125Porters_cat_66_to_94,
103,VIT_05s0062g00820,1470,0.7143,Unknown protein,,,,
104,VIT_15s0046g00680,1467,0.7135,Wax synthase,E2_3_1_75,,vv11000Single_reactions,
105,VIT_15s0046g00700,1478,0.7116,Wax synthase,E2_3_1_75,,vv11000Single_reactions,
106,VIT_08s0007g05180,1465,0.7105,Unknown,,,,
107,VIT_02s0025g03320,1474,0.7100,CYP86A2,,,,
108,VIT_11s0016g03250,1466,0.7079,Lachrymatory factor synthase,,,,
109,VIT_14s0006g00570,1464,0.7069,Unknown protein,,,,
110,VIT_03s0038g01960,1454,0.7034,Proline-rich family protein,,,,
111,VIT_14s0006g02290,1458,0.7020,DREB sub A-4 of ERF/AP2 transcription factor,TINY_2,VvERF028,vv30008Ethylene_signaling,vv60003AP2_EREBP
112,VIT_00s0266g00090,1458,0.7020,ARK3 (Arabidopsis Receptor Kinase 3),,,,
113,VIT_13s0019g03180,1452,0.7008,Unknown protein,,,,
114,VIT_10s0116g01580,1443,0.6998,No hit,,,,
115,VIT_01s0011g04450,1448,0.6978,MATE efflux family protein,MATE,,vv50125Porters_cat_66_to_94,
116,VIT_15s0046g03230,1440,0.6970,Disease resistance protein RGA4,,,,
117,VIT_10s0092g00260,1438,0.6960,Alpha-glucosidase 1 (AGLU1),E3_2_1_20,,vv10052Galactose_metabolism,vv10500Starch_and_sucrose_metabolism
118,VIT_01s0127g00340,1449,0.6960,Unknown,,,,
119,VIT_11s0052g01640,1430,0.6888,flavonol 3-O-glucosyltransferase,E2_4_1_91,,vv10941Flavonoid_biosynthesis,
120,VIT_04s0008g05440,1415,0.6859,Ethylene-responsive transcription factor SHINE 3,SHINE3_1,VvERF044,vv30008Ethylene_signaling,vv60003AP2_EREBP
121,VIT_19s0085g00480,1416,0.6854,No hit,,,,
122,VIT_07s0104g00190,1415,0.6849,7S globulin precursor  basic,,,,
123,VIT_10s0042g01010,1411,0.6840,CYP714A1,,,,
124,VIT_10s0003g01830,1412,0.6834,Aquaporin NIP1;2,NIP1_2,,vv50101Channels_and_pores,
125,VIT_17s0000g02700,1416,0.6821,Alpha-dioxygenase 2,K10529,,vv10592alpha-Linolenic_acid_metabolism,
126,VIT_01s0010g03510,1386,0.6751,Caffeoyl-CoA O-methyltransferase,E2_1_1_104,,vv10940Phenylpropanoid_biosynthesis,
127,VIT_06s0004g04410,1384,0.6725,SEC14 cytosolic factor,SEC14,,vv50122Porters_cat_7_to_17,
128,VIT_04s0023g03710,1390,0.6715,Myb domain protein 4,MYB4_1,MYB4B,vv60044MYB,
129,VIT_06s0004g05730,1388,0.6663,Universal stress protein (USP) family protein,,,,
130,VIT_16s0050g00630,1368,0.6615,Prolyl 4-hydroxylase,E1_14_11_2,,vv10330Arginine_and_proline_metabolismis,
131,VIT_11s0016g04270,1355,0.6581,Hydrolase  alpha/beta fold,,,,
132,VIT_13s0019g02500,1350,0.6563,No hit,,,,
133,VIT_05s0077g00530,1355,0.6524,Unknown protein,,,,
134,VIT_03s0110g00100,1347,0.6501,CYP86A8,,,,
135,VIT_14s0108g00750,1337,0.6434,Zinc finger homeobox 34,ZFHB34,,vv60068Zf-HD,
136,VIT_15s0048g03000,1328,0.6397,GTPase RABA3,K07976,,,
137,VIT_02s0033g01000,1318,0.6386,Anthraniloyal-CoA: methanol anthraniloyal transferase,AMAT,,vv10400Phenylalanine_tyrosine_and_tryptophan_biosynthesis,
138,VIT_13s0067g02790,1308,0.6356,Cytochrome P450  family 79  subfamily A  polypeptide 2,K12153,,vv10966Glucosinolate_biosynthesis,
139,VIT_02s0025g00340,1315,0.6350,Monodehydroascorbate reductase  chloroplast precursor,E1_6_5_4,,vv10053Ascorbate_and_aldarate_metabolism,
140,VIT_08s0007g00710,1289,0.6260,Unknown,,,,
141,VIT_18s0041g00810<br>VIT_18s0041g00910<br>VIT_00s1602g00010<br>VIT_18s0041g00920<br>VIT_18s0041g00980<br>VIT_18s0041g01000<br>VIT_00s2707g00010<br>VIT_18s0041g01080<br>VIT_18s0041g00950<br>VIT_18s0041g00830<br>VIT_18s0041g01040,1290,0.6250,
142,VIT_18s0001g13510,1285,0.6238,Hcr2-p6,,,,
143,VIT_12s0134g00670,1272,0.6154,Anthocyanin 5-aromatic acyltransferase,E2_3_1_153,,vv10941Flavonoid_biosynthesis,vv10942Anthocyanin_biosynthesis
144,VIT_09s0002g06990,1263,0.6099,Phosphatidic acid phosphatase / PAP2,E3_1_3_4,,vv10561Glycerolipid_metabolism,vv10564Glycerophospholipid_metabolism
145,VIT_19s0177g00190,1251,0.6055,No hit,,,,
146,VIT_12s0057g01450,1247,0.6036,Subtilisin protease,,,,
147,VIT_00s0225g00080,1245,0.6032,MATE efflux family protein,MATE,,vv50125Porters_cat_66_to_94,
148,VIT_01s0011g01840,1250,0.6021,No hit,,,,
149,VIT_05s0077g01670,1235,0.5963,Major cherry allergen Pru av 1.0202,,,,
150,VIT_10s0116g01710,1228,0.5955,Galactosyltransferase family protein,E2_4_x_x,,,
151,VIT_08s0007g00590,1229,0.5943,No hit,,,,
152,VIT_14s0066g02410,1233,0.5934,Betaine-aldehyde dehydrogenase,E1_2_1_8,,vv10260Glycine_serine_and_threonine_metabolism,vv50101Channels_and_pores
153,VIT_00s0207g00130,1223,0.5905,Pathogenesis-related protein 1 precursor (PRP 1),PRP1,,vv30011Jasmonate_signaling,vv34626Plant-pathogen_interaction
154,VIT_10s0042g01020,1217,0.5891,Isochorismatase,E3_3_2_1,,vv10130Ubiquinone_biosynthesis,
155,VIT_05s0077g01650,1211,0.5876,Major allergen Pru ar 1,,,,
156,VIT_14s0068g02010,1212,0.5869,IMP dehydrogenase/GMP reductase,E1_1_1_205,,vv10230Purine_metabolism,
157,VIT_15s0046g00630,1216,0.5866,Wax synthase,E2_3_1_75,,vv11000Single_reactions,
158,VIT_19s0090g01440,1206,0.5843,Fimbrin 2,FIMBRIN2,,vv44810Regulation_of_actin_cytoskeleton,
159,VIT_06s0004g00950,1201,0.5822,HUB2 (histone mono-ubiquitination 2),HUB2,,vv60078Other_zf-C3HC4,
160,VIT_19s0027g00740,1206,0.5815,Inhibitor of apoptosis,,,,
161,VIT_06s0061g01050,1200,0.5797,Protein kinase SRPK1,,,,
162,VIT_18s0086g00220,1203,0.5792,Lipase GDSL,,,,
163,VIT_11s0016g03500,1191,0.5765,Unknown protein,,,,
164,VIT_07s0205g00180,1189,0.5761,Basic helix-loop-helix (bHLH) family,BHLHDOM_30,,vv60011BHLH,
165,VIT_07s0095g00790,1188,0.5739,Homeodomain GLABROUS12,HDG12_1,,vv60034HB,
166,VIT_13s0067g01410,1195,0.5734,Anthranilate N-hydroxycinnamoyl/benzoyltransferase,E2_3_1_144,,vv10400Phenylalanine_tyrosine_and_tryptophan_biosynthesis,
167,VIT_01s0010g01870,1185,0.5711,Salicylic acid-induced fragment 1 protein,,,,
168,VIT_04s0008g01850,1179,0.5696,Trihelix DNA-binding protein (GT2),GT2_2,,vv60062Trihelix,
169,VIT_10s0092g00490,1155,0.5618,CYP71A12,,,,
170,VIT_06s0061g00220,1150,0.5574,Transcription initiation factor TFIIB,K03124,,vv23022Basal_transcription_factors,
171,VIT_03s0063g01890,1150,0.5532,Ring-H2 finger protein ATL3G,,,,
172,VIT_19s0090g00740,1135,0.5515,No hit,,,,
173,VIT_19s0014g01360,1145,0.5510,Curculin (mannose-binding) lectin,,,,
174,VIT_02s0012g02030,1126,0.5461,Homeobox-7,VVHB7_1,VvHB09,vv60034HB,
175,VIT_02s0087g00470,1123,0.5441,Anthraniloyal-CoA: methanol anthraniloyal transferase,AMAT,,vv10400Phenylalanine_tyrosine_and_tryptophan_biosynthesis,
176,VIT_18s0001g06390,1124,0.5406,Auxin-independent growth promoter,AXI1,,vv30003Auxin_signaling,
177,VIT_03s0063g00550,1116,0.5402,Fw2.2 ORFX,,,,
178,VIT_14s0068g00150,1110,0.5349,No hit,,,,
179,VIT_06s0004g07220,1099,0.5330,Indole-3-acetate beta-glucosyltransferase,E2_4_1_121,,vv11002Auxin_biosynthesis,
180,VIT_18s0001g10870,1101,0.5316,Patatin,,,,
181,VIT_01s0010g02830,1100,0.5296,No hit,,,,
182,VIT_00s0734g00010,1085,0.5257,No hit,,,,
183,VIT_01s0026g00570,1075,0.5151,Bet v I allergen,,,,
184,VIT_13s0064g01510,1063,0.5140,Auxin-independent growth promoter,,,,
185,VIT_10s0071g00280,1060,0.5126,No hit,,,,
186,VIT_12s0035g01480,1045,0.5061,No hit,,,,
187,VIT_08s0058g00800,1049,0.5060,Wound-induced protein WI12,,,,
188,VIT_18s0001g00560,1043,0.5056,Alpha-amylase / 1 4-alpha-D-glucan glucanohydrolase,E3_2_1_1,,vv10500Starch_and_sucrose_metabolism,
189,VIT_02s0012g00370,1044,0.5053,No hit,,,,
190,VIT_14s0060g01090,1045,0.5039,LNG1 (LONGIFOLIA1),,,,
191,VIT_07s0031g03190,1047,0.5031,VHS and GAT domain protein,VHSDC,,vv50109Incompletely_characterized_transport_systems,
192,VIT_04s0008g04080,1042,0.4998,No hit,,,,
193,VIT_09s0054g01440,1033,0.4976,Beta-amyrin synthase,E5_4_99_BAS,,vv10900Terpenoid_biosynthesis,
194,VIT_16s0022g01710,1023,0.4940,Ser/Thr receptor-like kinase1,,,,
195,VIT_16s0050g00070,1015,0.4913,Myb domain protein 17,MYB17_1,MYB17B,vv60044MYB,
196,VIT_11s0016g00290,1017,0.4906,Pectinesterase PME3,E3_1_1_11,,vv40006Cell_wall,
197,VIT_14s0068g00140,1005,0.4900,No hit,,,,
198,VIT_04s0023g01550,1020,0.4892,Unknown,,,,
199,VIT_17s0000g00130,1003,0.4857,SEC14 cytosolic factor,SEC14,,vv50122Porters_cat_7_to_17,
200,VIT_01s0026g00080,1002,0.4848,Metal-dependent phosphohydrolase HD domain-containing protein,K07023,,,
201,VIT_05s0102g00930,1000,0.4836,Glucosyltransferase-11,,,,
202,VIT_11s0118g00700,974,0.4728,Protein phosphatase 2C DBP,DBPPP2C_1,,vv60024DBP,
203,VIT_00s0229g00160,979,0.4695,formyltetrahydrofolate deformylase,E3_5_1_10,,vv10630Glyoxylate_and_dicarboxylate_metabolism,vv10670One_carbon_pool_by_folate
204,VIT_18s0001g10830,947,0.4597,Patatin,,,,
205,VIT_00s0218g00220,946,0.4574,UDP-glucoronosyl/UDP-glucosyl transferase,,,,
206,VIT_08s0040g02790,941,0.4555,Unknown protein,,,,
207,VIT_04s0044g00500,931,0.4522,Unknown protein,,,,
208,VIT_03s0180g00320,936,0.4511,Indole-3-acetate beta-glucosyltransferase,E2_4_1_121,,vv11002Auxin_biosynthesis,
209,VIT_09s0054g01220,922,0.4509,Cycloartenol synthase,E5_4_99_8,,vv10100Biosynthesis_of_steroids,
210,VIT_18s0001g03510,936,0.4498,Flavonol synthase,E1_14_11_23,,vv10941Flavonoid_biosynthesis,
211,VIT_19s0085g00030,929,0.4462,Unknown protein,,,,
212,VIT_10s0116g01870,917,0.4434,MATE efflux family protein,MATE,,vv50125Porters_cat_66_to_94,
213,VIT_01s0137g00170,913,0.4419,B-keto acyl reductase,,,,
214,VIT_15s0046g02410,913,0.4402,Aquaporin TMP-C,TMPC,,vv50101Channels_and_pores,
215,VIT_08s0007g03360,905,0.4397,EMB1345 (embryo defective 1345),,,,
216,VIT_13s0106g00700,909,0.4396,Aspartyl aminopeptidase,E3_4_11_21,,,
217,VIT_07s0129g00270,904,0.4369,Casein kinase II alpha chain,K03097,,vv23008Ribosome_biogenesis_in_Eukaryotes,vv34710Circadian_rhythm
218,VIT_02s0025g04430,907,0.4365,Sugar transporter 1,STP1,,vv50121Porters_cat_1_to_6,
219,VIT_05s0062g01140,901,0.4363,Aromatic and neutral transporter 1,ANT1,,vv50123Porters_cat_18_to_29,
220,VIT_15s0048g00550,884,0.4295,Abnormal floral organs,AFO_2,,vv60019C2C2-YABBY,
221,VIT_16s0050g00870,886,0.4295,Acyltransferase,E2_3_1_x,,,
222,VIT_15s0046g02720,883,0.4280,No hit,,,,
223,VIT_17s0000g01770,884,0.4252,Photosystem I assembly protein Ycf3,,,,
224,VIT_00s0286g00110,879,0.4236,S-locus protein kinase,,,,
225,VIT_04s0008g05960,876,0.4236,Unknown protein,,,,
226,VIT_06s0004g06700,877,0.4227,ATP-dependent Clp protease ClpB protein,K03695,,vv50109Incompletely_characterized_transport_systems,
227,VIT_12s0059g01590,862,0.4164,Lipase GDSL,,,,
228,VIT_13s0019g04260,867,0.4158,Monoglyceride lipase,E3_1_1_23,,vv10561Glycerolipid_metabolism,
229,VIT_18s0076g00280,857,0.4154,Protein tyrosine phosphatase,K01104,,,
230,VIT_08s0040g01130,851,0.4129,Serine carboxypeptidase II,,,,
231,VIT_07s0031g00520,853,0.4115,Unknown protein,,,,
232,VIT_00s0245g00010,845,0.4096,Integral membrane protein,,,,
233,VIT_07s0151g00010,848,0.4091,No hit,,,,
234,VIT_16s0022g01970,846,0.4087,Anthocyanidin 3-O-glucosyltransferase,E2_4_1_115,,vv10942Anthocyanin_biosynthesis,
235,VIT_06s0004g04430,843,0.4082,Ubiquitin-conjugating enzyme E2 G1,K10575,,vv24120Ubiquitin_mediated_proteolysis,vv24141Protein_processing_in_endoplasmic_reticulum
236,VIT_02s0012g02810,840,0.4074,CYP76C4,,,,
237,VIT_00s0225g00100,835,0.4046,Armadillo,,,,
238,VIT_02s0012g00660,831,0.4036,Calcium-binding EF-hand,,,,
239,VIT_07s0141g01050,830,0.4002,No hit,,,,
240,VIT_07s0005g05520,816,0.3986,Pectate lyase,E4_2_2_2,,vv40006Cell_wall,
241,VIT_13s0067g01350,823,0.3978,Basic helix-loop-helix (bHLH) family,BHLHDOM_16,,vv60011BHLH,
242,VIT_15s0046g00500,818,0.3954,Wax synthase,E2_3_1_75,,vv11000Single_reactions,
243,VIT_18s0001g01750,813,0.3949,No hit,,,,
244,VIT_08s0040g00520,811,0.3912,Leucine-rich repeat protein kinase,,,,
245,VIT_19s0015g01170,805,0.3910,MYB divaricata,DIVARICATA_5,,vv30009Flower_development,vv60044MYB
246,VIT_07s0005g05180,801,0.3883,No hit,,,,
247,VIT_08s0105g00120,801,0.3875,No hit,,,,
248,VIT_01s0026g02040,788,0.3823,No hit,,,,
249,VIT_13s0067g02390,791,0.3816,Unknown,,,,
250,VIT_13s0067g02210,794,0.3815,ALPHA-SNAP2 (alpha-soluble nsf attachment protein),ASNAP2,,vv24130SNARE_interactions_in_vesicular_transport,
251,VIT_04s0008g01290,785,0.3785,CGA1 (cytokinin-responsive GATA factor 1),CGA1,,vv30007Cytokinin_signaling,vv60016C2C2-GATA
252,VIT_13s0019g03490,768,0.3728,Zinc finger (CCCH-type) family protein,CCCHFAM_15,,vv60018C3H,
253,VIT_12s0034g01040,770,0.3723,No hit,,,,
254,VIT_01s0010g00710,770,0.3718,Armadillo/beta-catenin repeat protein / U-box domain-containing protein ,,,,
255,VIT_17s0000g01570,748,0.3624,No hit,,,,
256,VIT_12s0028g03110,741,0.3575,Caffeoyl-CoA 3-O-methyltransferase,E2_1_1_104,,vv10940Phenylpropanoid_biosynthesis,
257,VIT_07s0130g00040,732,0.3536,Myb domain protein 4,MYB4_10,MYB3,vv60044MYB,
258,VIT_03s0017g01440,726,0.3517,Berberine bridge enzyme,E1_21_3_3,,vv10950Alkaloid_biosynthesis_I,
259,VIT_14s0128g00160,725,0.3513,Protein kinase CDG1,,,,
260,VIT_19s0177g00270,714,0.3469,Molecular chaperone DnaJ,K03686,,vv50132Primary_active_transporter_cat_A5_to_A8,
261,VIT_18s0122g01400,718,0.3467,Exostosin family protein,K02366,,vv11030Glycan_structures-biosynthesis1,
262,VIT_17s0000g02680,714,0.3463,ABA glucosidase,ABAGLC,,vv11013ABA_biosynthesis,
263,VIT_06s0061g00060,712,0.3461,THUMP domain-containing protein 1,,,,
264,VIT_01s0244g00010,708,0.3442,Basic helix-loop-helix (bHLH) family,BHLHDOM_53,,vv60011BHLH,
265,VIT_17s0053g00710,708,0.3401,Calcium-dependent protein kinase,,,,
266,VIT_02s0025g01730,707,0.3397,3-oxoacyl-[acyl-carrier-protein] synthase,E2_3_1_41,,vv10061Fatty_acid_biosynthesis,
267,VIT_16s0039g01910,692,0.3346,Vegetative storage protein win4.5,,,,
268,VIT_09s0002g01650,687,0.3328,5'-nucleotidase surE,E3_1_3_5,,vv10230Purine_metabolism,vv10240Pyrimidine_metabolism
269,VIT_14s0108g01080,686,0.3311,Myb domain protein 106,MYB106_2,MYB141,vv60044MYB,
270,VIT_07s0031g02440,670,0.3223,Amino acid permease 3,AAP3,,vv50123Porters_cat_18_to_29,
271,VIT_13s0019g02810,664,0.3200,Glucuronosyl transferase,E2_4_1_17,,vv10040Pentose_glucuronate_interconversion,vv10500Starch_and_sucrose_metabolism
272,VIT_09s0054g00430,662,0.3197,Unknown protein,,,,
273,VIT_13s0084g00130,638,0.3117,CXE carboxylesterase,E3_1_1_1,,,
274,VIT_03s0038g04500,637,0.3089,Bifunctional dihydrofolate reductase-thymidylate synthase 1,K13998,,vv10240Pyrimidine_metabolism,vv10670One_carbon_pool_by_folate
275,VIT_00s0186g00090,623,0.3030,Zinc finger (C3HC4-type ring finger),ZFC3HC4_5,,vv60078Other_zf-C3HC4,
276,VIT_17s0119g00170,618,0.2987,No hit,,,,
277,VIT_14s0030g00960,615,0.2978,R protein MLA10,K13475,,vv34627R_proteins_from_Plant-pathogen_interaction,
278,VIT_11s0016g01320,615,0.2977,Myb domain protein 13,MYB13,MYBPA2,vv60044MYB,
279,VIT_19s0014g02330,609,0.2931,Unknown,,,,
280,VIT_04s0008g01250,596,0.2892,Unknown,,,,
281,VIT_05s0124g00100,592,0.2867,Unknown,,,,
282,VIT_04s0008g02520,589,0.2861,ATP binding protein,,,,
283,VIT_06s0004g00750,585,0.2849,Acyl-CoA synthetases (Acyl-activating enzyme 18),E6_2_1_3,,vv10071Fatty_acid_metabolism,vv50104Group_translocators
284,VIT_09s0002g02220,587,0.2841,Protein kinase CDG1,,,,
285,VIT_13s0067g01580,586,0.2824,Anthocyaninless2 (ANL2),ANL2_4,,vv60034HB,
286,VIT_00s0194g00210<br>VIT_00s0194g00250,584,0.2823,
287,VIT_15s0048g01900,585,0.2811,Unknown protein,,,,
288,VIT_00s0267g00030,578,0.2784,Unknown,,,,
289,VIT_11s0016g05850,564,0.2733,Vesicle-associated membrane protein 7C,K08515,,vv24130SNARE_interactions_in_vesicular_transport,vv50101Channels_and_pores
290,VIT_04s0008g05330,565,0.2720,DEAD  box  RNA helicase RH15,K12812,,vv23013RNA_transport,vv23015mRNA_surveillance_pathway
291,VIT_19s0014g05000,560,0.2712,Zinc finger (C2H2 type) family,C2H2FAM_16,,vv60017C2H2,
292,VIT_00s0218g00140,560,0.2711,Anthocyanidine rhamnosyl-transferase,RHATR,,vv10942Anthocyanin_biosynthesis,
293,VIT_15s0021g00220,559,0.2704,ABC transporter C member 15,ABCC15,,vv52010ABC_transporters,
294,VIT_06s0004g06730,544,0.2624,Microsomal omega-3 fatty acid desaturase,K10257,,vv11040Biosynthesis_of_unsaturated_fatty_acids,
295,VIT_00s0639g00010,542,0.2621,No hit,,,,
296,VIT_14s0060g02330,539,0.2606,Actin binding formin homology 1,FH2,,vv44810Regulation_of_actin_cytoskeleton,
297,VIT_04s0044g00390,534,0.2605,Nodulin MtN21 family,MTN21,,vv50122Porters_cat_7_to_17,
298,VIT_05s0020g01040,536,0.2599,Unknown protein,,,,
299,VIT_13s0074g00040,538,0.2593,Phytol kinase 2  chloroplast precursor,VTE5,,vv10860Porphyrin_and_chlorophyll_metabolism,
300,VIT_11s0016g02120,527,0.2555,Density-regulated protein DRP1,,,,
301,VIT_06s0004g01480,527,0.2547,Lipoxygenase LOX1,E1_13_11_12,,vv10592alpha-Linolenic_acid_metabolism,
302,VIT_10s0003g00620,522,0.2533,Lipase GDSL,,,,
303,VIT_12s0134g00090,521,0.2529,R-linalool synthase,E4_2_3_26,,vv10900Terpenoid_biosynthesis,
304,VIT_16s0050g00690,525,0.2528,Protein kinase,,,,
305,VIT_03s0038g04150,518,0.2504,FAR1-related sequence 9,FRS9,,vv60071Orphans_far-red,
306,VIT_18s0001g12900,516,0.2499,S-adenosyl-L-methionine:salicylic acid carboxyl methyltransferase,SAMTBSCMT,,vv10360Phenylalanine_metabolism,
307,VIT_09s0002g03140,512,0.2493,Lipase GDSL,,,,
308,VIT_07s0129g00070<br>VIT_07s0129g00150,516,0.2483,
309,VIT_07s0031g01890,510,0.2453,No hit,,,,
310,VIT_03s0088g00070,504,0.2444,No hit,,,,
311,VIT_03s0038g01830,501,0.2431,Proline-rich protein 4,,,,
312,VIT_09s0018g01110,504,0.2429,No hit,,,,
313,VIT_12s0034g01240,505,0.2426,GNS1/SUR4 membrane,,,,
314,VIT_19s0085g00620,505,0.2426,Zinc finger CCCH domain-containing protein 2,,,,
315,VIT_18s0157g00060,501,0.2418,Allinase,E4_4_1_4,,vv10272Cysteine_metabolism,
316,VIT_16s0022g00460,501,0.2417,No hit,,,,
317,VIT_18s0041g00860,499,0.2416,No hit,,,,
318,VIT_13s0106g00430,498,0.2407,Auxin response factor ARF6,ARF6_2,,vv30003Auxin_signaling,vv60004ARF
319,VIT_12s0034g02600,497,0.2395,Leucine Rich Repeat receptor-like kinase,,,,
320,VIT_04s0069g00260<br>VIT_04s0069g00330<br>VIT_04s0069g00270,496,0.2393,
321,VIT_11s0016g01310,495,0.2391,TT2 (transparent testa 2),TT2_5,MYBPA4,vv44110Cell_cycle,vv60044MYB
322,VIT_03s0091g00040,490,0.2383,Limonoid UDP-glucosyltransferase,E2_4_1_120,,vv10940Phenylpropanoid_biosynthesis,
323,VIT_17s0000g01880,493,0.2379,No hit,,,,
324,VIT_09s0018g00490,483,0.2331,No hit,,,,
325,VIT_07s0005g02420,482,0.2330,Haloacid dehalogenase hydrolase,E3_1_3_18,,vv10630Glyoxylate_and_dicarboxylate_metabolism,
326,VIT_09s0002g02330,482,0.2327,Nucleosome/chromatin assembly factor group A,,,,
327,VIT_00s0684g00010,476,0.2316,Protein kinase,,,,
328,VIT_13s0019g00420,479,0.2310,F-box family protein,,,,
329,VIT_12s0059g01870,474,0.2300,GH3-like protein,AUXINBIOSYNTHESIS_GH3,,vv11002Auxin_biosynthesis,
330,VIT_01s0127g00500,474,0.2292,OBP32pep,,,,
331,VIT_07s0151g00510,473,0.2291,GCN5 N-acetyltransferase (GNAT),GCN5_22,,vv60082GNAT,
332,VIT_11s0052g01600,472,0.2284,UDP-glucose flavonoid 3-O-glucosyltransferase 7,E2_4_1_91,,vv10941Flavonoid_biosynthesis,
333,VIT_09s0054g01510,472,0.2263,Beta-amyrin synthase,E5_4_99_BAS,,vv10900Terpenoid_biosynthesis,
334,VIT_02s0025g04160,462,0.2228,Unknown protein,,,,
335,VIT_12s0059g00970,459,0.2222,Cellulose synthase CSLB04,E2_4_1_12_CSLB04,,vv40006Cell_wall,
336,VIT_13s0047g00360,457,0.2215,6-hydroxyisobutyryl-coenzyme A hydrolase,E3_1_2_4,,vv10280Valine_leucine_and_isoleucine_degradation,vv10410Beta-alanine_metabolism
337,VIT_01s0010g01010,456,0.2213,F-box domain containing protein,,,,
338,VIT_13s0106g00250,456,0.2201,Carboxylic ester hydrolase,E3_1_1_1,,,
339,VIT_02s0025g01770,453,0.2189,Cellulose synthase CSLG3,E2_4_1_12_CSLG3,,vv40006Cell_wall,
340,VIT_05s0102g00370,448,0.2165,Receptor protein kinase (ACR4),,,,
341,VIT_10s0092g00480,446,0.2134,CYP71D10p,E1_14_13_73,,vv10902Monoterpenoid_biosynthesis,
342,VIT_04s0008g05520,440,0.2123,Unknown protein,,,,
343,VIT_18s0072g00580<br>VIT_11s0065g00040,436,0.2114,
344,VIT_12s0142g00620,431,0.2107,RIC7 (ROP-interactive crib motif-containing protein 7),,,,
345,VIT_08s0007g07140,436,0.2099,Esterase/lipase/thioesterase family protein,,,,
346,VIT_05s0020g03600,429,0.2070,CDPK adapter protein 1,,,,
347,VIT_12s0034g00010,426,0.2057,No hit,,,,
348,VIT_03s0038g03160<br>VIT_03s0038g03140,421,0.2029,
349,VIT_07s0129g00380,418,0.2026,Phototropic-responsive NPH3,BTBNPH3_1,,vv60093TRAF,
350,VIT_05s0077g00670,414,0.2006,Unknown protein,,,,
351,VIT_16s0050g00020,415,0.1998,Cullin-4,K10609,,vv23420Nucleotide_excision_repair,vv24120Ubiquitin_mediated_proteolysis
352,VIT_05s0124g00230,412,0.1996,F-box domain containing protein,,,,
353,VIT_14s0006g03020,407,0.1989,No hit,,,,
354,VIT_02s0025g00730,408,0.1968,Pinoresinol forming dirigent protein,DIRPR,,vv10940Phenylpropanoid_biosynthesis,
355,VIT_14s0083g00650,404,0.1951,No hit,,,,
356,VIT_01s0011g04850,401,0.1937,Unknown protein,,,,
357,VIT_14s0006g02530,398,0.1916,Non-specific lipid-transfer protein 2 (LTP 2),,,,
358,VIT_17s0000g03940,388,0.1888,ferulate 5-hydroxylase,K09755,,vv10940Phenylpropanoid_biosynthesis,
359,VIT_00s0225g00070,391,0.1886,MATE efflux family protein,MATE,,vv50125Porters_cat_66_to_94,
360,VIT_10s0003g03040,389,0.1875,Unknown,,,,
361,VIT_11s0016g04290,387,0.1874,3-hydroxyisobutyryl-CoA hydrolase,E3_1_2_4,,vv10280Valine_leucine_and_isoleucine_degradation,vv10410Beta-alanine_metabolism
362,VIT_18s0001g03240,385,0.1873,DREB sub A-5 of ERF/AP2 transcription factor,ERF012,VvERF008,vv30008Ethylene_signaling,vv60003AP2_EREBP
363,VIT_18s0001g06690,389,0.1868,Gibberellin 20 oxidase 2,E1_14_11_12,,vv10904Diterpenoid_biosynthesis,
364,VIT_16s0098g01730,386,0.1867,RWP-RK domain-containing protein,RWPRKDOM_6,,vv60052RWP-RK,
365,VIT_00s0179g00110,385,0.1866,Protein phosphatase 2C,,,,
366,VIT_04s0023g01300,384,0.1866,Aminopeptidase P,E3_4_11_9,,,
367,VIT_18s0001g01680,384,0.1856,Protein kinase,,,,
368,VIT_08s0040g03400,384,0.1851,Short-chain dehydrogenase/reductase,,,,
369,VIT_08s0007g07240,382,0.1849,Armadillo helical,,,,
370,VIT_06s0004g00230,378,0.1839,WRKY DNA-binding protein 48,WRKY48_2,VvWRKY15,vv60066WRKY,
371,VIT_07s0205g00050,383,0.1837,Dihydrouridine synthase 2,K05543,,,
372,VIT_12s0142g00180,375,0.1820,Myosin heavy chain-like protein,K10352,,vv44810Regulation_of_actin_cytoskeleton,
373,VIT_14s0060g00680,375,0.1819,Lipase GDSL,,,,
374,VIT_06s0004g03180,376,0.1815,Zinc finger (FYVE type),SIZ1_1,,vv30009Flower_development,vv60048PHD
375,VIT_18s0001g14660,376,0.1815,P-glycoprotein 13,PGP13,,vv52010ABC_transporters,
376,VIT_08s0007g04350,373,0.1807,Protein kinase,,,,
377,VIT_07s0031g01270,368,0.1785,Ring-H2 finger A2A,RHA2A,,vv60078Other_zf-C3HC4,
378,VIT_04s0008g01800,368,0.1782,Myb domain protein 7,MYB7_3,MYBPA7,vv60044MYB,
379,VIT_14s0006g01280,366,0.1766,Myb domain protein 113,MYB113_5,MYBA7,vv60044MYB,
380,VIT_06s0004g01470,365,0.1757,Lipoxygenase LOX1,E1_13_11_12,,vv10592alpha-Linolenic_acid_metabolism,
381,VIT_15s0048g01980,360,0.1740,COP9 signalosome complex subunit 1,,,,
382,VIT_01s0010g03470,359,0.1738,Caffeoyl-CoA O-methyltransferase,E2_1_1_104,,vv10940Phenylpropanoid_biosynthesis,
383,VIT_15s0046g01600,356,0.1729,Acidic endochitinase (CHIB1),E3_2_1_14,,vv10530Aminosugars_metabolism,
384,VIT_16s0050g00230,353,0.1710,Zinc knuckle,ZFC2HC,,,
385,VIT_15s0048g02150,354,0.1710,Methionine aminopeptidase 2B,E3_4_11_18,,,
386,VIT_01s0011g03790,351,0.1698,ARG1 (Altered response to gravity 1),ARG1,,vv50132Primary_active_transporter_cat_A5_to_A8,
387,VIT_19s0090g00330,349,0.1697,1-acyl-sn-glycerol-3-phosphate acyltransferase,E2_3_1_51,,vv10561Glycerolipid_metabolism,vv10564Glycerophospholipid_metabolism
388,VIT_12s0178g00090,348,0.1686,Diacylglycerol kinase 1,E2_7_1_107,,vv10561Glycerolipid_metabolism,vv10564Glycerophospholipid_metabolism
389,VIT_10s0003g05420,349,0.1680,S-2-hydroxy-acid oxidase  peroxisomal,E1_1_3_15,,vv10630Glyoxylate_and_dicarboxylate_metabolism,
390,VIT_03s0167g00010,343,0.1659,Auxin response factor ARF6,ARF6_3,,vv30003Auxin_signaling,vv60004ARF
391,VIT_06s0009g01540,337,0.1634,Embryonic abundant protein -like,,,,
392,VIT_12s0142g00310,338,0.1633,Oxygen evolving enhancer 3 (PsbQ),K08901,,vv10195Photosynthesis,vv50113Thylakoid_targeting_pathway
393,VIT_08s0007g05210,335,0.1624,Amino acid permease,AAPREL,,vv50123Porters_cat_18_to_29,
394,VIT_04s0023g01750,335,0.1622,TVLP1,,,,
395,VIT_02s0025g01240,332,0.1612,UDP-glucuronosyl/UDP-glucosyltransferase,E2_4_1_17,,vv10040Pentose_glucuronate_interconversion,vv10500Starch_and_sucrose_metabolism
396,VIT_09s0018g02100,329,0.1600,Anthocyaninless2 (ANL2),ANL2_2,,vv60034HB,
397,VIT_13s0067g02810,330,0.1594,NADPH:quinone oxidoreductase,E1_6_5_2,,vv10100Biosynthesis_of_steroids,
398,VIT_04s0023g02050,325,0.1579,Inorganic pyrophosphatase,K01507,,vv10190Oxidative_phosphorylation,vv50133Primary_active_transporter_cat_A9_to_A18
399,VIT_16s0022g00090,327,0.1574,No hit,,,,
400,VIT_12s0034g02560,323,0.1560,DNA (cytosine-5)-methyltransferase (ATHIM),E2_1_1_37,,vv10271Methionine_metabolism,
401,VIT_00s0361g00090,322,0.1553,Phototropic-responsive NPH3 protein,,,,
402,VIT_06s0004g01260,316,0.1527,U-box protein,,,,
403,VIT_15s0107g00380,312,0.1514,Basic helix-loop-helix (bHLH) family,BHLHDOM_10,,vv60011BHLH,
404,VIT_16s0148g00270,312,0.1505,No hit,,,,
405,VIT_19s0015g02080,311,0.1504,(-)-germacrene D synthase,E4_2_3_22,,vv10900Terpenoid_biosynthesis,
406,VIT_07s0031g01670,301,0.1454,CYP96A10,,,,
407,VIT_08s0007g04950,300,0.1450,Xyloglucan endotransglucosylase/hydrolase 32,E2_4_1_207,,vv40006Cell_wall,
408,VIT_11s0037g00640,296,0.1434,No hit,,,,
409,VIT_04s0043g00850,293,0.1425,Unknown protein,,,,
410,VIT_03s0088g01150,294,0.1421,Squalene monooxygenase,E1_14_99_7,,vv10100Biosynthesis_of_steroids,vv10900Terpenoid_biosynthesis
411,VIT_13s0067g01800,292,0.1419,Histidine acid phosphatase,E3_1_3_2,,vv10740Riboflavin_metabolism,
412,VIT_01s0010g03720,287,0.1385,4-coumarate:CoA ligase,E6_2_1_12,,vv10940Phenylpropanoid_biosynthesis,vv50104Group_translocators
413,VIT_09s0018g00550,286,0.1378,Pentatricopeptide (PPR) repeat-containing protein,,,,
414,VIT_18s0157g00120,278,0.1345,No hit,,,,
415,VIT_11s0016g01280,276,0.1334,DNA-directed RNA polymerase III subunit C4,K03026,,vv23020RNA_polymerase,
416,VIT_13s0064g00820,273,0.1320,No hit,,,,
417,VIT_03s0038g03940,272,0.1309,Tonoplast monosaccharide transporter2,TMT2,,vv50121Porters_cat_1_to_6,
418,VIT_11s0016g05910,266,0.1294,Mak10 subunit  NatC N(Alpha)-terminal acetyltransferase,,,,
419,VIT_13s0064g00840,268,0.1287,9 10[9' 10']carotenoid cleavage dioxygenase,CCD,,vv10906Carotenoid_biosynthesis,
420,VIT_02s0012g02820,261,0.1262,Geraniol 10-hydroxylase,G10H,,vv10902Monoterpenoid_biosynthesis,
421,VIT_06s0004g06240,259,0.1255,Zinc finger (C2H2 type) family,C2H2FAM_31,,vv60017C2H2,
422,VIT_05s0020g02300,258,0.1246,TRNA/rRNA methyltransferase (SpoU),K02533,,,
423,VIT_18s0001g14910,254,0.1229,Mannitol dehydrogenase,E1_1_1_67,,vv10051Fructose_and_mannose_metabolism,
424,VIT_01s0011g02290,254,0.1229,Zf A20 and AN1 domain-containing stress-associated protein 7,SAP7_3,,vv60077Other_zf-AN1,
425,VIT_00s0456g00040<br>VIT_00s0374g00030,252,0.1228,
426,VIT_16s0039g02860,247,0.1194,Germin-like protein 3 [Vitis vinifera],,,,
427,VIT_05s0062g00520,244,0.1182,UDP-glucose:flavonoid 7-O-glucosyltransferase,E2_4_1_237,,vv10941Flavonoid_biosynthesis,
428,VIT_16s0013g00290,244,0.1179,Heat shock protein binding,,,,
429,VIT_10s0003g01950,241,0.1169,No hit,,,,
430,VIT_18s0001g11620,238,0.1148,WAK receptor protein kinase,,,,
431,VIT_10s0071g00650,237,0.1147,No hit,,,,
432,VIT_18s0001g01760,234,0.1137,PISTILLATA (PI) floral homeotic protein,PISTILLATA_1,,vv30009Flower_development,vv60042MADS
433,VIT_00s0322g00030,232,0.1125,Alpha-6-galactosyltransferase,E2_4_2_39,,vv40006Cell_wall,
434,VIT_11s0016g03660,232,0.1124,Glucose transporter 2 plastidic,PGTR2,,vv50121Porters_cat_1_to_6,
435,VIT_16s0022g02330,231,0.1121,MADS-box agamous-like 6,AGL6_2,,vv60042MADS,
436,VIT_04s0008g06300,226,0.1088,Leucine-rich repeat family,,,,
437,VIT_18s0122g00590,225,0.1088,DNA-binding protein,,,,
438,VIT_17s0000g09880,224,0.1081,No hit,,,,
439,VIT_02s0025g02250,223,0.1074,Dof zinc finger protein DOF4.6,DOF4_6_2,,vv60015C2C2-DOF,
440,VIT_18s0001g10850,222,0.1071,Patatin,,,,
441,VIT_07s0005g03320,219,0.1057,Unknown protein,,,,
442,VIT_11s0118g00180,218,0.1052,HHP1 (heptahelical protein 1),,,,
443,VIT_00s0374g00040,212,0.1023,S-locus lectin protein kinase,,,,
444,VIT_17s0000g00320,211,0.1019,Auxin response factor 2,ARF2_1,,vv30003Auxin_signaling,vv60004ARF
445,VIT_07s0031g00500,210,0.1016,Subtilase,ARA12,,vv50101Channels_and_pores,
446,VIT_07s0197g00250,210,0.1010,Disease resistance protein (CC-NBS-LRR class),,,,
447,VIT_13s0156g00560,208,0.1001,Disease resistance protein (TIR-NBS class),,,,
448,VIT_17s0000g10410,205,0.0996,Serine carboxypeptidase SCPL51,,,,
449,VIT_15s0048g01600,205,0.0992,Geraniol 10-hydroxylase,G10H,,vv10902Monoterpenoid_biosynthesis,
450,VIT_03s0091g01220,204,0.0986,Enhancer of mRNA-decapping protein 4,K12616,,vv23018RNA_degradation,
451,VIT_17s0000g06020,200,0.0975,TCP family transcription factor TCP14,TCP14_1,,vv60061TCP,
452,VIT_07s0031g03070,198,0.0957,Isoflavone reductase,E1_3_1_45,,vv10943Isoflavonoid_biosynthesis,
453,VIT_12s0059g00210,197,0.0953,Epoxide hydrolase,E3_3_2_10,,,
454,VIT_17s0053g00800,195,0.0940,No hit,,,,
455,VIT_10s0092g00500,194,0.0934,CYP71D10,,,,
456,VIT_02s0087g00250,193,0.0933,No hit,,,,
457,VIT_16s0050g01860,190,0.0922,SLAH3 (SLAC1 Homologue 3),SLAH3,,vv50122Porters_cat_7_to_17,
458,VIT_04s0044g01620,186,0.0896,RGLG1 (ring Domain LIGASE1),RGLG1,,vv50004Auxin_transport,
459,VIT_05s0062g00570,186,0.0896,UDP-glucose:flavonoid 7-O-glucosyltransferase,E2_4_1_237,,vv10941Flavonoid_biosynthesis,
460,VIT_00s0477g00040,183,0.0885,Clathrin assembly protein 16,CAP16,,vv50110Protein_coat,
461,VIT_01s0026g02120,181,0.0870,Microtubule end binding protein 1 (EB1),K10436,,vv44810Regulation_of_actin_cytoskeleton,
462,VIT_16s0050g01980,180,0.0867,EIX receptor 2,,,,
463,VIT_19s0014g04900,178,0.0855,(-)-germacrene D synthase,E4_2_3_22,,vv10900Terpenoid_biosynthesis,
464,VIT_13s0047g00370,175,0.0842,Enoyl-CoA hydratase,E4_2_1_17,vv10650Butanoate_metabolism,vv10062Fatty_acid_elongation_in_mitochondria,vv10071Fatty_acid_metabolism
465,VIT_18s0001g07360,173,0.0836,ER6 protein universal stress protein (USP) family,USPER6,,vv30008Ethylene_signaling,
466,VIT_13s0019g02430,172,0.0833,LIM domain containing protein,LIMDOM_2,,vv60040LIM,
467,VIT_08s0032g00760,172,0.0833,Translation initiation factor eIF-2 beta subunit,K03238,,vv23013RNA_transport,
468,VIT_16s0098g01870,171,0.0826,SOS3 (salt overly sensitive 3),E3_1_3_16,,,
469,VIT_03s0017g01140,169,0.0816,Cis-zeatin O-beta-D-glucosyltransferase,E2_4_1_215,,vv10908Zeatin_biosynthesis,
470,VIT_18s0001g09920,168,0.0810,Cyclin delta-3 (CYCD3_1),CYCD3,,vv30007Cytokinin_signaling,vv44110Cell_cycle
471,VIT_07s0005g06210,166,0.0804,RPM1 (resistance to p. syringae pv maculicola 1),K13457,,vv34626Plant-pathogen_interaction,
472,VIT_09s0002g02980,166,0.0801,FRK1 (FLG22-induced receptor-like kinase 1),FRK1,,vv34626Plant-pathogen_interaction,
473,VIT_13s0019g01520,166,0.0799,Protease inhibitor/seed storage/lipid transfer protein (LTP),,,,
474,VIT_15s0021g02300,162,0.0785,Squamosa promoter-binding protein 8 (SPL8),SPL8,,vv60055SBP,
475,VIT_16s0098g01550,161,0.0780,No hit,,,,
476,VIT_00s0361g00020,162,0.0780,Anthocyanidin reductase [Vitis vinifera],E1_3_1_77,,vv10941Flavonoid_biosynthesis,
477,VIT_06s0004g07970,160,0.0777,Alpha-expansin 10 precursor,EXPA10,,vv30003Auxin_signaling,
478,VIT_07s0151g00300,160,0.0773,Unknown protein,,,,
479,VIT_15s0021g01510,160,0.0772,Phospholipase A1,E3_1_1_32,,vv10564Glycerophospholipid_metabolism,vv10592Alpha-linolenic_acid_metabolism
480,VIT_01s0011g05360,158,0.0766,High mobility group protein HMGI/Y-1,HMGIY_5,,vv60035HMG,
481,VIT_11s0016g04160,157,0.0759,Sulfate transporter 3.5,SULTR3_5,,vv50124Porters_cat_30_to_64,
482,VIT_11s0016g04220,156,0.0758,Copper-binding family protein,,,,
483,VIT_01s0011g03780,155,0.0751,Zinc finger protein 6,ZFP6_2,,vv60017C2H2,
484,VIT_17s0000g02410,154,0.0743,Cold-induced wall associated kinase,,,,
485,VIT_18s0072g01000,153,0.0742,Dihydrolipoamide S-acetyltransferase,E2_3_1_12,,vv10010Glycolysis,vv10252Alanine_and_aspartate_metabolism
486,VIT_12s0057g01060,151,0.0728,Jasmonate O-methyltransferase,E2_1_1_141,,vv10592alpha-Linolenic_acid_metabolism,
487,VIT_17s0000g01750,149,0.0724,Auxin-independent growth promoter,,,,
488,VIT_14s0128g00400,148,0.0716,Ras homolog gene family  member T1,K07870,,,
489,VIT_18s0164g00020,147,0.0713,Transducin protein,,,,
490,VIT_08s0007g00700,145,0.0705,PCS1 (promotion of cell survival1) peptidase,,,,
491,VIT_08s0056g00740,143,0.0695,Unknown protein,,,,
492,VIT_18s0166g00110,142,0.0688,E4/E8 binding protein-1,E4E8BP,,vv30008Ethylene_signaling,
493,VIT_05s0020g01960,141,0.0678,Na+/H+ antiporter isoform 2,NHX2,,vv50124Porters_cat_30_to_64,
494,VIT_06s0004g07640,140,0.0675,Pentatricopeptide (PPR) repeat-containing protein,,,,
495,VIT_01s0011g05260,137,0.0666,DELLA protein GAI1,GAI1_3,,vv30009Flower_development,vv30010Gibberellin_signaling
496,VIT_12s0035g00010,138,0.0666,DNA (cytosine-5)-methyltransferase (ATHIM),E2_1_1_37,,vv10271Methionine_metabolism,
497,VIT_17s0000g07530,136,0.0660,Transportin-SR,TRANSPORTINSR,,vv50112Nuclear_pore_complex,
498,VIT_08s0007g00050,132,0.0638,EMB1674 (embryo defective 1674) kinase interacting family protein,EMB1674_5,,vv60087Orphans_KIP1_SANTA,
499,VIT_12s0028g02410,132,0.0637,1-aminocyclopropane-1-carboxylate oxidase,E1_14_17_4,,vv10640Propanoate_metabolism,vv30008Ethylene_signaling
500,VIT_19s0014g04010,131,0.0637,No hit,,,,
501,VIT_07s0031g00750,126,0.0614,MATE efflux family protein,MATE,,vv50125Porters_cat_66_to_94,
502,VIT_12s0134g00620,127,0.0610,Anthocyanidin 3-O-glucoside-6''-O-malonyltransferase,E2_3_1_171,,vv10942Anthocyanin_biosynthesis,
503,VIT_13s0019g03510,125,0.0606,Zinc finger (CCCH-type) family protein,CCCHFAM_14,,vv60018C3H,
504,VIT_18s0001g12010,123,0.0593,RUB1 conjugating enzyme,K10579,,vv24120Ubiquitin_mediated_proteolysis,vv30003Auxin_signaling
505,VIT_07s0005g05660,123,0.0593,F-box/kelch-repeat protein,,,,
506,VIT_10s0116g01840,120,0.0580,No hit,,,,
507,VIT_11s0016g05510,119,0.0573,Unknown protein,,,,
508,VIT_16s0100g00110,118,0.0571,Hydroxymethylglutaryl coenzyme A synthase,E4_1_3_4,,vv10072Synthesis_and_degradation_of_ketone_bodies,vv10280Valine_leucine_and_isoleucine_degradation
509,VIT_02s0025g04910,117,0.0567,Growth-regulating factor 5,GRF5_3,,vv60033GRF,
510,VIT_18s0001g13080,117,0.0564,Unknown protein,,,,
511,VIT_18s0001g08830,115,0.0558,FK506-binding protein 4/5,K09571,,vv50108Accessory_factors_involved_in_transport,
512,VIT_13s0156g00190,115,0.0554,No hit,,,,
513,VIT_10s0003g00560,113,0.0547,Wuschel homeobox 9,WOX9,VvHB37,vv60034HB,
514,VIT_04s0023g02880,113,0.0545,GATA transcription factor 14,GAT14,,vv60016C2C2-GATA,
515,VIT_14s0006g02550,112,0.0541,Non-specific lipid-transfer protein 2 (LTP 2),,,,
516,VIT_00s0267g00050,111,0.0537,No hit,,,,
517,VIT_08s0032g01140,111,0.0536,Unknown protein,,,,
518,VIT_19s0090g01550,111,0.0536,Mo25,K08272,,vv34150mTOR_signaling_pathway,
519,VIT_15s0048g01590,111,0.0535,CYP76B1,,,,
520,VIT_00s0823g00020<br>VIT_00s0670g00020,110,0.0534,
521,VIT_03s0063g01350,110,0.0533,Dof zinc finger protein DOF5.8,DOF5_8,,vv60015C2C2-DOF,
522,VIT_01s0011g06060,108,0.0526,PLATZ transcription factor,PLATZFAM_2,,vv60049PLATZ,
523,VIT_00s0125g00180,108,0.0523,Zinc finger (C3HC4-type ring finger),ZFC3HC4,,,
524,VIT_18s0001g11710,108,0.0522,Photosystem II PsbO protein,K02716,,vv10195Photosynthesis,vv50113Thylakoid_targeting_pathway
525,VIT_03s0063g01880,106,0.0512,Acyl-CoA synthetase long-chain member 2,E6_2_1_3_LACS2,,vv10071Fatty_acid_metabolism,vv44146Peroxisome
526,VIT_02s0033g01310,106,0.0511,Amino acid permease,AAPREL,,vv50123Porters_cat_18_to_29,
527,VIT_13s0064g00770,104,0.0506,No hit,,,,
528,VIT_14s0066g00400,104,0.0503,Chalcone isomerase,E5_5_1_6,,vv10941Flavonoid_biosynthesis,
529,VIT_02s0025g02620,101,0.0489,BDG1 (BODYGUARD1) hydrolase,,,,
530,VIT_05s0029g00480,100,0.0487,Eceriferum 2 (CER2),,,,
531,VIT_04s0008g00860,100,0.0483,Ndr family protein,,,,
532,VIT_16s0100g01270,100,0.0480,F-box family protein,,,,
533,VIT_09s0002g00300,97,0.0471,APUM23 (Arabidopsis PUMILIO 23),,,,
534,VIT_03s0063g00370,97,0.0470,Nitrite reductase,E1_7_7_1,,vv10910Nitrogen_metabolism,
535,VIT_17s0000g02130,97,0.0469,Transposase  IS4,,,,
536,VIT_08s0040g02830,97,0.0468,Calcium-transporting ATPase 1  endoplasmic reticulum-type ECA1,K01537,,vv34020Calcium_signaling_pathway,vv50131Primary_active_transporter_cat_A2_to_A4
537,VIT_12s0057g00360,97,0.0467,No hit,,,,
538,VIT_10s0042g01040,97,0.0466,CYP714A1,,,,
539,VIT_18s0041g00890,97,0.0465,UDP-glucose: anthocyanidin 5 3-O-glucosyltransferase,RHGT1,,vv10942Anthocyanin_biosynthesis,
540,VIT_06s0009g01920,96,0.0465,No hit,,,,
541,VIT_08s0007g01660,96,0.0463,Chaperone protein dnaJ-related,K03686,,vv50132Primary_active_transporter_cat_A5_to_A8,
542,VIT_14s0060g02220,95,0.0459,F-actin capping protein alpha subunit,K10364,,vv44810Regulation_of_actin_cytoskeleton,
543,VIT_15s0021g02690,95,0.0458,Unfertilized embryo sac 10 UNE10,UNE10_1,,vv60011BHLH,
544,VIT_06s0009g00330,93,0.0450,No hit,,,,
545,VIT_19s0027g01160,90,0.0436,No hit,,,,
546,VIT_01s0011g01290,88,0.0427,N-carbamyl-L-amino acid amidohydrolase,E3_5_1_6,,vv10240Pyrimidine_metabolism,vv10410Beta-alanine_metabolism
547,VIT_00s0421g00030,88,0.0426,Unknown protein,,,,
548,VIT_03s0017g01070,87,0.0421,CYP86C2,,,,
549,VIT_11s0103g00650,86,0.0418,Pathogenesis-related homeodomain protein (PRHA),PRHA_1,VvHB41,vv60034HB,
550,VIT_12s0059g01650,85,0.0412,Division site determinant MinD  Plastid,MIND1,,vv44110Cell_cycle,
551,VIT_07s0005g00240,83,0.0404,Transducin protein,,,,
552,VIT_08s0007g02660,83,0.0400,Secoisolariciresinol dehydrogenase,SIRD,,vv10940Phenylpropanoid_biosynthesis,
553,VIT_00s0455g00050,83,0.0399,R protein  PRF  disease resistance protein,K13453,,vv34627R_proteins_from_Plant-pathogen_interaction,
554,VIT_11s0016g02930,82,0.0395,Derlin-3  putative [Ricinus communis],K13989,,vv50133Primary_active_transporter_cat_A9_to_A18,
555,VIT_02s0012g01660,80,0.0388,ATPase PGP2 (P-glycoprotein 2),PGP2,,vv52010ABC_transporters,
556,VIT_07s0031g01450,77,0.0372,Transcription termination factor mitochondrial mTERF,MTERF_18,,vv60085MTERF,
557,VIT_04s0008g06230,77,0.0372,Ubiquitin family,,,,
558,VIT_17s0000g00300,74,0.0357,Signal recognition particle subunit 68 SRP68,K03107,,vv23060Protein_export,vv50132Primary_active_transporter_cat_A5_to_A8
559,VIT_04s0044g00140,74,0.0354,Unknown protein,,,,
560,VIT_13s0064g01660,72,0.0351,Prunasin hydrolase isoform PHA precursor,E3_2_1_118,,vv10460Cyanoamino_acid_metabolism,
561,VIT_14s0068g00260,72,0.0350,Serine carboxypeptidase S10,,,,
562,VIT_14s0006g01290,71,0.0343,Myb domain protein 113,MYB113_2,MYBA6,vv60044MYB,
563,VIT_05s0020g03420,71,0.0343,PHD finger transcription factor,PHDFG_4,,vv60048PHD,
564,VIT_14s0108g01200,70,0.0340,Vesicle transport v-SNARE 13,K08493,,vv24130SNARE_interactions_in_vesicular_transport,
565,VIT_09s0018g01650,70,0.0338,Wrinkled1 (AP2/ERBP),WRINKLED1_1,VvAP2-06,vv30008Ethylene_signaling,vv60003AP2_EREBP
566,VIT_07s0104g01410,69,0.0333,OTU cysteine protease,,,,
567,VIT_11s0103g00530,69,0.0332,Oxysterol binding protein,,,,
568,VIT_12s0028g01170,67,0.0326,Auxin response factor ARF6,ARF6_4,,vv30003Auxin_signaling,vv60004ARF
569,VIT_14s0066g00310,67,0.0324,Unknown protein,,,,
570,VIT_04s0008g01030,67,0.0324,Unknown protein,,,,
571,VIT_17s0000g02830,63,0.0304,R protein MLA10,K13475,,vv34627R_proteins_from_Plant-pathogen_interaction,
572,VIT_04s0008g03950,61,0.0296,RD22,,,,
573,VIT_13s0139g00280,61,0.0295,Binding,,,,
574,VIT_02s0025g02610,61,0.0294,Basic helix-loop-helix (bHLH) family,BHLHDOM_48,,vv60011BHLH,
575,VIT_12s0059g02460,60,0.0292,Histone-lysine N-methyltransferase ATXR2,E2_1_1_43ATXR2,,vv10300Lysine_biosynthesis,vv60056SET_PCG
576,VIT_18s0001g09830,60,0.0290,TTL3 (tetratricopetide-repeat thioredoxin 3),TTL3,,vv50132Primary_active_transporter_cat_A5_to_A8,
577,VIT_13s0019g02700,58,0.0282,MEE60 (maternal effect embryo arrest 60),,,,
578,VIT_07s0104g01660,58,0.0280,HAK5 (High affinity K+ transporter 5),HAK5,,vv50125Porters_cat_66_to_94,
579,VIT_03s0063g01720,57,0.0278,S-N-methylcoclaurine 3'-hydroxylase,E1_14_13_71,,vv10950Alkaloid_biosynthesis_I,
580,VIT_10s0092g00430,57,0.0277,No hit,,,,
581,VIT_04s0044g01860,57,0.0275,Auxin efflux carrier,AUXEFF,,vv50004Auxin_transport,vv50125Porters_cat_66_to_94
582,VIT_04s0008g03100,57,0.0275,Unknown protein,,,,
583,VIT_03s0038g02400,56,0.0272,Protein kinase,,,,
584,VIT_15s0048g02680,56,0.0271,Calmodulin-binding region IQD17,,,,
585,VIT_16s0022g00070,56,0.0269,No hit,,,,
586,VIT_08s0007g04330,55,0.0267,CHUP1 (chloroplast unusual positioning 1),CHUP1,,vv44810Regulation_of_actin_cytoskeleton,
587,VIT_08s0040g00850,53,0.0258,Thylakoid lumenal 20 kDa protein,,,,
588,VIT_01s0010g02030,53,0.0257,Gamma-thionin precursor,,,,
589,VIT_07s0031g00430,53,0.0257,No hit,,,,
590,VIT_00s0591g00010,52,0.0252,DNA excision repair protein ERCC-4,K10848,,vv23420Nucleotide_excision_repair,
591,VIT_00s0525g00050,52,0.0250,Metal transporter CNNM4 (Cyclin-M4),CNNM4,,vv50109Incompletely_characterized_transport_systems,
592,VIT_01s0010g01850,51,0.0247,Regulator of nonsense transcripts 1,K14326,,vv23013RNA_transport,vv23015mRNA_surveillance_pathway
593,VIT_03s0038g01840,50,0.0242,Proline-rich protein 4,,,,
594,VIT_00s0972g00010,49,0.0239,N-acetylglucosaminyltransferase,K02366,,vv11030Glycan_structures-biosynthesis1,
595,VIT_00s1333g00010,49,0.0237,PHO1-like protein,PHO1,,vv50125Porters_cat_66_to_94,
596,VIT_10s0003g01960,49,0.0235,RKF1 (receptor-like kinase in flowers 1),,,,
597,VIT_00s1536g00010,48,0.0233,Heat shock protein 101,HSP101,,vv50109Incompletely_characterized_transport_systems,
598,VIT_03s0180g00150,48,0.0232,Receptor protein kinase,,,,
599,VIT_01s0026g01140,47,0.0228,ZCW32 (BIGPETAL  BIGPETALUB),ZCW32_2,,vv60011BHLH,
600,VIT_18s0041g01850,47,0.0227,Polyneuridine-aldehyde esterase precursor,E3_1_1_78,,vv10902Monoterpenoid_biosynthesis,
601,VIT_01s0011g00100,47,0.0227,MADS-box APETALA 1,APETALA1_2,,vv30009Flower_development,vv60042MADS
602,VIT_18s0001g01950,46,0.0223,Pentatricopeptide (PPR) repeat-containing protein,,,,
603,VIT_15s0046g02930,46,0.0222,DNA-binding protein,,,,
604,VIT_00s0259g00050,46,0.0222,No hit,,,,
605,VIT_01s0011g02330,45,0.0217,Unknown protein,,,,
606,VIT_06s0004g00030,44,0.0214,S-adenosyl-L-methionine:salicylic acid carboxyl methyltransferase,SAMTBSCMT,,vv10360Phenylalanine_metabolism,
607,VIT_15s0046g03540,44,0.0212,No hit,,,,
608,VIT_13s0019g03290,44,0.0212,Unknown protein,,,,
609,VIT_05s0049g00300,43,0.0209,1-aminocyclopropane-1-carboxylate oxidase homolog 1,E1_14_17_4,,vv10640Propanoate_metabolism,vv30008Ethylene_signaling
610,VIT_07s0005g01520,43,0.0208,WRKY DNA-binding protein 35,WRKY35,VvWRKY18,vv60066WRKY,
611,VIT_04s0023g03230,43,0.0208,Auxin-responsive SAUR9,SAUR9,,vv30003Auxin_signaling,
612,VIT_08s0056g00310,43,0.0208,Auxin efflux carrier,AUXEFF,,vv50004Auxin_transport,vv50125Porters_cat_66_to_94
613,VIT_04s0044g00310,41,0.0198,Nodulin MtN21 family,MTN21,,vv50122Porters_cat_7_to_17,
614,VIT_07s0129g00360,41,0.0197,Peroxidase 73,E1_11_1_7,,vv10360Phenylalanine_metabolism,vv10680Methane_metabolism
615,VIT_02s0012g00860,40,0.0193,No hit,,,,
616,VIT_05s0020g02980,38,0.0185,No hit,,,,
617,VIT_15s0046g01950,38,0.0184,Anthocyanidine rhamnosyl-transferase,RHATR,,vv10942Anthocyanin_biosynthesis,
618,VIT_00s0211g00030,38,0.0184,Symbiosis receptor kinase,,,,
619,VIT_06s0080g00830,38,0.0183,Unknown protein,,,,
620,VIT_00s0317g00060,38,0.0183,Unknown protein,,,,
621,VIT_13s0047g00390,37,0.0179,3-hydroxyisobutyryl-CoA hydrolase,E3_1_2_4,,vv10280Valine_leucine_and_isoleucine_degradation,vv10410Beta-alanine_metabolism
622,VIT_04s0008g04230,37,0.0179,ABC transporter G member 22,ABCG22,,vv52010ABC_transporters,
623,VIT_08s0056g00800,36,0.0173,Myb domain protein 60,MYB60,MYB60,vv60044MYB,
624,VIT_18s0001g13500,35,0.0170,forkhead-associated domain-containing protein,FHADOM_9,,vv60028FHA,
625,VIT_01s0026g00980,35,0.0169,Glycosyl transferase family 8 protein,,,,
626,VIT_17s0000g05850,34,0.0165,ATATH1 (ABC2 homolog1),ATH1,,vv52010ABC_transporters,
627,VIT_05s0124g00330,34,0.0165,Survival of motor neuron protein-interacting protein 1,K13130,,vv23013RNA_transport,
628,VIT_01s0010g02220,34,0.0165,Zinc finger (C3HC4-type ring finger),ZFC3HC4_200,,vv60078Other_zf-C3HC4,
629,VIT_11s0016g04840,34,0.0164,Avr9/Cf-9 rapidly elicited protein 11,,,,
630,VIT_08s0040g00380,34,0.0164,Zinc finger (DHHC type) family,ZFDHHC_22,,vv60079Other_zf-DHHC,
631,VIT_12s0059g02310,34,0.0164,PDF2 (protodermal factor2),PDF2_4,VvHB44,vv60034HB,
632,VIT_08s0007g05030,33,0.0160,Myb domain protein 36,MYB36_2,MYB150,vv60044MYB,
633,VIT_07s0005g02950,33,0.0160,AN3 (ANGUSITFOLIA3),AN3_2,,vv60031GIF,
634,VIT_01s0010g03500,33,0.0159,No hit,,,,
635,VIT_00s0245g00030,33,0.0159,Integral membrane family protein,,,,
636,VIT_03s0038g00110,33,0.0159,Nucleolar protein 4 NOP4,K14573,,vv23008Ribosome_biogenesis_in_Eukaryotes,
637,VIT_17s0000g10060,32,0.0155,Lipase GDSL,,,,
638,VIT_03s0017g00970,31,0.0150,No hit,,,,
639,VIT_12s0059g00940,31,0.0150,Cellulose synthase CSLB04,E2_4_1_12_CSLB04,,vv40006Cell_wall,
640,VIT_12s0028g02210,30,0.0145,Riboflavin kinase,E2_7_1_26,,vv10740Riboflavin_metabolism,
641,VIT_19s0014g04840,30,0.0145,(-)-germacrene D synthase,E4_2_3_22,,vv10900Terpenoid_biosynthesis,
642,VIT_19s0015g02530,29,0.0141,No hit,,,,
643,VIT_04s0008g06000,29,0.0141,Ethylene-responsive transcription factor ERF003,ERF003_2,VvERF045,vv30008Ethylene_signaling,vv60003AP2_EREBP
644,VIT_11s0052g00870,29,0.0140,IAA33,IAA33,,vv30003Auxin_signaling,vv60008AUXIAA
645,VIT_13s0019g03380,29,0.0140,Coronatine-insensitive protein 1,COI1,,vv30011Jasmonate_signaling,vv34626Plant-pathogen_interaction
646,VIT_16s0013g01540,28,0.0136,Ubiquinol-cytochrome C chaperone,,,,
647,VIT_12s0059g02510,28,0.0136,Zinc finger (B-box type),ZFBBOX_6,,vv60073Orphans_zf-b_box,
648,VIT_02s0025g02970,28,0.0135,flavanone 3-beta-hydroxylase,E1_14_11_9,,vv10941Flavonoid_biosynthesis,
649,VIT_00s0226g00020,28,0.0135,RabGAP/TBC domain-containing protein,,,,
650,VIT_02s0025g01410,27,0.0130,Acyl-CoA synthetase long-chain member 2,E6_2_1_3_LACS2,,vv10071Fatty_acid_metabolism,vv44146Peroxisome
651,VIT_15s0048g01000,26,0.0127,2'-hydroxy isoflavone/dihydroflavonol reductase,E1_3_1_45,,vv10943Isoflavonoid_biosynthesis,
652,VIT_18s0001g10440,26,0.0126,THO complex subunit 5,K13174,,vv23013RNA_transport,
653,VIT_06s0004g07770,25,0.0121,Peroxidase,E1_11_1_7,,vv10360Phenylalanine_metabolism,vv10680Methane_metabolism
654,VIT_16s0039g01700,25,0.0121,Inositol 1 3 4-triphosphate 5/6 kinase,E2_7_1_134,,vv10562Inositol_phosphate_metabolism,vv34070Phosphatidylinositol_signaling_system
655,VIT_01s0011g04710,25,0.0121,Copper-binding family protein,,,,
656,VIT_06s0004g00210,25,0.0121,Subtilisin protease,,,,
657,VIT_01s0011g05370,25,0.0121,Phosphoglucomutase  cytoplasmic,E5_4_2_2,,vv10010Glycolysis,vv10030Pentose_phosphate
658,VIT_15s0046g02400,25,0.0121,Glycerol-3-phosphate acyltransferase 8,E2_3_1_15,,vv10561Glycerolipid_metabolism,vv10564Glycerophospholipid_metabolism
659,VIT_17s0000g07680,25,0.0120,Alpha-N-acetylglucosaminidase,E3_2_1_50,,vv10511N-Glycan_degradation,
660,VIT_08s0032g00740,24,0.0116,Pentatricopeptide (PPR) repeat-containing,,,,
661,VIT_07s0005g05260<br>VIT_07s0005g05230,24,0.0116,
662,VIT_05s0077g01660,24,0.0116,Major allergen protein homolog,,,,
663,VIT_15s0046g02430,24,0.0116,Dual specificity protein phosphatase,,,,
664,VIT_04s0008g04300,24,0.0115,DnaJ homolog  subfamily B  member 4,K09510,,vv50132Primary_active_transporter_cat_A5_to_A8,
665,VIT_05s0102g00880,23,0.0112,Strictosidine synthase,E4_3_3_2,,vv10900Terpenoid_biosynthesis,vv10902Monoterpenoid_biosynthesis
666,VIT_19s0014g03380,23,0.0111,3'(2') 5'-bisphosphate nucleotidase,E3_1_3_7,,vv10920Sulfur_metabolism,
667,VIT_06s0004g00850,23,0.0111,DEAD box RNA helicase,DEADBOX,,vv23040Spliceosome,vv50133Primary_active_transporter_cat_A9_to_A18
668,VIT_14s0066g00300,23,0.0111,Unknown,,,,
669,VIT_00s0477g00030,23,0.0111,MATE efflux family protein ripening responsive,MATE,,vv50125Porters_cat_66_to_94,
670,VIT_05s0094g01190,23,0.0111,flavonoid 3-monooxygenase,E1_14_13_21,,vv10941Flavonoid_biosynthesis,
671,VIT_04s0023g01130,23,0.0111,E3 ubiquitin-protein ligase RNF5,K10666_155,,vv24141Protein_processing_in_endoplasmic_reticulum,vv60078Other_zf-C3HC4
672,VIT_05s0049g01810,22,0.0107,No hit,,,,
673,VIT_06s0004g01500,22,0.0106,Lipoxygenase (LOX2),E1_13_11_12,,vv10592alpha-Linolenic_acid_metabolism,
674,VIT_11s0016g02700,22,0.0106,IAA-amino acid hydrolase 2 (ILL2),ILL2,,vv11002Auxin_biosynthesis,
675,VIT_15s0021g02660,22,0.0106,F-box domain containing protein,,,,
676,VIT_07s0130g00340<br>VIT_07s0130g00320,22,0.0106,
677,VIT_19s0014g00090,21,0.0102,Glucan endo-1 3-beta-glucosidase 4 precursor,E3_2_1_39,,vv10500Starch_and_sucrose_metabolism,
678,VIT_03s0017g01290,21,0.0102,ABC transporter G member 7,ABCG7,,vv52010ABC_transporters,
679,VIT_17s0000g05000,21,0.0101,SEPALLATA1,SEPALLATA1_1,,vv30009Flower_development,vv60042MADS
680,VIT_03s0063g02250,20,0.0097,Polyol transporter 5,PLT5,,vv50121Porters_cat_1_to_6,
681,VIT_08s0007g01420,19,0.0092,Glutathione S-transferase 8 GSTU8,E2_5_1_18_GSTU8,,vv10480Glutathione_metabolism,
682,VIT_05s0077g00820,19,0.0092,Unknown protein,,,,
683,VIT_17s0000g08600,19,0.0092,Signal recognition particle receptor beta subunit,K12272,,vv23060Protein_export,vv50132Primary_active_transporter_cat_A5_to_A8
684,VIT_18s0001g11750,19,0.0092,Ribosomal protein S9,K02996,,vv23010Ribosome,
685,VIT_00s0194g00130,19,0.0092,Transcriptional adaptor (ADA2b)PROPORZ1,PROPORZ1,,vv30003Auxin_signaling,vv30007Cytokinin_signaling
686,VIT_11s0016g01290,19,0.0091,CYP72A1,K13400,,vv10902Monoterpenoid_biosynthesis,
687,VIT_17s0000g02460,18,0.0087,Wuschel related homeobox 1,WOX1_2,VvHB57,vv60034HB,
688,VIT_01s0146g00430,18,0.0087,No hit,,,,
689,VIT_09s0018g01180,18,0.0087,TTL (transthyretin-like protein),TTRL,,vv50109Incompletely_characterized_transport_systems,
690,VIT_19s0085g00890,18,0.0087,Myb APL (altered phloem development),APL,,vv60029G2-like,
691,VIT_00s1995g00010,18,0.0087,Phosphoenolpyruvate carboxykinase,E4_1_1_49,,vv10020Citrate_cycle,vv10620Pyruvate_metabolism
692,VIT_11s0016g01500,18,0.0087,PHD finger protein alfin,ALFINDOM5,,vv60002Alfin-like,
693,VIT_18s0157g00210,18,0.0086,Inositol-1 4 5-trisphosphate 5-Phosphatase,E3_1_3_56,,vv10562Inositol_phosphate_metabolism,vv34070Phosphatidylinositol_signaling_system
694,VIT_14s0083g01180,17,0.0082,Unknown protein,,,,
695,VIT_02s0025g04360,17,0.0082,S-N-methylcoclaurine 3'-hydroxylase,E1_14_13_71,,vv10950Alkaloid_biosynthesis_I,
696,VIT_15s0046g00600,16,0.0078,No hit,,,,
697,VIT_01s0127g00600,16,0.0077,DC1 domain-containing protein,,,,
698,VIT_00s0220g00110,16,0.0077,Acetolactate synthase small subunit,E2_2_1_6,,vv10290Valine_leucine_and_isoleucine_biosynthesis,vv10650Butanoate_metabolism
699,VIT_18s0001g06480,16,0.0077,Aquaporin PIP PIP1;4,PIP1_4,,vv50101Channels_and_pores,
700,VIT_11s0016g04540,15,0.0073,ABC transporter G member 22,ABCG22,,vv52010ABC_transporters,
701,VIT_04s0008g04930,15,0.0073,Paramyosin,PARAMYOSIN,,vv44810Regulation_of_actin_cytoskeleton,
702,VIT_05s0062g01180,15,0.0073,Importin beta-2,K14293_2,,vv23013RNA_transport,vv50109Incompletely_characterized_transport_systems
703,VIT_14s0006g02960,15,0.0073,KH domain containing protein,,,,
704,VIT_18s0001g01320,15,0.0073,Wall-associated receptor kinase 5,,,,
705,VIT_09s0002g03620,15,0.0072,NADP-dependent malic enzyme,E1_1_1_39,,vv10620Pyruvate_metabolism,vv10710Carbon_fixation
706,VIT_09s0054g01790,14,0.0068,No hit,,VvERF069,,
707,VIT_08s0032g00790,14,0.0068,ABC transporter G member 4,K05680,,vv52010ABC_transporters,
708,VIT_03s0088g00060,14,0.0068,Isoflavone reductase,E1_3_1_45,,vv10943Isoflavonoid_biosynthesis,
709,VIT_18s0001g00280,13,0.0063,OPCL1 (OPC-8:0 COA ligase1),K10526,,vv10592alpha-Linolenic_acid_metabolism,vv50104Group_translocators
710,VIT_10s0116g00680,13,0.0063,PDF2 (protodermal factor2),PDF2_2,VvHB35,vv60034HB,
711,VIT_05s0077g01290,13,0.0063,Unknown protein,,,,
712,VIT_12s0028g03620,13,0.0063,Unknown protein,,,,
713,VIT_08s0007g00940,13,0.0063,LHW (lonesome highway),LHW_3,,vv60011BHLH,
714,VIT_11s0052g01140,13,0.0063,Membrane protein,,,,
715,VIT_13s0019g03980,12,0.0058,Transcription initiation factor TFIIF beta subunit,K03139,,vv23022Basal_transcription_factors,
716,VIT_15s0046g00890,12,0.0058,No hit,,,,
717,VIT_05s0094g00070,12,0.0058,RabGAP/TBC domain-containing protein,,,,
718,VIT_00s0246g00130,12,0.0058,No hit,,,,
719,VIT_19s0014g03820,12,0.0058,Myb domain protein 102,MYB102_2,MYB145,vv60044MYB,
720,VIT_06s0004g03040,12,0.0058,Transducin protein,,,,
721,VIT_12s0034g00790,12,0.0058,Kinetochore protein,KINETOCHORE,,vv44110Cell_cycle,
722,VIT_12s0028g03400,12,0.0058,No hit,,,,
723,VIT_03s0063g00360,12,0.0058,Glycoprotein 3-alpha-L-fucosyltransferase,E2_4_1_214,,vv11030Glycan_structures-biosynthesis1,
724,VIT_14s0030g02080,12,0.0058,Ca2+-ATPase 12 ACA12  plasma membrane,K01537,,vv34020Calcium_signaling_pathway,vv50131Primary_active_transporter_cat_A2_to_A4
725,VIT_17s0000g03770,11,0.0053,No hit,,,,
726,VIT_13s0019g00460,11,0.0053,Unknown protein,,,,
727,VIT_12s0134g00640,10,0.0049,Anthocyanidin 3-O-glucoside-6''-O-malonyltransferase,E2_3_1_171,,vv10942Anthocyanin_biosynthesis,
728,VIT_15s0046g02660,10,0.0049,Sas10/U3 ribonucleoprotein,,,,
729,VIT_13s0064g01480,10,0.0049,Lipoxygenase LOX1,E1_13_11_12,,vv10592alpha-Linolenic_acid_metabolism,
730,VIT_06s0080g00750,10,0.0048,Unknown protein,,,,
731,VIT_06s0004g02390,10,0.0048,Triacylglycerol lipase,E3_1_1_3,,vv10561Glycerolipid_metabolism,
732,VIT_16s0022g02080,10,0.0048,Exostosin family protein,K02366,,vv11030Glycan_structures-biosynthesis1,
733,VIT_06s0061g00790,10,0.0048,Pheophorbide a oxygenase,E1_14_12_20,,vv10860Porphyrin_and_chlorophyll_metabolism,vv50133Primary_active_transporter_cat_A9_to_A18
734,VIT_17s0000g10100,10,0.0048,Response regulator ARR11 Type-B,ARR11_1,,vv30007Cytokinin_signaling,vv60006ARR-B
735,VIT_00s0211g00040,9,0.0044,Nodulation receptor kinase,,,,
736,VIT_02s0033g01060,9,0.0044,Anthraniloyal-CoA: methanol anthraniloyal transferase,AMAT,,vv10400Phenylalanine_tyrosine_and_tryptophan_biosynthesis,
737,VIT_12s0059g00980,9,0.0044,Cellulose synthase CSLB04,E2_4_1_12_CSLB04,,vv40006Cell_wall,
738,VIT_18s0001g11160,9,0.0044,Unknown protein,,,,
739,VIT_14s0068g01540,9,0.0044,PBS1 (avrPphB susceptible 1),K13430,,vv34626Plant-pathogen_interaction,
740,VIT_06s0061g01070,9,0.0044,Oligopeptidase A,E3_4_24_70,,,
741,VIT_03s0038g03600,9,0.0044,Serine/threonine kinase,,,,
742,VIT_17s0000g01950,9,0.0044,Dihydropyrimidine dehydrogenase,E1_3_1_2,,vv10410Beta-alanine_metabolism,vv10770Pantothenate_and_CoA_biosynthesis
743,VIT_07s0031g00420,9,0.0043,SHN1 (SHINE 1),SHINE1_2,,vv30008Ethylene_signaling,vv60003AP2_EREBP
744,VIT_16s0022g00720,9,0.0043,Endo-1 4-beta-glucanase,E3_2_1_4,,vv40006Cell_wall,
745,VIT_00s0181g00200<br>VIT_00s0181g00180,9,0.0043,
746,VIT_08s0056g01070,9,0.0043,MATE efflux family protein,MATE,,vv50125Porters_cat_66_to_94,
747,VIT_17s0000g05800,9,0.0043,Delta-1-pyrroline-5-carboxylate dehydrogenase (P5CDH),E1_5_1_12,,vv10251Glutamate_metabolism,vv10330Arginine_and_proline_metabolism
748,VIT_11s0016g04320,9,0.0043,Nudix hydrolase 20,,,,
749,VIT_19s0027g01680,9,0.0043,Tetratricopeptide helical,,,,
750,VIT_09s0054g01340,9,0.0043,Beta-amyrin synthase,E5_4_99_BAS,,vv10900Terpenoid_biosynthesis,
751,VIT_10s0003g01370,9,0.0043,Unknown protein,,,,
752,VIT_15s0048g01500,9,0.0043,Geraniol 10-hydroxylase,G10H,,vv10902Monoterpenoid_biosynthesis,
753,VIT_09s0002g07670,9,0.0043,No hit,,,,
754,VIT_18s0001g04140,9,0.0043,Vacuolar protein sorting 9 (VPS9),VPS9A,,vv50110Protein_coat,
755,VIT_19s0014g02480,7,0.0034,Haloacid dehalogenase hydrolase,E3_1_3_18,,vv10630Glyoxylate_and_dicarboxylate_metabolism,
756,VIT_08s0105g00570,7,0.0034,Adenosine/AMP deaminase active site,E3_5_4_4,,vv10230Purine_metabolism,
757,VIT_07s0031g00860,7,0.0034,Patatin,,,,
758,VIT_03s0038g04220,7,0.0034,Dihydroflavonol-4-reductase,E1_1_1_219,,vv10941Flavonoid_biosynthesis,
759,VIT_07s0205g00030,6,0.0029,Zinc finger (C3HC4-type ring finger),ZFC3HC4_8,,vv60078Other_zf-C3HC4,
760,VIT_00s0286g00130,6,0.0029,S-locus lectin protein kinase,,,,
761,VIT_09s0002g05110,6,0.0029,EMB2753,,,,
762,VIT_08s0105g00300,6,0.0029,Phospholipase C,E3_1_4_3,,vv10260Glycine_serine_and_threonine_metabolism,vv10562Inositol_phosphate_metabolism
763,VIT_15s0046g01060,6,0.0029,Pentatricopeptide (PPR) repeat,,,,
764,VIT_09s0070g00110,6,0.0029,S-adenosyl-L-methionine Mg-protoporphyrin IX methyltranserase,E2_1_1_11,,vv10860Porphyrin_and_chlorophyll_metabolism,
765,VIT_18s0001g11560,6,0.0029,CyP82A3,,,,
766,VIT_07s0031g00880,6,0.0029,Nodulation protein,,,,
767,VIT_16s0022g00360,6,0.0029,TMK1 (transmembrane kinase 1),,,,
768,VIT_17s0000g08230,6,0.0029,Unknown protein,,,,
769,VIT_11s0016g00640,6,0.0029,Auxin response factor 11 ARF19,ARF19,,vv30003Auxin_signaling,vv60004ARF
770,VIT_09s0070g00500,6,0.0029,Ubiquitin-specific protease 3 (UBP3),K01072,,,
771,VIT_02s0087g00490,6,0.0029,10-deacetylbaccatin III 10-O-acetyltransferase,E2_3_1_167,,vv10904Diterpenoid_biosynthesis,
772,VIT_09s0096g00880<br>VIT_00s0606g00010,6,0.0029,
773,VIT_13s0106g00260,6,0.0029,Lipase GDSL,,,,
774,VIT_19s0014g01900,6,0.0029,Protein transport protein Sec24,K14007,,vv24141Protein_processing_in_endoplasmic_reticulum,vv50110Protein_coat
775,VIT_12s0057g01530,6,0.0029,Endomembrane protein 70  TM4 ;,EMP70,,,
776,VIT_13s0067g00150,6,0.0029,Hydrolase  alpha/beta fold,,,,
777,VIT_07s0141g00150,6,0.0029,Histone acetyl transferase HAM1,HAM1_1,,vv60082GNAT,
778,VIT_19s0014g04880,6,0.0029,(-)-germacrene D synthase,E4_2_3_22,,vv10900Terpenoid_biosynthesis,
779,VIT_01s0026g01460,6,0.0029,Thioredoxin H-type 2 (Trx-H-2),,,,
780,VIT_11s0016g04420,6,0.0029,DnaJ homolog  subfamily C  member 13,K09533,,vv50132Primary_active_transporter_cat_A5_to_A8,
781,VIT_13s0067g03890,6,0.0029,Beta-ketoacyl-CoA synthase,E2_3_1_41,,vv10061Fatty_acid_biosynthesis,
782,VIT_15s0048g01840,6,0.0029,Zinc finger (C3HC4-type ring finger),ZFC3HC4_127,,vv60078Other_zf-C3HC4,
783,VIT_07s0005g03010,6,0.0029,Triacylglycerol lipase,E3_1_1_3,,vv10561Glycerolipid_metabolism,
784,VIT_05s0029g01570,4,0.0019,CTV.20,,,,
785,VIT_04s0008g06040,4,0.0019,Aspartate aminotransferase  chloroplast precursor,E2_6_1_1,vv10710Carbon_fixation,vv10252Alanine_and_aspartate_metabolism,vv10272Cysteine_metabolism
786,VIT_04s0023g03660,4,0.0019,Alpha-mannosidase precursor lysosomal,E3_2_1_24,,vv10511N-Glycan_degradation,
787,VIT_10s0003g00420,4,0.0019,Auxin response factor 3,ARF3_2,,vv30003Auxin_signaling,vv60004ARF
788,VIT_02s0012g02190,3,0.0015,Cellulose synthase CSLD2,E2_4_1_12_CSLD2,,vv40006Cell_wall,
789,VIT_09s0002g08070,3,0.0015,Prephenate dehydrogenase,E1_3_1_13,,vv10400Phenylalanine_tyrosine_and_tryptophan_biosynthesis,
790,VIT_03s0038g00220,3,0.0015,Purple acid phosphatase 10 ATPAP10/PAP10,E3_1_3_2,,vv10740Riboflavin_metabolism,
791,VIT_08s0007g02890,3,0.0015,Unknown protein,,,,
792,VIT_01s0011g01910,3,0.0015,Glycosyl transferase-related,,,,
793,VIT_00s1542g00010,3,0.0015,Receptor protein kinase,,,,
794,VIT_00s0360g00040,3,0.0015,No hit,,,,
795,VIT_11s0065g00170,3,0.0015,Squamosa promoter-binding protein 2 (SPL2),SPL2_3,,vv60055SBP,
796,VIT_02s0087g00630,3,0.0015,Alcohol oxidase,E1_1_3_13,,vv10680Methane_metabolism,
797,VIT_08s0056g01440,3,0.0015,Polynucleotide phosphorylase,E2_7_7_8,,vv10230Purine_metabolism,vv10240Pyrimidine_metabolism
798,VIT_10s0003g04140,3,0.0015,No hit,,,,
799,VIT_18s0166g00100,3,0.0015,No hit,,,,
800,VIT_00s0276g00030,3,0.0015,No hit,,,,
801,VIT_01s0010g03580,3,0.0015,Asynaptic 1 ASY1,ASY1,,vv44110Cell_cycle,
802,VIT_12s0057g00590,3,0.0015,Vacuolar protein sorting 11 (VPS11),VPS11,,vv50111Tethering_factors,
803,VIT_15s0021g01010,3,0.0015,Phosphatidylinositol-4-phosphate 5-kinase,E2_7_1_68,,vv10562Inositol_phosphate_metabolism,vv34070Phosphatidylinositol_signaling_system
804,VIT_13s0019g02710,3,0.0015,Rho guanyl-nucleotide exchange factor ROPGEF5,ROPGEF5,,,
805,VIT_15s0048g02050,3,0.0015,Hydrolase  alpha/beta fold family protein  expressed,,,,
806,VIT_01s0026g01090,3,0.0015,Unknown,,,,
807,VIT_11s0052g00260,3,0.0015,Unknown protein,,,,
808,VIT_18s0001g14930,3,0.0015,Unknown protein,,,,
809,VIT_18s0001g11100,3,0.0015,Serine carboxypeptidase,,,,
810,VIT_01s0011g00720,3,0.0015,WRKY DNA-binding protein 57,WRKY57,VvWRKY01,vv60066WRKY,
811,VIT_07s0005g03750,3,0.0015,RIC7 (ROP-interactive crib motif-containing protein 7),,,,
812,VIT_10s0071g00250,3,0.0015,Strictosidine synthase,E4_3_3_2,,vv10900Terpenoid_biosynthesis,vv10902Monoterpenoid_biosynthesis
813,VIT_04s0079g00010,3,0.0015,Expansin-A7,EXPA7,,vv30003Auxin_signaling,
814,VIT_02s0025g01190,3,0.0015,Extra-large G-protein (XLG1),,,,
815,VIT_04s0044g00560,3,0.0015,Histone H3,,,,
816,VIT_00s0246g00120,3,0.0015,No hit,,,,
817,VIT_01s0011g04740,3,0.0015,LPR1 (Low Phosphate Root1) multicopper oxidase,,,,
818,VIT_02s0154g00450,3,0.0015,Zinc knuckle,ZFC2HC,,,
819,VIT_19s0014g02000,3,0.0015,flavonol 3-O-glucosyltransferase,E2_4_1_91,,vv10941Flavonoid_biosynthesis,
820,VIT_05s0049g00990,3,0.0015,Metallothionein 2A,,,,
821,VIT_17s0000g00480,3,0.0015,Sialyltransferase,E2_4_99_10,,vv10602Glycosphingolipid_biosynthesis,
822,VIT_11s0016g01710,3,0.0015,Myosin-like protein XIK,MYOSINXIK,,vv44810Regulation_of_actin_cytoskeleton,
823,VIT_17s0053g00650,3,0.0015,Unknown protein,,,,
824,VIT_01s0010g02230,3,0.0015,Response regulator ARR11 Type-B,ARR11_2,,vv30007Cytokinin_signaling,vv60006ARR-B
825,VIT_19s0014g03930,3,0.0015,TRM5 tRNA methyltransferase 5,K07055,,,
826,VIT_00s0445g00040,3,0.0015,Unknown,,,,
827,VIT_10s0003g03330,3,0.0015,Receptor-like serine-threonine protein kinase,,,,
828,VIT_11s0037g00890,3,0.0015,Glutamine amidotransferase class-I domain-containing protein,K08681,,vv10750Vitamin_B6_metabolism,
829,VIT_05s0051g00330,3,0.0015,F-box domain containing protein,,,,
830,VIT_14s0060g02560,3,0.0015,Brassinosteroid-responsive ring-H2 (BRH1),BRH1,,vv30005Brassinosteroids_signaling,
831,VIT_17s0000g05020,3,0.0015,Squamosa promoter-binding protein 6 (SPL6),SPL6_2,,vv60055SBP,
832,VIT_01s0010g02530,3,0.0015,Extracellular ligand-gated ion channel,EXLIGIONCH,,vv50109Incompletely_characterized_transport_systems,
833,VIT_17s0000g02230,3,0.0015,Jasmonate ZIM domain-containing protein 3,JAZ3_2,,vv30011Jasmonate_signaling,vv34626Plant-pathogen_interaction
834,VIT_14s0006g00510,3,0.0015,No hit,,,,
835,VIT_09s0002g02940,3,0.0015,Myo-inositol oxygenase 1,E1_13_99_1,,vv10562Inositol_phosphate_metabolism,
836,VIT_00s0160g00220,3,0.0015,Unknown protein,,,,
837,VIT_07s0005g00450,3,0.0015,Unknown protein,,,,
838,VIT_10s0003g05020,3,0.0015,GTP-binding protein obg,K03979,,,
839,VIT_16s0050g01950,3,0.0015,Disease resistance family protein / LRR family,,,,
840,VIT_17s0000g09300,3,0.0014,Pentatricopeptide (PPR) repeat,,,,
841,VIT_08s0007g08200,3,0.0014,MATE efflux family protein,MATE,,vv50125Porters_cat_66_to_94,
842,VIT_06s0080g00560,3,0.0014,Beta-alanine synthase,E3_5_1_53,,vv10220Urea_cycle_and_metabolism_of_amino_groups,
843,VIT_06s0004g07040,3,0.0014,Glutaredoxin,,,,
844,VIT_02s0012g01500,3,0.0014,NADH dehydrogenase (ubiquinone) flavoprotein 2,K03943,,vv10190Oxidative_phosphorylation,vv50134Primary_active_transporter_cat_D1
845,VIT_12s0035g01890,3,0.0014,RNA recognition motif (RRM)-containing,,,,
846,VIT_12s0059g00240,3,0.0014,Epoxide hydrolase,E3_3_2_10,,,
847,VIT_06s0061g00890,3,0.0014,Carboxypeptidase,E3_4_17_22,,,
848,VIT_01s0011g02420,3,0.0014,Unknown,,,,
849,VIT_14s0068g00480,3,0.0014,UDP-glucosyl transferase,E2_4_1_81,,vv10941Flavonoid_biosynthesis,
850,VIT_14s0066g01790,3,0.0014,GASA like,GASAL,,vv30010Gibberellin_signaling,
851,VIT_00s0480g00060,3,0.0014,Polyphenol oxidase [Vitis vinifera],E1_10_3_1,,vv10350Tyrosine_metabolism,vv50109Incompletely_characterized_transport_systems
852,VIT_08s0040g02250,3,0.0014,No hit,,,,
853,VIT_06s0004g08170,3,0.0014,CENP-E like kinetochore protein,CENPE,,vv44110Cell_cycle,
854,VIT_06s0004g08180,3,0.0014,Translation initiation factor eIF-2 beta subunit,K03238,,vv23013RNA_transport,
855,VIT_00s0522g00010<br>VIT_00s0266g00010<br>VIT_00s0372g00070<br>VIT_00s0372g00080<br>VIT_00s0572g00010<br>VIT_00s0372g00040<br>VIT_00s0847g00020<br>VIT_00s0572g00020,3,0.0014,
856,VIT_05s0020g03560,3,0.0014,No hit,,,,
857,VIT_00s2032g00010,3,0.0014,No hit,,,,
858,VIT_19s0090g00710,3,0.0014,No hit,,,,
859,VIT_19s0085g01010,3,0.0014,No hit,,,,
860,VIT_08s0058g01470,3,0.0014,No hit,,,,
861,VIT_11s0118g00250,3,0.0014,IMP dehydrogenase/GMP reductase,E1_1_1_205,,vv10230Purine_metabolism,
862,VIT_17s0000g07790,3,0.0014,N-hydroxythioamide S-beta-glucosyltransferase,K11820,,vv10966Glucosinolate_biosynthesis,
863,VIT_08s0007g05160,3,0.0014,Flavonoid 3' 5'-hydroxylase,E1_14_13_88,,vv10941Flavonoid_biosynthesis,
864,VIT_03s0017g01130,3,0.0014,Cis-zeatin O-beta-D-glucosyltransferase,E2_4_1_215,,vv10908Zeatin_biosynthesis,
865,VIT_00s0515g00020,3,0.0014,R protein MLA10,K13475,,vv34627R_proteins_from_Plant-pathogen_interaction,
866,VIT_07s0104g00820,3,0.0014,Bystin,,,,
867,VIT_05s0136g00300,3,0.0014,No hit,,,,
868,VIT_18s0001g12620,3,0.0014,U-box domain-containing protein,,,,
869,VIT_17s0000g09980,3,0.0014,REF6 (relative of early flowering 6),REF6,,vv30009Flower_development,vv60038Jumonji
870,VIT_13s0019g00350,3,0.0014,ARF GTPase activator  ARF-GAP Domain 13,AGD13,,vv50110Protein_coat,
871,VIT_10s0003g03870,3,0.0014,Ornithine aminotransferase,E2_6_1_13,,vv10330Arginine_and_proline_metabolism,
872,VIT_08s0007g01020,3,0.0014,Aldo-keto reductase,E1_1_1_21,,vv10040Pentose_glucuronate_interconversion,vv10051Fructose_and_mannose_metabolism
873,VIT_05s0094g00560,3,0.0014,Stearoyl-ACP desaturase,E1_14_19_2,,vv11040Biosynthesis_of_unsaturated_fatty_acids,
874,VIT_06s0080g00800,3,0.0014,Vesicle-associated membrane protein 714,K08515,,vv24130SNARE_interactions_in_vesicular_transport,vv50101Channels_and_pores
875,VIT_02s0025g02680,3,0.0014,Growth-regulating factor 5,GRF5_1,,vv60033GRF,
876,VIT_02s0025g02600,3,0.0014,Glyoxal oxidase,,,,
877,VIT_18s0001g10330,3,0.0014,Subtilisin protease,ARA12,,vv50101Channels_and_pores,
