Vv_m2,2000,1000,VIT_06s0061g00240
rank,node,Fabs,Frel,Functional-annotation,Name-EC-KeggID,Updated-name,Network1,Network2
1,VIT_13s0067g00400,2074,1.0000,Anthranilate synthase alpha 1,E4_1_3_27,,vv10400Phenylalanine_tyrosine_and_tryptophan_biosynthesis,
2,VIT_11s0037g00320,2064,1.0000,Serine carboxypeptidase S10,,,,
3,VIT_17s0000g02700,2062,1.0000,Alpha-dioxygenase 2,K10529,,vv10592alpha-Linolenic_acid_metabolism,
4,VIT_15s0048g00550,2066,0.9990,Abnormal floral organs,AFO_2,,vv60019C2C2-YABBY,
5,VIT_08s0040g03400,2064,0.9990,Short-chain dehydrogenase/reductase,,,,
6,VIT_18s0001g06840,2068,0.9986,Peroxidase GvPx2b class III,E1_11_1_7,,vv10360Phenylalanine_metabolism,vv10680Methane_metabolism
7,VIT_03s0038g01410,2072,0.9976,Aquaporin PIP PIP1A,PIP1A,,vv50101Channels_and_pores,
8,VIT_02s0012g02030,2060,0.9976,Homeobox-7,VVHB7_1,VvHB09,vv60034HB,
9,VIT_02s0012g01660,2060,0.9957,ATPase PGP2 (P-glycoprotein 2),PGP2,,vv52010ABC_transporters,
10,VIT_01s0026g00570,2053,0.9947,Bet v I allergen,,,,
11,VIT_00s0532g00070,2052,0.9942,CRK10 (cysteine-rich RLK10); kinase,,,,
12,VIT_09s0002g02980,2047,0.9932,FRK1 (FLG22-induced receptor-like kinase 1),FRK1,,vv34626Plant-pathogen_interaction,
13,VIT_13s0067g00730,2061,0.9928,Carboxylic ester hydrolase,E3_1_1_1,,,
14,VIT_04s0008g06300,2040,0.9913,Leucine-rich repeat family,,,,
15,VIT_00s1314g00010,2043,0.9903,Basic helix-loop-helix (bHLH) family,BHLHDOM_89,,vv60011BHLH,
16,VIT_12s0059g01590,2038,0.9884,Lipase GDSL,,,,
17,VIT_18s0166g00080,2042,0.9879,ABC transporter G member 4,K05680,,vv52010ABC_transporters,
18,VIT_00s0218g00220,2036,0.9793,UDP-glucoronosyl/UDP-glucosyl transferase,,,,
19,VIT_01s0011g04010,2026,0.9792,Catalytic,,,,
20,VIT_07s0005g05520,2019,0.9777,Pectate lyase,E4_2_2_2,,vv40006Cell_wall,
21,VIT_14s0066g00300,2024,0.9745,Unknown,,,,
22,VIT_08s0007g02000,1988,0.9650,Glycerol-3-phosphate acyltransferase 8,E2_3_1_15,,vv10561Glycerolipid_metabolism,vv10564Glycerophospholipid_metabolism
23,VIT_04s0008g05520,1997,0.9638,Unknown protein,,,,
24,VIT_12s0028g01850,1982,0.9612,Receptor kinase TRKe,,,,
25,VIT_09s0054g01220,1981,0.9612,Cycloartenol synthase,E5_4_99_8,,vv10100Biosynthesis_of_steroids,
26,VIT_13s0074g00450,1985,0.9599,DEMETER protein (DME),,,,
27,VIT_05s0051g00330,1992,0.9586,F-box domain containing protein,,,,
28,VIT_13s0067g03890,1949,0.9475,Beta-ketoacyl-CoA synthase,E2_3_1_41,,vv10061Fatty_acid_biosynthesis,
29,VIT_11s0016g05340,1938,0.9426,Ethylene-responsive transcription factor SHINE 3,SHINE3_2,VvERF043,vv30008Ethylene_signaling,vv60003AP2_EREBP
30,VIT_15s0046g03240,1934,0.9375,Unknown protein,,,,
31,VIT_14s0066g02270,1940,0.9363,Endonuclease/exonuclease/phosphatase family protein,E3_1_30_x,,,
32,VIT_12s0059g01870,1926,0.9354,GH3-like protein,AUXINBIOSYNTHESIS_GH3,,vv11002Auxin_biosynthesis,
33,VIT_01s0010g02220,1912,0.9282,Zinc finger (C3HC4-type ring finger),ZFC3HC4_200,,vv60078Other_zf-C3HC4,
34,VIT_14s0006g02530,1920,0.9266,Non-specific lipid-transfer protein 2 (LTP 2),,,,
35,VIT_09s0002g03130,1917,0.9247,FRK1 (FLG22-induced receptor-like kinase 1),FRK1,,vv34626Plant-pathogen_interaction,
36,VIT_17s0000g00130,1914,0.9237,SEC14 cytosolic factor,SEC14,,vv50122Porters_cat_7_to_17,
37,VIT_01s0010g01870,1898,0.9218,Salicylic acid-induced fragment 1 protein,,,,
38,VIT_09s0002g06750,1892,0.9176,ERF/AP2 transcription factor sub B-6 SHINE,SHINE1_1,VvERF042,vv30008Ethylene_signaling,vv60003AP2_EREBP
39,VIT_08s0105g00300,1889,0.9152,Phospholipase C,E3_1_4_3,,vv10260Glycine_serine_and_threonine_metabolism,vv10562Inositol_phosphate_metabolism
40,VIT_08s0007g09000,1871,0.9145,Glycerol-3-phosphate dehydrogenase,E1_1_1_8,,vv10564Glycerophospholipid_metabolism,
41,VIT_01s0182g00130,1888,0.9077,PHO1-like protein,PHO1,,vv50125Porters_cat_66_to_94,
42,VIT_19s0014g04900,1869,0.9051,(-)-germacrene D synthase,E4_2_3_22,,vv10900Terpenoid_biosynthesis,
43,VIT_04s0008g03950,1862,0.8986,RD22,,,,
44,VIT_11s0016g00740,1857,0.8984,Receptor-like protein kinase 3,,,,
45,VIT_00s0820g00020,1838,0.8970,Anthocyanidine rhamnosyl-transferase,RHATR,,vv10942Anthocyanin_biosynthesis,
46,VIT_00s0267g00050,1838,0.8957,No hit,,,,
47,VIT_11s0052g01140,1852,0.8938,Membrane protein,,,,
48,VIT_03s0038g01830,1824,0.8898,Proline-rich protein 4,,,,
49,VIT_01s0137g00170,1847,0.8876,B-keto acyl reductase,,,,
50,VIT_13s0019g05230,1828,0.8839,NAC domain-containing protein50,NAC050,VvNAC21,vv60046NAC,
51,VIT_14s0068g00140,1825,0.8833,No hit,,,,
52,VIT_01s0010g00710,1801,0.8743,Armadillo/beta-catenin repeat protein / U-box domain-containing protein ,,,,
53,VIT_09s0002g02330,1800,0.8696,Nucleosome/chromatin assembly factor group A,,,,
54,VIT_14s0030g00220,1791,0.8686,Sugar transporter ERD6-like 5,ERD6L5,,vv50121Porters_cat_1_to_6,
55,VIT_04s0069g01120,1787,0.8675,Acyl-activating enzyme 7,E6_2_1_3,,vv10071Fatty_acid_metabolism,vv50104Group_translocators
56,VIT_07s0104g01150,1781,0.8637,RNA-binding protein,,,,
57,VIT_18s0001g12240,1783,0.8609,Peptide chain release factor eRF subunit 1,K03265,,vv23015mRNA_surveillance_pathway,
58,VIT_14s0006g02990,1783,0.8576,3-ketoacyl-CoA synthase,,,,
59,VIT_02s0033g01050,1780,0.8574,Anthraniloyal-CoA: methanol anthraniloyal transferase,AMAT,,vv10400Phenylalanine_tyrosine_and_tryptophan_biosynthesis,
60,VIT_09s0002g01650,1756,0.8562,5'-nucleotidase surE,E3_1_3_5,,vv10230Purine_metabolism,vv10240Pyrimidine_metabolism
61,VIT_02s0025g03150,1765,0.8556,Nuclear pore complex protein Nup98-Nup96,K14297,,vv23013RNA_transport,vv50109Incompletely_characterized_transport_systems
62,VIT_00s0267g00030,1737,0.8412,Unknown,,,,
63,VIT_17s0053g00710,1731,0.8374,Calcium-dependent protein kinase,,,,
64,VIT_06s0004g01750,1721,0.8326,Polygalacturonase inhibitor protein,PGIP,,,
65,VIT_09s0002g03050,1708,0.8243,Lipase GDSL,,,,
66,VIT_05s0049g01400,1686,0.8184,Alcohol oxidase,E1_1_3_13,,vv10680Methane_metabolism,
67,VIT_08s0007g03360,1691,0.8169,EMB1345 (embryo defective 1345),,,,
68,VIT_18s0001g11710,1678,0.8130,Photosystem II PsbO protein,K02716,,vv10195Photosynthesis,vv50113Thylakoid_targeting_pathway
69,VIT_01s0011g00620,1674,0.8103,14-3-3 protein GF14 iota (GRF12),,,,
70,VIT_11s0016g04540,1676,0.8089,ABC transporter G member 22,ABCG22,,vv52010ABC_transporters,
71,VIT_19s0090g01550,1670,0.8079,Mo25,K08272,,vv34150mTOR_signaling_pathway,
72,VIT_14s0060g01090,1667,0.8065,LNG1 (LONGIFOLIA1),,,,
73,VIT_05s0029g00480,1652,0.8023,Eceriferum 2 (CER2),,,,
74,VIT_00s0286g00130,1631,0.7921,S-locus lectin protein kinase,,,,
75,VIT_11s0037g01210,1630,0.7901,Eceriferum 1 (CER1 protein) Sterol desaturase,,,,
76,VIT_14s0006g02290,1629,0.7843,DREB sub A-4 of ERF/AP2 transcription factor,TINY_2,VvERF028,vv30008Ethylene_signaling,vv60003AP2_EREBP
77,VIT_10s0003g01960,1605,0.7787,RKF1 (receptor-like kinase in flowers 1),,,,
78,VIT_14s0066g01730,1612,0.7787,Cellulose synthase CSLC04,E2_4_1_12_CSLC04,,vv40006Cell_wall,
79,VIT_04s0008g02520,1608,0.7757,ATP binding protein,,,,
80,VIT_14s0006g01340,1615,0.7735,Myb domain protein 113,MYB113_1,MYBA5,vv60044MYB,
81,VIT_02s0025g02550,1594,0.7693,Late embryogenesis abundant protein,,,,
82,VIT_19s0090g01050,1582,0.7680,Endo-beta-1 4-glucanase,E3_2_1_4,,vv40006Cell_wall,
83,VIT_08s0007g02700,1588,0.7675,Secoisolariciresinol dehydrogenase,SIRD,,vv10940Phenylpropanoid_biosynthesis,
84,VIT_17s0000g05370,1590,0.7659,MYC ZCW32 (bigpetal  bigpetalub),ZCW32_1,,vv60011BHLH,
85,VIT_16s0098g01740,1599,0.7654,Unknown protein,,,,
86,VIT_10s0003g01010,1594,0.7641,Lipase GDSL,,,,
87,VIT_11s0016g00290,1574,0.7633,Pectinesterase PME3,E3_1_1_11,,vv40006Cell_wall,
88,VIT_03s0063g01880,1565,0.7597,Acyl-CoA synthetase long-chain member 2,E6_2_1_3_LACS2,,vv10071Fatty_acid_metabolism,vv44146Peroxisome
89,VIT_09s0002g03140,1565,0.7593,Lipase GDSL,,,,
90,VIT_14s0128g00510<br>VIT_14s0128g00550,1558,0.7498,
91,VIT_12s0034g02560,1540,0.7472,DNA (cytosine-5)-methyltransferase (ATHIM),E2_1_1_37,,vv10271Methionine_metabolism,
92,VIT_18s0041g00810<br>VIT_18s0041g00910<br>VIT_00s1602g00010<br>VIT_18s0041g00920<br>VIT_18s0041g00980<br>VIT_18s0041g01000<br>VIT_00s2707g00010<br>VIT_18s0041g01080<br>VIT_18s0041g00950<br>VIT_18s0041g00830<br>VIT_18s0041g01040,1541,0.7455,
93,VIT_01s0010g02840,1544,0.7441,Chaperone BCS1 mitochondrial,K08900,,,
94,VIT_12s0028g03960,1538,0.7434,Ankyrin repeat protein family,K10380,,vv50108Accessory_factors_involved_in_transport,
95,VIT_02s0033g01020,1541,0.7416,Anthraniloyal-CoA: methanol anthraniloyal transferase,AMAT,,vv10400Phenylalanine_tyrosine_and_tryptophan_biosynthesis,
96,VIT_09s0002g00490,1540,0.7411,Lipase GDSL 5,,,,
97,VIT_14s0066g01410,1512,0.7283,Peptidylprolyl isomerase,K01802,,,
98,VIT_02s0025g02630,1499,0.7252,Lipase GDSL,,,,
99,VIT_11s0052g00700,1471,0.7106,Serine/theronine protein kinase 2,,,,
100,VIT_16s0098g01550,1469,0.7073,No hit,,,,
101,VIT_07s0005g05660,1461,0.7058,F-box/kelch-repeat protein,,,,
102,VIT_12s0142g00640,1455,0.7049,FLS2 (flagellin-sensitive 2),K13420,,vv34626Plant-pathogen_interaction,
103,VIT_06s0080g00760,1457,0.7028,Unknown protein,,,,
104,VIT_04s0008g05440,1447,0.6973,Ethylene-responsive transcription factor SHINE 3,SHINE3_1,VvERF044,vv30008Ethylene_signaling,vv60003AP2_EREBP
105,VIT_12s0059g00590,1427,0.6947,Allergenic protein Pt2L4,,,,
106,VIT_09s0002g04170,1431,0.6930,Acyl-CoA synthetases (Acyl-activating enzyme 13),E6_2_1_3,,vv10071Fatty_acid_metabolism,vv50104Group_translocators
107,VIT_18s0041g00570,1440,0.6930,Proton-dependent oligopeptide transport (POT) family protein,POT,,vv50122Porters_cat_7_to_17,
108,VIT_14s0060g01510,1429,0.6907,Importin alpha,IMPALPHA,,vv50109Incompletely_characterized_transport_systems,vv50112Nuclear_pore_complex
109,VIT_08s0040g02250,1415,0.6862,No hit,,,,
110,VIT_07s0104g00820,1399,0.6841,Bystin,,,,
111,VIT_05s0051g00120,1408,0.6825,N-6 Adenine-specific DNA methylase,E2_1_1_72,,vv10271Methionine_metabolism,
112,VIT_13s0067g02910,1395,0.6752,Non-specific lipid-transfer protein,,,,
113,VIT_11s0016g03500,1392,0.6734,Unknown protein,,,,
114,VIT_00s0361g00090,1394,0.6725,Phototropic-responsive NPH3 protein,,,,
115,VIT_07s0031g01270,1371,0.6607,Ring-H2 finger A2A,RHA2A,,vv60078Other_zf-C3HC4,
116,VIT_01s0137g00410,1361,0.6607,CYP86A2,,,,
117,VIT_13s0019g00420,1366,0.6602,F-box family protein,,,,
118,VIT_13s0019g02720,1358,0.6579,Guanylyl cyclase (GC1),E4_6_1_2,,vv10230Purine_metabolism,vv34020Calcium_signaling_pathway
119,VIT_13s0019g00460,1352,0.6566,Unknown protein,,,,
120,VIT_16s0098g00660,1363,0.6566,Unknown protein,,,,
121,VIT_11s0016g05230,1345,0.6564,Allyl alcohol dehydrogenase,,,,
122,VIT_05s0029g01410,1328,0.6434,No hit,,,,
123,VIT_08s0007g00710,1328,0.6428,Unknown,,,,
124,VIT_04s0008g05960,1326,0.6406,Unknown protein,,,,
125,VIT_15s0046g03230,1320,0.6389,Disease resistance protein RGA4,,,,
126,VIT_13s0047g00210,1312,0.6360,flavonol synthase,E1_14_11_23,,vv10941Flavonoid_biosynthesis,
127,VIT_12s0034g02570,1316,0.6348,Leucine Rich Repeat receptor-like kinase,,,,
128,VIT_00s0211g00030,1307,0.6296,Symbiosis receptor kinase,,,,
129,VIT_13s0147g00210,1291,0.6261,Unknown protein,,,,
130,VIT_08s0007g02970,1288,0.6210,Unknown protein,,,,
131,VIT_12s0059g01830,1276,0.6185,Unknown,,,,
132,VIT_06s0004g01480,1283,0.6168,Lipoxygenase LOX1,E1_13_11_12,,vv10592alpha-Linolenic_acid_metabolism,
133,VIT_18s0001g02720,1257,0.6120,fatty acid elongation1 (FAE1),,,,
134,VIT_03s0038g04220,1263,0.6084,Dihydroflavonol-4-reductase,E1_1_1_219,,vv10941Flavonoid_biosynthesis,
135,VIT_17s0000g10100,1261,0.6068,Response regulator ARR11 Type-B,ARR11_1,,vv30007Cytokinin_signaling,vv60006ARR-B
136,VIT_03s0063g00550,1248,0.6047,Fw2.2 ORFX,,,,
137,VIT_14s0068g00840,1250,0.6010,RBR1 (retinoblastoma-related 1),RBR1_1,,vv44110Cell_cycle,vv60051RB
138,VIT_18s0001g05950,1236,0.6009,Cis-zeatin O-beta-D-glucosyltransferase,E2_4_1_215,,vv10908Zeatin_biosynthesis,
139,VIT_09s0096g00880<br>VIT_00s0606g00010,1235,0.5935,
140,VIT_01s0011g00130,1231,0.5927,Squamosa promoter-binding protein 6 (SPL6),SPL6_1,,vv60055SBP,
141,VIT_14s0066g00400,1213,0.5874,Chalcone isomerase,E5_5_1_6,,vv10941Flavonoid_biosynthesis,
142,VIT_19s0090g00750,1204,0.5856,Dihydrolipoamide succinyltransferase,E2_3_1_61,,vv10020Citrate_cycle,
143,VIT_18s0001g13500,1217,0.5845,forkhead-associated domain-containing protein,FHADOM_9,,vv60028FHA,
144,VIT_06s0004g01640,1202,0.5821,UDP-glucoronosyl and UDP-glucosyl transferase,,,,
145,VIT_07s0005g01790,1178,0.5730,Acyl-CoA synthetase long-chain member 2,E6_2_1_3_LACS2,,vv10071Fatty_acid_metabolism,vv44146Peroxisome
146,VIT_00s0392g00060,1176,0.5689,(E E)-alpha-farnesene synthase,EAFS,,vv10902Monoterpenoid_biosynthesis,
147,VIT_18s0001g01680,1169,0.5658,Protein kinase,,,,
148,VIT_12s0178g00200,1175,0.5633,Actin beta/gamma 1,K05692,,vv44810Regulation_of_actin_cytoskeleton,
149,VIT_18s0001g07640,1167,0.5624,Eceriferum 2 (CER2),,,,
150,VIT_09s0002g00300,1149,0.5529,APUM23 (Arabidopsis PUMILIO 23),,,,
151,VIT_00s0211g00040,1134,0.5492,Nodulation receptor kinase,,,,
152,VIT_11s0016g03250,1128,0.5447,Lachrymatory factor synthase,,,,
153,VIT_10s0003g03620,1123,0.5409,Lupeol synthase 2,E5_4_99_8,,vv10100Biosynthesis_of_steroids,
154,VIT_04s0044g01650,1110,0.5370,GA 20-oxidase 2,E1_14_11_12,,vv10904Diterpenoid_biosynthesis,
155,VIT_07s0031g01680,1094,0.5318,CYP86A1,,,,
156,VIT_12s0059g02310,1104,0.5318,PDF2 (protodermal factor2),PDF2_4,VvHB44,vv60034HB,
157,VIT_15s0046g00310,1091,0.5304,Transcription factor TINY,ERF023,VvERF015,vv30008Ethylene_signaling,vv60003AP2_EREBP
158,VIT_12s0059g00220,1099,0.5299,Epoxide hydrolase,E3_3_2_10,,,
159,VIT_06s0004g01550,1093,0.5260,Phosphoribosylanthranilate transferase,E2_4_2_18,,vv10400Phenylalanine_tyrosine_and_tryptophan_biosynthesis,
160,VIT_12s0059g00230,1084,0.5260,Epoxide hydrolase 2,E3_3_2_10,,,
161,VIT_17s0000g02130,1087,0.5246,Transposase  IS4,,,,
162,VIT_04s0023g01720,1083,0.5222,SEC14 cytosolic factor  putative,SEC14,,vv50122Porters_cat_7_to_17,
163,VIT_15s0048g02050,1073,0.5211,Hydrolase  alpha/beta fold family protein  expressed,,,,
164,VIT_11s0016g03790,1069,0.5189,No hit,,,,
165,VIT_00s0375g00060,1069,0.5162,Ent-kaurene synthase,E5_5_1_13,,vv10904Diterpenoid_biosynthesis,
166,VIT_19s0176g00140,1056,0.5124,CID9 (CTC-Interacting Domain 9),,,,
167,VIT_18s0001g03240,1041,0.5010,DREB sub A-5 of ERF/AP2 transcription factor,ERF012,VvERF008,vv30008Ethylene_signaling,vv60003AP2_EREBP
168,VIT_13s0019g02090,1033,0.4986,Thylakoid lumenal 15 kDa protein 1,,,,
169,VIT_00s0245g00030,1035,0.4976,Integral membrane family protein,,,,
170,VIT_06s0004g08250,1021,0.4920,Leucine-rich repeat transmembrane protein kinase  putative,,,,
171,VIT_02s0025g01240,995,0.4802,UDP-glucuronosyl/UDP-glucosyltransferase,E2_4_1_17,,vv10040Pentose_glucuronate_interconversion,vv10500Starch_and_sucrose_metabolism
172,VIT_18s0001g09480,989,0.4801,PUMILIO 8 (APUM8),,,,
173,VIT_14s0036g00290,988,0.4794,R protein disease resistance protein,RPROT,,vv34627R_proteins_from_Plant-pathogen_interaction,
174,VIT_01s0011g02330,980,0.4746,Unknown protein,,,,
175,VIT_16s0100g00060,984,0.4740,Subtilisin protease C1,SBT4_12,,,
176,VIT_02s0087g00630,980,0.4714,Alcohol oxidase,E1_1_3_13,,vv10680Methane_metabolism,
177,VIT_01s0127g00340,971,0.4714,Unknown,,,,
178,VIT_14s0066g00810,975,0.4697,Raffinose synthase,E2_4_1_82,,vv10052Galactose_metabolism,
179,VIT_17s0000g03940,973,0.4691,ferulate 5-hydroxylase,K09755,,vv10940Phenylpropanoid_biosynthesis,
180,VIT_00s0245g00010,952,0.4639,Integral membrane protein,,,,
181,VIT_18s0001g10830,953,0.4628,Patatin,,,,
182,VIT_18s0089g00510,951,0.4610,Isopentenyltransferase 1,E2_5_1_27,,vv10908Zeatin_biosynthesis,
183,VIT_08s0040g01130,949,0.4602,Serine carboxypeptidase II,,,,
184,VIT_10s0042g01010,939,0.4572,CYP714A1,,,,
185,VIT_04s0023g03710,946,0.4570,Myb domain protein 4,MYB4_1,MYB4B,vv60044MYB,
186,VIT_03s0038g03460,943,0.4553,Auxin-induced SAUR,SAUR,,vv30003Auxin_signaling,
187,VIT_09s0002g06780,937,0.4549,Unknown protein,,,,
188,VIT_00s0194g00210<br>VIT_00s0194g00250,935,0.4502,
189,VIT_04s0023g02810,934,0.4488,Aldehyde dehydrogenase 3B1,E1_2_1_3,vv10561Glycerolipid_metabolism,vv10010Glycolysis,vv10071Fatty_acid_metabolism
190,VIT_00s0160g00220,929,0.4481,Unknown protein,,,,
191,VIT_06s0061g00230,918,0.4409,ABC transporter G member 7,ABCG7,,vv52010ABC_transporters,
192,VIT_11s0065g00130,908,0.4401,Taxane 10-beta-hydroxylase,E1_14_13_76,,vv10904Diterpenoid_biosynthesis,
193,VIT_05s0124g00230,910,0.4398,F-box domain containing protein,,,,
194,VIT_02s0087g00490,908,0.4391,10-deacetylbaccatin III 10-O-acetyltransferase,E2_3_1_167,,vv10904Diterpenoid_biosynthesis,
195,VIT_06s0061g00220,901,0.4370,Transcription initiation factor TFIIB,K03124,,vv23022Basal_transcription_factors,
196,VIT_06s0004g07970,897,0.4346,Alpha-expansin 10 precursor,EXPA10,,vv30003Auxin_signaling,
197,VIT_12s0057g00590,878,0.4252,Vacuolar protein sorting 11 (VPS11),VPS11,,vv50111Tethering_factors,
198,VIT_16s0039g00740,881,0.4242,Histone-lysine N-methyltransferase ASHH3,E2_1_1_43ASHH3_1,,vv10300Lysine_biosynthesis,vv60056SET_PCG
199,VIT_02s0025g04550,877,0.4235,Glucose-methanol-choline (GMC) oxidoreductase,E1_1_99_1,,vv10260Glycine_serine_and_threonine_metabolism,
200,VIT_18s0041g00840,874,0.4230,UDP-glucose: anthocyanidin 5 3-O-glucosyltransferase,E2_4_1_238,,vv10941Flavonoid_biosynthesis,vv10942Anthocyanin_biosynthesis
201,VIT_10s0003g02120,872,0.4202,Lipase GDSL,,,,
202,VIT_17s0000g01260,862,0.4158,Squamosa promoter-binding protein 13 (SPL13),SPL13_1,,vv60055SBP,
203,VIT_07s0005g01670,856,0.4133,No hit,,,,
204,VIT_03s0017g01130,858,0.4129,Cis-zeatin O-beta-D-glucosyltransferase,E2_4_1_215,,vv10908Zeatin_biosynthesis,
205,VIT_16s0022g02330,851,0.4103,MADS-box agamous-like 6,AGL6_2,,vv60042MADS,
206,VIT_05s0077g00670,842,0.4042,Unknown protein,,,,
207,VIT_13s0064g01640,828,0.3996,Beta-primeverosidase,E3_2_1_149,,vv11000Single_reactions,
208,VIT_14s0006g01930,806,0.3926,Unknown protein,,,,
209,VIT_08s0007g05030,813,0.3924,Myb domain protein 36,MYB36_2,MYB150,vv60044MYB,
210,VIT_15s0021g02710,811,0.3916,Zinc finger (C2H2 type) family,C2H2FAM_24,,vv60017C2H2,
211,VIT_07s0005g03310,803,0.3902,Cofilin,K05765,,vv44810Regulation_of_actin_cytoskeleton,
212,VIT_01s0011g02080,799,0.3884,Ribosomal protein L36a/L44 (RPL36aB) 60S,K02920,,vv23010Ribosome,
213,VIT_06s0004g01500,802,0.3852,Lipoxygenase (LOX2),E1_13_11_12,,vv10592alpha-Linolenic_acid_metabolism,
214,VIT_18s0072g00580<br>VIT_11s0065g00040,792,0.3839,
215,VIT_14s0066g01480,795,0.3833,Cis-zeatin O-beta-D-glucosyltransferase,E2_4_1_215,,vv10908Zeatin_biosynthesis,
216,VIT_05s0020g04540,796,0.3827,Beta-ketoacyl-CoA synthase,E2_3_1_41,,vv10061Fatty_acid_biosynthesis,
217,VIT_02s0012g02830,786,0.3808,UDP-glucosyl transferase,E2_4_1_81,,vv10941Flavonoid_biosynthesis,
218,VIT_18s0001g14930,787,0.3789,Unknown protein,,,,
219,VIT_00s0174g00010,780,0.3788,No hit,,,,
220,VIT_10s0003g03650,776,0.3767,Beta-amyrin synthase,E5_4_99_BAS,,vv10900Terpenoid_biosynthesis,
221,VIT_04s0023g02230,774,0.3757,S-adenosyl-L-methionine:salicylic acid carboxyl methyltransferase,SAMTBSCMT,,vv10360Phenylalanine_metabolism,
222,VIT_05s0124g00330,780,0.3748,Survival of motor neuron protein-interacting protein 1,K13130,,vv23013RNA_transport,
223,VIT_07s0005g00510,781,0.3744,Monoglyceride lipase,E3_1_1_23,,vv10561Glycerolipid_metabolism,
224,VIT_14s0068g01520,769,0.3733,Double-stranded RNA-binding (DsRBD) domain-containing protein,,,,
225,VIT_14s0068g00150,772,0.3719,No hit,,,,
226,VIT_07s0005g01520,772,0.3717,WRKY DNA-binding protein 35,WRKY35,VvWRKY18,vv60066WRKY,
227,VIT_01s0010g03320,770,0.3709,Kelch repeat-containing F-box protein,,,,
228,VIT_09s0054g01290,766,0.3699,Beta-amyrin synthase,E5_4_99_BAS,,vv10900Terpenoid_biosynthesis,
229,VIT_18s0001g06390,761,0.3667,Auxin-independent growth promoter,AXI1,,vv30003Auxin_signaling,
230,VIT_16s0039g00010,754,0.3660,ABC transporter G member 7,ABCG7,,vv52010ABC_transporters,
231,VIT_01s0011g00100,750,0.3657,MADS-box APETALA 1,APETALA1_2,,vv30009Flower_development,vv60042MADS
232,VIT_07s0104g01320,759,0.3656,Transport inhibitor response 1,TIR1,,vv30003Auxin_signaling,
233,VIT_00s0286g00040,749,0.3624,S-locus protein kinase,,,,
234,VIT_03s0017g01280,750,0.3616,ABC transporter G member 7,ABCG7,,vv52010ABC_transporters,
235,VIT_09s0002g03620,746,0.3592,NADP-dependent malic enzyme,E1_1_1_39,,vv10620Pyruvate_metabolism,vv10710Carbon_fixation
236,VIT_01s0137g00240,741,0.3578,Pectate lyase,E4_2_2_2,,vv40006Cell_wall,
237,VIT_13s0019g01690,738,0.3563,Ubiquitin-specific protease 24 (UBP24),,,,
238,VIT_09s0002g03000,732,0.3523,Leucine-rich repeat protein kinase,,,,
239,VIT_15s0048g02720,720,0.3488,fatty acid elongase,E2_3_1_41,,vv10061Fatty_acid_biosynthesis,
240,VIT_19s0090g00840,719,0.3475,WRKY DNA-binding protein 6,WRKY6_2,VvWRKY55,vv60066WRKY,
241,VIT_03s0088g00070,718,0.3467,No hit,,,,
242,VIT_01s0026g02030,720,0.3467,Basic helix-loop-helix (bHLH) family,BHLHDOM_59,,vv60011BHLH,
243,VIT_15s0046g00520,711,0.3445,Wax synthase,E2_3_1_75,,vv11000Single_reactions,
244,VIT_09s0054g01440,706,0.3431,Beta-amyrin synthase,E5_4_99_BAS,,vv10900Terpenoid_biosynthesis,
245,VIT_08s0007g05360,707,0.3430,Strictosidine synthase,E4_3_3_2,,vv10900Terpenoid_biosynthesis,vv10902Monoterpenoid_biosynthesis
246,VIT_14s0030g01950,706,0.3412,Transferase,,,,
247,VIT_03s0038g04210,706,0.3402,Phototropin-2,K08282,,vv50101Channels_and_pores,
248,VIT_15s0048g02060,705,0.3389,Hydrolase  alpha/beta fold,,,,
249,VIT_14s0006g02570,694,0.3340,Protease inhibitor/seed storage/lipid transfer protein (LTP),,,,
250,VIT_14s0060g02340,688,0.3332,Heat shock protein 70,K03283,,vv23040Spliceosome,vv24141Protein_processing_in_endoplasmic_reticulum
251,VIT_17s0000g03430,690,0.3322,Adaptor-related protein complex 3  delta 1 sub,AP3D1,,vv50110Protein_coat,
252,VIT_12s0035g00010,688,0.3322,DNA (cytosine-5)-methyltransferase (ATHIM),E2_1_1_37,,vv10271Methionine_metabolism,
253,VIT_04s0008g03930,684,0.3322,RD22,,,,
254,VIT_19s0014g01430,682,0.3298,3-phosphoshikimate 1-carboxyvinyltransferase  chloroplast precursor,E2_5_1_19,,vv10400Phenylalanine_tyrosine_and_tryptophan_biosynthesis,
255,VIT_01s0026g01400,682,0.3271,Unknown protein,,,,
256,VIT_08s0007g05180,677,0.3266,Unknown,,,,
257,VIT_11s0118g00540,668,0.3252,Calcium-binding EF hand,,,,
258,VIT_14s0083g01200,672,0.3251,Nitrilase,E3_5_5_1,,vv10910Nitrogen_metabolism,vv11002Auxin_biosynthesis
259,VIT_15s0048g03000,667,0.3227,GTPase RABA3,K07976,,,
260,VIT_18s0001g10870,668,0.3222,Patatin,,,,
261,VIT_05s0020g02600,666,0.3222,Serine incorporator 3,,,,
262,VIT_16s0022g00430,669,0.3221,SRG1 (senescence-related gene 1) oxidoreductase,,,,
263,VIT_13s0019g05150,664,0.3220,Unknown protein,,,,
264,VIT_05s0020g01820,654,0.3167,Integral membrane family protein UPF0497,,,,
265,VIT_14s0068g01320,653,0.3153,No hit,,,,
266,VIT_16s0050g00440,649,0.3152,No hit,,,,
267,VIT_18s0001g01760,646,0.3133,PISTILLATA (PI) floral homeotic protein,PISTILLATA_1,,vv30009Flower_development,vv60042MADS
268,VIT_15s0021g02510,646,0.3131,GATA transcription factor 2,GATA2,,vv60016C2C2-GATA,
269,VIT_15s0024g01160,649,0.3129,No hit,,,,
270,VIT_18s0122g01240,646,0.3125,Serine/threonine Protein kinase BNK1,,,,
271,VIT_00s0357g00060<br>VIT_00s0357g00080<br>VIT_00s0556g00020<br>VIT_00s0895g00010,645,0.3117,
272,VIT_08s0056g00740,640,0.3113,Unknown protein,,,,
273,VIT_07s0104g00800,638,0.3090,Indole-3-acetic acid-amido synthetase GH3.6,AUXINBIOSYNTHESIS_GH3,,vv11002Auxin_biosynthesis,
274,VIT_13s0019g02700,632,0.3065,MEE60 (maternal effect embryo arrest 60),,,,
275,VIT_06s0009g02420,631,0.3050,Dual-specific kinase DSK1,K08287,,,
276,VIT_11s0016g05900,628,0.3043,Clathrin assembly protein 10,CAP10,,vv50110Protein_coat,
277,VIT_19s0090g01460,629,0.3040,SWIB complex BAF60b domain-containing protein,SWIB_12,,vv60092SWIB,
278,VIT_19s0015g00510,622,0.3005,Pectate lyase 2,E4_2_2_2,,vv40006Cell_wall,
279,VIT_08s0007g06270,607,0.2939,Squamosa promoter-binding protein 9 (SPL9),SPL9_2,,vv60055SBP,
280,VIT_06s0004g08180,608,0.2939,Translation initiation factor eIF-2 beta subunit,K03238,,vv23013RNA_transport,
281,VIT_11s0103g00200,608,0.2924,Anthranilate N-benzoyltransferase,E2_3_1_144,,vv10400Phenylalanine_tyrosine_and_tryptophan_biosynthesis,
282,VIT_18s0001g11120,602,0.2905,Ternary complex factor MIP1,,,,
283,VIT_01s0010g03910,598,0.2890,Squamosa promoter-binding protein 13 (SPL13),SPL13_2,,vv60055SBP,
284,VIT_16s0098g01870,592,0.2861,SOS3 (salt overly sensitive 3),E3_1_3_16,,,
285,VIT_07s0205g00180,590,0.2846,Basic helix-loop-helix (bHLH) family,BHLHDOM_30,,vv60011BHLH,
286,VIT_14s0068g00170,586,0.2838,No hit,,,,
287,VIT_18s0001g10440,586,0.2834,THO complex subunit 5,K13174,,vv23013RNA_transport,
288,VIT_14s0108g01080,584,0.2829,Myb domain protein 106,MYB106_2,MYB141,vv60044MYB,
289,VIT_00s0225g00080,579,0.2820,MATE efflux family protein,MATE,,vv50125Porters_cat_66_to_94,
290,VIT_00s1380g00010,580,0.2818,Pentatricopeptide (PPR) repeat-containing protein,,,,
291,VIT_10s0003g00620,585,0.2817,Lipase GDSL,,,,
292,VIT_16s0050g02100,575,0.2802,Disease resistance,,,,
293,VIT_11s0065g00360,569,0.2747,Acetyl-CoA carboxylase  biotin carboxylase subunit (CAC2),E6_4_1_2,,vv10061Fatty_acid_biosynthesis,vv10620Pyruvate_metabolism
294,VIT_03s0017g00540,565,0.2745,Subtilase,,,,
295,VIT_13s0047g00370,564,0.2734,Enoyl-CoA hydratase,E4_2_1_17,vv10650Butanoate_metabolism,vv10062Fatty_acid_elongation_in_mitochondria,vv10071Fatty_acid_metabolism
296,VIT_17s0000g05890,564,0.2733,Protein kinase APK1B,,,,
297,VIT_01s0011g05560,559,0.2712,Jasmonate ZIM domain-containing protein 3,JAZ3_1,,vv30011Jasmonate_signaling,vv34626Plant-pathogen_interaction
298,VIT_04s0008g03490,559,0.2710,Ankyrin repeat protein,,,,
299,VIT_03s0038g03940,551,0.2649,Tonoplast monosaccharide transporter2,TMT2,,vv50121Porters_cat_1_to_6,
300,VIT_14s0006g00570,547,0.2627,Unknown protein,,,,
301,VIT_04s0043g00850,547,0.2624,Unknown protein,,,,
302,VIT_18s0001g01320,541,0.2620,Wall-associated receptor kinase 5,,,,
303,VIT_10s0116g00680,543,0.2613,PDF2 (protodermal factor2),PDF2_2,VvHB35,vv60034HB,
304,VIT_14s0219g00280,534,0.2582,Glycerol-3-phosphate dehydrogenase (NAD+),E1_1_1_8,,vv10564Glycerophospholipid_metabolism,
305,VIT_00s0522g00010<br>VIT_00s0266g00010<br>VIT_00s0372g00070<br>VIT_00s0372g00080<br>VIT_00s0572g00010<br>VIT_00s0372g00040<br>VIT_00s0847g00020<br>VIT_00s0572g00020,533,0.2581,
306,VIT_18s0001g07150,535,0.2577,Serine/threonine-protein kinase,,,,
307,VIT_10s0003g03600<br>VIT_10s0003g03520,535,0.2573,
308,VIT_08s0058g01210,533,0.2569,Non-specific lipid transfer protein LTP1,LTP1,,,
309,VIT_10s0003g00380,526,0.2552,Homeobox-leucine zipper protein HB52,VVHB52_2,,vv60034HB,
310,VIT_18s0001g02200,527,0.2537,8-oxoguanine-DNA glycosylase (OGG1),K03660,,vv23410Base_excision_repair,
311,VIT_05s0062g00640,522,0.2522,UDP-glucose:flavonoid 7-O-glucosyltransferase,E2_4_1_237,,vv10941Flavonoid_biosynthesis,
312,VIT_16s0098g01540,523,0.2519,Thylakoid lumenal 17.4 kDa protein  chloroplast,,,,
313,VIT_01s0010g02230,516,0.2489,Response regulator ARR11 Type-B,ARR11_2,,vv30007Cytokinin_signaling,vv60006ARR-B
314,VIT_02s0033g01000,513,0.2479,Anthraniloyal-CoA: methanol anthraniloyal transferase,AMAT,,vv10400Phenylalanine_tyrosine_and_tryptophan_biosynthesis,
315,VIT_16s0022g00720,512,0.2466,Endo-1 4-beta-glucanase,E3_2_1_4,,vv40006Cell_wall,
316,VIT_05s0062g00820,508,0.2462,Unknown protein,,,,
317,VIT_06s0004g07770,508,0.2446,Peroxidase,E1_11_1_7,,vv10360Phenylalanine_metabolism,vv10680Methane_metabolism
318,VIT_17s0000g06190,503,0.2441,Myb domain protein 94,MYB94_2,MYB30A,vv60044MYB,
319,VIT_08s0007g01420,507,0.2432,Glutathione S-transferase 8 GSTU8,E2_5_1_18_GSTU8,,vv10480Glutathione_metabolism,
320,VIT_02s0025g04360,506,0.2427,S-N-methylcoclaurine 3'-hydroxylase,E1_14_13_71,,vv10950Alkaloid_biosynthesis_I,
321,VIT_12s0059g00190,504,0.2427,Beta-expansin (EXPB3),EXPB3,,vv30003Auxin_signaling,
322,VIT_10s0003g00600,501,0.2420,Lipase GDSL,,,,
323,VIT_15s0048g02520,496,0.2417,Zinc transporter (ZAT),ZAT,,vv50121Porters_cat_1_to_6,
324,VIT_07s0031g02260,497,0.2416,Unknown protein,,,,
325,VIT_09s0002g07130,498,0.2400,CUE domain containing protein,,,,
326,VIT_16s0098g01730,492,0.2386,RWP-RK domain-containing protein,RWPRKDOM_6,,vv60052RWP-RK,
327,VIT_00s2032g00010,491,0.2372,No hit,,,,
328,VIT_07s0005g02490,489,0.2370,CYP709B2,,,,
329,VIT_07s0031g01160,488,0.2365,Hyperosmotically inducible periplasmic protein,K04065,,vv50131Primary_active_transporter_cat_A2_to_A4,
330,VIT_05s0102g00880,490,0.2356,Strictosidine synthase,E4_3_3_2,,vv10900Terpenoid_biosynthesis,vv10902Monoterpenoid_biosynthesis
331,VIT_14s0066g02120,490,0.2354,Photosystem I P700 apoprotein A1 [Vitis vinifera],K02689,,vv10195Photosynthesis,vv50105Transport_electron_carriers
332,VIT_01s0011g00080,484,0.2351,Universal stress protein (USP) family protein,,,,
333,VIT_08s0007g00570,479,0.2326,WRKY DNA-binding protein 49,WRKY49,VvWRKY27,vv60066WRKY,
334,VIT_05s0077g02000,486,0.2323,Epoxide hydrolase,E3_3_2_10,,,
335,VIT_05s0102g00370,473,0.2297,Receptor protein kinase (ACR4),,,,
336,VIT_00s0532g00050,475,0.2292,Basic helix-loop-helix ILR3,ILR3_4,,vv11002Auxin_biosynthesis,vv60011BHLH
337,VIT_10s0003g03550,456,0.2201,Lupeol synthase,E5_4_99_8,,vv10100Biosynthesis_of_steroids,
338,VIT_14s0066g02410,453,0.2187,Betaine-aldehyde dehydrogenase,E1_2_1_8,,vv10260Glycine_serine_and_threonine_metabolism,vv50101Channels_and_pores
339,VIT_03s0038g02020,448,0.2165,Amidase,E3_5_1_4,,vv10220Urea_cycle_and_metabolism_of_amino_groups,vv10360Phenylalanine_metabolism
340,VIT_14s0006g00300,451,0.2165,Nudix hydrolase 18,,,,
341,VIT_13s0067g02060,448,0.2156,Biotin/lipoyl attachment domain-containing protein,E6_4_1_2,,vv10061Fatty_acid_biosynthesis,vv10620Pyruvate_metabolism
342,VIT_13s0067g01000,442,0.2139,PHD finger protein alfin,ALFINDOM1,,vv60002Alfin-like,
343,VIT_19s0085g00110,438,0.2111,ABC transporter B member 11,K05664,,vv52010ABC_transporters,
344,VIT_18s0122g01280,436,0.2103,Niemann-Pick C1 protein precursor,NPC1,,vv50121Porters_cat_1_to_6,
345,VIT_12s0035g02080,431,0.2076,Unknown protein,,,,
346,VIT_09s0002g04860,432,0.2069,GTPase activating protein,,,,
347,VIT_17s0000g06110,426,0.2069,Glutathione S-transferase 9 GSTU9,E2_5_1_18_GSTU9,,vv10480Glutathione_metabolism,
348,VIT_12s0059g00140,431,0.2066,Ankyrin repeat protein,,,,
349,VIT_13s0106g00250,424,0.2048,Carboxylic ester hydrolase,E3_1_1_1,,,
350,VIT_04s0008g02250,423,0.2042,Beta-ketoacyl-CoA synthase,E2_3_1_41,,vv10061Fatty_acid_biosynthesis,
351,VIT_00s0181g00010,421,0.2036,Sugar transporter 1,STP1,,vv50121Porters_cat_1_to_6,
352,VIT_05s0077g02300,420,0.2026,UDP-glucuronic acid decarboxylase 2,E4_1_1_35,,vv10500Starch_and_sucrose_metabolism,vv10520Nucleotide_sugars_metabolism
353,VIT_00s0347g00060<br>VIT_00s0762g00020<br>VIT_00s0347g00080<br>VIT_00s0743g00010,409,0.1986,
354,VIT_16s0100g00670,410,0.1975,Homeodomain GLABROUS1,HDG1_2,VvHB55,vv60034HB,
355,VIT_05s0020g01960,408,0.1975,Na+/H+ antiporter isoform 2,NHX2,,vv50124Porters_cat_30_to_64,
356,VIT_09s0054g01360,407,0.1969,Cycloartenol synthase,E5_4_99_8,,vv10100Biosynthesis_of_steroids,
357,VIT_12s0057g01060,406,0.1963,Jasmonate O-methyltransferase,E2_1_1_141,,vv10592alpha-Linolenic_acid_metabolism,
358,VIT_00s0399g00020,405,0.1953,Protease inhibitor/seed storage/lipid transfer protein (LTP),,,,
359,VIT_01s0127g00420,403,0.1938,Naphthoate synthase,E4_1_3_36,,vv10130Ubiquinone_biosynthesis,
360,VIT_07s0005g06410,398,0.1916,High-affinity K+ transporter 1 (HKT1),HKT1,,vv50124Porters_cat_30_to_64,
361,VIT_19s0014g04930,392,0.1897,Germacrene-D synthase,E4_2_3_22,,vv10900Terpenoid_biosynthesis,
362,VIT_19s0014g04880,389,0.1882,(-)-germacrene D synthase,E4_2_3_22,,vv10900Terpenoid_biosynthesis,
363,VIT_13s0074g00390,392,0.1880,CYP77A2,,,,
364,VIT_05s0062g01180,389,0.1879,Importin beta-2,K14293_2,,vv23013RNA_transport,vv50109Incompletely_characterized_transport_systems
365,VIT_05s0049g00300,387,0.1865,1-aminocyclopropane-1-carboxylate oxidase homolog 1,E1_14_17_4,,vv10640Propanoate_metabolism,vv30008Ethylene_signaling
366,VIT_05s0094g00820,384,0.1856,Unknown protein,,,,
367,VIT_03s0038g01960,383,0.1855,Proline-rich family protein,,,,
368,VIT_07s0151g00010,382,0.1851,No hit,,,,
369,VIT_14s0066g01550,379,0.1842,Aldehyde dehydrogenase 1 precursor,E1_2_1_3,vv10561Glycerolipid_metabolism,vv10010Glycolysis,vv10071Fatty_acid_metabolism
370,VIT_15s0046g00300,381,0.1839,Importin-alpha re-exporter,IMPREL,,vv50109Incompletely_characterized_transport_systems,vv50112Nuclear_pore_complex
371,VIT_06s0009g01920,378,0.1839,No hit,,,,
372,VIT_09s0018g01780,381,0.1834,ACT domain repeat 1 (ACR1) uridylyltransferase,,,,
373,VIT_16s0050g00830,380,0.1833,Beta-ketoacyl-CoA synthase,E2_3_1_41,,vv10061Fatty_acid_biosynthesis,
374,VIT_04s0008g06400,378,0.1830,TPR1 (topless-related 1),TPR1,,vv30003Auxin_signaling,
375,VIT_01s0026g01340,375,0.1820,Glutathione S-transferase 29 GSTU18,E2_5_1_18_GSTU18,,vv10480Glutathione_metabolism,
376,VIT_06s0004g03070,375,0.1805,Zinc finger (C2H2 type) JACKDAW,JACKDAW_1,,vv60017C2H2,
377,VIT_08s0007g01050,373,0.1802,Aldo-keto reductase,E1_1_1_21,,vv10040Pentose_glucuronate_interconversion,vv10051Fructose_and_mannose_metabolism
378,VIT_08s0056g01130,373,0.1798,Mini zinc finger 2 MIF2,MIF2_2,,vv60068Zf-HD,
379,VIT_18s0075g00500,370,0.1786,No hit,,,,
380,VIT_04s0069g00540,367,0.1781,Glutamate receptor protein,GLR2_7,,vv50101Channels_and_pores,
381,VIT_15s0046g00650,368,0.1779,Wax synthase,E2_3_1_75,,vv11000Single_reactions,
382,VIT_03s0063g00410,366,0.1764,Alpha-amylase,E3_2_1_1,,vv10500Starch_and_sucrose_metabolism,
383,VIT_00s0225g00070,363,0.1755,MATE efflux family protein,MATE,,vv50125Porters_cat_66_to_94,
384,VIT_07s0005g01410,354,0.1718,Dimethyladenosine transferase,K02528,,,
385,VIT_06s0061g00260,356,0.1716,ABC transporter G member 7,ABCG7,,vv52010ABC_transporters,
386,VIT_06s0009g00580,355,0.1714,Receptor protein kinase,,,,
387,VIT_09s0018g01650,351,0.1711,Wrinkled1 (AP2/ERBP),WRINKLED1_1,VvAP2-06,vv30008Ethylene_signaling,vv60003AP2_EREBP
388,VIT_14s0219g00140,354,0.1709,ATP synthase mitochondrial F1 complex assembly factor 2,K07556,,,
389,VIT_18s0076g00250,355,0.1705,Sucrose-proton symporter 2 SUC2,SUC2,,vv50121Porters_cat_1_to_6,
390,VIT_11s0016g03880,350,0.1702,Receptor protein kinase PERK1,,,,
391,VIT_15s0046g02410,348,0.1676,Aquaporin TMP-C,TMPC,,vv50101Channels_and_pores,
392,VIT_16s0039g01670,345,0.1673,Cinnamoyl-CoA reductase,E1_2_1_44,,vv10940Phenylpropanoid_biosynthesis,
393,VIT_13s0073g00140,346,0.1668,Ovate family protein 13 OFP13,OFP13_2,,vv60086OFP,
394,VIT_14s0068g00330,331,0.1613,PTF1 (plastid transcription factor 1) TCP13,PTF1,,vv60061TCP,
395,VIT_01s0127g00860,329,0.1599,Aborted microspores AMS,AMS_1,,vv60011BHLH,
396,VIT_04s0008g03600,329,0.1594,Tocopherol cyclase,K09834,,vv10100Biosynthesis_of_steroids,
397,VIT_14s0108g01350,327,0.1575,Unknown protein,,,,
398,VIT_10s0003g01830,322,0.1565,Aquaporin NIP1;2,NIP1_2,,vv50101Channels_and_pores,
399,VIT_06s0004g07220,322,0.1557,Indole-3-acetate beta-glucosyltransferase,E2_4_1_121,,vv11002Auxin_biosynthesis,
400,VIT_12s0055g01140,320,0.1540,Lipid transfer protein,LTP,,,
401,VIT_14s0108g00150,317,0.1531,Calmodulin-binding region IQD28,IQD28,,,
402,VIT_03s0180g00240,315,0.1526,No hit,,,,
403,VIT_01s0010g02830,312,0.1515,No hit,,,,
404,VIT_07s0129g00380,312,0.1504,Phototropic-responsive NPH3,BTBNPH3_1,,vv60093TRAF,
405,VIT_00s1543g00010<br>VIT_00s0194g00160,312,0.1504,
406,VIT_03s0088g01150,311,0.1502,Squalene monooxygenase,E1_14_99_7,,vv10100Biosynthesis_of_steroids,vv10900Terpenoid_biosynthesis
407,VIT_08s0040g02820,308,0.1496,Unknown protein,,,,
408,VIT_07s0141g00200<br>VIT_12s0121g00010,307,0.1494,
409,VIT_07s0031g01670,307,0.1489,CYP96A10,,,,
410,VIT_04s0008g01900,307,0.1476,Unknown protein,,,,
411,VIT_00s0271g00030<br>VIT_00s0271g00060,302,0.1469,
412,VIT_10s0042g01040,300,0.1453,CYP714A1,,,,
413,VIT_10s0092g00370,300,0.1444,CYP71D7,E1_14_13_73,,vv10902Monoterpenoid_biosynthesis,
414,VIT_09s0002g02220,295,0.1422,Protein kinase CDG1,,,,
415,VIT_11s0052g00410,294,0.1416,Allyl alcohol dehydrogenase,,,,
416,VIT_18s0122g00220,291,0.1411,Phosphodiesterase/alkaline phosphatase D,E3_1_4_1,,,
417,VIT_18s0001g04020,289,0.1395,TIR-NBS-LRR disease resistance,,,,
418,VIT_04s0023g01300,289,0.1393,Aminopeptidase P,E3_4_11_9,,,
419,VIT_14s0060g01050,287,0.1393,Pentatricopeptide (PPR) repeat-containing protein,,,,
420,VIT_06s0004g03210,285,0.1377,Unknown,,,,
421,VIT_16s0050g00090,282,0.1370,Cytochrome B561,K08360,,vv50105Transport_electron_carriers,
422,VIT_16s0098g00410,284,0.1369,Receptor kinase homolog LRK10,,,,
423,VIT_00s0286g00110,282,0.1351,S-locus protein kinase,,,,
424,VIT_15s0046g01790,277,0.1346,ARID/BRIGHT DNA-binding domain-containing protein / ELM2,ARID_4,,vv60005ARID,
425,VIT_01s0011g02730,279,0.1345,ABC transporter G member 3,K05682,,vv52010ABC_transporters,
426,VIT_11s0016g02050,275,0.1338,Nucleosome assembly protein (NAP1),,,,
427,VIT_19s0014g01900,275,0.1337,Protein transport protein Sec24,K14007,,vv24141Protein_processing_in_endoplasmic_reticulum,vv50110Protein_coat
428,VIT_16s0050g02630,275,0.1328,FtsH protease that is localized to the chloroplast,K03798,,vv50133Primary_active_transporter_cat_A9_to_A18,
429,VIT_10s0003g00390,272,0.1320,Glutaredoxin,,,,
430,VIT_09s0002g05110,275,0.1317,EMB2753,,,,
431,VIT_08s0007g02030,271,0.1312,AUX1 protein,AUX1,,vv50004Auxin_transport,vv50123Porters_cat_18_to_29
432,VIT_00s0218g00100,271,0.1312,Metal transporter Nramp6,NRAMP6,,vv50124Porters_cat_30_to_64,
433,VIT_15s0021g01350,269,0.1301,Transducin family protein / WD-40 repeat,,,,
434,VIT_00s0207g00010,269,0.1297,Anthranilate N-benzoyltransferase protein 1,E2_3_1_144,,vv10400Phenylalanine_tyrosine_and_tryptophan_biosynthesis,
435,VIT_08s0007g02800,266,0.1296,Pro-X carboxypeptidase Lysosomal,E3_4_16_2,,,
436,VIT_05s0020g03650,267,0.1292,Unknown protein,,,,
437,VIT_02s0025g01730,266,0.1292,3-oxoacyl-[acyl-carrier-protein] synthase,E2_3_1_41,,vv10061Fatty_acid_biosynthesis,
438,VIT_12s0035g01890,266,0.1286,RNA recognition motif (RRM)-containing,,,,
439,VIT_19s0090g00330,265,0.1278,1-acyl-sn-glycerol-3-phosphate acyltransferase,E2_3_1_51,,vv10561Glycerolipid_metabolism,vv10564Glycerophospholipid_metabolism
440,VIT_16s0050g01980,264,0.1277,EIX receptor 2,,,,
441,VIT_06s0004g08230,262,0.1259,Root phototropism protein 2,,,,
442,VIT_15s0045g01520,260,0.1254,Eceriferum 1 (CER1 protein) Sterol desaturase,,,,
443,VIT_15s0048g02680,256,0.1249,Calmodulin-binding region IQD17,,,,
444,VIT_14s0068g00260,258,0.1248,Serine carboxypeptidase S10,,,,
445,VIT_10s0003g02540,254,0.1232,ABC transporter B member 14,ABCB14,,vv52010ABC_transporters,
446,VIT_17s0000g00120,256,0.1230,Exostosin,K02366,,vv11030Glycan_structures-biosynthesis1,
447,VIT_12s0028g03400,252,0.1217,No hit,,,,
448,VIT_09s0054g01370,250,0.1209,Beta-amyrin synthase,E5_4_99_BAS,,vv10900Terpenoid_biosynthesis,
449,VIT_16s0039g01310,249,0.1201,Receptor serine/threonine kinase PR5K,,,,
450,VIT_08s0040g00850,248,0.1197,Thylakoid lumenal 20 kDa protein,,,,
451,VIT_00s0341g00050,245,0.1186,ATMYB66/WER/WER1 (WEREWOLF 1),WEREWOLF_3,MYBPAL1,vv44110Cell_cycle,vv60044MYB
452,VIT_12s0035g00050,237,0.1146,No hit,,,,
453,VIT_18s0001g06890,231,0.1122,Peroxidase GvPx2b  class III [Vitis vinifera],E1_11_1_7,,vv10360Phenylalanine_metabolism,vv10680Methane_metabolism
454,VIT_16s0022g01710,231,0.1122,Ser/Thr receptor-like kinase1,,,,
455,VIT_08s0105g00310,232,0.1118,Rhodanese domain-containing protein,K07146,,,
456,VIT_11s0037g01400,230,0.1113,Zinc finger (C3HC4-type ring finger),ZFC3HC4_80,,vv60078Other_zf-C3HC4,
457,VIT_07s0255g00060,225,0.1083,Prolyl oligopeptidase family,,,,
458,VIT_19s0015g00300,222,0.1075,KCO1 (two pore K channel),K05389_KCO1,,vv50101Channels_and_pores,
459,VIT_06s0004g07670,222,0.1072,Unknown protein,,,,
460,VIT_04s0008g06390,220,0.1070,TPR1 (topless-related 1),TPR1,,vv30003Auxin_signaling,
461,VIT_18s0001g07020,222,0.1068,No hit,,,,
462,VIT_18s0072g01000,222,0.1067,Dihydrolipoamide S-acetyltransferase,E2_3_1_12,,vv10010Glycolysis,vv10252Alanine_and_aspartate_metabolism
463,VIT_17s0000g09270,218,0.1052,MATE efflux family protein,MATE,,vv50125Porters_cat_66_to_94,
464,VIT_06s0061g00010,216,0.1039,Magnesium-chelatase subunit chlD  chloroplast precursor,E6_6_1_1,,vv10860Porphyrin_and_chlorophyll_metabolism,
465,VIT_17s0000g07890,213,0.1032,Rac-like GTP-binding protein ARAC10 (GTPase protein ROP10),ROP10,,vv34020Calcium_signaling_pathway,
466,VIT_14s0006g02550,214,0.1031,Non-specific lipid-transfer protein 2 (LTP 2),,,,
467,VIT_08s0058g01230,210,0.1021,Non-specific lipid-transfer protein,,,,
468,VIT_08s0040g01940,211,0.1016,Zinc finger (C3HC4-type ring finger),ZFC3HC4_154,,vv60078Other_zf-C3HC4,
469,VIT_16s0100g00480,203,0.0989,Dihydrodipicolinate reductase,E1_3_1_26,,vv10300Lysine_biosynthesis,
470,VIT_15s0048g01980,205,0.0985,COP9 signalosome complex subunit 1,,,,
471,VIT_02s0025g04160,202,0.0981,Unknown protein,,,,
472,VIT_13s0067g02390,202,0.0970,Unknown,,,,
473,VIT_12s0059g00110<br>VIT_12s0059g00080<br>VIT_12s0059g00100,202,0.0969,
474,VIT_02s0025g00110,201,0.0963,DNA excision repair protein ERCC-3,K10843,,vv23420Nucleotide_excision_repair,
475,VIT_19s0014g03860,195,0.0948,No hit,,,,
476,VIT_04s0023g01750,192,0.0927,TVLP1,,,,
477,VIT_13s0019g04650,192,0.0921,Thioredoxin 8,,,,
478,VIT_09s0054g00430,190,0.0919,Unknown protein,,,,
479,VIT_04s0023g01020,191,0.0919,BEL1 homeobox 2 protein (BLH2) (SAWTOOTH 1),BLH2_1,VvHB17,vv60034HB,
480,VIT_00s0262g00010,189,0.0915,Receptor kinase RK20-1,,,,
481,VIT_18s0001g07670,189,0.0911,DsRNA-binding protein LH1 HYL1,HYL1,,vv30001ABA_signaling,
482,VIT_06s0009g00480,187,0.0908,Aluminium-tolerance ALMT1,ALMT1,,vv50125Porters_cat_66_to_94,
483,VIT_07s0005g06000,188,0.0903,Pore-forming toxin-like protein Hfr-2,HFR2,,vv50101Channels_and_pores,
484,VIT_08s0007g02500,187,0.0903,Transcription termination factor mitochondrial mTERF,MTERF_28,,vv60085MTERF,
485,VIT_12s0035g01220,187,0.0902,Unknown protein,,,,
486,VIT_12s0057g01450,185,0.0896,Subtilisin protease,,,,
487,VIT_18s0086g00220,181,0.0874,Lipase GDSL,,,,
488,VIT_06s0061g00710,180,0.0872,Zinc finger (C3HC4-type ring finger),ZFC3HC4_187,,vv60078Other_zf-C3HC4,
489,VIT_15s0046g01960,177,0.0851,Hydroquinone glucosyltransferase,E2_4_1_218,,vv10500Starch_and_sucrose_metabolism,
490,VIT_00s0341g00060,175,0.0848,Unknown protein,,,,
491,VIT_06s0004g01520,175,0.0847,Pentatricopeptide (PPR) repeat-containing,,,,
492,VIT_07s0129g00360,170,0.0824,Peroxidase 73,E1_11_1_7,,vv10360Phenylalanine_metabolism,vv10680Methane_metabolism
493,VIT_19s0014g03220,169,0.0818,Unknown protein,,,,
494,VIT_08s0040g00910,169,0.0817,CAM  interacting  protein 111,CIP111,,vv50133Primary_active_transporter_cat_A9_to_A18,
495,VIT_10s0003g03560,169,0.0814,Beta-amyrin synthase,E5_4_99_BAS,,vv10900Terpenoid_biosynthesis,
496,VIT_11s0016g04840,169,0.0813,Avr9/Cf-9 rapidly elicited protein 11,,,,
497,VIT_11s0016g00880,166,0.0801,Strictosidine synthase; Soluble quinoprotein glucose dehydrogenase,E4_3_3_2,,vv10900Terpenoid_biosynthesis,vv10902Monoterpenoid_biosynthesis
498,VIT_00s0207g00120,162,0.0791,Ternary complex factor MIP1,,,,
499,VIT_05s0077g00530,163,0.0790,Unknown protein,,,,
500,VIT_19s0090g00730,163,0.0788,No hit,,,,
501,VIT_18s0001g00110,162,0.0782,Unknown protein,,,,
502,VIT_08s0056g00870,162,0.0780,MATE efflux family protein,MATE,,vv50125Porters_cat_66_to_94,
503,VIT_00s0566g00020,159,0.0763,Unknown protein,,,,
504,VIT_04s0008g01960,155,0.0755,Copper-transporting ATPase PAA2,K01533_PAA2,,vv50131Primary_active_transporter_cat_A2_to_A4,
505,VIT_17s0000g00280,156,0.0755,Magnesium-protoporphyrin O-methyltransferase,E2_1_1_11,,vv10860Porphyrin_and_chlorophyll_metabolism,
506,VIT_18s0001g14630,155,0.0751,ATSYTB/NTMC2T1.2/NTMC2TYPE1.2/SYTB,NTMC2T1_2,,vv50109Incompletely_characterized_transport_systems,
507,VIT_09s0002g04580,152,0.0737,Unknown protein,,,,
508,VIT_17s0000g05640,153,0.0735,Nitrate transporter 1:2,NRT1_2,,vv50122Porters_cat_7_to_17,
509,VIT_18s0001g10060,150,0.0727,LRX1 (leucine-rich repeat/extensin 1),EXTENSIN,,vv40006Cell_wall,
510,VIT_09s0018g01340<br>VIT_09s0018g01360,150,0.0727,
511,VIT_01s0010g01850,151,0.0726,Regulator of nonsense transcripts 1,K14326,,vv23013RNA_transport,vv23015mRNA_surveillance_pathway
512,VIT_18s0001g00560,149,0.0721,Alpha-amylase / 1 4-alpha-D-glucan glucanohydrolase,E3_2_1_1,,vv10500Starch_and_sucrose_metabolism,
513,VIT_15s0046g01060,147,0.0715,Pentatricopeptide (PPR) repeat,,,,
514,VIT_09s0002g06770,147,0.0713,Unknown protein,,,,
515,VIT_02s0025g02620,147,0.0710,BDG1 (BODYGUARD1) hydrolase,,,,
516,VIT_16s0050g02430,148,0.0709,Receptor protein kinase,,,,
517,VIT_09s0002g06120,147,0.0709,Biotin carboxyl carrier protein of acetyl-CoA carboxylase,E6_4_1_2,,vv10061Fatty_acid_biosynthesis,vv10620Pyruvate_metabolism
518,VIT_18s0001g00440,145,0.0701,Cytoplasmic tRNA 2-thiolation protein 1,K14168,,vv24122Sulfur_relay_system,
519,VIT_18s0089g00410,144,0.0698,Sucrose-phosphate synthase 1,E2_4_1_14,,vv10500Starch_and_sucrose_metabolism,
520,VIT_01s0011g00790,143,0.0690,DnaJ homolog  subfamily C  member 2 gonidia forming protein GlsA,K09522_1,,vv50132Primary_active_transporter_cat_A5_to_A8,vv60045MYBrelated
521,VIT_00s0598g00040,141,0.0684,Unknown protein,,,,
522,VIT_06s0004g06690,140,0.0675,Ribosomal protein S18 30S,K02963,,vv23010Ribosome,
523,VIT_18s0001g12000,139,0.0672,Geranylgeranyl pyrophosphate synthetase 1  chloroplast precursor,E2_5_1_29,,vv10100Biosynthesis_of_steroids,vv10900Terpenoid_biosynthesis
524,VIT_11s0016g02830,139,0.0670,Gamma-glutamyltranspeptidase,E2_3_2_2,,vv10272Cysteine_metabolism,vv10450Selenoamino_acid_metabolism
525,VIT_03s0063g02250,136,0.0661,Polyol transporter 5,PLT5,,vv50121Porters_cat_1_to_6,
526,VIT_11s0016g02060,136,0.0659,RecA,K03553,,vv23440Homologous_recombination,
527,VIT_18s0041g00710,131,0.0633,UDP-glucose: anthocyanidin 5 3-O-glucosyltransferase,RHGT1,,vv10942Anthocyanin_biosynthesis,
528,VIT_06s0009g02340,130,0.0632,Tryptophan/tyrosine permease family,TRYTYRPERM,,vv50124Porters_cat_30_to_64,
529,VIT_19s0014g03330,130,0.0629,Peptidyl-prolyl cis-trans isomerase TLP38  chloroplast,K01802,,,
530,VIT_05s0062g00430,129,0.0627,UDP-glucose:flavonoid 7-O-glucosyltransferase,E2_4_1_237,,vv10941Flavonoid_biosynthesis,
531,VIT_00s2839g00010,130,0.0627,No hit,,,,
532,VIT_12s0035g00640,130,0.0627,Ubiquitin-like domain containing CTD phosphatase 1,,,,
533,VIT_06s0004g06890,127,0.0614,Potassium transporter (KUP1),KUP1,,vv50125Porters_cat_66_to_94,
534,VIT_15s0046g00500,126,0.0611,Wax synthase,E2_3_1_75,,vv11000Single_reactions,
535,VIT_13s0064g01660,124,0.0600,Prunasin hydrolase isoform PHA precursor,E3_2_1_118,,vv10460Cyanoamino_acid_metabolism,
536,VIT_10s0071g00250,122,0.0592,Strictosidine synthase,E4_3_3_2,,vv10900Terpenoid_biosynthesis,vv10902Monoterpenoid_biosynthesis
537,VIT_01s0011g01890,122,0.0589,Glutathione S-transferase  C-terminal,E2_5_1_18,,vv10480Glutathione_metabolism,
538,VIT_00s0220g00110,122,0.0588,Acetolactate synthase small subunit,E2_2_1_6,,vv10290Valine_leucine_and_isoleucine_biosynthesis,vv10650Butanoate_metabolism
539,VIT_10s0116g00410,121,0.0585,Gibberellin 2-beta-dioxygenase 7,E1_14_11_13,,vv10904Diterpenoid_biosynthesis,
540,VIT_14s0219g00170,119,0.0576,Zinc finger (CCCH-type) family protein,CCCHFAM_19,,vv60018C3H,
541,VIT_18s0001g11800,119,0.0566,BEL1-like homeodomain protein 4 (SAWTOOTH 2),BLH4,VvHB66,vv60034HB,
542,VIT_01s0010g03650,117,0.0565,Alkylated DNA repair protein alkB,,,,
543,VIT_07s0005g06060,116,0.0563,Pore-forming toxin-like protein Hfr-2,HFR2,,vv50101Channels_and_pores,
544,VIT_10s0116g01880,116,0.0559,MATE efflux family protein,MATE,,vv50125Porters_cat_66_to_94,
545,VIT_10s0003g02450,115,0.0554,flavonol synthase,E1_14_11_23,,vv10941Flavonoid_biosynthesis,
546,VIT_12s0055g00840,114,0.0553,Sucrose-6-phosphate phosphatase,E3_1_3_24,,vv10500Starch_and_sucrose_metabolism,
547,VIT_07s0031g00200,112,0.0543,IMP dehydrogenase,E1_1_1_205,,vv10230Purine_metabolism,
548,VIT_19s0014g04840,112,0.0543,(-)-germacrene D synthase,E4_2_3_22,,vv10900Terpenoid_biosynthesis,
549,VIT_07s0005g06090,111,0.0541,Pore-forming toxin-like protein Hfr-2,HFR2,,vv50101Channels_and_pores,
550,VIT_05s0020g03830,111,0.0535,Pentatricopeptide (PPR) repeat-containing,,,,
551,VIT_17s0000g00230,108,0.0523,WD-40 repeat,,,,
552,VIT_14s0068g00360,106,0.0517,LNG1 (LONGIFOLIA1),,,,
553,VIT_08s0007g07240,105,0.0506,Armadillo helical,,,,
554,VIT_06s0004g06900,105,0.0504,Pyruvate decarboxylase isozyme 1,E4_1_1_1,,vv10010Glycolysis,
555,VIT_02s0012g01120,104,0.0503,Glycine cleavage system H protein  mitochondrial,E1_4_4_2,,vv10260Glycine_serine_and_threonine_metabolism,
556,VIT_11s0206g00100,104,0.0502,Unknown protein,,,,
557,VIT_06s0004g04000,104,0.0501,Beta-ketoacyl-CoA synthase,E2_3_1_41,,vv10061Fatty_acid_biosynthesis,
558,VIT_13s0074g00660,102,0.0495,ABC transporter G member 22,ABCG22,,vv52010ABC_transporters,
559,VIT_13s0106g00070,101,0.0490,Ankyrin repeat protein,K10380,,vv50108Accessory_factors_involved_in_transport,
560,VIT_11s0016g05400,101,0.0489,Unknown protein,,,,
561,VIT_07s0141g01050,101,0.0488,No hit,,,,
562,VIT_08s0007g03990,101,0.0486,Cellulose synthase CSLA09,E2_4_1_12_CSLA09,,vv40006Cell_wall,
563,VIT_11s0037g00290,98,0.0472,Plastocyanin domain-containing protein,K02638,,vv10195Photosynthesis,vv50113Thylakoid_targeting_pathway
564,VIT_00s0978g00020,97,0.0470,Unknown protein,,,,
565,VIT_07s0031g00320,97,0.0468,Curly leaf PHCLF1,CLF1_1,,vv30009Flower_development,vv60056SET_PCG
566,VIT_14s0030g01240,96,0.0466,Transport inhibitor response 1 protein,TIR1,,vv30003Auxin_signaling,
567,VIT_06s0061g00890,96,0.0463,Carboxypeptidase,E3_4_17_22,,,
568,VIT_13s0019g00260,96,0.0462,Photosystem II reaction center PsbP,K02717,,vv10195Photosynthesis,vv50135Primary_active_transporter_cat_D3_to_E2
569,VIT_01s0011g04130,94,0.0452,Elongator complex protein 2 (ELP2),,,,
570,VIT_00s0483g00020,93,0.0452,SGT1,SGT1,,vv30003Auxin_signaling,
571,VIT_01s0026g00080,93,0.0451,Metal-dependent phosphohydrolase HD domain-containing protein,K07023,,,
572,VIT_02s0025g01870,93,0.0449,Cellulose synthase CSLG3,E2_4_1_12_CSLG3,VvNAC72,vv40006Cell_wall,
573,VIT_03s0038g03560,90,0.0435,CAO (CHAOS); chromatin binding,CPSRP43,,vv50113Thylakoid_targeting_pathway,
574,VIT_13s0019g01260,89,0.0431,Enoyl reductase,K10258,,vv11040Biosynthesis_of_unsaturated_fatty_acids,
575,VIT_07s0005g01450,89,0.0430,BZIP DNA-binding protein BZIP53,BZIP53_1,VvbZIP22,vv60012BZIP,
576,VIT_08s0007g01500,88,0.0428,DNA binding / nuclease,,,,
577,VIT_10s0003g03540,86,0.0416,Lupeol synthase,E5_4_99_8,,vv10100Biosynthesis_of_steroids,
578,VIT_13s0019g03180,85,0.0410,Unknown protein,,,,
579,VIT_15s0046g01640,85,0.0409,Abl interactor protein 1 (ABIL1),,,,
580,VIT_04s0008g01290,83,0.0402,CGA1 (cytokinin-responsive GATA factor 1),CGA1,,vv30007Cytokinin_signaling,vv60016C2C2-GATA
581,VIT_07s0005g03320,82,0.0397,Unknown protein,,,,
582,VIT_19s0015g00740,82,0.0397,Prefoldin,,,,
583,VIT_15s0046g02370,82,0.0396,Unknown protein,,,,
584,VIT_13s0067g02450,82,0.0396,Uroporphyrinogen decarboxylase,E4_1_1_37,,vv10860Porphyrin_and_chlorophyll_metabolism,
585,VIT_16s0022g02100,80,0.0390,Embryo-specific 3,,,,
586,VIT_18s0001g14910,79,0.0385,Mannitol dehydrogenase,E1_1_1_67,,vv10051Fructose_and_mannose_metabolism,
587,VIT_06s0080g01020,79,0.0384,Secoisolariciresinol dehydrogenase,SIRD,,vv10940Phenylpropanoid_biosynthesis,
588,VIT_04s0023g01060,79,0.0383,Proton gradient regulation 3,PGR3,,,
589,VIT_05s0094g00560,79,0.0381,Stearoyl-ACP desaturase,E1_14_19_2,,vv11040Biosynthesis_of_unsaturated_fatty_acids,
590,VIT_00s0456g00040<br>VIT_00s0374g00030,76,0.0366,
591,VIT_13s0084g00410,75,0.0364,No hit,,,,
592,VIT_07s0005g00450,75,0.0360,Unknown protein,,,,
593,VIT_05s0077g01670,74,0.0360,Major cherry allergen Pru av 1.0202,,,,
594,VIT_13s0067g01590,74,0.0357,Lectin protein kinase,,,,
595,VIT_06s0061g01050,71,0.0345,Protein kinase SRPK1,,,,
596,VIT_14s0128g00400,71,0.0344,Ras homolog gene family  member T1,K07870,,,
597,VIT_12s0035g01250,71,0.0343,Disease resistance protein (NBS-LRR class),,,,
598,VIT_08s0105g00400,68,0.0331,GT-1-like transcription factor,GT1L,,vv60062Trihelix,
599,VIT_09s0002g02490,68,0.0329,Dof zinc finger protein 1,ADOF1,,vv60015C2C2-DOF,
600,VIT_17s0000g02550,67,0.0323,HMR1 protein,,,,
601,VIT_05s0094g01120,67,0.0322,NADP-dependent oxidoreductase,E1_6_5_5,,,
602,VIT_06s0004g02640,67,0.0322,Receptor protein kinase PERK1,,,,
603,VIT_08s0105g00570,66,0.0320,Adenosine/AMP deaminase active site,E3_5_4_4,,vv10230Purine_metabolism,
604,VIT_01s0137g00130,65,0.0315,B-keto acyl reductase,,,,
605,VIT_00s0286g00050,65,0.0314,S-locus protein kinase,,,,
606,VIT_07s0031g00850,65,0.0313,Patatin,,,,
607,VIT_18s0001g08230,64,0.0309,Receptor-like protein kinase HAIKU2,,,,
608,VIT_00s0411g00030<br>VIT_00s0256g00030<br>VIT_00s0256g00110<br>VIT_00s1321g00010<br>VIT_00s0256g00050<br>VIT_00s0256g00040<br>VIT_00s0411g00020,63,0.0305,
609,VIT_14s0006g01030,63,0.0304,Calmodulin-binding heat-shock protein,,,,
610,VIT_07s0191g00120,61,0.0293,Pentatricopeptide (PPR) repeat-containing protein,,,,
611,VIT_00s0349g00020,59,0.0285,Unknown protein,,,,
612,VIT_17s0000g10060,59,0.0284,Lipase GDSL,,,,
613,VIT_15s0024g00830,59,0.0283,No hit,,,,
614,VIT_12s0059g00640,59,0.0283,Beta-1 3-galactosyltransferase sqv-2,K07820,,vv10602Glycosphingolipid_biosynthesis,
615,VIT_05s0062g01140,58,0.0281,Aromatic and neutral transporter 1,ANT1,,vv50123Porters_cat_18_to_29,
616,VIT_06s0004g01510,57,0.0274,Lipoxygenase (LOX2),E1_13_11_12,,vv10592alpha-Linolenic_acid_metabolism,
617,VIT_13s0067g02340,56,0.0271,Proton-dependent oligopeptide transport (POT) family protein,POT,,vv50122Porters_cat_7_to_17,
618,VIT_05s0049g00010,56,0.0270,Cellulose synthase CSLG2,E2_4_1_12_CSLG2,,vv40006Cell_wall,
619,VIT_10s0116g01140,55,0.0267,Stigma-specific Stig1,,,,
620,VIT_15s0046g02380,55,0.0266,CYP86A8,,,,
621,VIT_14s0006g01680,55,0.0266,CYP96A10,,,,
622,VIT_10s0116g01040,55,0.0266,Stigma-specific Stig1,,,,
623,VIT_11s0016g05870,55,0.0265,Unknown protein,,,,
624,VIT_11s0065g00170,55,0.0264,Squamosa promoter-binding protein 2 (SPL2),SPL2_3,,vv60055SBP,
625,VIT_18s0001g14140,54,0.0263,No hit,,,,
626,VIT_15s0045g01600,54,0.0261,Eceriferum 1 (CER1 protein) Sterol desaturase,,,,
627,VIT_04s0008g06330,53,0.0257,TPR1 (topless-related 1),TPR1,,vv30003Auxin_signaling,
628,VIT_03s0063g01730,53,0.0256,Viral-response family protein-like,,,,
629,VIT_07s0005g00270,52,0.0252,Unknown protein,,,,
630,VIT_15s0024g01190,52,0.0249,No hit,,,,
631,VIT_13s0106g00060,51,0.0248,Ankyrin repeat,,,,
632,VIT_19s0090g00710,51,0.0247,No hit,,,,
633,VIT_17s0000g09070,51,0.0246,Histone deacetylase HDA6,K06067_HDAC6,,vv30011Jasmonate_signaling,vv44110Cell_cycle
634,VIT_10s0003g03990,50,0.0243,No hit,,,,
635,VIT_00s0477g00040,50,0.0241,Clathrin assembly protein 16,CAP16,,vv50110Protein_coat,
636,VIT_12s0059g01810,49,0.0238,Photosystem II psbZ,K02724,,vv10195Photosynthesis,vv50135Primary_active_transporter_cat_D3_to_E2
637,VIT_09s0002g05180,49,0.0234,No hit,,,,
638,VIT_14s0068g00400,47,0.0228,Hydrolase  alpha/beta fold family,,,,
639,VIT_02s0087g00470,46,0.0223,Anthraniloyal-CoA: methanol anthraniloyal transferase,AMAT,,vv10400Phenylalanine_tyrosine_and_tryptophan_biosynthesis,
640,VIT_14s0060g00680,46,0.0223,Lipase GDSL,,,,
641,VIT_18s0001g14600,46,0.0222,Pentatricopeptide (PPR) repeat-containing protein,,,,
642,VIT_05s0020g01040,45,0.0218,Unknown protein,,,,
643,VIT_03s0038g04240,45,0.0217,Histone deacetylase,HD1,,vv44110Cell_cycle,
644,VIT_12s0035g00550,44,0.0215,Unknown protein,,,,
645,VIT_06s0009g01410,44,0.0213,No hit,,,,
646,VIT_19s0014g04920,44,0.0213,(-)-germacrene D synthase,E4_2_3_22,,vv10900Terpenoid_biosynthesis,
647,VIT_00s0375g00030,44,0.0212,Alpha-galactosidase,E3_2_1_22,,vv10052Galactose_metabolism,vv10561Glycerolipid_metabolism
648,VIT_13s0064g01740<br>VIT_13s0064g01750,44,0.0211,
649,VIT_15s0021g00010,43,0.0209,Eceriferum 1 (CER1 protein) Sterol desaturase,,,,
650,VIT_00s2871g00010,43,0.0208,Yippee,,,,
651,VIT_00s0220g00020,43,0.0208,Pentatricopeptide (PPR) repeat-containing protein,,,,
652,VIT_01s0244g00010,42,0.0203,Basic helix-loop-helix (bHLH) family,BHLHDOM_53,,vv60011BHLH,
653,VIT_10s0003g03530,42,0.0203,Lupeol synthase,E5_4_99_8,,vv10100Biosynthesis_of_steroids,
654,VIT_11s0052g00800,42,0.0203,Protein kinase family,,,,
655,VIT_08s0056g00800,42,0.0203,Myb domain protein 60,MYB60,MYB60,vv60044MYB,
656,VIT_00s0455g00050,42,0.0202,R protein  PRF  disease resistance protein,K13453,,vv34627R_proteins_from_Plant-pathogen_interaction,
657,VIT_01s0011g05260,42,0.0202,DELLA protein GAI1,GAI1_3,,vv30009Flower_development,vv30010Gibberellin_signaling
658,VIT_11s0016g04410,41,0.0198,Unknown protein,,,,
659,VIT_13s0019g05380,41,0.0197,Unknown protein,,,,
660,VIT_06s0080g00830,40,0.0193,Unknown protein,,,,
661,VIT_08s0040g01360,40,0.0193,Histidyl-tRNA synthetase,E6_1_1_21,,vv10340Histidine_metabolism,vv20970Aminoacyl-tRNA_biosynthesis
662,VIT_10s0092g00150,40,0.0192,Patatin protein 3,,,,
663,VIT_15s0046g00970,39,0.0188,Lipid transfer protein,LTP,,,
664,VIT_00s0337g00010,39,0.0188,Salt tolerance protein 2,,,,
665,VIT_01s0026g02280,39,0.0187,Binding,,,,
666,VIT_08s0007g04540,38,0.0184,Oxidoreductase  2OG-Fe(II) oxygenase,,,,
667,VIT_02s0154g00070,38,0.0184,Abnormal floral organs,AFO_1,,vv60019C2C2-YABBY,
668,VIT_18s0001g15230,38,0.0183,Unknown,,,,
669,VIT_13s0067g01890,36,0.0174,Glycosyl hydrolase family 85,,,,
670,VIT_18s0001g15340,36,0.0174,Pentatricopeptide (PPR) repeat-containing protein,,,,
671,VIT_07s0031g01690,36,0.0174,No hit,,,,
672,VIT_09s0002g00880,36,0.0173,Oligouridylate binding protein 1B UBP1B,UBP1B,,,
673,VIT_07s0031g00500,36,0.0173,Subtilase,ARA12,,vv50101Channels_and_pores,
674,VIT_17s0000g02680,36,0.0173,ABA glucosidase,ABAGLC,,vv11013ABA_biosynthesis,
675,VIT_13s0067g03400,35,0.0170,Unknown protein,,,,
676,VIT_17s0000g01970,35,0.0169,MKK9,MKK9,,vv30008Ethylene_signaling,vv34626Plant-pathogen_interaction
677,VIT_05s0020g02680,35,0.0169,Zinc finger (C3HC4-type ring finger),ZFC3HC4_220,,vv60078Other_zf-C3HC4,
678,VIT_18s0001g07700,35,0.0168,Ethylene-inducible CTR1,CTR1,,vv30008Ethylene_signaling,
679,VIT_17s0000g07530,34,0.0165,Transportin-SR,TRANSPORTINSR,,vv50112Nuclear_pore_complex,
680,VIT_16s0022g01050<br>VIT_16s0022g01030<br>VIT_16s0022g01010<br>VIT_16s0022g01110<br>VIT_16s0022g01100<br>VIT_16s0022g01040<br>VIT_16s0022g00990<br>VITisv_028484,34,0.0165,
681,VIT_18s0166g00300,34,0.0165,Histidinol dehydrogenase  chloroplast precursor,E1_1_1_23,,vv10340Histidine_metabolism,
682,VIT_06s0004g04490,34,0.0165,Unknown protein,,,,
683,VIT_18s0164g00020,34,0.0164,Transducin protein,,,,
684,VIT_01s0150g00040,33,0.0160,Unknown protein,,,,
685,VIT_05s0094g01470,33,0.0160,Poly(ADP-ribose) like glycohydrolase,E3_2_1_143,,,
686,VIT_17s0000g04250,32,0.0156,HAT transposase,,,,
687,VIT_07s0005g00860,32,0.0155,U3 snoRNP-associated helicase Ecm16,ECM16,,,
688,VIT_05s0062g00780,31,0.0150,Rho GDP-dissociation inhibitor 2,,,,
689,VIT_14s0006g00270,31,0.0149,No hit,,,,
690,VIT_04s0008g00860,31,0.0149,Ndr family protein,,,,
691,VIT_05s0124g00340,30,0.0145,Survival of motor neuron protein-interacting protein 1,K13130,,vv23013RNA_transport,
692,VIT_06s0004g06730,30,0.0145,Microsomal omega-3 fatty acid desaturase,K10257,,vv11040Biosynthesis_of_unsaturated_fatty_acids,
693,VIT_17s0000g06220,30,0.0144,Exostosin,K02366,,vv11030Glycan_structures-biosynthesis1,
694,VIT_09s0002g04310,29,0.0141,Rho guanyl-nucleotide exchange factor ROPGEF8,ROPGEF8,,,
695,VIT_08s0007g00890,29,0.0140,Tropinone reductase,E1_1_1_206,,vv10220Urea_cycle_and_metabolism_of_amino_groups,
696,VIT_12s0142g00430,28,0.0136,Alternative oxidase 2  (AOX2),AOX2,,vv30001ABA_signaling,
697,VIT_12s0055g00810,28,0.0135,Cationic peroxidase,E1_11_1_7,,vv10360Phenylalanine_metabolism,vv10680Methane_metabolism
698,VIT_15s0046g02910,28,0.0135,Ribosomal protein L21  chloroplast / CL21 (RPL21) 50S,K02888,,vv23010Ribosome,
699,VIT_00s0187g00070,28,0.0135,No hit,,,,
700,VIT_17s0000g04990,28,0.0135,MADS-box APETALA 1,APETALA1_3,,vv30009Flower_development,vv60042MADS
701,VIT_00s0398g00020,27,0.0131,S-receptor kinase KIK1 precursor,,,,
702,VIT_06s0004g01470,27,0.0131,Lipoxygenase LOX1,E1_13_11_12,,vv10592alpha-Linolenic_acid_metabolism,
703,VIT_18s0041g00420,26,0.0125,Patellin-5,,,,
704,VIT_14s0171g00280,25,0.0121,Unknown protein,,,,
705,VIT_12s0034g01140,25,0.0121,Plastocyanin domain-containing protein,K02638,,vv10195Photosynthesis,vv50113Thylakoid_targeting_pathway
706,VIT_11s0118g00110,24,0.0116,AT-hook DNA-binding protein,,,,
707,VIT_04s0023g02790,23,0.0111,Dehydration-responsive protein,,,,
708,VIT_16s0039g02180,22,0.0107,NADH dehydrogenase subunit B17.2,K05573,,vv10190Oxidative_phosphorylation,vv50134Primary_active_transporter_cat_D1
709,VIT_14s0068g00160,22,0.0107,No hit,,,,
710,VIT_19s0014g02350,22,0.0107,Squamosa promoter-binding protein 4 (SPL4),SPL4_1,,vv60055SBP,
711,VIT_17s0000g07750,21,0.0102,Zinc finger protein 5,ZFP5_1,,vv60017C2H2,
712,VIT_06s0009g03390,21,0.0102,No hit,,,,
713,VIT_15s0048g01860,21,0.0101,No hit,,VvERF041,,
714,VIT_05s0020g04850,21,0.0101,H1flk,,,,
715,VIT_16s0022g00870,21,0.0101,Invertase/pectin methylesterase inhibitor,PMEI,,vv40006Cell_wall,
716,VIT_06s0004g03020,20,0.0097,Beta-galactosidase,E3_2_1_23,,vv10052Galactose_metabolism,vv10511N-Glycan_degradation
717,VIT_14s0068g02010,20,0.0097,IMP dehydrogenase/GMP reductase,E1_1_1_205,,vv10230Purine_metabolism,
718,VIT_19s0014g05210,20,0.0097,Fertilization-independent endosperm development protein,,,,
719,VIT_02s0087g00950,19,0.0093,Pentatricopeptide repeat,,,,
720,VIT_02s0025g00340,19,0.0091,Monodehydroascorbate reductase  chloroplast precursor,E1_6_5_4,,vv10053Ascorbate_and_aldarate_metabolism,
721,VIT_08s0007g01750,18,0.0088,Acetyl co-enzyme A carboxylase carboxyltransferase alpha subunit,E6_4_1_2,,vv10061Fatty_acid_biosynthesis,vv10620Pyruvate_metabolism
722,VIT_07s0005g05670,18,0.0087,Alba  DNA binding,,,,
723,VIT_04s0023g01550,18,0.0087,Unknown,,,,
724,VIT_18s0041g00330,18,0.0087,ATP-dependent protease La (LON) domain-containing protein,E3_4_21_53,,,
725,VIT_02s0033g01060,18,0.0087,Anthraniloyal-CoA: methanol anthraniloyal transferase,AMAT,,vv10400Phenylalanine_tyrosine_and_tryptophan_biosynthesis,
726,VIT_17s0000g01130,18,0.0087,Nuclear transcription factor Y subunit C-1,NFYC1_1,,vv60021CCAAT,
727,VIT_13s0047g00360,18,0.0086,6-hydroxyisobutyryl-coenzyme A hydrolase,E3_1_2_4,,vv10280Valine_leucine_and_isoleucine_degradation,vv10410Beta-alanine_metabolism
728,VIT_18s0122g01250,17,0.0082,No hit,,,,
729,VIT_15s0048g02000,17,0.0082,Homeodomain GLABROUS1,HDG1_1,VvHB53,vv60034HB,
730,VIT_09s0002g06810,17,0.0082,Binding,,,,
731,VIT_07s0031g02410,17,0.0082,Unknown protein,,,,
732,VIT_02s0025g04120,17,0.0082,Calmodulin binding protein,,,,
733,VIT_13s0067g02810,16,0.0078,NADPH:quinone oxidoreductase,E1_6_5_2,,vv10100Biosynthesis_of_steroids,
734,VIT_10s0003g04100,16,0.0078,Auxin response factor 3,ARF3_1,,vv30003Auxin_signaling,vv60004ARF
735,VIT_15s0046g01600,16,0.0078,Acidic endochitinase (CHIB1),E3_2_1_14,,vv10530Aminosugars_metabolism,
736,VIT_11s0016g02260,16,0.0078,Unknown,,,,
737,VIT_06s0009g03690,16,0.0077,F-box domain containing protein,,,,
738,VIT_05s0062g01100,16,0.0077,Leucin-rich repeat protein kinase,,,,
739,VIT_00s2485g00010,15,0.0072,CRK10 (cysteine-rich RLK10),,,,
740,VIT_12s0034g00250,15,0.0072,Aquaporin PIP1A,PIP1A,,vv50101Channels_and_pores,
741,VIT_12s0028g00310,15,0.0072,Protein kinase family,,,,
742,VIT_11s0016g01400,15,0.0072,PSBX (photosystem II subunit X),K02722,,vv10195Photosynthesis,
743,VIT_09s0002g06990,15,0.0072,Phosphatidic acid phosphatase / PAP2,E3_1_3_4,,vv10561Glycerolipid_metabolism,vv10564Glycerophospholipid_metabolism
744,VIT_16s0050g01900,15,0.0072,Leucine-rich repeat protein kinase,,,,
745,VIT_11s0016g04270,14,0.0067,Hydrolase  alpha/beta fold,,,,
746,VIT_08s0007g07140,13,0.0063,Esterase/lipase/thioesterase family protein,,,,
747,VIT_04s0023g01360,13,0.0063,G-box binding factor 1 (GBF1),GBF1_1,VvbZIP12,vv50110Protein_coat,vv60012BZIP
748,VIT_16s0100g00080,13,0.0063,Subtilisin serine protease,SBT4_12,,vv50101Channels_and_pores,
749,VIT_14s0006g01670,13,0.0063,CYP96A10,,,,
750,VIT_01s0011g02360,13,0.0063,Unknown,,,,
751,VIT_05s0062g01130,13,0.0063,Aromatic and neutral transporter 1,ANT1,,vv50123Porters_cat_18_to_29,
752,VIT_06s0061g00700,13,0.0062,Auxin-regulated protein,AUXREG,,vv30003Auxin_signaling,
753,VIT_18s0001g03760,12,0.0058,Holocarboxylase synthetase 1 (HCS1),E6_3_4_9,,vv10780Biotin_metabolism,
754,VIT_14s0068g01500,12,0.0058,Glycerophosphoryl diester phosphodiesterase,E3_1_4_46,,vv10564Glycerophospholipid_metabolism,
755,VIT_00s0762g00030,12,0.0058,S-locus lectin protein kinase,,,,
756,VIT_00s0227g00070,12,0.0058,Sialidase BNR/Asp-box repeat family protein,,,,
757,VIT_11s0016g01310,12,0.0058,TT2 (transparent testa 2),TT2_5,MYBPA4,vv44110Cell_cycle,vv60044MYB
758,VIT_15s0024g00660,12,0.0058,Esterase,,,,
759,VIT_14s0060g00910,12,0.0058,Metallopeptidase M24,K01423,,vv10300Lysine_biosynthesis,vv10780Biotin_metabolism
760,VIT_19s0027g00740,12,0.0058,Inhibitor of apoptosis,,,,
761,VIT_02s0012g00660,11,0.0053,Calcium-binding EF-hand,,,,
762,VIT_04s0008g00450,10,0.0049,Haloacid dehalogenase hydrolase,E3_1_3_18,,vv10630Glyoxylate_and_dicarboxylate_metabolism,
763,VIT_19s0015g00880,10,0.0048,Oligopeptide transporter 1,OPT1,,vv50125Porters_cat_66_to_94,
764,VIT_12s0035g00880,10,0.0048,Lactoylglutathione lyase,E4_4_1_5,,vv10620Pyruvate_metabolism,
765,VIT_03s0097g00470,10,0.0048,ATHVA22A (Arabidopsis thaliana HVA22 homologue A),HVA22A,,vv30001ABA_signaling,
766,VIT_13s0019g04970,9,0.0044,Nodulin,,,,
767,VIT_09s0002g08050,9,0.0044,Unknown protein,,,,
768,VIT_08s0007g06080,9,0.0044,Beta 1-3 glucanase [Vitis vinifera],E3_2_1_6,,,
769,VIT_15s0046g00600,9,0.0044,No hit,,,,
770,VIT_09s0002g00190,9,0.0044,NBS-LRR type disease resistance protein,,,,
771,VIT_12s0055g00730,9,0.0044,ATATH2 (ABC2 homolog 2),ATH2,,vv52010ABC_transporters,
772,VIT_10s0042g01140,9,0.0044,Protein-O-fucosyltransferase 1,E2_4_1_221,,,
773,VIT_00s0286g00100,9,0.0044,S-locus protein kinase,,,,
774,VIT_18s0001g08060,9,0.0044,Unknown,,,,
775,VIT_05s0062g01280,9,0.0044,Cyclo-DOPA 5-O-glucosyltransferase,CD5OGT,,vv10350Tyrosine_metabolism,
776,VIT_07s0141g00970,9,0.0044,No hit,,,,
777,VIT_04s0008g04230,9,0.0044,ABC transporter G member 22,ABCG22,,vv52010ABC_transporters,
778,VIT_07s0031g03030,9,0.0044,Calmodulin-binding protein,,,,
779,VIT_09s0002g00930,9,0.0043,Small nuclear ribonucleoprotein LSM1,K12620,,vv23018RNA_degradation,
780,VIT_14s0066g01380,9,0.0043,Calcium homeostasis regulator CHoR1,CHOR1,,,
781,VIT_10s0092g00640,9,0.0043,Unknown protein,,,,
782,VIT_18s0001g14760,9,0.0043,Lipase 3 (EXL3) family II extracellular,,,,
783,VIT_12s0028g03480,9,0.0043,Wax synthase,E2_3_1_75,,vv11000Single_reactions,
784,VIT_03s0017g01330,9,0.0043,1 4-dihydroxy-2-naphthoate octaprenyltransferase,K02548,,vv10130Ubiquinone_biosynthesis,
785,VIT_16s0050g01970,9,0.0043,Serine/threonine protein kinase LRK19,,,,
786,VIT_07s0005g04860,9,0.0043,Glutaredoxin protein,,,,
787,VIT_06s0061g01430,9,0.0043,flavonoid 1-2 rhamnosyltransferase,E2_4_1_236,,vv10941Flavonoid_biosynthesis,
788,VIT_16s0050g01950,9,0.0043,Disease resistance family protein / LRR family,,,,
789,VIT_05s0062g00520,9,0.0043,UDP-glucose:flavonoid 7-O-glucosyltransferase,E2_4_1_237,,vv10941Flavonoid_biosynthesis,
790,VIT_05s0029g01040,9,0.0043,Aspartate aminotransferase,E2_6_1_1,vv10710Carbon_fixation,vv10252Alanine_and_aspartate_metabolism,vv10272Cysteine_metabolism
791,VIT_18s0001g13510,7,0.0034,Hcr2-p6,,,,
792,VIT_01s0010g02370,7,0.0034,Signal recognition particle subunit 72 SRP72,K03108,,vv23060Protein_export,vv50132Primary_active_transporter_cat_A5_to_A8
793,VIT_17s0000g09800,7,0.0034,No hit,,,,
794,VIT_16s0022g00420,7,0.0034,SRG1 (senescence-related gene 1) oxidoreductase,,,,
795,VIT_19s0014g01460,7,0.0034,Ubiquitin-conjugating enzyme E2 N,K10580,,vv24120Ubiquitin_mediated_proteolysis,
796,VIT_08s0007g00730,7,0.0034,U3 small nucleolar RNA-associated protein 21,K14554,,vv23008Ribosome_biogenesis_in_Eukaryotes,
797,VIT_07s0005g03110,7,0.0034,Tetratricopeptide repeat (TPR)-containing protein,,,,
798,VIT_15s0024g00770,7,0.0034,No hit,,,,
799,VIT_11s0052g00350,7,0.0034,Receptor kinase TRKe,,,,
800,VIT_18s0001g13080,6,0.0029,Unknown protein,,,,
801,VIT_00s0187g00210,6,0.0029,Rho GDP-dissociation inhibitor 2,,,,
802,VIT_08s0007g03370,6,0.0029,Unknown protein,,,,
803,VIT_18s0001g14980,6,0.0029,3-methyl-2-oxobutanoate dehydrogenase,E1_2_4_4,,vv10280Valine_leucine_and_isoleucine_degradation,
804,VIT_06s0004g05500,6,0.0029,Chlororespiratory reduction 2 (CRR2),,,,
805,VIT_19s0015g00960,6,0.0029,ABC transporter G member 4,K05680,,vv52010ABC_transporters,
806,VIT_07s0005g02660,6,0.0029,ABC transporter B member 13,ABCB13,,vv52010ABC_transporters,
807,VIT_18s0001g12580,6,0.0029,Zinc finger homeobox 33,ZFHB33_2,,vv60068Zf-HD,
808,VIT_19s0015g00860<br>VIT_19s0015g00870,6,0.0029,
809,VIT_08s0040g03120,6,0.0029,Pseudo-response regulator 7 (APRR7),APRR7_1,,vv30007Cytokinin_signaling,vv34710Circadian_rhythm
810,VIT_03s0038g01330,6,0.0029,Anthranilate N-benzoyltransferase protein 1,E2_3_1_144,,vv10400Phenylalanine_tyrosine_and_tryptophan_biosynthesis,
811,VIT_01s0026g02040,6,0.0029,No hit,,,,
812,VIT_04s0008g05110,6,0.0029,Unknown,,,,
813,VIT_19s0015g02080,6,0.0029,(-)-germacrene D synthase,E4_2_3_22,,vv10900Terpenoid_biosynthesis,
814,VIT_00s0612g00030,6,0.0029,Unknown protein,,,,
815,VIT_08s0007g02020,6,0.0029,Proton-dependent oligopeptide transport (POT) family protein,POT,,vv50122Porters_cat_7_to_17,
816,VIT_00s2580g00010,6,0.0029,U4/U6.U5 tri-snRNP-associated protein 2,K12847,,vv23040Spliceosome,
817,VIT_00s0525g00050,6,0.0029,Metal transporter CNNM4 (Cyclin-M4),CNNM4,,vv50109Incompletely_characterized_transport_systems,
818,VIT_14s0083g00600,6,0.0029,Unknown,,,,
819,VIT_08s0007g06770,6,0.0029,Unknown protein,,,,
820,VIT_07s0129g00370,6,0.0029,Unknown protein,,,,
821,VIT_08s0040g01040,6,0.0029,Serine carboxypeptidase II,,,,
822,VIT_02s0236g00170,6,0.0029,No hit,,,,
823,VIT_17s0000g05000,6,0.0029,SEPALLATA1,SEPALLATA1_1,,vv30009Flower_development,vv60042MADS
824,VIT_18s0001g15010,6,0.0029,F-box and leucine-rich repeat protein 1,K03875,,vv24120Ubiquitin_mediated_proteolysis,
825,VIT_19s0015g00290,6,0.0029,No hit,,,,
826,VIT_03s0038g03420,6,0.0029,Cytokinin riboside 5'-monophosphate phosphoribohydrolase LOG5,LOG5,,vv10908Zeatin_biosynthesis,
827,VIT_19s0014g03820,6,0.0029,Myb domain protein 102,MYB102_2,MYB145,vv60044MYB,
828,VIT_02s0025g01980<br>VIT_02s0025g01910,6,0.0029,
829,VIT_18s0001g11750,4,0.0019,Ribosomal protein S9,K02996,,vv23010Ribosome,
830,VIT_04s0008g01450,4,0.0019,Cyclopropane-fatty-acyl-phospholipid synthase,E2_1_1_79,,vv10271Methionine_metabolism,
831,VIT_00s0386g00050,4,0.0019,Xyloglucan endotransglucosylase/hydrolase precursor,E2_4_1_207,,vv40006Cell_wall,
832,VIT_17s0000g09330,4,0.0019,Pentatricopeptide (PPR) repeat-containing protein,,,,
833,VIT_15s0021g02320,4,0.0019,ABC transporter G member 7,ABCG7,,vv52010ABC_transporters,
834,VIT_04s0023g01210,3,0.0015,Geranylgeranyl pyrophosphate synthetase 1  chloroplast precursor,E2_5_1_29,,vv10100Biosynthesis_of_steroids,vv10900Terpenoid_biosynthesis
835,VIT_15s0024g00400,3,0.0015,R protein MLA10,K13475,,vv34627R_proteins_from_Plant-pathogen_interaction,
836,VIT_16s0100g00280,3,0.0015,EMB2758 (embryo defective 2758),,,,
837,VIT_12s0142g00760,3,0.0015,Leucine-rich repeat protein kinase,,,,
838,VIT_17s0000g04260,3,0.0015,Universal stress protein (USP) family protein,,,,
839,VIT_19s0085g00920,3,0.0015,Organic cation transport protein OCT2,VVOCT2,,vv50121Porters_cat_1_to_6,
840,VIT_14s0006g01290,3,0.0015,Myb domain protein 113,MYB113_2,MYBA6,vv60044MYB,
841,VIT_14s0060g02330,3,0.0015,Actin binding formin homology 1,FH2,,vv44810Regulation_of_actin_cytoskeleton,
842,VIT_17s0000g04150,3,0.0015,Leucoanthocyanidin reductase,E1_17_1_3,,vv10941Flavonoid_biosynthesis,
843,VIT_13s0019g03920,3,0.0015,Elongation factor 1-alpha 1,K03231,,vv23013RNA_transport,
844,VIT_05s0102g00440,3,0.0015,FAR1-related sequence 5,FRS5_20,,vv60071Orphans_far-red,
845,VIT_12s0035g01990,3,0.0015,Intron maturase  type II,,,,
846,VIT_05s0124g00520,3,0.0015,No hit,,,,
847,VIT_13s0019g04530,3,0.0015,Early flowering 6,ELF6_1,,vv34710Circadian_rhythm,vv60038Jumonji
848,VIT_18s0164g00030,3,0.0015,ATP synthase delta chain  chloroplast precursor,K02113,,vv10190Oxidative_phosphorylation,vv10195Photosynthesis
849,VIT_15s0046g00480,3,0.0015,Wax synthase,E2_3_1_75,,vv11000Single_reactions,
850,VIT_00s0484g00020,3,0.0015,Receptor kinase ARK3,,,,
851,VIT_00s0294g00100,3,0.0015,Brassinosteroid insensitive 1-associated receptor kinase 1,BAK1,,vv30005Brassinosteroids_signaling,
852,VIT_04s0008g01850,3,0.0015,Trihelix DNA-binding protein (GT2),GT2_2,,vv60062Trihelix,
853,VIT_06s0004g05230,3,0.0015,Plastid transcriptionally active18,PTAC16,,vv50133Primary_active_transporter_cat_A9_to_A18,
854,VIT_15s0046g01880,3,0.0015,Brassinosteroid-responsive ring-H2 (BRH1),BRH1,,vv30005Brassinosteroids_signaling,
855,VIT_18s0001g15680,3,0.0015,Cellulase,E3_2_1_4,,vv40006Cell_wall,
856,VIT_14s0083g00510,3,0.0015,No hit,,,,
857,VIT_05s0062g01120,3,0.0015,PIN1,PIN1,,vv50004Auxin_transport,vv50125Porters_cat_66_to_94
858,VIT_03s0017g01870,3,0.0015,WD repeat and SOF domain-containing protein 1,K11806,,,
859,VIT_04s0044g01720,3,0.0015,Unknown protein,,,,
860,VIT_16s0039g02520,3,0.0015,Unknown protein,,,,
861,VIT_07s0005g05610,3,0.0015,3-ketoacyl-CoA thiolase PED1,K07513,,vv10062Fatty_acid_elongation_in_mitochondria,vv10071Fatty_acid_metabolism
862,VIT_13s0067g01570<br>VIT_13s0067g01640,3,0.0015,
863,VIT_05s0094g01560,3,0.0015,RIO kinase 2,K07179,,vv23008Ribosome_biogenesis_in_Eukaryotes,
864,VIT_02s0025g04620,3,0.0015,Phospholipase D beta 1,PLDB1,,vv10564Glycerophospholipid_metabolism,vv10565Ether_lipid_metabolism
865,VIT_17s0000g04960,3,0.0015,Polygalacturonate 4-alpha-galacturonosyltransferase GAUT11,E2_4_1_43,,vv40006Cell_wall,
866,VIT_04s0008g01220,3,0.0015,RKL1 (Receptor-like kinase 1),,,,
867,VIT_10s0116g00710,3,0.0015,Tryptophan synthase  beta subunit,E4_2_1_20,,vv10400Phenylalanine_tyrosine_and_tryptophan_biosynthesis,
868,VIT_01s0244g00140,3,0.0015,Aspartate kinase,E2_7_2_4,,vv10260Glycine_serine_and_threonine_metabolism,vv10300Lysine_biosynthesis
869,VIT_17s0000g04270,3,0.0015,Peptidyl-prolyl cis-trans isomerase B,K03768,,,
870,VIT_02s0025g00750,3,0.0015,Pinoresinol forming dirigent protein,DIRPR,,vv10940Phenylpropanoid_biosynthesis,
871,VIT_07s0141g00240,3,0.0015,NADH dehydrogenase (ubiquinone) flavoprotein 2,K03943,,vv10190Oxidative_phosphorylation,vv50134Primary_active_transporter_cat_D1
872,VIT_10s0003g00760,3,0.0014,Glutamate receptor protein,GLR2_9,,vv50101Channels_and_pores,
873,VIT_04s0008g03880,3,0.0014,Adaptor-related protein complex 4  beta 1,AP4B1,,vv50110Protein_coat,
874,VIT_18s0001g12900,3,0.0014,S-adenosyl-L-methionine:salicylic acid carboxyl methyltransferase,SAMTBSCMT,,vv10360Phenylalanine_metabolism,
875,VIT_06s0061g01390,3,0.0014,CBF transcription factor,CBF1_2,VvERF027,vv30008Ethylene_signaling,vv60003AP2_EREBP
876,VIT_10s0003g01710,3,0.0014,Ubiquitin domain containing 2,,,,
877,VIT_13s0064g00760,3,0.0014,Polygalacturonase GH28,E3_2_1_15,,vv40006Cell_wall,
878,VIT_14s0128g00210,3,0.0014,Xyloglucanase inhibitor,,,,
879,VIT_17s0000g02410,3,0.0014,Cold-induced wall associated kinase,,,,
880,VIT_13s0067g01930,3,0.0014,Unknown protein,,,,
881,VIT_04s0044g00300,3,0.0014,Unknown protein,,,,
882,VIT_04s0023g02570,3,0.0014,Peroxidase 72,E1_11_1_7,,vv10360Phenylalanine_metabolism,vv10680Methane_metabolism
883,VIT_16s0022g00370,3,0.0014,GDP-mannose transporter (GONST1),GONST1,,vv50122Porters_cat_7_to_17,
884,VIT_01s0146g00410,3,0.0014,GEM-like protein 5,,,,
885,VIT_18s0001g14440,3,0.0014,Molecular chaperone DnaJ,K03686,,vv50132Primary_active_transporter_cat_A5_to_A8,
886,VIT_17s0000g09300,3,0.0014,Pentatricopeptide (PPR) repeat,,,,
887,VIT_11s0052g00550,3,0.0014,PTAC9 (plastid transcriptionally active9)OSB2,PTAC9,,,
888,VIT_10s0003g01940,3,0.0014,RKF1 (receptor-like kinase in flowers 1),,,,
889,VIT_18s0001g15600,3,0.0014,Vacuolar protein sorting 45,VPS45,,vv24130SNARE_interactions_in_vesicular_transport,
890,VIT_09s0002g04220,3,0.0014,Ras-related protein Rab-7A,K07897,,vv44145Phagosome,
891,VIT_00s0854g00020,3,0.0014,No hit,,,,
892,VIT_04s0008g06510,3,0.0014,Unknown,,,,
893,VIT_18s0001g10850,3,0.0014,Patatin,,,,
894,VIT_18s0164g00170<br>VIT_18s0164g00110,3,0.0014,
895,VIT_17s0000g07770,3,0.0014,LTCOR11,LTCOR11,,vv30010Gibberellin_signaling,
896,VIT_06s0080g00800,3,0.0014,Vesicle-associated membrane protein 714,K08515,,vv24130SNARE_interactions_in_vesicular_transport,vv50101Channels_and_pores
897,VIT_19s0015g01010,3,0.0014,Farnesyl diphosphate synthase,E2_5_1_10,,vv10100Biosynthesis_of_steroids,vv10900Terpenoid_biosynthesis
898,VIT_16s0039g01480,3,0.0014,PHD finger transcription factor,PHDFG_36,,vv60048PHD,
899,VIT_15s0046g01460,3,0.0014,Unknown,,,,
900,VIT_07s0031g01890,3,0.0014,No hit,,,,
901,VIT_00s0880g00010,3,0.0014,Basic helix-loop-helix (bHLH) family,BHLHDOM_95,,vv60011BHLH,
902,VIT_05s0020g03800,3,0.0014,Pentatricopeptide (PPR) repeat-containing,,,,
903,VIT_08s0007g00530,3,0.0014,3-beta hydroxysteroid dehydrogenase/isomerase protein,E1_1_1_145,,vv10140C21-Steroid_hormone_metabolism,
904,VIT_16s0022g01970,3,0.0014,Anthocyanidin 3-O-glucosyltransferase,E2_4_1_115,,vv10942Anthocyanin_biosynthesis,
905,VIT_10s0116g01870,3,0.0014,MATE efflux family protein,MATE,,vv50125Porters_cat_66_to_94,
906,VIT_01s0137g00190,3,0.0014,CIP4 (COP1-interacting protein 4),CIP4,,vv24120Ubiquitin_mediated_proteolysis,
907,VIT_16s0098g01890,3,0.0014,Phosphatidylinositol 3- and 4-kinase / ubiquitin,,,,
908,VIT_02s0025g01030,3,0.0014,Aldose 1-epimerase,E5_1_3_3,,vv10010Glycolysis,
909,VIT_09s0002g06060,3,0.0014,U3 small nucleolar RNA-associated protein 5,K14546,,vv23008Ribosome_biogenesis_in_Eukaryotes,
910,VIT_12s0059g00150,3,0.0014,Ankyrin repeat,K10380,,vv50108Accessory_factors_involved_in_transport,
911,VIT_12s0059g02390,3,0.0014,Legumin,,,,
912,VIT_04s0008g05500,3,0.0014,S-receptor kinase,,,,
913,VIT_12s0134g00640,3,0.0014,Anthocyanidin 3-O-glucoside-6''-O-malonyltransferase,E2_3_1_171,,vv10942Anthocyanin_biosynthesis,
