Vv_m2,2000,1000,VIT_07s0031g01680
rank,node,Fabs,Frel,Functional-annotation,Name-EC-KeggID,Updated-name,Network1,Network2
1,VIT_01s0137g00410,2083,1.0000,CYP86A2,,,,
2,VIT_00s0225g00070,2077,1.0000,MATE efflux family protein,MATE,,vv50125Porters_cat_66_to_94,
3,VIT_11s0016g05340,2070,1.0000,Ethylene-responsive transcription factor SHINE 3,SHINE3_2,VvERF043,vv30008Ethylene_signaling,vv60003AP2_EREBP
4,VIT_10s0003g05420,2066,1.0000,S-2-hydroxy-acid oxidase  peroxisomal,E1_1_3_15,,vv10630Glyoxylate_and_dicarboxylate_metabolism,
5,VIT_03s0038g01830,2071,1.0000,Proline-rich protein 4,,,,
6,VIT_06s0080g00760,2072,1.0000,Unknown protein,,,,
7,VIT_18s0001g11100,2062,0.9995,Serine carboxypeptidase,,,,
8,VIT_00s0361g00090,2061,0.9995,Phototropic-responsive NPH3 protein,,,,
9,VIT_17s0000g09270,2063,0.9985,MATE efflux family protein,MATE,,vv50125Porters_cat_66_to_94,
10,VIT_00s0399g00020,2059,0.9985,Protease inhibitor/seed storage/lipid transfer protein (LTP),,,,
11,VIT_13s0067g02910,2069,0.9961,Non-specific lipid-transfer protein,,,,
12,VIT_09s0002g03050,2062,0.9961,Lipase GDSL,,,,
13,VIT_10s0003g00600,2055,0.9952,Lipase GDSL,,,,
14,VIT_04s0008g05440,2052,0.9932,Ethylene-responsive transcription factor SHINE 3,SHINE3_1,VvERF044,vv30008Ethylene_signaling,vv60003AP2_EREBP
15,VIT_04s0023g03710,2058,0.9928,Myb domain protein 4,MYB4_1,MYB4B,vv60044MYB,
16,VIT_14s0066g00300,2051,0.9927,Unknown,,,,
17,VIT_00s0207g00010,2042,0.9884,Anthranilate N-benzoyltransferase protein 1,E2_3_1_144,,vv10400Phenylalanine_tyrosine_and_tryptophan_biosynthesis,
18,VIT_09s0002g06750,2048,0.9865,ERF/AP2 transcription factor sub B-6 SHINE,SHINE1_1,VvERF042,vv30008Ethylene_signaling,vv60003AP2_EREBP
19,VIT_04s0008g03950,2027,0.9854,RD22,,,,
20,VIT_13s0019g04260,2025,0.9816,Monoglyceride lipase,E3_1_1_23,,vv10561Glycerolipid_metabolism,
21,VIT_08s0007g00570,2033,0.9812,WRKY DNA-binding protein 49,WRKY49,VvWRKY27,vv60066WRKY,
22,VIT_03s0038g02380,2025,0.9783,RAC G-protein Rac1,RAC1,,vv34020Calcium_signaling_pathway,
23,VIT_08s0007g00700,2016,0.9782,PCS1 (promotion of cell survival1) peptidase,,,,
24,VIT_14s0060g01090,2010,0.9738,LNG1 (LONGIFOLIA1),,,,
25,VIT_14s0066g02270,1990,0.9651,Endonuclease/exonuclease/phosphatase family protein,E3_1_30_x,,,
26,VIT_18s0122g00220,1996,0.9633,Phosphodiesterase/alkaline phosphatase D,E3_1_4_1,,,
27,VIT_01s0137g00170,1983,0.9538,B-keto acyl reductase,,,,
28,VIT_15s0046g03240,1957,0.9486,Unknown protein,,,,
29,VIT_09s0070g00240,1944,0.9437,Cinnamoyl-CoA reductase,E1_2_1_44,,vv10940Phenylpropanoid_biosynthesis,
30,VIT_01s0026g00570,1933,0.9434,Bet v I allergen,,,,
31,VIT_12s0059g01830,1950,0.9425,Unknown,,,,
32,VIT_09s0002g03140,1936,0.9421,Lipase GDSL,,,,
33,VIT_12s0059g00190,1926,0.9313,Beta-expansin (EXPB3),EXPB3,,vv30003Auxin_signaling,
34,VIT_12s0059g01590,1909,0.9240,Lipase GDSL,,,,
35,VIT_03s0038g01410,1899,0.9232,Aquaporin PIP PIP1A,PIP1A,,vv50101Channels_and_pores,
36,VIT_14s0006g02290,1905,0.9221,DREB sub A-4 of ERF/AP2 transcription factor,TINY_2,VvERF028,vv30008Ethylene_signaling,vv60003AP2_EREBP
37,VIT_08s0040g03400,1895,0.9159,Short-chain dehydrogenase/reductase,,,,
38,VIT_16s0039g01910,1879,0.9157,Vegetative storage protein win4.5,,,,
39,VIT_18s0001g14660,1884,0.9132,P-glycoprotein 13,PGP13,,vv52010ABC_transporters,
40,VIT_07s0129g00070<br>VIT_07s0129g00150,1892,0.9118,
41,VIT_14s0066g00400,1878,0.9117,Chalcone isomerase,E5_5_1_6,,vv10941Flavonoid_biosynthesis,
42,VIT_17s0000g00130,1878,0.9108,SEC14 cytosolic factor,SEC14,,vv50122Porters_cat_7_to_17,
43,VIT_09s0002g02490,1884,0.9106,Dof zinc finger protein 1,ADOF1,,vv60015C2C2-DOF,
44,VIT_06s0004g01550,1872,0.9000,Phosphoribosylanthranilate transferase,E2_4_2_18,,vv10400Phenylalanine_tyrosine_and_tryptophan_biosynthesis,
45,VIT_15s0046g02410,1847,0.8927,Aquaporin TMP-C,TMPC,,vv50101Channels_and_pores,
46,VIT_04s0044g01730,1821,0.8836,F-box family protein,,,,
47,VIT_15s0021g01150,1824,0.8807,Calcium-dependent protein kinase-related,,,,
48,VIT_13s0067g02390,1802,0.8756,Unknown,,,,
49,VIT_03s0063g01880,1796,0.8664,Acyl-CoA synthetase long-chain member 2,E6_2_1_3_LACS2,,vv10071Fatty_acid_metabolism,vv44146Peroxisome
50,VIT_18s0001g11160,1766,0.8602,Unknown protein,,,,
51,VIT_00s1314g00010,1767,0.8590,Basic helix-loop-helix (bHLH) family,BHLHDOM_89,,vv60011BHLH,
52,VIT_18s0001g10870,1752,0.8476,Patatin,,,,
53,VIT_02s0241g00110,1760,0.8474,Aminomethyltransferase,E2_1_2_10,,vv10260Glycine_serine_and_threonine_metabolism,vv10670One_carbon_pool_by_folate
54,VIT_09s0002g06990,1756,0.8450,Phosphatidic acid phosphatase / PAP2,E3_1_3_4,,vv10561Glycerolipid_metabolism,vv10564Glycerophospholipid_metabolism
55,VIT_10s0003g01010,1752,0.8443,Lipase GDSL,,,,
56,VIT_18s0122g01280,1744,0.8429,Niemann-Pick C1 protein precursor,NPC1,,vv50121Porters_cat_1_to_6,
57,VIT_19s0014g02450,1721,0.8362,ALF5 (Aberrant lateral root formation 5),ALF5,,vv50125Porters_cat_66_to_94,
58,VIT_00s0286g00130,1725,0.8354,S-locus lectin protein kinase,,,,
59,VIT_16s0050g02100,1695,0.8228,Disease resistance,,,,
60,VIT_13s0067g03890,1702,0.8226,Beta-ketoacyl-CoA synthase,E2_3_1_41,,vv10061Fatty_acid_biosynthesis,
61,VIT_16s0050g00830,1675,0.8107,Beta-ketoacyl-CoA synthase,E2_3_1_41,,vv10061Fatty_acid_biosynthesis,
62,VIT_04s0069g01120,1677,0.8101,Acyl-activating enzyme 7,E6_2_1_3,,vv10071Fatty_acid_metabolism,vv50104Group_translocators
63,VIT_13s0067g00400,1675,0.8084,Anthranilate synthase alpha 1,E4_1_3_27,,vv10400Phenylalanine_tyrosine_and_tryptophan_biosynthesis,
64,VIT_02s0025g03320,1661,0.8047,CYP86A2,,,,
65,VIT_11s0118g00180,1673,0.8028,HHP1 (heptahelical protein 1),,,,
66,VIT_14s0128g00210,1633,0.7931,Xyloglucanase inhibitor,,,,
67,VIT_05s0124g00100,1639,0.7910,Unknown,,,,
68,VIT_11s0016g01300,1621,0.7838,TT2 (transparent testa 2),TT2_4,MYBPAR,vv44110Cell_cycle,vv60044MYB
69,VIT_03s0063g00580,1602,0.7796,Rad54,K10875,,vv23440Homologous_recombination,vv60058SNF2
70,VIT_15s0046g01790,1592,0.7732,ARID/BRIGHT DNA-binding domain-containing protein / ELM2,ARID_4,,vv60005ARID,
71,VIT_04s0044g00190,1603,0.7729,Mannitol dehydrogenase,E1_1_1_67,,vv10051Fructose_and_mannose_metabolism,
72,VIT_07s0031g02440,1569,0.7583,Amino acid permease 3,AAP3,,vv50123Porters_cat_18_to_29,
73,VIT_11s0016g04540,1577,0.7556,ABC transporter G member 22,ABCG22,,vv52010ABC_transporters,
74,VIT_04s0043g00560,1560,0.7533,DD1A protein,,,,
75,VIT_18s0001g10830,1564,0.7519,Patatin,,,,
76,VIT_05s0077g00530,1533,0.7460,Unknown protein,,,,
77,VIT_05s0102g00370,1536,0.7395,Receptor protein kinase (ACR4),,,,
78,VIT_14s0128g00510<br>VIT_14s0128g00550,1510,0.7341,
79,VIT_14s0128g00160,1500,0.7289,Protein kinase CDG1,,,,
80,VIT_17s0000g02650,1514,0.7286,Myb domain protein 7,MYB7_2,MYBC2-L4,vv60044MYB,
81,VIT_00s0373g00020,1499,0.7221,HSL2 (HAESA-like 2),,,,
82,VIT_13s0067g00110,1494,0.7210,CYP72A1,K13400,,vv10902Monoterpenoid_biosynthesis,
83,VIT_16s0022g00370,1490,0.7195,GDP-mannose transporter (GONST1),GONST1,,vv50122Porters_cat_7_to_17,
84,VIT_11s0052g00800,1480,0.7188,Protein kinase family,,,,
85,VIT_08s0056g00800,1488,0.7185,Myb domain protein 60,MYB60,MYB60,vv60044MYB,
86,VIT_10s0597g00050,1482,0.7166,Heat shock transcription factor B2A,HSFB2A_3,,vv60037HSF,
87,VIT_08s0007g02000,1486,0.7134,Glycerol-3-phosphate acyltransferase 8,E2_3_1_15,,vv10561Glycerolipid_metabolism,vv10564Glycerophospholipid_metabolism
88,VIT_10s0003g00560,1453,0.7064,Wuschel homeobox 9,WOX9,VvHB37,vv60034HB,
89,VIT_11s0016g00330,1455,0.7043,Pectinesterase family,E3_1_1_11,,vv40006Cell_wall,
90,VIT_14s0108g01080,1454,0.7017,Myb domain protein 106,MYB106_2,MYB141,vv60044MYB,
91,VIT_08s0040g02250,1448,0.7002,No hit,,,,
92,VIT_10s0003g01960,1437,0.6972,RKF1 (receptor-like kinase in flowers 1),,,,
93,VIT_04s0008g06300,1436,0.6947,Leucine-rich repeat family,,,,
94,VIT_14s0068g00160,1425,0.6891,No hit,,,,
95,VIT_01s0137g00820,1410,0.6845,Phototropic-responsive NPH3,,,,
96,VIT_03s0063g01890,1416,0.6824,Ring-H2 finger protein ATL3G,,,,
97,VIT_13s0067g01350,1411,0.6807,Basic helix-loop-helix (bHLH) family,BHLHDOM_16,,vv60011BHLH,
98,VIT_17s0000g10060,1402,0.6803,Lipase GDSL,,,,
99,VIT_14s0030g00220,1389,0.6769,Sugar transporter ERD6-like 5,ERD6L5,,vv50121Porters_cat_1_to_6,
100,VIT_13s0067g01410,1395,0.6746,Anthranilate N-hydroxycinnamoyl/benzoyltransferase,E2_3_1_144,,vv10400Phenylalanine_tyrosine_and_tryptophan_biosynthesis,
101,VIT_02s0012g01660,1389,0.6736,ATPase PGP2 (P-glycoprotein 2),PGP2,,vv52010ABC_transporters,
102,VIT_07s0031g00520,1390,0.6718,Unknown protein,,,,
103,VIT_10s0116g01840,1387,0.6717,No hit,,,,
104,VIT_18s0041g00840,1374,0.6657,UDP-glucose: anthocyanidin 5 3-O-glucosyltransferase,E2_4_1_238,,vv10941Flavonoid_biosynthesis,vv10942Anthocyanin_biosynthesis
105,VIT_01s0026g00530,1363,0.6655,Nodulin MtN21 family,MTN21,,vv50122Porters_cat_7_to_17,
106,VIT_04s0023g02840,1371,0.6607,Leucine-rich repeat disease resistance protein,,,,
107,VIT_17s0053g00590,1347,0.6520,Kinase interacting protein,,,,
108,VIT_12s0142g00640,1342,0.6515,FLS2 (flagellin-sensitive 2),K13420,,vv34626Plant-pathogen_interaction,
109,VIT_00s0225g00080,1341,0.6485,MATE efflux family protein,MATE,,vv50125Porters_cat_66_to_94,
110,VIT_18s0001g06640,1337,0.6400,Zinc finger (C3HC4-type ring finger),ZFC3HC4_60,,vv60078Other_zf-C3HC4,
111,VIT_03s0038g03810,1322,0.6383,Serine/threonine Protein kinase BNK1,,,,
112,VIT_05s0062g00430,1312,0.6344,UDP-glucose:flavonoid 7-O-glucosyltransferase,E2_4_1_237,,vv10941Flavonoid_biosynthesis,
113,VIT_07s0151g00510,1315,0.6337,GCN5 N-acetyltransferase (GNAT),GCN5_22,,vv60082GNAT,
114,VIT_02s0025g04550,1302,0.6333,Glucose-methanol-choline (GMC) oxidoreductase,E1_1_99_1,,vv10260Glycine_serine_and_threonine_metabolism,
115,VIT_17s0000g01700,1284,0.6173,Leucine-rich repeat transmembrane protein kinase,,,,
116,VIT_14s0068g00140,1273,0.6144,No hit,,,,
117,VIT_13s0019g01520,1261,0.6065,Protease inhibitor/seed storage/lipid transfer protein (LTP),,,,
118,VIT_11s0016g04160,1247,0.6010,Sulfate transporter 3.5,SULTR3_5,,vv50124Porters_cat_30_to_64,
119,VIT_18s0001g07640,1230,0.5956,Eceriferum 2 (CER2),,,,
120,VIT_17s0000g10260,1226,0.5951,AarF domain containing kinase,K08869,,,
121,VIT_01s0010g00710,1226,0.5917,Armadillo/beta-catenin repeat protein / U-box domain-containing protein ,,,,
122,VIT_16s0039g02750,1234,0.5910,NADH glutamate dehydrogenase,E1_4_1_3,,vv10251Glutamate_metabolism,vv10330Arginine_and_proline_metabolism
123,VIT_14s0006g02530,1219,0.5889,Non-specific lipid-transfer protein 2 (LTP 2),,,,
124,VIT_06s0004g06070,1222,0.5875,Unknown protein,,,,
125,VIT_13s0067g01180,1207,0.5842,Leaf senescence related,,,,
126,VIT_14s0060g01810,1210,0.5829,Unknown protein,,,,
127,VIT_04s0023g01300,1207,0.5820,Aminopeptidase P,E3_4_11_9,,,
128,VIT_06s0004g06890,1199,0.5818,Potassium transporter (KUP1),KUP1,,vv50125Porters_cat_66_to_94,
129,VIT_00s0286g00050,1204,0.5811,S-locus protein kinase,,,,
130,VIT_14s0030g00730,1189,0.5750,Vesicle-associated membrane protein 27 VAP27-2,VAP27_2,,vv50109Incompletely_characterized_transport_systems,
131,VIT_08s0007g00160,1177,0.5722,Glycosyltransferase family 14,,,,
132,VIT_04s0069g00360,1171,0.5690,No hit,,,,
133,VIT_02s0025g02620,1177,0.5675,BDG1 (BODYGUARD1) hydrolase,,,,
134,VIT_14s0068g00170,1166,0.5638,No hit,,,,
135,VIT_05s0029g00070,1167,0.5638,Calcium-binding protein CML,K13448,,vv34626Plant-pathogen_interaction,
136,VIT_00s0274g00080,1167,0.5632,Benzoquinone reductase,E1_6_5_6,,vv10740Riboflavin_metabolism,
137,VIT_17s0000g06040,1158,0.5602,Phytochrome kinase substrate 1,,,,
138,VIT_10s0042g01040,1149,0.5513,CYP714A1,,,,
139,VIT_05s0062g01140,1145,0.5510,Aromatic and neutral transporter 1,ANT1,,vv50123Porters_cat_18_to_29,
140,VIT_19s0027g01810,1140,0.5499,Invertase/pectin methylesterase inhibitor,PMEI,,vv40006Cell_wall,
141,VIT_03s0063g00360,1143,0.5479,Glycoprotein 3-alpha-L-fucosyltransferase,E2_4_1_214,,vv11030Glycan_structures-biosynthesis1,
142,VIT_02s0012g01180,1120,0.5411,Unknown protein,,,,
143,VIT_13s0073g00140,1112,0.5409,Ovate family protein 13 OFP13,OFP13_2,,vv60086OFP,
144,VIT_15s0046g01960,1121,0.5408,Hydroquinone glucosyltransferase,E2_4_1_218,,vv10500Starch_and_sucrose_metabolism,
145,VIT_12s0059g01190,1118,0.5391,Homeobox protein shoot MERISTEMLESS (STM),STM_2,VvHB43,vv50004Auxin_transport,vv60034HB
146,VIT_06s0009g03390,1120,0.5390,No hit,,,,
147,VIT_06s0061g00240,1111,0.5385,ABC transporter G member 7,ABCG7,,vv52010ABC_transporters,
148,VIT_13s0074g00660,1091,0.5288,ABC transporter G member 22,ABCG22,,vv52010ABC_transporters,
149,VIT_07s0031g01890,1088,0.5279,No hit,,,,
150,VIT_14s0006g02550,1095,0.5259,Non-specific lipid-transfer protein 2 (LTP 2),,,,
151,VIT_14s0068g02010,1085,0.5252,IMP dehydrogenase/GMP reductase,E1_1_1_205,,vv10230Purine_metabolism,
152,VIT_18s0001g01680,1082,0.5235,Protein kinase,,,,
153,VIT_18s0041g00730,1085,0.5214,Peptide chain release factor eRF subunit 1,K03265,,vv23015mRNA_surveillance_pathway,
154,VIT_11s0037g00320,1077,0.5200,Serine carboxypeptidase S10,,,,
155,VIT_15s0048g03000,1068,0.5174,GTPase RABA3,K07976,,,
156,VIT_11s0016g00290,1061,0.5143,Pectinesterase PME3,E3_1_1_11,,vv40006Cell_wall,
157,VIT_07s0031g01270,1050,0.5109,Ring-H2 finger A2A,RHA2A,,vv60078Other_zf-C3HC4,
158,VIT_07s0005g02220,1056,0.5106,LHCII type I CAB-1,K08912,,vv10196Photosynthesis_antenna_proteins,vv50105Transport_electron_carriers
159,VIT_00s0194g00220,1048,0.5055,Unknown,,,,
160,VIT_07s0005g00450,1040,0.5051,Unknown protein,,,,
161,VIT_13s0067g00730,1043,0.5029,Carboxylic ester hydrolase,E3_1_1_1,,,
162,VIT_05s0124g00520,1041,0.5027,No hit,,,,
163,VIT_01s0026g00080,1038,0.5002,Metal-dependent phosphohydrolase HD domain-containing protein,K07023,,,
164,VIT_10s0003g00620,1031,0.4993,Lipase GDSL,,,,
165,VIT_00s0271g00110,1036,0.4983,flavodoxin-like quinone reductase 1,FQR1,,vv30003Auxin_signaling,
166,VIT_08s0007g09000,1027,0.4978,Glycerol-3-phosphate dehydrogenase,E1_1_1_8,,vv10564Glycerophospholipid_metabolism,
167,VIT_08s0105g00400,1023,0.4961,GT-1-like transcription factor,GT1L,,vv60062Trihelix,
168,VIT_04s0023g01170,1020,0.4949,Unknown protein,,,,
169,VIT_18s0001g07020,1011,0.4870,No hit,,,,
170,VIT_13s0067g01930,995,0.4809,Unknown protein,,,,
171,VIT_02s0025g01190,988,0.4775,Extra-large G-protein (XLG1),,,,
172,VIT_19s0015g02070,977,0.4729,(-)-germacrene D synthase,E4_2_3_22,,vv10900Terpenoid_biosynthesis,
173,VIT_16s0039g02720,965,0.4675,Glutamate dehydrogenase 2 (GDH2),E1_4_1_2,,vv10251Glutamate_metabolism,vv10910Nitrogen_metabolism
174,VIT_11s0016g01320,959,0.4671,Myb domain protein 13,MYB13,MYBPA2,vv60044MYB,
175,VIT_15s0021g02300,970,0.4670,Squamosa promoter-binding protein 8 (SPL8),SPL8,,vv60055SBP,
176,VIT_18s0001g14980,962,0.4638,3-methyl-2-oxobutanoate dehydrogenase,E1_2_4_4,,vv10280Valine_leucine_and_isoleucine_degradation,
177,VIT_15s0107g00200,951,0.4625,No hit,,,,
178,VIT_13s0074g00390,947,0.4579,CYP77A2,,,,
179,VIT_08s0007g02920,938,0.4562,ATAN11 (ANTHOCYANIN11),,,,
180,VIT_01s0011g02330,937,0.4509,Unknown protein,,,,
181,VIT_05s0029g00480,921,0.4477,Eceriferum 2 (CER2),,,,
182,VIT_02s0025g01240,920,0.4475,UDP-glucuronosyl/UDP-glucosyltransferase,E2_4_1_17,,vv10040Pentose_glucuronate_interconversion,vv10500Starch_and_sucrose_metabolism
183,VIT_09s0054g00430,920,0.4464,Unknown protein,,,,
184,VIT_08s0040g02970,923,0.4457,Protein phosphatase 2C,E3_1_3_16,,,
185,VIT_02s0025g04430,925,0.4454,Sugar transporter 1,STP1,,vv50121Porters_cat_1_to_6,
186,VIT_09s0054g00690,913,0.4434,Vacuolar processing enzyme alpha,,,,
187,VIT_10s0003g00420,917,0.4430,Auxin response factor 3,ARF3_2,,vv30003Auxin_signaling,vv60004ARF
188,VIT_09s0054g01220,920,0.4429,Cycloartenol synthase,E5_4_99_8,,vv10100Biosynthesis_of_steroids,
189,VIT_18s0001g14910,916,0.4421,Mannitol dehydrogenase,E1_1_1_67,,vv10051Fructose_and_mannose_metabolism,
190,VIT_09s0002g02220,911,0.4392,Protein kinase CDG1,,,,
191,VIT_05s0049g00890,904,0.4382,Serine/threonine-protein phosphatase PP1,K06269,,vv10500Starch_and_sucrose_metabolism,
192,VIT_16s0050g00870,902,0.4343,Acyltransferase,E2_3_1_x,,,
193,VIT_14s0219g00280,897,0.4329,Glycerol-3-phosphate dehydrogenase (NAD+),E1_1_1_8,,vv10564Glycerophospholipid_metabolism,
194,VIT_12s0028g01850,887,0.4300,Receptor kinase TRKe,,,,
195,VIT_06s0004g06960,886,0.4293,BCL2 binding anthogene,,,,
196,VIT_13s0156g00540,880,0.4264,Disease resistance protein (CC-NBS-LRR class),,,,
197,VIT_12s0059g01820,881,0.4256,Protein phosphatase 1D,K10147,,,
198,VIT_08s0007g00890,886,0.4245,Tropinone reductase,E1_1_1_206,,vv10220Urea_cycle_and_metabolism_of_amino_groups,
199,VIT_07s0197g00250,876,0.4220,Disease resistance protein (CC-NBS-LRR class),,,,
200,VIT_05s0062g00520,869,0.4208,UDP-glucose:flavonoid 7-O-glucosyltransferase,E2_4_1_237,,vv10941Flavonoid_biosynthesis,
201,VIT_15s0021g02410,853,0.4127,Malate dehydrogenase  cytosolic,E1_1_1_37,,vv10020Citrate_cycle,vv10620Pyruvate_metabolism
202,VIT_04s0044g02010,852,0.4118,Gibberellin 20 oxidase 2,E1_14_11_12,,vv10904Diterpenoid_biosynthesis,
203,VIT_03s0091g00040,838,0.4080,Limonoid UDP-glucosyltransferase,E2_4_1_120,,vv10940Phenylpropanoid_biosynthesis,
204,VIT_19s0014g04690,837,0.4051,Indole-3-acetic acid-amido synthetase,AUXINBIOSYNTHESIS_GH3,,vv11002Auxin_biosynthesis,
205,VIT_07s0031g00650,842,0.4048,Defective chloroplasts and leaves protein / DCL protein,,,,
206,VIT_12s0034g00250,825,0.3970,Aquaporin PIP1A,PIP1A,,vv50101Channels_and_pores,
207,VIT_15s0046g02460,812,0.3940,Growth-on protein GRO11,,,,
208,VIT_00s0194g00340,817,0.3939,No hit,,,,
209,VIT_09s0054g01370,808,0.3886,Beta-amyrin synthase,E5_4_99_BAS,,vv10900Terpenoid_biosynthesis,
210,VIT_16s0039g01670,800,0.3842,Cinnamoyl-CoA reductase,E1_2_1_44,,vv10940Phenylpropanoid_biosynthesis,
211,VIT_01s0010g01870,789,0.3841,Salicylic acid-induced fragment 1 protein,,,,
212,VIT_00s0516g00010,790,0.3820,Unknown,,,,
213,VIT_13s0019g02880,795,0.3813,UDP-glucoronosyl/UDP-glucosyl transferase,,,,
214,VIT_01s0011g05110,788,0.3810,Major latex protein 22,,,,
215,VIT_05s0029g00510,794,0.3810,Aquaporin PIP PIP1A,PIP1A,,vv50101Channels_and_pores,
216,VIT_10s0092g00150,778,0.3799,Patatin protein 3,,,,
217,VIT_06s0004g01840,783,0.3790,Cytochrome c-type biogenesis protein,,,,
218,VIT_09s0002g08050,778,0.3760,Unknown protein,,,,
219,VIT_18s0041g00710,776,0.3745,UDP-glucose: anthocyanidin 5 3-O-glucosyltransferase,RHGT1,,vv10942Anthocyanin_biosynthesis,
220,VIT_09s0002g03620,766,0.3733,NADP-dependent malic enzyme,E1_1_1_39,,vv10620Pyruvate_metabolism,vv10710Carbon_fixation
221,VIT_03s0110g00100,767,0.3716,CYP86A8,,,,
222,VIT_05s0077g01670,765,0.3699,Major cherry allergen Pru av 1.0202,,,,
223,VIT_08s0007g08840,751,0.3640,Glycosyl transferaseHGA1,,,,
224,VIT_14s0066g00950,754,0.3639,Isocitrate dehydrogenase  chloroplast precursor,E1_1_1_42,,vv10020Citrate_cycle,vv10720Reductive_carboxylate_cycle
225,VIT_10s0003g01710,750,0.3616,Ubiquitin domain containing 2,,,,
226,VIT_19s0090g00730,747,0.3612,No hit,,,,
227,VIT_16s0050g01950,743,0.3600,Disease resistance family protein / LRR family,,,,
228,VIT_00s0593g00010,743,0.3598,Pentatricopeptide (PPR) repeat-containing protein,,,,
229,VIT_19s0014g03970,741,0.3594,Calcium-binding EF-hand,,,,
230,VIT_03s0088g01150,739,0.3587,Squalene monooxygenase,E1_14_99_7,,vv10100Biosynthesis_of_steroids,vv10900Terpenoid_biosynthesis
231,VIT_00s0978g00020,737,0.3574,Unknown protein,,,,
232,VIT_08s0007g04690,738,0.3570,U3 small nucleolar RNA-associated protein 12,K14556,,vv23008Ribosome_biogenesis_in_Eukaryotes,
233,VIT_18s0041g00810<br>VIT_18s0041g00910<br>VIT_00s1602g00010<br>VIT_18s0041g00920<br>VIT_18s0041g00980<br>VIT_18s0041g01000<br>VIT_00s2707g00010<br>VIT_18s0041g01080<br>VIT_18s0041g00950<br>VIT_18s0041g00830<br>VIT_18s0041g01040,737,0.3557,
234,VIT_07s0005g01670,725,0.3501,No hit,,,,
235,VIT_16s0022g02060,717,0.3465,K+ efflux antiporter (KEA5),KEA5,,vv50124Porters_cat_30_to_64,
236,VIT_04s0008g02520,710,0.3448,ATP binding protein,,,,
237,VIT_01s0010g03810,708,0.3435,No hit,,,,
238,VIT_18s0001g10050,706,0.3416,LRX1 (leucine-rich repeat/extensin 1),EXTENSIN,,vv40006Cell_wall,
239,VIT_00s0373g00030,710,0.3415,HSL2 (HAESA-like 2),,,,
240,VIT_02s0087g00630,704,0.3409,Alcohol oxidase,E1_1_3_13,,vv10680Methane_metabolism,
241,VIT_00s0429g00040,700,0.3395,Aspartic proteinase nepenthesin-1 precursor,E3_4_23_12,,,
242,VIT_14s0060g01850,702,0.3385,Unknown,,,,
243,VIT_08s0007g03710,697,0.3370,ABC transporter G member 22,ABCG22,,vv52010ABC_transporters,
244,VIT_14s0068g00260,696,0.3359,Serine carboxypeptidase S10,,,,
245,VIT_00s0181g00200<br>VIT_00s0181g00180,674,0.3281,
246,VIT_04s0023g03040,674,0.3270,Lactoylglutathione lyase,E4_4_1_5,,vv10620Pyruvate_metabolism,
247,VIT_00s0270g00030,676,0.3256,NC domain-containing protein,,,,
248,VIT_15s0046g02400,673,0.3254,Glycerol-3-phosphate acyltransferase 8,E2_3_1_15,,vv10561Glycerolipid_metabolism,vv10564Glycerophospholipid_metabolism
249,VIT_03s0038g02050,673,0.3251,Dirigent protein pDIR7,,,,
250,VIT_05s0049g01400,668,0.3230,Alcohol oxidase,E1_1_3_13,,vv10680Methane_metabolism,
251,VIT_05s0020g01070,670,0.3226,IAA31,IAA31,,vv30003Auxin_signaling,vv60008AUXIAA
252,VIT_07s0205g00180,667,0.3211,Basic helix-loop-helix (bHLH) family,BHLHDOM_30,,vv60011BHLH,
253,VIT_11s0016g04180,661,0.3182,Coatomer protein complex  subunit beta 2,COPB2,,vv50110Protein_coat,
254,VIT_17s0000g06110,633,0.3062,Glutathione S-transferase 9 GSTU9,E2_5_1_18_GSTU9,,vv10480Glutathione_metabolism,
255,VIT_00s0361g00040,630,0.3055,Anthocyanidin reductase,E1_3_1_77,,vv10941Flavonoid_biosynthesis,
256,VIT_06s0061g00620,630,0.3051,Short-chain dehydrogenase carbonyl reductase 3,,,,
257,VIT_19s0090g01050,632,0.3049,Endo-beta-1 4-glucanase,E3_2_1_4,,vv40006Cell_wall,
258,VIT_08s0007g02280,623,0.3027,Phospholipase C,E3_1_4_3,,vv10260Glycine_serine_and_threonine_metabolism,vv10562Inositol_phosphate_metabolism
259,VIT_02s0025g02630,621,0.3013,Lipase GDSL,,,,
260,VIT_07s0005g01790,626,0.3013,Acyl-CoA synthetase long-chain member 2,E6_2_1_3_LACS2,,vv10071Fatty_acid_metabolism,vv44146Peroxisome
261,VIT_17s0000g00400,616,0.2956,Phosphate carrier protein,MPHOSPTR,,vv50123Porters_cat_18_to_29,
262,VIT_16s0039g00010,615,0.2954,ABC transporter G member 7,ABCG7,,vv52010ABC_transporters,
263,VIT_17s0000g02260,610,0.2948,Aldose 1-epimerase,E5_1_3_3,,vv10010Glycolysis,
264,VIT_05s0102g00310,607,0.2939,GUN4,,,,
265,VIT_09s0002g05110,606,0.2939,EMB2753,,,,
266,VIT_16s0022g01740,599,0.2923,Unknown protein,,,,
267,VIT_03s0038g01960,605,0.2920,Proline-rich family protein,,,,
268,VIT_18s0001g10750,602,0.2904,Unknown protein,,,,
269,VIT_15s0046g00500,597,0.2874,Wax synthase,E2_3_1_75,,vv11000Single_reactions,
270,VIT_03s0038g04500,593,0.2870,Bifunctional dihydrofolate reductase-thymidylate synthase 1,K13998,,vv10240Pyrimidine_metabolism,vv10670One_carbon_pool_by_folate
271,VIT_08s0007g05180,588,0.2836,Unknown,,,,
272,VIT_15s0021g02110,585,0.2818,AP2 domain-containing transcription factor TINY,TINY_8,VvERF029,vv30008Ethylene_signaling,vv60003AP2_EREBP
273,VIT_08s0007g00710,569,0.2737,Unknown,,,,
274,VIT_05s0094g01470,564,0.2727,Poly(ADP-ribose) like glycohydrolase,E3_2_1_143,,,
275,VIT_00s0840g00010<br>VIT_00s1437g00010,565,0.2715,
276,VIT_18s0041g01480,561,0.2711,No hit,,,,
277,VIT_00s0317g00160,556,0.2692,Chalcone and stilbene synthases,E2_3_1_74,,vv10941Flavonoid_biosynthesis,
278,VIT_05s0062g00820,549,0.2652,Unknown protein,,,,
279,VIT_08s0007g03360,535,0.2583,EMB1345 (embryo defective 1345),,,,
280,VIT_02s0012g02030,533,0.2569,Homeobox-7,VVHB7_1,VvHB09,vv60034HB,
281,VIT_00s0456g00040<br>VIT_00s0374g00030,532,0.2563,
282,VIT_05s0049g02360,525,0.2529,DEAD/DEAH box helicase (RH10),RH10,,vv23040Spliceosome,vv50133Primary_active_transporter_cat_A9_to_A18
283,VIT_01s0011g00080,514,0.2509,Universal stress protein (USP) family protein,,,,
284,VIT_13s0019g05230,513,0.2490,NAC domain-containing protein50,NAC050,VvNAC21,vv60046NAC,
285,VIT_18s0072g00580<br>VIT_11s0065g00040,511,0.2479,
286,VIT_06s0061g00230,507,0.2435,ABC transporter G member 7,ABCG7,,vv52010ABC_transporters,
287,VIT_15s0048g02680,498,0.2412,Calmodulin-binding region IQD17,,,,
288,VIT_17s0000g04260,493,0.2401,Universal stress protein (USP) family protein,,,,
289,VIT_07s0031g01670,488,0.2362,CYP96A10,,,,
290,VIT_02s0033g00450<br>VIT_02s0033g00380<br>VIT_02s0033g00390<br>VIT_02s0033g00410,483,0.2360,
291,VIT_00s0286g00110,487,0.2357,S-locus protein kinase,,,,
292,VIT_14s0068g00150,485,0.2344,No hit,,,,
293,VIT_18s0041g00720,480,0.2331,No hit,,,,
294,VIT_10s0042g01010,478,0.2311,CYP714A1,,,,
295,VIT_16s0050g01980,473,0.2292,EIX receptor 2,,,,
296,VIT_08s0007g07090,470,0.2287,Sphingosine-1-phosphate phosphatase,K04716,,vv10600Sphingolipid_metabolism,
297,VIT_00s0238g00020,473,0.2280,Unknown protein,,,,
298,VIT_06s0004g05730,469,0.2278,Universal stress protein (USP) family protein,,,,
299,VIT_00s0286g00040,468,0.2277,S-locus protein kinase,,,,
300,VIT_08s0007g04920,471,0.2275,Zinc finger (C3HC4-type ring finger),ZFC3HC4_118,,vv60078Other_zf-C3HC4,
301,VIT_04s0008g03930,467,0.2265,RD22,,,,
302,VIT_14s0006g02990,471,0.2256,3-ketoacyl-CoA synthase,,,,
303,VIT_13s0064g01510,468,0.2255,Auxin-independent growth promoter,,,,
304,VIT_09s0002g01670,463,0.2241,Myb domain protein 26,MYB26,MYB26,vv60044MYB,
305,VIT_06s0004g08180,460,0.2222,Translation initiation factor eIF-2 beta subunit,K03238,,vv23013RNA_transport,
306,VIT_01s0011g02800,460,0.2220,RIC7 (ROP-interactive crib motif-containing protein 7),,,,
307,VIT_00s0820g00020,458,0.2219,Anthocyanidine rhamnosyl-transferase,RHATR,,vv10942Anthocyanin_biosynthesis,
308,VIT_00s0665g00020,456,0.2190,Carrier protein  Mitochondrial,K03454,,vv50123Porters_cat_18_to_29,
309,VIT_13s0067g03050,451,0.2183,Leucine-rich repeat transmembrane protein kinase,,,,
310,VIT_18s0041g00100,452,0.2167,Unknown protein,,,,
311,VIT_01s0011g03210,447,0.2164,Aspartyl protease,E3_4_23_x,,,
312,VIT_11s0016g03980,432,0.2099,Unknown protein,,,,
313,VIT_10s0003g03530,431,0.2085,Lupeol synthase,E5_4_99_8,,vv10100Biosynthesis_of_steroids,
314,VIT_08s0007g03080,428,0.2068,Pentatricopeptide repeat,,,,
315,VIT_03s0097g00460,428,0.2067,Geraniol 10-hydroxylase,G10H,,vv10902Monoterpenoid_biosynthesis,
316,VIT_04s0008g01800,422,0.2047,Myb domain protein 7,MYB7_3,MYBPA7,vv60044MYB,
317,VIT_08s0007g08010,422,0.2033,No hit,,,,
318,VIT_09s0002g05620,418,0.2001,Unknown protein,,,,
319,VIT_02s0012g02810,414,0.1998,CYP76C4,,,,
320,VIT_00s2197g00010,406,0.1952,Gibberellin 20-oxidase,E1_14_11_12,,vv10904Diterpenoid_biosynthesis,
321,VIT_07s0005g05180,402,0.1951,No hit,,,,
322,VIT_11s0016g00580,400,0.1938,Unknown,,,,
323,VIT_15s0046g00310,401,0.1929,Transcription factor TINY,ERF023,VvERF015,vv30008Ethylene_signaling,vv60003AP2_EREBP
324,VIT_18s0001g01730,398,0.1927,Shikimate kinase,E2_7_1_71,,vv10400Phenylalanine_tyrosine_and_tryptophan_biosynthesis,
325,VIT_08s0007g08110,391,0.1882,1-acyl-sn-glycerol-3-phosphate acyltransferase,E2_3_1_51,,vv10561Glycerolipid_metabolism,vv10564Glycerophospholipid_metabolism
326,VIT_15s0046g02010,389,0.1881,MAPK (MPK4),MPK4,,vv30011Jasmonate_signaling,vv34626Plant-pathogen_interaction
327,VIT_09s0002g01400,388,0.1879,Myb domain protein 7,MYB7_1,MYBPA5,vv60044MYB,
328,VIT_00s0160g00220,385,0.1860,Unknown protein,,,,
329,VIT_18s0001g09450,385,0.1857,Unknown protein,,,,
330,VIT_17s0000g02410,383,0.1855,Cold-induced wall associated kinase,,,,
331,VIT_04s0023g01900,385,0.1851,AAA-type ATPase,,,,
332,VIT_04s0023g02920,386,0.1849,Unknown protein,,,,
333,VIT_03s0038g04210,381,0.1833,Phototropin-2,K08282,,vv50101Channels_and_pores,
334,VIT_02s0012g00660,378,0.1832,Calcium-binding EF-hand,,,,
335,VIT_14s0060g00680,379,0.1827,Lipase GDSL,,,,
336,VIT_08s0007g04950,378,0.1823,Xyloglucan endotransglucosylase/hydrolase 32,E2_4_1_207,,vv40006Cell_wall,
337,VIT_11s0037g00990,367,0.1772,ATPase AFG1,,,,
338,VIT_07s0151g00010,363,0.1758,No hit,,,,
339,VIT_12s0059g00230,365,0.1757,Epoxide hydrolase 2,E3_3_2_10,,,
340,VIT_04s0008g05520,355,0.1715,Unknown protein,,,,
341,VIT_06s0080g00560,354,0.1707,Beta-alanine synthase,E3_5_1_53,,vv10220Urea_cycle_and_metabolism_of_amino_groups,
342,VIT_09s0002g01650,348,0.1674,5'-nucleotidase surE,E3_1_3_5,,vv10230Purine_metabolism,vv10240Pyrimidine_metabolism
343,VIT_15s0046g02380,341,0.1653,CYP86A8,,,,
344,VIT_06s0004g06090,341,0.1644,Diphenol oxidase,E1_10_3_1,,vv10350Tyrosine_metabolism,vv50109Incompletely_characterized_transport_systems
345,VIT_08s0040g02820,337,0.1633,Unknown protein,,,,
346,VIT_06s0009g01140,336,0.1622,Amino acid permease,AAPREL,,vv50123Porters_cat_18_to_29,
347,VIT_18s0001g14760,333,0.1613,Lipase 3 (EXL3) family II extracellular,,,,
348,VIT_02s0025g02760,326,0.1575,Ubiquitin thiolesterase 4,E3_1_2_15,,vv24120Ubiquitin_mediated_proteolysis,
349,VIT_01s0010g02030,324,0.1564,Gamma-thionin precursor,,,,
350,VIT_07s0255g00060,309,0.1493,Prolyl oligopeptidase family,,,,
351,VIT_04s0008g02250,309,0.1493,Beta-ketoacyl-CoA synthase,E2_3_1_41,,vv10061Fatty_acid_biosynthesis,
352,VIT_04s0023g02620,307,0.1482,Ubiquitin-conjugating enzyme E2 W,K10688,,vv24120Ubiquitin_mediated_proteolysis,
353,VIT_12s0028g03900,303,0.1474,No hit,,,,
354,VIT_08s0007g05160,297,0.1433,Flavonoid 3' 5'-hydroxylase,E1_14_13_88,,vv10941Flavonoid_biosynthesis,
355,VIT_18s0001g00280,296,0.1432,OPCL1 (OPC-8:0 COA ligase1),K10526,,vv10592alpha-Linolenic_acid_metabolism,vv50104Group_translocators
356,VIT_07s0005g05260<br>VIT_07s0005g05230,295,0.1429,
357,VIT_13s0019g01260,291,0.1411,Enoyl reductase,K10258,,vv11040Biosynthesis_of_unsaturated_fatty_acids,
358,VIT_16s0098g01890,291,0.1404,Phosphatidylinositol 3- and 4-kinase / ubiquitin,,,,
359,VIT_18s0001g01200,289,0.1404,No hit,,,,
360,VIT_11s0065g00130,285,0.1374,Taxane 10-beta-hydroxylase,E1_14_13_76,,vv10904Diterpenoid_biosynthesis,
361,VIT_14s0060g01830,283,0.1370,Unknown protein,,,,
362,VIT_07s0005g01250,283,0.1366,Unknown protein,,,,
363,VIT_08s0007g03680,279,0.1354,Unknown,,,,
364,VIT_16s0050g01060,276,0.1342,Unknown protein,,,,
365,VIT_14s0060g01940,276,0.1335,Epoxide hydrolase,E3_3_2_10,,,
366,VIT_17s0000g03150,269,0.1312,No hit,,,,
367,VIT_11s0052g01790,271,0.1308,No hit,,,,
368,VIT_11s0016g01290,266,0.1291,CYP72A1,K13400,,vv10902Monoterpenoid_biosynthesis,
369,VIT_17s0000g07720,262,0.1275,Sterile alpha motif (SAM) domain-containing protein,,,,
370,VIT_17s0000g02660,264,0.1269,Myb domain protein 6,MYB6_2,MYBC2-L2,vv60044MYB,
371,VIT_08s0058g00870,262,0.1268,Unknown protein,,,,
372,VIT_18s0001g08110,261,0.1264,Glutamyl-tRNA reductase  chloroplast precursor,E1_2_1_70,,vv10860Porphyrin_and_chlorophyll_metabolism,
373,VIT_02s0033g00440,258,0.1253,Myb VvMYBA1,VVMYBA1_3,MYBA11,vv60044MYB,
374,VIT_19s0014g00090,254,0.1234,Glucan endo-1 3-beta-glucosidase 4 precursor,E3_2_1_39,,vv10500Starch_and_sucrose_metabolism,
375,VIT_13s0067g02340,255,0.1225,Proton-dependent oligopeptide transport (POT) family protein,POT,,vv50122Porters_cat_7_to_17,
376,VIT_01s0010g02740,254,0.1225,4-coumarate-CoA ligase,E6_2_1_12,,vv10940Phenylpropanoid_biosynthesis,vv50104Group_translocators
377,VIT_17s0000g09120,254,0.1222,Ethylene-responsive DEAD box RNA helicase (RH30),RH30,,vv23040Spliceosome,vv30008Ethylene_signaling
378,VIT_00s0541g00010,251,0.1214,Unknown,,,,
379,VIT_13s0019g01200,249,0.1210,Unknown,,,,
380,VIT_03s0038g02060,249,0.1208,Dirigent protein pDIR7,,,,
381,VIT_14s0083g00720,250,0.1207,Pentatricopeptide (PPR) repeat-containing,,,,
382,VIT_01s0011g03550,247,0.1192,Unknown,,,,
383,VIT_08s0007g06680,242,0.1174,PMR5 (powdery mildew resistant 5),,,,
384,VIT_11s0016g02490,245,0.1172,Ndr family protein,,,,
385,VIT_16s0022g00720,242,0.1170,Endo-1 4-beta-glucanase,E3_2_1_4,,vv40006Cell_wall,
386,VIT_09s0054g01210,240,0.1158,Beta-amyrin synthase,E5_4_99_BAS,,vv10900Terpenoid_biosynthesis,
387,VIT_07s0129g00320,237,0.1148,formamidase  putative / formamide amidohydrolase  putative,E3_5_1_49,,vv10630Glyoxylate_and_dicarboxylate_metabolism,vv10910Nitrogen_metabolism
388,VIT_06s0004g07840,237,0.1143,Endo/excinuclease,,,,
389,VIT_06s0004g06690,236,0.1141,Ribosomal protein S18 30S,K02963,,vv23010Ribosome,
390,VIT_12s0028g01820,235,0.1128,Aspartate transaminase  mitochondrial,E2_6_1_1,vv10710Carbon_fixation,vv10252Alanine_and_aspartate_metabolism,vv10272Cysteine_metabolism
391,VIT_09s0018g01340<br>VIT_09s0018g01360,232,0.1126,
392,VIT_11s0037g01410,231,0.1120,XBAT32 (XB3 ortholog 2 in Arabidopsis thaliana 32),XBAT32,,vv50108Accessory_factors_involved_in_transport,
393,VIT_02s0012g01670,230,0.1111,R-mandelonitrile lyase isoform 1 precursor,E4_1_2_10,,vv10460Cyanoamino_acid_metabolism,
394,VIT_12s0028g03960,227,0.1101,Ankyrin repeat protein family,K10380,,vv50108Accessory_factors_involved_in_transport,
395,VIT_17s0000g06840,226,0.1095,Unknown protein,,,,
396,VIT_02s0025g04410,227,0.1093,Beta-ketoacyl-CoA synthase,E2_3_1_41,,vv10061Fatty_acid_biosynthesis,
397,VIT_18s0122g01440,222,0.1074,AMP-dependent synthetase and ligase,E6_2_1_x,,,
398,VIT_14s0060g01820,222,0.1067,Unknown,,,,
399,VIT_10s0116g01710,217,0.1050,Galactosyltransferase family protein,E2_4_x_x,,,
400,VIT_09s0018g01650,213,0.1029,Wrinkled1 (AP2/ERBP),WRINKLED1_1,VvAP2-06,vv30008Ethylene_signaling,vv60003AP2_EREBP
401,VIT_01s0146g00410,209,0.1017,GEM-like protein 5,,,,
402,VIT_18s0001g11710,208,0.1016,Photosystem II PsbO protein,K02716,,vv10195Photosynthesis,vv50113Thylakoid_targeting_pathway
403,VIT_14s0036g00460,209,0.1015,Myb domain protein 102,MYB102_3,MYB135,vv60044MYB,
404,VIT_04s0008g06000,208,0.1008,Ethylene-responsive transcription factor ERF003,ERF003_2,VvERF045,vv30008Ethylene_signaling,vv60003AP2_EREBP
405,VIT_05s0094g00470,209,0.1006,Zinc finger (C3HC4-type ring finger),ZFC3HC4_201,,vv60078Other_zf-C3HC4,
406,VIT_07s0031g00460,207,0.1005,Nicotinate phosphoribosyltransferase,E2_4_2_11,,vv10760Nicotinate_and_nicotinamide_metabolism,
407,VIT_07s0005g02480,209,0.1003,Myb domain protein 61,MYB61_1,MYB55A,vv60044MYB,
408,VIT_18s0001g12240,203,0.0983,Peptide chain release factor eRF subunit 1,K03265,,vv23015mRNA_surveillance_pathway,
409,VIT_12s0057g01450,203,0.0983,Subtilisin protease,,,,
410,VIT_07s0129g00380,202,0.0977,Phototropic-responsive NPH3,BTBNPH3_1,,vv60093TRAF,
411,VIT_00s0313g00040,202,0.0976,PAS2 (PASTICCINO 2),K10703,,vv11040Biosynthesis_of_unsaturated_fatty_acids,
412,VIT_04s0008g05400,202,0.0975,Serine hydrolase [Vitis vinifera],E4_3_1_18,,vv10260Glycine_serine_and_threonine_metabolism,
413,VIT_12s0059g02310,197,0.0958,PDF2 (protodermal factor2),PDF2_4,VvHB44,vv60034HB,
414,VIT_19s0014g03660,197,0.0957,LHCII type III  chloroplast precursor,K08914,,vv10196Photosynthesis_antenna_proteins,vv50105Transport_electron_carriers
415,VIT_19s0014g05000,193,0.0934,Zinc finger (C2H2 type) family,C2H2FAM_16,,vv60017C2H2,
416,VIT_14s0066g01730,190,0.0917,Cellulose synthase CSLC04,E2_4_1_12_CSLC04,,vv40006Cell_wall,
417,VIT_12s0055g00820,190,0.0915,Serine carboxypeptidase II,,,,
418,VIT_01s0011g02780,188,0.0911,Unknown protein,,,,
419,VIT_14s0081g00020,187,0.0906,Pathogenesis-related protein-4 (Chitinase ),E3_2_1_14,,vv10530Aminosugars_metabolism,
420,VIT_13s0064g00870,185,0.0889,FRA10AC1,,,,
421,VIT_19s0090g01540,184,0.0885,Beta-1 2-xylosyltransferase,E2_4_2_38,,vv11030Glycan_structures-biosynthesis1,
422,VIT_04s0008g00860,181,0.0874,Ndr family protein,,,,
423,VIT_01s0010g03850,179,0.0872,Calmodulin-binding protein,CMTA4,,vv60020CAMTA,
424,VIT_12s0057g01060,181,0.0871,Jasmonate O-methyltransferase,E2_1_1_141,,vv10592alpha-Linolenic_acid_metabolism,
425,VIT_01s0011g03640,178,0.0862,Adenylate isopentenyltransferase,E2_5_1_27,,vv10100Biosynthesis_of_steroids,
426,VIT_12s0059g01060,175,0.0848,Hydroperoxide lyase (HPL1),K10528,,vv10592alpha-Linolenic_acid_metabolism,
427,VIT_01s0010g03470,173,0.0845,Caffeoyl-CoA O-methyltransferase,E2_1_1_104,,vv10940Phenylpropanoid_biosynthesis,
428,VIT_04s0044g00070,173,0.0839,RAB GDP dissociation inhibitor 1 ATGD1,,,,
429,VIT_17s0000g03800,173,0.0831,Unknown protein,,,,
430,VIT_16s0050g02430,170,0.0825,Receptor protein kinase,,,,
431,VIT_04s0079g00690,170,0.0821,Glutathione S-transferase 26 GSTF12,E2_5_1_18_GSTF12,,vv10480Glutathione_metabolism,
432,VIT_08s0007g02030,169,0.0818,AUX1 protein,AUX1,,vv50004Auxin_transport,vv50123Porters_cat_18_to_29
433,VIT_02s0033g01050,168,0.0817,Anthraniloyal-CoA: methanol anthraniloyal transferase,AMAT,,vv10400Phenylalanine_tyrosine_and_tryptophan_biosynthesis,
434,VIT_01s0010g00740,169,0.0816,Basic helix-loop-helix (bHLH) family,BHLHDOM_19,,vv60011BHLH,
435,VIT_08s0032g00530,168,0.0814,Rhomboid,,,,
436,VIT_04s0023g02810,168,0.0809,Aldehyde dehydrogenase 3B1,E1_2_1_3,vv10561Glycerolipid_metabolism,vv10010Glycolysis,vv10071Fatty_acid_metabolism
437,VIT_19s0090g01440,167,0.0804,Fimbrin 2,FIMBRIN2,,vv44810Regulation_of_actin_cytoskeleton,
438,VIT_06s0004g02190,165,0.0798,Armadillo/beta-catenin repeat,,,,
439,VIT_16s0100g00670,159,0.0773,Homeodomain GLABROUS1,HDG1_2,VvHB55,vv60034HB,
440,VIT_18s0041g00270,160,0.0771,R protein  PRF  disease resistance protein,K13453,,vv34627R_proteins_from_Plant-pathogen_interaction,
441,VIT_18s0075g00570,159,0.0767,Emb1381 (embryo defective 1381),,,,
442,VIT_06s0004g03020,151,0.0730,Beta-galactosidase,E3_2_1_23,,vv10052Galactose_metabolism,vv10511N-Glycan_degradation
443,VIT_12s0034g02560,148,0.0717,DNA (cytosine-5)-methyltransferase (ATHIM),E2_1_1_37,,vv10271Methionine_metabolism,
444,VIT_06s0004g04590,148,0.0714,Epsin N-terminal homology (ENTH) domain-containing,ENTH,,vv50110Protein_coat,
445,VIT_04s0008g05960,148,0.0714,Unknown protein,,,,
446,VIT_01s0010g03800,147,0.0713,Unknown protein,,,,
447,VIT_01s0026g02530,147,0.0712,Beta-1 3-galactosyltransferase,K07819,,vv10602Glycosphingolipid_biosynthesis,
448,VIT_00s0225g00120,146,0.0706,Unknown protein,,,,
449,VIT_00s0194g00210<br>VIT_00s0194g00250,145,0.0700,
450,VIT_14s0068g01520,143,0.0692,Double-stranded RNA-binding (DsRBD) domain-containing protein,,,,
451,VIT_10s0003g02120,143,0.0688,Lipase GDSL,,,,
452,VIT_11s0037g01290,141,0.0682,No hit,,,,
453,VIT_08s0007g07110,140,0.0674,Unknown protein,,,,
454,VIT_14s0030g00080,137,0.0663,No hit,,,,
455,VIT_09s0002g04170,135,0.0656,Acyl-CoA synthetases (Acyl-activating enzyme 13),E6_2_1_3,,vv10071Fatty_acid_metabolism,vv50104Group_translocators
456,VIT_02s0109g00350,133,0.0642,Carboxyl-terminal proteinase,,,,
457,VIT_19s0085g00900,132,0.0639,Unknown protein,,,,
458,VIT_06s0004g07900,130,0.0629,Ovate family protein 17 OFP17,OFP17_1,,vv60086OFP,
459,VIT_11s0016g03350,129,0.0623,AP2/EREBP transcription factor TINY2,TINY2_3,,vv30008Ethylene_signaling,vv60003AP2_EREBP
460,VIT_08s0058g01030,127,0.0614,Saposin B domain-containing protein,SAPB,,vv50101Channels_and_pores,
461,VIT_05s0049g01770,126,0.0609,Translation initiation factor eIF-4E,K03259,,vv23013RNA_transport,vv34150mTOR_signaling_pathway
462,VIT_17s0000g01000,124,0.0599,Amino acid-binding ACT,,,,
463,VIT_07s0005g02360,123,0.0597,Unknown protein,,,,
464,VIT_18s0001g05400,123,0.0596,Unknown,,,,
465,VIT_00s0283g00050<br>VIT_06s0009g03090<br>VIT_03s0132g00010,123,0.0594,
466,VIT_12s0059g00650,123,0.0591,No hit,,,,
467,VIT_02s0012g03050,120,0.0581,AAA-type ATPase,,,,
468,VIT_08s0007g07180,116,0.0557,Translation initiation factor eIF-3 subunit 8,K03252,,vv23013RNA_transport,
469,VIT_17s0000g01950,113,0.0547,Dihydropyrimidine dehydrogenase,E1_3_1_2,,vv10410Beta-alanine_metabolism,vv10770Pantothenate_and_CoA_biosynthesis
470,VIT_07s0129g00270,112,0.0539,Casein kinase II alpha chain,K03097,,vv23008Ribosome_biogenesis_in_Eukaryotes,vv34710Circadian_rhythm
471,VIT_18s0001g10330,111,0.0536,Subtilisin protease,ARA12,,vv50101Channels_and_pores,
472,VIT_02s0012g02820,111,0.0533,Geraniol 10-hydroxylase,G10H,,vv10902Monoterpenoid_biosynthesis,
473,VIT_13s0019g01540,110,0.0531,Protease inhibitor/seed storage/lipid transfer protein (LTP),,,,
474,VIT_08s0007g08680,109,0.0527,Unknown protein,,,,
475,VIT_13s0067g01590,109,0.0523,Lectin protein kinase,,,,
476,VIT_18s0001g12000,106,0.0516,Geranylgeranyl pyrophosphate synthetase 1  chloroplast precursor,E2_5_1_29,,vv10100Biosynthesis_of_steroids,vv10900Terpenoid_biosynthesis
477,VIT_03s0038g02400,105,0.0508,Protein kinase,,,,
478,VIT_02s0012g00580,105,0.0507,Ankyrin protein kinase,,,,
479,VIT_15s0021g02270,104,0.0505,Unknown protein,,,,
480,VIT_04s0008g04230,98,0.0474,ABC transporter G member 22,ABCG22,,vv52010ABC_transporters,
481,VIT_07s0104g00630,98,0.0474,Zinc finger (C3HC4-type ring finger),ZFC3HC4_113,,vv60078Other_zf-C3HC4,
482,VIT_06s0004g01350,98,0.0472,Emsy N terminus domain-containing protein,,,,
483,VIT_17s0000g06270,97,0.0465,Malate dehydrogenase precursor,E1_1_1_37,,vv10020Citrate_cycle,vv10620Pyruvate_metabolism
484,VIT_17s0000g03430,92,0.0443,Adaptor-related protein complex 3  delta 1 sub,AP3D1,,vv50110Protein_coat,
485,VIT_13s0019g00690,91,0.0438,Carnitine racemase,,,,
486,VIT_13s0019g00420,90,0.0435,F-box family protein,,,,
487,VIT_16s0098g01870,90,0.0433,SOS3 (salt overly sensitive 3),E3_1_3_16,,,
488,VIT_17s0000g00300,88,0.0426,Signal recognition particle subunit 68 SRP68,K03107,,vv23060Protein_export,vv50132Primary_active_transporter_cat_A5_to_A8
489,VIT_01s0182g00130,88,0.0423,PHO1-like protein,PHO1,,vv50125Porters_cat_66_to_94,
490,VIT_18s0001g06390,87,0.0421,Auxin-independent growth promoter,AXI1,,vv30003Auxin_signaling,
491,VIT_14s0006g02570,86,0.0417,Protease inhibitor/seed storage/lipid transfer protein (LTP),,,,
492,VIT_05s0049g00760,84,0.0410,No hit,,,,
493,VIT_12s0134g00070,85,0.0409,No hit,,,,
494,VIT_13s0074g00680,84,0.0409,ABC transporter G member 22,ABCG22,,vv52010ABC_transporters,
495,VIT_02s0012g00150,85,0.0407,NAK-type protein kinase,,,,
496,VIT_05s0020g04440,84,0.0407,Unknown protein,,,,
497,VIT_14s0066g00310,83,0.0404,Unknown protein,,,,
498,VIT_10s0071g00580,83,0.0402,Zfwd2 protein (ZFWD2),ZFWD2_4,,vv60018C3H,
499,VIT_18s0001g09920,80,0.0389,Cyclin delta-3 (CYCD3_1),CYCD3,,vv30007Cytokinin_signaling,vv44110Cell_cycle
500,VIT_05s0020g01820,80,0.0387,Integral membrane family protein UPF0497,,,,
501,VIT_18s0001g12020,79,0.0383,Brassinosteroid Signaling positive regulator (BZR1),BZR1_2,,vv30005Brassinosteroids_signaling,vv60010BES1
502,VIT_05s0020g04150,76,0.0364,Emp24/gp25L/p24,EMP24,,vv50110Protein_coat,
503,VIT_03s0180g00320,74,0.0360,Indole-3-acetate beta-glucosyltransferase,E2_4_1_121,,vv11002Auxin_biosynthesis,
504,VIT_03s0063g00010,72,0.0349,LRX2 (leucine-rich repeat/extensin 2),EXTENSIN,,vv40006Cell_wall,
505,VIT_11s0016g04270,72,0.0345,Hydrolase  alpha/beta fold,,,,
506,VIT_14s0060g01790,71,0.0344,Unknown protein,,,,
507,VIT_19s0085g00480,70,0.0339,No hit,,,,
508,VIT_18s0001g11350,69,0.0335,Unknown protein,,,,
509,VIT_04s0023g01590,68,0.0329,No hit,,,,
510,VIT_18s0089g00510,68,0.0327,Isopentenyltransferase 1,E2_5_1_27,,vv10908Zeatin_biosynthesis,
511,VIT_15s0021g01140,65,0.0316,Calcium-dependent protein kinase-related,,,,
512,VIT_14s0030g00960,65,0.0316,R protein MLA10,K13475,,vv34627R_proteins_from_Plant-pathogen_interaction,
513,VIT_07s0005g01470,65,0.0315,Unknown protein,,,,
514,VIT_02s0033g00700,64,0.0311,Nitrilase,E3_5_5_1,,vv10460Cyanoamino_acid_metabolism,vv10910Nitrogen_metabolism
515,VIT_02s0025g04620,64,0.0310,Phospholipase D beta 1,PLDB1,,vv10564Glycerophospholipid_metabolism,vv10565Ether_lipid_metabolism
516,VIT_07s0005g00830,64,0.0309,Subtilisin protease,,,,
517,VIT_13s0019g00410,64,0.0309,No hit,,,,
518,VIT_04s0008g01250,62,0.0299,Unknown,,,,
519,VIT_12s0059g01870,62,0.0299,GH3-like protein,AUXINBIOSYNTHESIS_GH3,,vv11002Auxin_biosynthesis,
520,VIT_10s0003g02960,60,0.0289,Glycosyl hydrolase family 17 protein,,,,
521,VIT_04s0008g01850,60,0.0289,Trihelix DNA-binding protein (GT2),GT2_2,,vv60062Trihelix,
522,VIT_09s0002g07190,59,0.0285,5-hydroxyisobutyryl-coenzyme A hydrolase,E3_1_2_4,,vv10280Valine_leucine_and_isoleucine_degradation,vv10410Beta-alanine_metabolism
523,VIT_12s0059g00640,59,0.0285,Beta-1 3-galactosyltransferase sqv-2,K07820,,vv10602Glycosphingolipid_biosynthesis,
524,VIT_04s0008g00470,59,0.0284,Early nodulin Enod93 protein,,,,
525,VIT_18s0122g01240,58,0.0280,Serine/threonine Protein kinase BNK1,,,,
526,VIT_17s0000g03750,57,0.0276,Chitin elicitor-binding CEBIP LysM domain-containing,K13473,,vv34626Plant-pathogen_interaction,
527,VIT_05s0049g00300,56,0.0272,1-aminocyclopropane-1-carboxylate oxidase homolog 1,E1_14_17_4,,vv10640Propanoate_metabolism,vv30008Ethylene_signaling
528,VIT_12s0035g01170,56,0.0270,Unknown protein,,,,
529,VIT_11s0016g02050,55,0.0268,Nucleosome assembly protein (NAP1),,,,
530,VIT_18s0001g10060,55,0.0266,LRX1 (leucine-rich repeat/extensin 1),EXTENSIN,,vv40006Cell_wall,
531,VIT_00s0984g00010,55,0.0265,Phosphoglycerate mutase,E5_4_2_1,,vv10010Glycolysis,
532,VIT_17s0000g02340,54,0.0262,Leucine-rich repeat receptor-like protein kinase 1,,,,
533,VIT_04s0023g01020,53,0.0257,BEL1 homeobox 2 protein (BLH2) (SAWTOOTH 1),BLH2_1,VvHB17,vv60034HB,
534,VIT_03s0063g00370,53,0.0256,Nitrite reductase,E1_7_7_1,,vv10910Nitrogen_metabolism,
535,VIT_12s0059g01770,52,0.0250,Caffeic acid O-methyltransferase,E2_1_1_68,,vv10940Phenylpropanoid_biosynthesis,
536,VIT_18s0001g08410,52,0.0249,Homeobox-leucine zipper protein 22,HAT22_2,VvHB64,vv60034HB,
537,VIT_15s0048g00550,51,0.0246,Abnormal floral organs,AFO_2,,vv60019C2C2-YABBY,
538,VIT_17s0053g00710,50,0.0241,Calcium-dependent protein kinase,,,,
539,VIT_11s0037g00230,49,0.0238,Cyclic nucleotide gated channel 5,K05391_CNGC5,,vv34626Plant-pathogen_interaction,vv50101Channels_and_pores
540,VIT_16s0022g02170,49,0.0237,Alpha-L-fucosidase,E3_2_1_51,,vv10511N-Glycan_degradation,
541,VIT_04s0043g00850,49,0.0236,Unknown protein,,,,
542,VIT_10s0116g00630,49,0.0236,Unknown protein,,,,
543,VIT_07s0129g00990,48,0.0232,Protein kinase,,,,
544,VIT_18s0001g14040,48,0.0232,Endo-1 4-beta-glucanase,E3_2_1_4,,vv40006Cell_wall,
545,VIT_02s0025g01870,48,0.0231,Cellulose synthase CSLG3,E2_4_1_12_CSLG3,VvNAC72,vv40006Cell_wall,
546,VIT_00s0218g00100,47,0.0226,Metal transporter Nramp6,NRAMP6,,vv50124Porters_cat_30_to_64,
547,VIT_17s0000g00120,46,0.0221,Exostosin,K02366,,vv11030Glycan_structures-biosynthesis1,
548,VIT_00s0531g00030,45,0.0218,C2 domain containing protein,,,,
549,VIT_10s0003g02280,45,0.0218,SRG1 (senescence-related gene 1) oxidoreductase,,,,
550,VIT_01s0026g00880,45,0.0217,Transducin protein,,,,
551,VIT_10s0071g00270,44,0.0212,Abscisic acid-insensitive protein 3 (ABI3),ABI3_1,,vv30001ABA_signaling,vv30003Auxin_signaling
552,VIT_15s0048g02090,43,0.0208,Thioesterase family,,,,
553,VIT_19s0015g01400,43,0.0208,DNA damage-inducible protein 1,K11885,,,
554,VIT_08s0040g00520,41,0.0199,Leucine-rich repeat protein kinase,,,,
555,VIT_05s0020g01100,41,0.0199,Myb domain protein 61,MYB61_3,MYB146,vv60044MYB,
556,VIT_19s0085g00030,41,0.0199,Unknown protein,,,,
557,VIT_00s0194g00330,40,0.0194,Proline-rich family protein,,,,
558,VIT_19s0090g00710,40,0.0193,No hit,,,,
559,VIT_07s0130g00040,39,0.0189,Myb domain protein 4,MYB4_10,MYB3,vv60044MYB,
560,VIT_01s0010g03510,39,0.0188,Caffeoyl-CoA O-methyltransferase,E2_1_1_104,,vv10940Phenylpropanoid_biosynthesis,
561,VIT_11s0016g05060,38,0.0185,Choline/ethanolamine kinase,K14156,,vv10260Glycine_serine_and_threonine_metabolism,vv10564Glycerophospholipid_metabolism
562,VIT_18s0072g00290,38,0.0184,No hit,,,,
563,VIT_05s0029g00080,38,0.0183,SERK family receptor-like protein kinase,,,,
564,VIT_18s0001g10580,38,0.0183,Glycosyl transferase family 8 protein,,,,
565,VIT_11s0016g02120,38,0.0183,Density-regulated protein DRP1,,,,
566,VIT_00s0375g00030,38,0.0182,Alpha-galactosidase,E3_2_1_22,,vv10052Galactose_metabolism,vv10561Glycerolipid_metabolism
567,VIT_16s0098g01900,37,0.0180,Pectinesterase family,E3_1_1_11,,vv40006Cell_wall,
568,VIT_14s0068g00290,37,0.0179,RPK1 (receptor-like protein kinase 1),,,,
569,VIT_02s0012g00180,37,0.0178,Serine protease,,,,
570,VIT_19s0014g00160,36,0.0174,LHCII type I CAB-1,K08912,,vv10196Photosynthesis_antenna_proteins,vv50105Transport_electron_carriers
571,VIT_08s0056g01130,36,0.0174,Mini zinc finger 2 MIF2,MIF2_2,,vv60068Zf-HD,
572,VIT_08s0058g01230,36,0.0173,Non-specific lipid-transfer protein,,,,
573,VIT_13s0064g00790,35,0.0169,No hit,,,,
574,VIT_14s0060g01840,35,0.0169,Unknown protein,,,,
575,VIT_05s0051g00730,34,0.0165,Zinc finger (C3HC4-type ring finger),ZFC3HC4_79,,vv60078Other_zf-C3HC4,
576,VIT_03s0038g00110,34,0.0165,Nucleolar protein 4 NOP4,K14573,,vv23008Ribosome_biogenesis_in_Eukaryotes,
577,VIT_18s0001g01320,34,0.0164,Wall-associated receptor kinase 5,,,,
578,VIT_04s0023g01720,33,0.0160,SEC14 cytosolic factor  putative,SEC14,,vv50122Porters_cat_7_to_17,
579,VIT_06s0004g04070,33,0.0159,UDP-galactose transporter 5,UTR5,,vv50122Porters_cat_7_to_17,
580,VIT_08s0058g01210,32,0.0154,Non-specific lipid transfer protein LTP1,LTP1,,,
581,VIT_05s0136g00370,31,0.0150,No hit,,,,
582,VIT_06s0061g00890,31,0.0150,Carboxypeptidase,E3_4_17_22,,,
583,VIT_13s0019g04000,30,0.0146,Pseudouridine synthase  RluA,E4_2_1_70,,vv10240Pyrimidine_metabolism,
584,VIT_09s0002g07250,30,0.0144,No hit,,,,
585,VIT_17s0000g02230,29,0.0141,Jasmonate ZIM domain-containing protein 3,JAZ3_2,,vv30011Jasmonate_signaling,vv34626Plant-pathogen_interaction
586,VIT_00s0340g00040,29,0.0141,Beta-hexosaminidase beta chain precursor,E3_2_1_52,,vv10511N-Glycan_degradation,vv10530Aminosugars_metabolism
587,VIT_05s0020g01110,29,0.0140,Pectinacetylesterase,PAE,,vv40006Cell_wall,
588,VIT_06s0004g05480,29,0.0139,Translation initiation factor eIF-3 subunit 3,K03247,,vv23013RNA_transport,
589,VIT_10s0003g01550,29,0.0139,IMK2 (inflorescence meristem receptor-like kinase 2),,,,
590,VIT_13s0156g00190,28,0.0136,No hit,,,,
591,VIT_18s0122g00590,28,0.0135,DNA-binding protein,,,,
592,VIT_10s0116g00680,28,0.0135,PDF2 (protodermal factor2),PDF2_2,VvHB35,vv60034HB,
593,VIT_02s0025g02600,28,0.0135,Glyoxal oxidase,,,,
594,VIT_00s0324g00050,27,0.0131,UDP-glucose glucosyltransferase,E2_4_1_35,,vv10500Starch_and_sucrose_metabolism,
595,VIT_08s0058g01340,27,0.0131,Leucine-rich repeat transmembrane protein kinase,,,,
596,VIT_12s0057g00590,27,0.0130,Vacuolar protein sorting 11 (VPS11),VPS11,,vv50111Tethering_factors,
597,VIT_18s0041g01350,26,0.0126,Receptor-like protein kinase HAIKU2,,,,
598,VIT_02s0025g03150,26,0.0126,Nuclear pore complex protein Nup98-Nup96,K14297,,vv23013RNA_transport,vv50109Incompletely_characterized_transport_systems
599,VIT_19s0090g00790,26,0.0126,F-box family protein,,,,
600,VIT_17s0000g05580,25,0.0121,Isopiperitenol dehydrogenase,E1_1_1_223,,vv10902Monoterpenoid_biosynthesis,
601,VIT_14s0060g02330,24,0.0116,Actin binding formin homology 1,FH2,,vv44810Regulation_of_actin_cytoskeleton,
602,VIT_03s0017g01070,24,0.0116,CYP86C2,,,,
603,VIT_06s0004g05500,24,0.0116,Chlororespiratory reduction 2 (CRR2),,,,
604,VIT_00s0227g00070,23,0.0112,Sialidase BNR/Asp-box repeat family protein,,,,
605,VIT_18s0001g11120,23,0.0111,Ternary complex factor MIP1,,,,
606,VIT_05s0049g01980,23,0.0111,3-isopropylmalate dehydratase large subunit 2,E4_2_1_33,,vv10290Valine_leucine_and_isoleucine_biosynthesis,
607,VIT_12s0035g00680,23,0.0111,ACR4 (Arabidopsis CRINKLY4),,,,
608,VIT_12s0028g02400,22,0.0107,Leaf senescence protein,,,,
609,VIT_03s0017g01490,22,0.0107,Berberine bridge enzyme,E1_21_3_3,,vv10950Alkaloid_biosynthesis_I,
610,VIT_09s0002g06280,22,0.0107,Aspartate-glutamate racemase,E5_1_1_13,,vv10252Alanine_and_aspartate_metabolism,
611,VIT_13s0019g02810,22,0.0106,Glucuronosyl transferase,E2_4_1_17,,vv10040Pentose_glucuronate_interconversion,vv10500Starch_and_sucrose_metabolism
612,VIT_00s0823g00020<br>VIT_00s0670g00020,22,0.0106,
613,VIT_02s0025g03570,22,0.0106,DNA binding / hydrolase  acting on ester bonds,,,,
614,VIT_15s0045g00300,22,0.0106,Ankyrin repeat,,,,
615,VIT_17s0000g07530,21,0.0101,Transportin-SR,TRANSPORTINSR,,vv50112Nuclear_pore_complex,
616,VIT_05s0020g01960,20,0.0097,Na+/H+ antiporter isoform 2,NHX2,,vv50124Porters_cat_30_to_64,
617,VIT_14s0081g00120,20,0.0096,fertility restorer,,,,
618,VIT_15s0046g02300,19,0.0092,Beta-cyanoalanine synthase,E2_5_1_47,,vv10272Cysteine_metabolism,vv10450Selenoamino_acid_metabolism
619,VIT_02s0025g02680,19,0.0092,Growth-regulating factor 5,GRF5_1,,vv60033GRF,
620,VIT_02s0087g00470,19,0.0092,Anthraniloyal-CoA: methanol anthraniloyal transferase,AMAT,,vv10400Phenylalanine_tyrosine_and_tryptophan_biosynthesis,
621,VIT_14s0030g00670,19,0.0092,Dehydroquinate dehydratase,E4_2_1_10,,vv10400Phenylalanine_tyrosine_and_tryptophan_biosynthesis,
622,VIT_03s0017g00710,19,0.0092,flavonol synthase,E1_14_11_23,,vv10941Flavonoid_biosynthesis,
623,VIT_06s0004g03720,19,0.0092,No hit,,,,
624,VIT_13s0074g00520,19,0.0091,ATP-dependent RNA helicase,,,,
625,VIT_14s0068g00090,19,0.0091,feronia receptor-like kinase,,,,
626,VIT_11s0016g00590,18,0.0088,Invertase/pectin methylesterase inhibitor,PMEI,,vv40006Cell_wall,
627,VIT_12s0121g00420,18,0.0087,Unknown,,,,
628,VIT_19s0014g03380,18,0.0087,3'(2') 5'-bisphosphate nucleotidase,E3_1_3_7,,vv10920Sulfur_metabolism,
629,VIT_10s0071g00280,18,0.0087,No hit,,,,
630,VIT_00s0386g00010,18,0.0087,MADS-box agamous-like 61,AGL61_1,,vv60042MADS,
631,VIT_05s0077g02000,18,0.0087,Epoxide hydrolase,E3_3_2_10,,,
632,VIT_18s0072g01000,18,0.0087,Dihydrolipoamide S-acetyltransferase,E2_3_1_12,,vv10010Glycolysis,vv10252Alanine_and_aspartate_metabolism
633,VIT_05s0020g03600,17,0.0082,CDPK adapter protein 1,,,,
634,VIT_15s0046g03020,17,0.0082,Pentatricopeptide (PPR) repeat-containing protein,,,,
635,VIT_12s0035g00880,17,0.0082,Lactoylglutathione lyase,E4_4_1_5,,vv10620Pyruvate_metabolism,
636,VIT_15s0021g00220,17,0.0082,ABC transporter C member 15,ABCC15,,vv52010ABC_transporters,
637,VIT_01s0244g00010,17,0.0082,Basic helix-loop-helix (bHLH) family,BHLHDOM_53,,vv60011BHLH,
638,VIT_17s0000g03580,17,0.0082,BEE3 (BR Enhanced expression 3),BEE3,,vv60011BHLH,
639,VIT_00s0399g00010,16,0.0078,Unknown,,,,
640,VIT_17s0000g08420,16,0.0078,Unknown protein,,,,
641,VIT_07s0005g00510,16,0.0078,Monoglyceride lipase,E3_1_1_23,,vv10561Glycerolipid_metabolism,
642,VIT_17s0000g01260,16,0.0078,Squamosa promoter-binding protein 13 (SPL13),SPL13_1,,vv60055SBP,
643,VIT_10s0116g01870,16,0.0078,MATE efflux family protein,MATE,,vv50125Porters_cat_66_to_94,
644,VIT_18s0001g09700,16,0.0077,F-box protein GID2,,,,
645,VIT_02s0025g02020,16,0.0077,Abl interactor 3 (ABIL3),,,,
646,VIT_00s0384g00020,16,0.0077,Basic helix-loop-helix (bHLH) family,BHLHDOM_93,,vv60011BHLH,
647,VIT_01s0026g02650,16,0.0077,KH domain-containing protein,,,,
648,VIT_18s0001g01750,15,0.0073,No hit,,,,
649,VIT_17s0000g06130,15,0.0073,Glutathione S-transferase 9 GSTU9,E2_5_1_18_GSTU9,,vv10480Glutathione_metabolism,
650,VIT_06s0004g03210,15,0.0073,Unknown,,,,
651,VIT_18s0001g01130,15,0.0072,Alpha-expansin 1 precursor,EXPA1,,vv30003Auxin_signaling,
652,VIT_10s0092g00370,15,0.0072,CYP71D7,E1_14_13_73,,vv10902Monoterpenoid_biosynthesis,
653,VIT_09s0002g03130,15,0.0072,FRK1 (FLG22-induced receptor-like kinase 1),FRK1,,vv34626Plant-pathogen_interaction,
654,VIT_18s0001g10850,13,0.0063,Patatin,,,,
655,VIT_11s0016g04840,13,0.0063,Avr9/Cf-9 rapidly elicited protein 11,,,,
656,VIT_00s2397g00010<br>VIT_16s0050g02690<br>VIT_00s0258g00120<br>VIT_00s1944g00010<br>VIT_00s2304g00010,13,0.0063,
657,VIT_14s0006g02960,13,0.0063,KH domain containing protein,,,,
658,VIT_06s0004g02560,13,0.0063,Kiwellin Ripening-related protein grip22,,,,
659,VIT_01s0026g02040,13,0.0063,No hit,,,,
660,VIT_17s0000g03910,13,0.0063,flavonoid 3-monooxygenase,E1_14_13_21,,vv10941Flavonoid_biosynthesis,
661,VIT_16s0022g01210,12,0.0058,Myb domain protein 85,MYB85_2,MYB191,vv60044MYB,
662,VIT_08s0040g02380,12,0.0058,Hydrolase  alpha/beta fold,,,,
663,VIT_09s0002g05120,12,0.0058,Zinc finger (C3HC4-type ring finger),ZFC3HC4_179,,vv60078Other_zf-C3HC4,
664,VIT_13s0067g01110,12,0.0058,N-(5phosphoribosyl)anthranilate isomerase (PRAI),E5_3_1_24,,vv10400Phenylalanine_tyrosine_and_tryptophan_biosynthesis,
665,VIT_00s0259g00120,12,0.0058,Oligopeptide transporter OPT3,OPT3,,vv50125Porters_cat_66_to_94,
666,VIT_06s0004g07960,12,0.0058,Glucose-6-phosphate/phosphate translocator,G6PPTR,,vv50122Porters_cat_7_to_17,
667,VIT_13s0047g00010,12,0.0058,ZIFL2 (zinc induced facilitator-like 1),ZIFL1,,vv50121Porters_cat_1_to_6,
668,VIT_07s0005g05300,12,0.0058,Self-incompatibility protein-related,,,,
669,VIT_03s0180g00080,12,0.0058,Cyclase,,,,
670,VIT_04s0008g04440,12,0.0058,No hit,,,,
671,VIT_02s0025g01730,11,0.0053,3-oxoacyl-[acyl-carrier-protein] synthase,E2_3_1_41,,vv10061Fatty_acid_biosynthesis,
672,VIT_14s0060g02370,11,0.0053,DegP protease,E3_4_21_107,,,
673,VIT_01s0011g06260,10,0.0049,Anthranilate synthase beta subunit,E4_1_3_27,,vv10400Phenylalanine_tyrosine_and_tryptophan_biosynthesis,
674,VIT_15s0048g01990,10,0.0048,Methyltransferase dehydration-responsive,,,,
675,VIT_04s0008g01420,10,0.0048,HAB2 (Homology to ABI2),HAB2,,vv30001ABA_signaling,
676,VIT_07s0005g04380,10,0.0048,IAA12,IAA12,,vv30003Auxin_signaling,vv60008AUXIAA
677,VIT_05s0094g00820,10,0.0048,Unknown protein,,,,
678,VIT_10s0003g01100,10,0.0048,Cysteine protease RCR3,K13441,,vv34626Plant-pathogen_interaction,
679,VIT_16s0039g02230,10,0.0048,UDP-glucose:flavonoid 3-O-glucosyltransferase,E2_4_1_91,,vv10941Flavonoid_biosynthesis,
680,VIT_08s0040g01190,10,0.0048,3-oxoacyl-reductase  chloroplast precursor,E1_1_1_100,,vv10061Fatty_acid_biosynthesis,vv11040Biosynthesis_of_unsaturated_fatty_acids
681,VIT_13s0320g00070,10,0.0048,Myosin-like protein XIF,MYOSINXIF,,vv44810Regulation_of_actin_cytoskeleton,
682,VIT_06s0004g08290,10,0.0048,KH domain-containing protein,,,,
683,VIT_11s0052g00410,9,0.0044,Allyl alcohol dehydrogenase,,,,
684,VIT_19s0014g00020,9,0.0044,ATP-dependent Clp protease ATP-binding subunit (ClpA),K03694,,vv50109Incompletely_characterized_transport_systems,
685,VIT_12s0035g00010,9,0.0044,DNA (cytosine-5)-methyltransferase (ATHIM),E2_1_1_37,,vv10271Methionine_metabolism,
686,VIT_06s0009g02640,9,0.0044,Hydroxymethylglutaryl-CoA lyase,E4_1_3_4,,vv10072Synthesis_and_degradation_of_ketone_bodies,vv10280Valine_leucine_and_isoleucine_degradation
687,VIT_11s0052g01650,9,0.0044,Pathogenesis-related protein 1 precursor (PRP 1),PRP1,,vv30011Jasmonate_signaling,vv34626Plant-pathogen_interaction
688,VIT_18s0001g07850,9,0.0044,Lyase,,,,
689,VIT_01s0011g05620,9,0.0044,No hit,,,,
690,VIT_00s0211g00040,9,0.0044,Nodulation receptor kinase,,,,
691,VIT_15s0046g01640,9,0.0044,Abl interactor protein 1 (ABIL1),,,,
692,VIT_14s0066g01790,9,0.0044,GASA like,GASAL,,vv30010Gibberellin_signaling,
693,VIT_18s0001g06220,9,0.0044,F-box protein (FBW2),,,,
694,VIT_01s0026g00220,9,0.0043,Aldehyde dehydrogenase 1 precursor,E1_2_1_3,vv10561Glycerolipid_metabolism,vv10010Glycolysis,vv10071Fatty_acid_metabolism
695,VIT_05s0049g01810,9,0.0043,No hit,,,,
696,VIT_03s0038g03160<br>VIT_03s0038g03140,9,0.0043,
697,VIT_10s0042g01020,9,0.0043,Isochorismatase,E3_3_2_1,,vv10130Ubiquinone_biosynthesis,
698,VIT_08s0056g01070,9,0.0043,MATE efflux family protein,MATE,,vv50125Porters_cat_66_to_94,
699,VIT_18s0001g06720,9,0.0043,Rieske [2Fe-2S] domain,RIESKE,,,
700,VIT_14s0060g01800,9,0.0043,Unknown,,,,
701,VIT_03s0088g00340<br>VIT_03s0091g00010,9,0.0043,
702,VIT_05s0102g00880,9,0.0043,Strictosidine synthase,E4_3_3_2,,vv10900Terpenoid_biosynthesis,vv10902Monoterpenoid_biosynthesis
703,VIT_03s0038g03620,9,0.0043,Rho guanyl-nucleotide exchange factor ROPGEF1,ROPGEF1,,,
704,VIT_12s0178g00090,9,0.0043,Diacylglycerol kinase 1,E2_7_1_107,,vv10561Glycerolipid_metabolism,vv10564Glycerophospholipid_metabolism
705,VIT_11s0037g00290,9,0.0043,Plastocyanin domain-containing protein,K02638,,vv10195Photosynthesis,vv50113Thylakoid_targeting_pathway
706,VIT_17s0000g05310,9,0.0043,Pre-mRNA cleavage complex II protein Clp1,,,,
707,VIT_00s0218g00220,8,0.0039,UDP-glucoronosyl/UDP-glucosyl transferase,,,,
708,VIT_18s0001g10470,7,0.0034,Protein kinase MK6,,,,
709,VIT_08s0058g01110,7,0.0034,Ovate family protein 4 OFP4,OFP4_1,,vv60086OFP,
710,VIT_15s0021g01310,7,0.0034,WRKY DNA-binding protein 12,WRKY12,VvWRKY46,vv60066WRKY,
711,VIT_09s0002g00790,7,0.0034,Beta-ketoacyl-ACP synthase II,E2_3_1_41,,vv10061Fatty_acid_biosynthesis,
712,VIT_11s0016g03880,7,0.0034,Receptor protein kinase PERK1,,,,
713,VIT_13s0073g00410,7,0.0034,Nucleolar essential protein,,,,
714,VIT_11s0016g03900,6,0.0029,AAA-type ATPase,,,,
715,VIT_18s0001g06580,6,0.0029,Plastocyanin domain-containing protein,K02638,,vv10195Photosynthesis,vv50113Thylakoid_targeting_pathway
716,VIT_18s0086g00320,6,0.0029,No hit,,,,
717,VIT_15s0046g00510,6,0.0029,Wax synthase,E2_3_1_75,,vv11000Single_reactions,
718,VIT_18s0086g00230,6,0.0029,Unknown protein,,,,
719,VIT_03s0038g03560,6,0.0029,CAO (CHAOS); chromatin binding,CPSRP43,,vv50113Thylakoid_targeting_pathway,
720,VIT_13s0084g00180,6,0.0029,DNA-directed RNA polymerase III subunit C2,K03021,,vv23020RNA_polymerase,
721,VIT_02s0025g03760,6,0.0029,Myosin-related,MYOSINR,,vv44810Regulation_of_actin_cytoskeleton,
722,VIT_10s0042g00060,6,0.0029,No hit,,,,
723,VIT_06s0004g03730,6,0.0029,DNA-directed RNA polymerase III subunit C1,K03018,,vv23020RNA_polymerase,
724,VIT_18s0001g02200,6,0.0029,8-oxoguanine-DNA glycosylase (OGG1),K03660,,vv23410Base_excision_repair,
725,VIT_04s0023g03650,6,0.0029,Galactose mutarotase-like,E5_1_3_3,,vv10010Glycolysis,
726,VIT_12s0028g03160,6,0.0029,Cap-binding protein CBP20,K12883,,vv23013RNA_transport,vv23015mRNA_surveillance_pathway
727,VIT_01s0150g00220,6,0.0029,Unknown protein,,,,
728,VIT_02s0025g04300,6,0.0029,Thaumatin,,,,
729,VIT_08s0040g01130,6,0.0029,Serine carboxypeptidase II,,,,
730,VIT_00s0207g00150,6,0.0029,Ternary complex factor MIP1,,,,
731,VIT_09s0002g06400,6,0.0029,No hit,,,,
732,VIT_14s0083g00920,6,0.0029,No hit,,,,
733,VIT_06s0004g06240,6,0.0029,Zinc finger (C2H2 type) family,C2H2FAM_31,,vv60017C2H2,
734,VIT_19s0014g04900,6,0.0029,(-)-germacrene D synthase,E4_2_3_22,,vv10900Terpenoid_biosynthesis,
735,VIT_14s0081g00030,6,0.0029,Pathogenesis-related protein-4 (Chitinase ),E3_2_1_14,,vv10530Aminosugars_metabolism,
736,VIT_03s0038g00480,6,0.0029,GATA transcription factor 25,GAT25_1,,vv60016C2C2-GATA,
737,VIT_17s0000g09300,6,0.0029,Pentatricopeptide (PPR) repeat,,,,
738,VIT_05s0020g02170,6,0.0029,Sugar transporter ERD6-like 16,ERD6L16,,vv50121Porters_cat_1_to_6,
739,VIT_12s0134g00010,6,0.0029,Phototropic-responsive NPH3 protein,,,,
740,VIT_01s0011g02250,6,0.0029,Metal-nicotianamine transporter YSL7,YSL7,,vv50125Porters_cat_66_to_94,
741,VIT_10s0042g00820,6,0.0029,Transparent testa16,TT16_2,,vv60042MADS,
742,VIT_10s0003g00980,5,0.0024,Unknown protein,,,,
743,VIT_01s0137g00180,5,0.0024,B-keto acyl reductase,,,,
744,VIT_04s0008g04160,4,0.0019,Dehydration-responsive protein (RD22),RD22,,,
745,VIT_12s0059g02470,4,0.0019,Unknown protein,,,,
746,VIT_15s0048g02450,4,0.0019,Caffeate 3-O-methyltransferase 1,E2_1_1_68,,vv10940Phenylpropanoid_biosynthesis,
747,VIT_00s0400g00020<br>VIT_00s0400g00030<br>VIT_00s0421g00040<br>VIT_00s0397g00010,4,0.0019,
748,VIT_02s0033g01060,4,0.0019,Anthraniloyal-CoA: methanol anthraniloyal transferase,AMAT,,vv10400Phenylalanine_tyrosine_and_tryptophan_biosynthesis,
749,VIT_18s0001g08470,4,0.0019,Myb domain protein 84/RAX3,MYB84_1,MYB152,vv60044MYB,
750,VIT_11s0118g00790,4,0.0019,Pto-like serine/threonine kinase,,,,
751,VIT_09s0002g02980,3,0.0015,FRK1 (FLG22-induced receptor-like kinase 1),FRK1,,vv34626Plant-pathogen_interaction,
752,VIT_05s0029g01130,3,0.0015,Pentatricopeptide (PPR) repeat-containing protein,,,,
753,VIT_11s0016g05420,3,0.0015,SOS2 (salt overly sensitive 2),SOS2,,vv30001ABA_signaling,
754,VIT_00s0522g00010<br>VIT_00s0266g00010<br>VIT_00s0372g00070<br>VIT_00s0372g00080<br>VIT_00s0572g00010<br>VIT_00s0372g00040<br>VIT_00s0847g00020<br>VIT_00s0572g00020,3,0.0015,
755,VIT_10s0116g00920,3,0.0015,CERK1 (chitin elicitor receptor kinase 1),K13429,,vv34626Plant-pathogen_interaction,
756,VIT_10s0116g01580,3,0.0015,No hit,,,,
757,VIT_10s0003g03330,3,0.0015,Receptor-like serine-threonine protein kinase,,,,
758,VIT_01s0010g03890,3,0.0015,Unknown,,,,
759,VIT_01s0127g00680,3,0.0015,SRO2 (similar to rcd one 2),E2_4_2_30,,vv10760Nicotinate_and_nicotinamide_metabolism,
760,VIT_06s0004g03880,3,0.0015,Ribonuclease P/MRP protein subunit RPP1,K03539,,vv23008Ribosome_biogenesis_in_Eukaryotes,vv23013RNA_transport
761,VIT_03s0038g04220,3,0.0015,Dihydroflavonol-4-reductase,E1_1_1_219,,vv10941Flavonoid_biosynthesis,
762,VIT_15s0021g02680,3,0.0015,Cyclin-U2-1 (CycU2;1) Cyclin-P3.1,CYCP3_1,,vv44110Cell_cycle,
763,VIT_18s0001g08800,3,0.0015,Lecithine cholesterol acyltransferase-like protein,E2_3_1_43,,vv10564Glycerophospholipid_metabolism,
764,VIT_07s0104g01320,3,0.0015,Transport inhibitor response 1,TIR1,,vv30003Auxin_signaling,
765,VIT_14s0030g00300,3,0.0015,Sugar transporter ERD6-like 3,ERD6L3,,vv50121Porters_cat_1_to_6,
766,VIT_01s0011g05250,3,0.0015,Senescence-associated protein,,,,
767,VIT_00s0912g00010,3,0.0015,Unknown protein,,,,
768,VIT_04s0023g01600,3,0.0015,Membrane protein,,,,
769,VIT_00s1328g00020,3,0.0015,Phytosulfokines PSK4,,,,
770,VIT_09s0018g00650,3,0.0015,Zinc finger protein 830,K13104_1,,vv60017C2H2,
771,VIT_09s0002g01170,3,0.0015,Hydrolase  alpha/beta fold family protein,,,,
772,VIT_11s0016g02880,3,0.0015,NAC domain-containing protein 75,NAC075,VvNAC19,vv60046NAC,
773,VIT_05s0020g04430,3,0.0015,MPBQ/MSBQ methyltransferase 1,K12502,,vv10100Biosynthesis_of_steroids,
774,VIT_02s0025g03710,3,0.0015,DTA2 (downstream target of AGL15 2),,,,
775,VIT_00s0179g00360,3,0.0015,Unknown protein,,,,
776,VIT_01s0010g01680,3,0.0015,Glutaredoxin,,,,
777,VIT_14s0030g01950,3,0.0015,Transferase,,,,
778,VIT_01s0011g01100,3,0.0015,Pentatricopeptide (PPR) repeat-containing protein,,,,
779,VIT_00s0341g00010,3,0.0015,Dual specificity protein phosphatase,,,,
780,VIT_14s0081g00140,3,0.0015,Pentatricopeptide (PPR) repeat-containing,,,,
781,VIT_15s0046g00600,3,0.0015,No hit,,,,
782,VIT_15s0046g01820,3,0.0015,Ring-H2 finger B1A,RHB1A,,vv60078Other_zf-C3HC4,
783,VIT_08s0007g03370,3,0.0015,Unknown protein,,,,
784,VIT_00s0484g00020,3,0.0015,Receptor kinase ARK3,,,,
785,VIT_14s0030g02210,3,0.0015,Pentatricopeptide (PPR) repeat-containing protein,,,,
786,VIT_12s0028g02640,3,0.0015,GTP-binding protein typA/bipA,K06207,,,
787,VIT_11s0078g00260,3,0.0015,Unknown protein,,,,
788,VIT_03s0088g00470,3,0.0015,Auxin responsive SAUR protein,SAUR,,vv30003Auxin_signaling,
789,VIT_00s0540g00040<br>VIT_11s0149g00300,3,0.0015,
790,VIT_16s0098g01740,3,0.0015,Unknown protein,,,,
791,VIT_03s0017g02080,3,0.0015,Cysteine-tRNA ligase,E6_1_1_16,,vv10272Cysteine_metabolism,vv20970Aminoacyl-tRNA_biosynthesis
792,VIT_08s0007g00410,3,0.0015,Myb domain protein 91,MYB91_2,MYB91A,vv60044MYB,
793,VIT_15s0021g01340,3,0.0015,Phagocytosis and cell motility protein ELMO1,,,,
794,VIT_13s0074g00510,3,0.0015,ATP-dependent RNA helicase,,,,
795,VIT_13s0019g03210,3,0.0015,Lectin-like protein,,,,
796,VIT_02s0154g00220,3,0.0015,Zinc finger (C2H2 type) family,C2H2FAM_17,,vv60017C2H2,
797,VIT_00s0259g00010,3,0.0015,Unknown,,,,
798,VIT_19s0014g04650,3,0.0015,Avr9/Cf-9 rapidly elicited protein 20,,,,
799,VIT_02s0154g00320,3,0.0014,Protease inhibitor/seed storage/lipid transfer protein (LTP),,,,
800,VIT_14s0060g00330,3,0.0014,Aspartyl protease,E3_4_23_40,,,
801,VIT_10s0003g04040,3,0.0014,Mitochondrial transcription termination factor,MTERF_17,,vv60085MTERF,
802,VIT_17s0000g04140,3,0.0014,Unknown protein,,,,
803,VIT_14s0108g00910,3,0.0014,No hit,,,,
804,VIT_01s0011g00790,3,0.0014,DnaJ homolog  subfamily C  member 2 gonidia forming protein GlsA,K09522_1,,vv50132Primary_active_transporter_cat_A5_to_A8,vv60045MYBrelated
805,VIT_07s0031g00500,3,0.0014,Subtilase,ARA12,,vv50101Channels_and_pores,
806,VIT_18s0076g00210,3,0.0014,Alpha/beta hydrolase fold,,,,
807,VIT_12s0034g02570,3,0.0014,Leucine Rich Repeat receptor-like kinase,,,,
808,VIT_04s0044g01410,3,0.0014,Photosystem I reaction center subunit N (PSAN),K02701,,vv10195Photosynthesis,vv50105Transport_electron_carriers
809,VIT_18s0001g13020,3,0.0014,No hit,,,,
810,VIT_00s1627g00020,3,0.0014,No hit,,,,
811,VIT_15s0046g02000,3,0.0014,Polygalacturonase GH28,E3_2_1_15,,vv40006Cell_wall,
812,VIT_08s0007g00940,3,0.0014,LHW (lonesome highway),LHW_3,,vv60011BHLH,
813,VIT_08s0105g00270,3,0.0014,NC domain-containing protein,,,,
814,VIT_04s0023g02930,3,0.0014,Unknown protein,,,,
815,VIT_05s0124g00330,3,0.0014,Survival of motor neuron protein-interacting protein 1,K13130,,vv23013RNA_transport,
816,VIT_00s1206g00010,3,0.0014,Aspartic proteinase nepenthesin-1 precursor,E3_4_23_12,,,
817,VIT_11s0016g03660,3,0.0014,Glucose transporter 2 plastidic,PGTR2,,vv50121Porters_cat_1_to_6,
818,VIT_10s0003g03650,3,0.0014,Beta-amyrin synthase,E5_4_99_BAS,,vv10900Terpenoid_biosynthesis,
819,VIT_18s0001g05580,3,0.0014,Unknown protein,,,,
820,VIT_13s0106g00250,3,0.0014,Carboxylic ester hydrolase,E3_1_1_1,,,
821,VIT_16s0100g00070,3,0.0014,Prohibitin 1,PHB1,,vv50108Accessory_factors_involved_in_transport,
