Vv_m2,2000,1000,VIT_08s0007g09000
rank,node,Fabs,Frel,Functional-annotation,Name-EC-KeggID,Updated-name,Network1,Network2
1,VIT_04s0008g04230,2070,1.0000,ABC transporter G member 22,ABCG22,,vv52010ABC_transporters,
2,VIT_11s0118g00180,2075,1.0000,HHP1 (heptahelical protein 1),,,,
3,VIT_02s0025g03320,2055,1.0000,CYP86A2,,,,
4,VIT_18s0041g00710,2072,1.0000,UDP-glucose: anthocyanidin 5 3-O-glucosyltransferase,RHGT1,,vv10942Anthocyanin_biosynthesis,
5,VIT_15s0046g02400,2074,0.9995,Glycerol-3-phosphate acyltransferase 8,E2_3_1_15,,vv10561Glycerolipid_metabolism,vv10564Glycerophospholipid_metabolism
6,VIT_08s0056g00800,2055,0.9985,Myb domain protein 60,MYB60,MYB60,vv60044MYB,
7,VIT_09s0018g01650,2072,0.9981,Wrinkled1 (AP2/ERBP),WRINKLED1_1,VvAP2-06,vv30008Ethylene_signaling,vv60003AP2_EREBP
8,VIT_02s0025g04360,2052,0.9918,S-N-methylcoclaurine 3'-hydroxylase,E1_14_13_71,,vv10950Alkaloid_biosynthesis_I,
9,VIT_13s0019g01260,2040,0.9917,Enoyl reductase,K10258,,vv11040Biosynthesis_of_unsaturated_fatty_acids,
10,VIT_01s0026g02120,2057,0.9904,Microtubule end binding protein 1 (EB1),K10436,,vv44810Regulation_of_actin_cytoskeleton,
11,VIT_14s0066g00400,2048,0.9894,Chalcone isomerase,E5_5_1_6,,vv10941Flavonoid_biosynthesis,
12,VIT_08s0007g02000,2048,0.9889,Glycerol-3-phosphate acyltransferase 8,E2_3_1_15,,vv10561Glycerolipid_metabolism,vv10564Glycerophospholipid_metabolism
13,VIT_06s0009g01410,2052,0.9875,No hit,,,,
14,VIT_09s0002g06750,2019,0.9749,ERF/AP2 transcription factor sub B-6 SHINE,SHINE1_1,VvERF042,vv30008Ethylene_signaling,vv60003AP2_EREBP
15,VIT_19s0090g00710,2025,0.9726,No hit,,,,
16,VIT_14s0108g01080,2016,0.9669,Myb domain protein 106,MYB106_2,MYB141,vv60044MYB,
17,VIT_04s0008g05440,1985,0.9655,Ethylene-responsive transcription factor SHINE 3,SHINE3_1,VvERF044,vv30008Ethylene_signaling,vv60003AP2_EREBP
18,VIT_03s0063g01880,1987,0.9636,Acyl-CoA synthetase long-chain member 2,E6_2_1_3_LACS2,,vv10071Fatty_acid_metabolism,vv44146Peroxisome
19,VIT_01s0026g00570,1999,0.9574,Bet v I allergen,,,,
20,VIT_16s0098g01740,1986,0.9566,Unknown protein,,,,
21,VIT_15s0048g02720,1978,0.9551,fatty acid elongase,E2_3_1_41,,vv10061Fatty_acid_biosynthesis,
22,VIT_02s0025g02620,1972,0.9540,BDG1 (BODYGUARD1) hydrolase,,,,
23,VIT_15s0046g02380,1972,0.9522,CYP86A8,,,,
24,VIT_03s0110g00100,1961,0.9510,CYP86A8,,,,
25,VIT_02s0012g01660,1952,0.9471,ATPase PGP2 (P-glycoprotein 2),PGP2,,vv52010ABC_transporters,
26,VIT_04s0023g02880,1950,0.9452,GATA transcription factor 14,GAT14,,vv60016C2C2-GATA,
27,VIT_11s0103g00530,1936,0.9380,Oxysterol binding protein,,,,
28,VIT_01s0137g00510,1943,0.9355,CYP71B10,CYP71B10,,vv10940Phenylpropanoid_biosynthesis,
29,VIT_10s0003g00210,1920,0.9271,Unknown,,,,
30,VIT_05s0020g01980,1925,0.9246,Acyl carrier protein  mitochondrial 3,K02078,,vv50134Primary_active_transporter_cat_D1,
31,VIT_04s0069g01120,1900,0.9205,Acyl-activating enzyme 7,E6_2_1_3,,vv10071Fatty_acid_metabolism,vv50104Group_translocators
32,VIT_14s0066g02270,1880,0.9175,Endonuclease/exonuclease/phosphatase family protein,E3_1_30_x,,,
33,VIT_06s0004g01770,1894,0.9141,Acetyl-CoA carboxylase  biotin carboxylase,E6_4_1_2,,vv10061Fatty_acid_biosynthesis,vv10620Pyruvate_metabolism
34,VIT_06s0009g01420,1873,0.9097,Protease inhibitor/seed storage/lipid transfer protein (LTP),,,,
35,VIT_14s0219g00280,1861,0.9038,Glycerol-3-phosphate dehydrogenase (NAD+),E1_1_1_8,,vv10564Glycerophospholipid_metabolism,
36,VIT_06s0061g00240,1857,0.9023,ABC transporter G member 7,ABCG7,,vv52010ABC_transporters,
37,VIT_01s0010g02220,1872,0.9017,Zinc finger (C3HC4-type ring finger),ZFC3HC4_200,,vv60078Other_zf-C3HC4,
38,VIT_01s0150g00550,1842,0.8894,Histone-lysine N-methyltransferase ASHR2,E2_1_1_43ASHR2_1,,vv10300Lysine_biosynthesis,vv60056SET_PCG
39,VIT_03s0088g01150,1835,0.8865,Squalene monooxygenase,E1_14_99_7,,vv10100Biosynthesis_of_steroids,vv10900Terpenoid_biosynthesis
40,VIT_11s0016g02700,1828,0.8848,IAA-amino acid hydrolase 2 (ILL2),ILL2,,vv11002Auxin_biosynthesis,
41,VIT_00s0186g00090,1813,0.8767,Zinc finger (C3HC4-type ring finger),ZFC3HC4_5,,vv60078Other_zf-C3HC4,
42,VIT_08s0040g03400,1798,0.8720,Short-chain dehydrogenase/reductase,,,,
43,VIT_13s0019g04260,1765,0.8585,Monoglyceride lipase,E3_1_1_23,,vv10561Glycerolipid_metabolism,
44,VIT_07s0151g00010,1777,0.8576,No hit,,,,
45,VIT_04s0008g03510,1755,0.8486,Lignostilbene-alpha beta-dioxygenase and related enzymes,E1_14_99_36,,vv10906Carotenoid_biosynthesis,
46,VIT_13s0074g00390,1758,0.8480,CYP77A2,,,,
47,VIT_02s0025g01730,1752,0.8472,3-oxoacyl-[acyl-carrier-protein] synthase,E2_3_1_41,,vv10061Fatty_acid_biosynthesis,
48,VIT_09s0002g03050,1738,0.8364,Lipase GDSL,,,,
49,VIT_11s0016g04540,1724,0.8361,ABC transporter G member 22,ABCG22,,vv52010ABC_transporters,
50,VIT_03s0038g04510,1719,0.8357,Chaperone BCS1 mitochondrial,K08900,,,
51,VIT_05s0077g01330,1728,0.8352,Unknown,,,,
52,VIT_17s0000g10060,1715,0.8273,Lipase GDSL,,,,
53,VIT_12s0059g01590,1715,0.8261,Lipase GDSL,,,,
54,VIT_10s0003g00620,1707,0.8242,Lipase GDSL,,,,
55,VIT_13s0067g00400,1703,0.8223,Anthranilate synthase alpha 1,E4_1_3_27,,vv10400Phenylalanine_tyrosine_and_tryptophan_biosynthesis,
56,VIT_07s0005g06210,1710,0.8201,RPM1 (resistance to p. syringae pv maculicola 1),K13457,,vv34626Plant-pathogen_interaction,
57,VIT_08s0007g07240,1697,0.8186,Armadillo helical,,,,
58,VIT_18s0072g01000,1697,0.8174,Dihydrolipoamide S-acetyltransferase,E2_3_1_12,,vv10010Glycolysis,vv10252Alanine_and_aspartate_metabolism
59,VIT_18s0166g00220,1686,0.8153,No hit,,,,
60,VIT_10s0116g01880,1692,0.8142,MATE efflux family protein,MATE,,vv50125Porters_cat_66_to_94,
61,VIT_13s0067g03750,1657,0.8048,Stigma/style ABC transporter WBC19,WBC19,,vv52010ABC_transporters,
62,VIT_18s0041g00270,1636,0.7946,R protein  PRF  disease resistance protein,K13453,,vv34627R_proteins_from_Plant-pathogen_interaction,
63,VIT_12s0057g00800,1639,0.7945,Receptor Like Protein 27,,,,
64,VIT_13s0073g00140,1645,0.7912,Ovate family protein 13 OFP13,OFP13_2,,vv60086OFP,
65,VIT_14s0030g00670,1632,0.7903,Dehydroquinate dehydratase,E4_2_1_10,,vv10400Phenylalanine_tyrosine_and_tryptophan_biosynthesis,
66,VIT_02s0025g04920,1629,0.7881,Phosphate translocator protein2  Plastidic,PTL2,,vv50122Porters_cat_7_to_17,
67,VIT_01s0010g01870,1627,0.7879,Salicylic acid-induced fragment 1 protein,,,,
68,VIT_18s0001g13080,1624,0.7849,Unknown protein,,,,
69,VIT_07s0205g00180,1614,0.7820,Basic helix-loop-helix (bHLH) family,BHLHDOM_30,,vv60011BHLH,
70,VIT_14s0006g02960,1610,0.7789,KH domain containing protein,,,,
71,VIT_09s0002g03140,1603,0.7770,Lipase GDSL,,,,
72,VIT_07s0005g01790,1596,0.7736,Acyl-CoA synthetase long-chain member 2,E6_2_1_3_LACS2,,vv10071Fatty_acid_metabolism,vv44146Peroxisome
73,VIT_00s2525g00010,1587,0.7726,Unknown,,,,
74,VIT_17s0000g00130,1592,0.7713,SEC14 cytosolic factor,SEC14,,vv50122Porters_cat_7_to_17,
75,VIT_14s0030g00220,1584,0.7630,Sugar transporter ERD6-like 5,ERD6L5,,vv50121Porters_cat_1_to_6,
76,VIT_11s0052g00800,1577,0.7618,Protein kinase family,,,,
77,VIT_13s0067g00730,1574,0.7597,Carboxylic ester hydrolase,E3_1_1_1,,,
78,VIT_19s0014g04050,1582,0.7591,S-locus lectin protein kinase,,,,
79,VIT_09s0002g06990,1551,0.7558,Phosphatidic acid phosphatase / PAP2,E3_1_3_4,,vv10561Glycerolipid_metabolism,vv10564Glycerophospholipid_metabolism
80,VIT_08s0058g01260,1555,0.7556,No hit,,,,
81,VIT_09s0002g03130,1554,0.7511,FRK1 (FLG22-induced receptor-like kinase 1),FRK1,,vv34626Plant-pathogen_interaction,
82,VIT_12s0059g01830,1549,0.7483,Unknown,,,,
83,VIT_06s0009g02640,1540,0.7472,Hydroxymethylglutaryl-CoA lyase,E4_1_3_4,,vv10072Synthesis_and_degradation_of_ketone_bodies,vv10280Valine_leucine_and_isoleucine_degradation
84,VIT_11s0037g00320,1538,0.7412,Serine carboxypeptidase S10,,,,
85,VIT_03s0017g01490,1529,0.7347,Berberine bridge enzyme,E1_21_3_3,,vv10950Alkaloid_biosynthesis_I,
86,VIT_06s0004g08250,1505,0.7334,Leucine-rich repeat transmembrane protein kinase  putative,,,,
87,VIT_17s0000g03940,1509,0.7332,ferulate 5-hydroxylase,K09755,,vv10940Phenylpropanoid_biosynthesis,
88,VIT_10s0597g00050,1518,0.7330,Heat shock transcription factor B2A,HSFB2A_3,,vv60037HSF,
89,VIT_00s0187g00210,1502,0.7242,Rho GDP-dissociation inhibitor 2,,,,
90,VIT_14s0006g02990,1487,0.7211,3-ketoacyl-CoA synthase,,,,
91,VIT_18s0001g14910,1496,0.7185,Mannitol dehydrogenase,E1_1_1_67,,vv10051Fructose_and_mannose_metabolism,
92,VIT_12s0059g01870,1478,0.7130,GH3-like protein,AUXINBIOSYNTHESIS_GH3,,vv11002Auxin_biosynthesis,
93,VIT_01s0010g03860,1483,0.7123,Unknown,,,,
94,VIT_08s0040g02840,1463,0.7064,ABC transporter G member 29,ABCG29,,vv52010ABC_transporters,
95,VIT_09s0002g04170,1458,0.7023,Acyl-CoA synthetases (Acyl-activating enzyme 13),E6_2_1_3,,vv10071Fatty_acid_metabolism,vv50104Group_translocators
96,VIT_12s0055g00810,1435,0.6953,Cationic peroxidase,E1_11_1_7,,vv10360Phenylalanine_metabolism,vv10680Methane_metabolism
97,VIT_14s0030g02020,1438,0.6944,Aldo/keto reductase,E1_1_1_21,,vv10040Pentose_glucuronate_interconversion,vv10051Fructose_and_mannose_metabolism
98,VIT_06s0004g01250,1426,0.6922,Omega-6 fatty acid desaturase  endoplasmic reticulum (FAD2),K10256,,vv11040Biosynthesis_of_unsaturated_fatty_acids,
99,VIT_08s0007g03520,1430,0.6892,Purple acid phosphatase 22- ATPAP22/PAP22,E3_1_3_2,,vv10740Riboflavin_metabolism,
100,VIT_02s0033g01330,1414,0.6831,Acyl-CoA binding protein,,,,
101,VIT_13s0064g01760,1404,0.6766,Amygdalin hydrolase isoform AH I,E3_2_1_117,,vv10460Cyanoamino_acid_metabolism,
102,VIT_02s0025g00340,1390,0.6754,Monodehydroascorbate reductase  chloroplast precursor,E1_6_5_4,,vv10053Ascorbate_and_aldarate_metabolism,
103,VIT_18s0001g07700,1384,0.6680,Ethylene-inducible CTR1,CTR1,,vv30008Ethylene_signaling,
104,VIT_07s0005g05520,1377,0.6646,Pectate lyase,E4_2_2_2,,vv40006Cell_wall,
105,VIT_01s0011g03660,1378,0.6638,IMP dehydrogenase/GMP reductase,E1_1_1_205,VvERF121,vv10230Purine_metabolism,
106,VIT_03s0038g01830,1353,0.6562,Proline-rich protein 4,,,,
107,VIT_06s0004g02080,1352,0.6528,TRNA-specific 2-thiouridylase,K00566,,vv24122Sulfur_relay_system,
108,VIT_06s0080g00760,1341,0.6507,Unknown protein,,,,
109,VIT_02s0087g00400,1343,0.6491,Pectinacetylesterase,PAE,,vv40006Cell_wall,
110,VIT_11s0016g01980,1334,0.6426,Unknown protein,,,,
111,VIT_13s0019g00470,1300,0.6277,No hit,,,,
112,VIT_01s0011g04450,1291,0.6210,MATE efflux family protein,MATE,,vv50125Porters_cat_66_to_94,
113,VIT_12s0028g03480,1270,0.6144,Wax synthase,E2_3_1_75,,vv11000Single_reactions,
114,VIT_01s0137g00410,1270,0.6094,CYP86A2,,,,
115,VIT_07s0130g00040,1258,0.6089,Myb domain protein 4,MYB4_10,MYB3,vv60044MYB,
116,VIT_13s0019g02500,1248,0.6085,No hit,,,,
117,VIT_10s0116g01580,1249,0.6081,No hit,,,,
118,VIT_14s0006g02530,1252,0.6040,Non-specific lipid-transfer protein 2 (LTP 2),,,,
119,VIT_05s0029g00630,1224,0.5945,Unknown,,,,
120,VIT_06s0004g06650,1223,0.5931,1-phosphatidylinositol-4 5-bisphosphate phosphodiesterase,E3_1_4_11,,vv10562Inositol_phosphate_metabolism,vv30001ABA_signaling
121,VIT_15s0021g02110,1220,0.5891,AP2 domain-containing transcription factor TINY,TINY_8,VvERF029,vv30008Ethylene_signaling,vv60003AP2_EREBP
122,VIT_13s0019g02880,1210,0.5851,UDP-glucoronosyl/UDP-glucosyl transferase,,,,
123,VIT_14s0066g01730,1208,0.5844,Cellulose synthase CSLC04,E2_4_1_12_CSLC04,,vv40006Cell_wall,
124,VIT_14s0068g01520,1204,0.5819,Double-stranded RNA-binding (DsRBD) domain-containing protein,,,,
125,VIT_17s0000g05850,1190,0.5752,ATATH1 (ABC2 homolog1),ATH1,,vv52010ABC_transporters,
126,VIT_08s0105g00360,1197,0.5747,PHD finger protein alfin,ALFINDOM2,,vv60002Alfin-like,
127,VIT_12s0059g02310,1182,0.5738,PDF2 (protodermal factor2),PDF2_4,VvHB44,vv60034HB,
128,VIT_12s0055g00730,1170,0.5663,ATATH2 (ABC2 homolog 2),ATH2,,vv52010ABC_transporters,
129,VIT_11s0037g00290,1165,0.5661,Plastocyanin domain-containing protein,K02638,,vv10195Photosynthesis,vv50113Thylakoid_targeting_pathway
130,VIT_01s0011g01890,1163,0.5637,Glutathione S-transferase  C-terminal,E2_5_1_18,,vv10480Glutathione_metabolism,
131,VIT_07s0005g01980,1158,0.5600,Glycosyl transferase family 8 protein,,,,
132,VIT_05s0124g00230,1142,0.5522,F-box domain containing protein,,,,
133,VIT_08s0007g01420,1146,0.5518,Glutathione S-transferase 8 GSTU8,E2_5_1_18_GSTU8,,vv10480Glutathione_metabolism,
134,VIT_01s0011g01100,1141,0.5517,Pentatricopeptide (PPR) repeat-containing protein,,,,
135,VIT_11s0037g00490,1144,0.5516,Translation initiation factor eIF-4F,K03260,,vv23013RNA_transport,
136,VIT_18s0001g05950,1132,0.5511,Cis-zeatin O-beta-D-glucosyltransferase,E2_4_1_215,,vv10908Zeatin_biosynthesis,
137,VIT_14s0006g00270,1132,0.5469,No hit,,,,
138,VIT_11s0016g03250,1125,0.5466,Lachrymatory factor synthase,,,,
139,VIT_08s0007g00570,1126,0.5424,WRKY DNA-binding protein 49,WRKY49,VvWRKY27,vv60066WRKY,
140,VIT_04s0043g00560,1121,0.5423,DD1A protein,,,,
141,VIT_17s0000g02230,1114,0.5421,Jasmonate ZIM domain-containing protein 3,JAZ3_2,,vv30011Jasmonate_signaling,vv34626Plant-pathogen_interaction
142,VIT_00s1314g00010,1121,0.5415,Basic helix-loop-helix (bHLH) family,BHLHDOM_89,,vv60011BHLH,
143,VIT_03s0038g01410,1128,0.5413,Aquaporin PIP PIP1A,PIP1A,,vv50101Channels_and_pores,
144,VIT_08s0056g00260,1105,0.5354,Harpin-induced protein,,,,
145,VIT_04s0023g02810,1111,0.5349,Aldehyde dehydrogenase 3B1,E1_2_1_3,vv10561Glycerolipid_metabolism,vv10010Glycolysis,vv10071Fatty_acid_metabolism
146,VIT_18s0122g00220,1105,0.5338,Phosphodiesterase/alkaline phosphatase D,E3_1_4_1,,,
147,VIT_07s0005g05180,1101,0.5311,No hit,,,,
148,VIT_07s0005g01970,1096,0.5302,Galactinol synthase,E2_4_1_123,,vv10052Galactose_metabolism,
149,VIT_16s0100g00250,1096,0.5297,Mandelonitrile lyase-like protein,E4_1_2_10,,vv10460Cyanoamino_acid_metabolism,
150,VIT_02s0087g00630,1095,0.5290,Alcohol oxidase,E1_1_3_13,,vv10680Methane_metabolism,
151,VIT_15s0046g03240,1086,0.5257,Unknown protein,,,,
152,VIT_04s0008g06300,1083,0.5242,Leucine-rich repeat family,,,,
153,VIT_18s0001g13150,1079,0.5208,BEL1 homeotic protein 3,BLH3,VvHB68,vv60034HB,
154,VIT_19s0090g00730,1079,0.5200,No hit,,,,
155,VIT_12s0057g01060,1069,0.5169,Jasmonate O-methyltransferase,E2_1_1_141,,vv10592alpha-Linolenic_acid_metabolism,
156,VIT_10s0003g00600,1055,0.5134,Lipase GDSL,,,,
157,VIT_08s0007g05160,1067,0.5130,Flavonoid 3' 5'-hydroxylase,E1_14_13_88,,vv10941Flavonoid_biosynthesis,
158,VIT_10s0116g00680,1062,0.5123,PDF2 (protodermal factor2),PDF2_2,VvHB35,vv60034HB,
159,VIT_00s0207g00010,1044,0.5053,Anthranilate N-benzoyltransferase protein 1,E2_3_1_144,,vv10400Phenylalanine_tyrosine_and_tryptophan_biosynthesis,
160,VIT_15s0048g01050,1043,0.5014,Unknown,,,,
161,VIT_01s0010g02740,1029,0.4959,4-coumarate-CoA ligase,E6_2_1_12,,vv10940Phenylpropanoid_biosynthesis,vv50104Group_translocators
162,VIT_11s0016g01160,1015,0.4958,GCN5 N-acetyltransferase (GNAT),GCN5_3,,vv60082GNAT,
163,VIT_19s0014g04270,1024,0.4942,S-locus protein kinase,,,,
164,VIT_07s0031g01680,1022,0.4937,CYP86A1,,,,
165,VIT_17s0000g06630,1022,0.4904,Unknown protein,,,,
166,VIT_14s0128g00160,1014,0.4901,Protein kinase CDG1,,,,
167,VIT_01s0127g00130,1014,0.4889,Cysteine-rich receptor-like protein kinase 3,,,,
168,VIT_06s0004g01550,1007,0.4888,Phosphoribosylanthranilate transferase,E2_4_2_18,,vv10400Phenylalanine_tyrosine_and_tryptophan_biosynthesis,
169,VIT_05s0029g00640,1010,0.4882,Retrotransposon,,,,
170,VIT_00s0218g00100,1006,0.4867,Metal transporter Nramp6,NRAMP6,,vv50124Porters_cat_30_to_64,
171,VIT_05s0049g01400,999,0.4828,Alcohol oxidase,E1_1_3_13,,vv10680Methane_metabolism,
172,VIT_08s0058g01110,997,0.4793,Ovate family protein 4 OFP4,OFP4_1,,vv60086OFP,
173,VIT_14s0006g02320,989,0.4792,Nuclear transcription factor Y subunit C-4,NFYC4,,vv60021CCAAT,
174,VIT_08s0007g01750,990,0.4773,Acetyl co-enzyme A carboxylase carboxyltransferase alpha subunit,E6_4_1_2,,vv10061Fatty_acid_biosynthesis,vv10620Pyruvate_metabolism
175,VIT_06s0004g06570,983,0.4765,Calcium/proton exchanger CAX3,K07300_CAX3,,vv50123Porters_cat_18_to_29,
176,VIT_19s0014g04900,978,0.4759,(-)-germacrene D synthase,E4_2_3_22,,vv10900Terpenoid_biosynthesis,
177,VIT_02s0025g04550,979,0.4725,Glucose-methanol-choline (GMC) oxidoreductase,E1_1_99_1,,vv10260Glycine_serine_and_threonine_metabolism,
178,VIT_15s0048g02680,975,0.4706,Calmodulin-binding region IQD17,,,,
179,VIT_14s0066g00300,974,0.4687,Unknown,,,,
180,VIT_14s0006g00570,963,0.4672,Unknown protein,,,,
181,VIT_09s0002g03620,970,0.4670,NADP-dependent malic enzyme,E1_1_1_39,,vv10620Pyruvate_metabolism,vv10710Carbon_fixation
182,VIT_00s0187g00240,956,0.4623,SWIB complex BAF60b domain-containing protein,SWIB_5,,vv60092SWIB,
183,VIT_17s0000g07950,946,0.4586,Unknown protein,,,,
184,VIT_18s0001g15260,950,0.4585,Myb domain protein 52,MYB52_1,MYB170,vv60044MYB,
185,VIT_15s0046g01640,945,0.4576,Abl interactor protein 1 (ABIL1),,,,
186,VIT_16s0098g00350,949,0.4576,SDG29 (SET Domain group 29),SDG29_1,,vv60048PHD,
187,VIT_10s0003g01010,941,0.4572,Lipase GDSL,,,,
188,VIT_08s0040g00490,934,0.4506,Caspase,E3_4_22_36,,,
189,VIT_18s0122g01280,924,0.4475,Niemann-Pick C1 protein precursor,NPC1,,vv50121Porters_cat_1_to_6,
190,VIT_09s0054g01370,929,0.4468,Beta-amyrin synthase,E5_4_99_BAS,,vv10900Terpenoid_biosynthesis,
191,VIT_01s0137g00170,919,0.4442,B-keto acyl reductase,,,,
192,VIT_11s0037g01400,917,0.4439,Zinc finger (C3HC4-type ring finger),ZFC3HC4_80,,vv60078Other_zf-C3HC4,
193,VIT_12s0057g01230,908,0.4393,No hit,,,,
194,VIT_15s0046g00700,905,0.4387,Wax synthase,E2_3_1_75,,vv11000Single_reactions,
195,VIT_13s0106g00250,914,0.4373,Carboxylic ester hydrolase,E3_1_1_1,,,
196,VIT_07s0141g00630,901,0.4348,Prenylated rab acceptor (PRA1),,,,
197,VIT_18s0041g02100<br>VIT_19s0085g00570,894,0.4346,
198,VIT_16s0022g00240,888,0.4302,EIX receptor 2,,,,
199,VIT_02s0087g00370,886,0.4291,Anthranilate N-hydroxycinnamoyl/benzoyltransferase,E2_3_1_144,,vv10400Phenylalanine_tyrosine_and_tryptophan_biosynthesis,
200,VIT_00s0215g00070,882,0.4255,ADP-ribosylation factor,,,,
201,VIT_11s0016g01490,884,0.4254,WAVY growth 2,,,,
202,VIT_07s0129g00710,875,0.4239,CYP81E1 Isoflavone 2'-hydroxylase,E1_14_13_89,,vv10943Isoflavonoid_biosynthesis,
203,VIT_14s0006g03090,874,0.4230,Cellulose synthase CESA9,E2_4_1_12_CESA9,,vv40006Cell_wall,
204,VIT_08s0032g00790,877,0.4227,ABC transporter G member 4,K05680,,vv52010ABC_transporters,
205,VIT_18s0001g09980,870,0.4211,Unknown protein,,,,
206,VIT_12s0059g02420,864,0.4172,Peroxidase ATP11A (gb|X98802).,E1_11_1_7,,vv10360Phenylalanine_metabolism,vv10680Methane_metabolism
207,VIT_07s0151g00850,859,0.4156,Unknown,,,,
208,VIT_05s0049g01450,856,0.4141,No hit,,,,
209,VIT_12s0142g00310,855,0.4136,Oxygen evolving enhancer 3 (PsbQ),K08901,,vv10195Photosynthesis,vv50113Thylakoid_targeting_pathway
210,VIT_18s0001g14660,857,0.4126,P-glycoprotein 13,PGP13,,vv52010ABC_transporters,
211,VIT_15s0024g00400,840,0.4046,R protein MLA10,K13475,,vv34627R_proteins_from_Plant-pathogen_interaction,
212,VIT_00s0199g00030,836,0.4025,Ubiquitin-specific protease 16,,,,
213,VIT_01s0011g05860,831,0.4020,Aspartate-semialdehyde dehydrogenase,E1_2_1_11,,vv10260Glycine_serine_and_threonine_metabolism,vv10300Lysine_biosynthesis
214,VIT_00s0125g00180,832,0.4019,Zinc finger (C3HC4-type ring finger),ZFC3HC4,,,
215,VIT_05s0020g04540,824,0.4008,Beta-ketoacyl-CoA synthase,E2_3_1_41,,vv10061Fatty_acid_biosynthesis,
216,VIT_10s0003g05420,820,0.3969,S-2-hydroxy-acid oxidase  peroxisomal,E1_1_3_15,,vv10630Glyoxylate_and_dicarboxylate_metabolism,
217,VIT_07s0104g00800,819,0.3958,Indole-3-acetic acid-amido synthetase GH3.6,AUXINBIOSYNTHESIS_GH3,,vv11002Auxin_biosynthesis,
218,VIT_14s0030g01950,809,0.3901,Transferase,,,,
219,VIT_00s0532g00050,803,0.3866,Basic helix-loop-helix ILR3,ILR3_4,,vv11002Auxin_biosynthesis,vv60011BHLH
220,VIT_17s0000g00120,799,0.3862,Exostosin,K02366,,vv11030Glycan_structures-biosynthesis1,
221,VIT_15s0046g02120,796,0.3838,EMB3001 (embryo defective 3001),,,,
222,VIT_02s0087g00420,787,0.3787,Zinc finger (C3HC4-type ring finger),ZFC3HC4_14,,vv60078Other_zf-C3HC4,
223,VIT_00s0322g00030,783,0.3775,Alpha-6-galactosyltransferase,E2_4_2_39,,vv40006Cell_wall,
224,VIT_12s0028g01240,774,0.3746,fanconi anemia  complementation group D2,,,,
225,VIT_14s0060g01810,767,0.3711,Unknown protein,,,,
226,VIT_13s0047g00340,765,0.3692,Ethylene-responsive transcription factor WRINKLED 1,WRINKLED1_3,VvAP2-20,vv30008Ethylene_signaling,vv60003AP2_EREBP
227,VIT_00s0245g00050,764,0.3689,Oleoyl-acyl carrier protein thioesterase  chloroplast precursor,E3_1_2_14,,vv10061Fatty_acid_biosynthesis,
228,VIT_00s0267g00030,761,0.3682,Unknown,,,,
229,VIT_01s0011g00080,764,0.3680,Universal stress protein (USP) family protein,,,,
230,VIT_03s0038g04500,763,0.3677,Bifunctional dihydrofolate reductase-thymidylate synthase 1,K13998,,vv10240Pyrimidine_metabolism,vv10670One_carbon_pool_by_folate
231,VIT_14s0068g02230,761,0.3676,No hit,,,,
232,VIT_11s0016g04840,763,0.3675,Avr9/Cf-9 rapidly elicited protein 11,,,,
233,VIT_05s0020g02200,764,0.3671,Inosine-uridine preferring nucleoside hydrolase,E3_2_2_1,,vv10230Purine_metabolism,vv10760Nicotinate_and_nicotinamide_metabolism
234,VIT_14s0068g00400,759,0.3665,Hydrolase  alpha/beta fold family,,,,
235,VIT_15s0048g03000,750,0.3639,GTPase RABA3,K07976,,,
236,VIT_04s0044g01860,754,0.3632,Auxin efflux carrier,AUXEFF,,vv50004Auxin_transport,vv50125Porters_cat_66_to_94
237,VIT_05s0077g00870,748,0.3617,Lipase GDSL,,,,
238,VIT_10s0116g01040,744,0.3610,Stigma-specific Stig1,,,,
239,VIT_18s0122g01400,730,0.3516,Exostosin family protein,K02366,,vv11030Glycan_structures-biosynthesis1,
240,VIT_09s0002g01250,728,0.3512,Unknown protein,,,,
241,VIT_02s0025g03130<br>VIT_02s0025g03120,724,0.3486,
242,VIT_00s0266g00090,722,0.3485,ARK3 (Arabidopsis Receptor Kinase 3),,,,
243,VIT_06s0004g01340,724,0.3484,Esterase/lipase/thioesterase,,,,
244,VIT_08s0040g00720,719,0.3455,Snf1 protein kinase (KIN10) (SKIN10),K08800,,,
245,VIT_13s0067g01180,698,0.3395,Leaf senescence related,,,,
246,VIT_14s0066g00820,704,0.3391,Unknown protein,,,,
247,VIT_16s0050g02390,695,0.3374,Plastid division protein PDV1,PDV1,,vv44110Cell_cycle,
248,VIT_06s0009g03390,694,0.3358,No hit,,,,
249,VIT_05s0020g02680,694,0.3341,Zinc finger (C3HC4-type ring finger),ZFC3HC4_220,,vv60078Other_zf-C3HC4,
250,VIT_14s0066g02410,690,0.3322,Betaine-aldehyde dehydrogenase,E1_2_1_8,,vv10260Glycine_serine_and_threonine_metabolism,vv50101Channels_and_pores
251,VIT_11s0016g05340,686,0.3317,Ethylene-responsive transcription factor SHINE 3,SHINE3_2,VvERF043,vv30008Ethylene_signaling,vv60003AP2_EREBP
252,VIT_13s0084g00740,678,0.3286,No hit,,,,
253,VIT_11s0016g01310,675,0.3275,TT2 (transparent testa 2),TT2_5,MYBPA4,vv44110Cell_cycle,vv60044MYB
254,VIT_16s0022g02350,678,0.3272,ACI13,,,,
255,VIT_18s0001g12620,675,0.3256,U-box domain-containing protein,,,,
256,VIT_02s0012g01680,673,0.3254,Trehalose phosphatase 5,E3_1_3_12,,vv10500Starch_and_sucrose_metabolism,
257,VIT_13s0019g01990,667,0.3232,Phospholipid/glycerol acyltransferase,E2_3_1_51,,vv10561Glycerolipid_metabolism,vv10564Glycerophospholipid_metabolism
258,VIT_13s0019g02430,663,0.3226,LIM domain containing protein,LIMDOM_2,,vv60040LIM,
259,VIT_06s0004g01480,662,0.3214,Lipoxygenase LOX1,E1_13_11_12,,vv10592alpha-Linolenic_acid_metabolism,
260,VIT_10s0071g00270,669,0.3204,Abscisic acid-insensitive protein 3 (ABI3),ABI3_1,,vv30001ABA_signaling,vv30003Auxin_signaling
261,VIT_16s0039g01900,660,0.3193,Myb KAN2 (KANADI 2),KANADI2_2,,vv60029G2-like,
262,VIT_19s0015g02530,657,0.3177,No hit,,,,
263,VIT_18s0001g10820,660,0.3173,Proteasome 26S regulatory subunit (RPN11),K03030,,vv23050Proteasome,
264,VIT_17s0000g09270,648,0.3153,MATE efflux family protein,MATE,,vv50125Porters_cat_66_to_94,
265,VIT_04s0008g02250,652,0.3129,Beta-ketoacyl-CoA synthase,E2_3_1_41,,vv10061Fatty_acid_biosynthesis,
266,VIT_09s0002g06120,650,0.3128,Biotin carboxyl carrier protein of acetyl-CoA carboxylase,E6_4_1_2,,vv10061Fatty_acid_biosynthesis,vv10620Pyruvate_metabolism
267,VIT_12s0028g03620,644,0.3114,Unknown protein,,,,
268,VIT_12s0028g03110,641,0.3106,Caffeoyl-CoA 3-O-methyltransferase,E2_1_1_104,,vv10940Phenylpropanoid_biosynthesis,
269,VIT_08s0007g00040,631,0.3039,Histone H4,,,,
270,VIT_15s0046g00630,624,0.3036,Wax synthase,E2_3_1_75,,vv11000Single_reactions,
271,VIT_07s0031g01270,627,0.3029,Ring-H2 finger A2A,RHA2A,,vv60078Other_zf-C3HC4,
272,VIT_02s0012g00660,622,0.3016,Calcium-binding EF-hand,,,,
273,VIT_03s0088g00070,621,0.3009,No hit,,,,
274,VIT_14s0060g01090,620,0.3005,LNG1 (LONGIFOLIA1),,,,
275,VIT_19s0015g01170,623,0.3005,MYB divaricata,DIVARICATA_5,,vv30009Flower_development,vv60044MYB
276,VIT_08s0058g01270,623,0.3005,Zinc finger (C3HC4-type ring finger),ZFC3HC4_94,,vv60078Other_zf-C3HC4,
277,VIT_18s0122g01240,619,0.3002,Serine/threonine Protein kinase BNK1,,,,
278,VIT_14s0068g00140,618,0.2964,No hit,,,,
279,VIT_00s0245g00010,613,0.2958,Integral membrane protein,,,,
280,VIT_12s0057g00820,613,0.2951,Leucine-rich repeat,,,,
281,VIT_18s0001g10830,610,0.2931,Patatin,,,,
282,VIT_03s0038g03160<br>VIT_03s0038g03140,602,0.2911,
283,VIT_06s0004g06730,598,0.2893,Microsomal omega-3 fatty acid desaturase,K10257,,vv11040Biosynthesis_of_unsaturated_fatty_acids,
284,VIT_00s0301g00180,593,0.2883,NADPH quinone oxidoreductase,E1_6_5_5,,vv10740Riboflavin_metabolism,
285,VIT_17s0000g09610,594,0.2871,CYP71D10,E1_14_13_73,,vv10902Monoterpenoid_biosynthesis,
286,VIT_13s0064g00970,588,0.2854,F-type H+-transporting ATPase oligomycin sensitivity conferral,K02137,,vv10190Oxidative_phosphorylation,vv50131Primary_active_transporter_cat_A2_to_A4
287,VIT_01s0026g01340,592,0.2852,Glutathione S-transferase 29 GSTU18,E2_5_1_18_GSTU18,,vv10480Glutathione_metabolism,
288,VIT_11s0037g00790,585,0.2838,Serine carboxypeptidase II,,,,
289,VIT_10s0003g02120,583,0.2825,Lipase GDSL,,,,
290,VIT_06s0061g00470,580,0.2802,Myb domain protein 36,MYB36_1,MYB149,vv60044MYB,
291,VIT_01s0011g03380,576,0.2802,Dihydrolipoamide S-acetyltransferase (LTA2),E2_3_1_12,,vv10010Glycolysis,vv10252Alanine_and_aspartate_metabolism
292,VIT_04s0008g01450,577,0.2797,Cyclopropane-fatty-acyl-phospholipid synthase,E2_1_1_79,,vv10271Methionine_metabolism,
293,VIT_14s0060g01830,574,0.2766,Unknown protein,,,,
294,VIT_13s0067g02910,575,0.2766,Non-specific lipid-transfer protein,,,,
295,VIT_14s0083g01130,569,0.2763,MAP3K-like protein kinase  putative  expressed,,,,
296,VIT_01s0244g00180,569,0.2761,CTV.20,,,,
297,VIT_09s0002g05000,566,0.2717,R protein disease resistance protein,RPROT,,vv34627R_proteins_from_Plant-pathogen_interaction,
298,VIT_12s0142g00130,560,0.2683,MAPK (MPK20),,,,
299,VIT_15s0046g02410,554,0.2680,Aquaporin TMP-C,TMPC,,vv50101Channels_and_pores,
300,VIT_19s0014g03720,540,0.2624,Unknown protein,,,,
301,VIT_04s0008g00860,538,0.2603,Ndr family protein,,,,
302,VIT_19s0014g03930,541,0.2602,TRM5 tRNA methyltransferase 5,K07055,,,
303,VIT_15s0046g02660,535,0.2582,Sas10/U3 ribonucleoprotein,,,,
304,VIT_15s0046g00680,530,0.2572,Wax synthase,E2_3_1_75,,vv11000Single_reactions,
305,VIT_07s0129g00070<br>VIT_07s0129g00150,532,0.2570,
306,VIT_18s0001g12690,534,0.2566,Isoflavone reductase protein 4,E1_3_1_45,,vv10943Isoflavonoid_biosynthesis,
307,VIT_00s0347g00120,528,0.2566,S-locus lectin protein kinase,,,,
308,VIT_01s0026g02030,524,0.2520,Basic helix-loop-helix (bHLH) family,BHLHDOM_59,,vv60011BHLH,
309,VIT_03s0038g03940,518,0.2516,Tonoplast monosaccharide transporter2,TMT2,,vv50121Porters_cat_1_to_6,
310,VIT_17s0000g04450,521,0.2514,Phospholipid-transporting ATPase,K01530,,vv50131Primary_active_transporter_cat_A2_to_A4,
311,VIT_18s0089g01270,520,0.2507,Heat shock protein precursor 22.0 kDa class IV,K13993,,vv24141Protein_processing_in_endoplasmic_reticulum,
312,VIT_00s0286g00130,517,0.2486,S-locus lectin protein kinase,,,,
313,VIT_03s0017g00900<br>VIT_05s0102g01010,517,0.2476,
314,VIT_02s0025g03150,510,0.2448,Nuclear pore complex protein Nup98-Nup96,K14297,,vv23013RNA_transport,vv50109Incompletely_characterized_transport_systems
315,VIT_13s0139g00010,509,0.2448,R protein MLA10,K13475,,vv34627R_proteins_from_Plant-pathogen_interaction,
316,VIT_19s0135g00080,505,0.2442,No hit,,,,
317,VIT_15s0046g00310,504,0.2436,Transcription factor TINY,ERF023,VvERF015,vv30008Ethylene_signaling,vv60003AP2_EREBP
318,VIT_03s0038g01790,502,0.2436,Basic helix-loop-helix (bHLH) family,BHLHDOM_38,,vv60011BHLH,
319,VIT_17s0000g02700,496,0.2415,Alpha-dioxygenase 2,K10529,,vv10592alpha-Linolenic_acid_metabolism,
320,VIT_18s0001g04180,497,0.2401,Auxin response factor ARF17,ARF17,,vv30003Auxin_signaling,vv60004ARF
321,VIT_19s0085g00030,491,0.2377,Unknown protein,,,,
322,VIT_06s0004g06720,489,0.2371,Microsomal omega-3 fatty acid desaturase,K10257,,vv11040Biosynthesis_of_unsaturated_fatty_acids,
323,VIT_00s0160g00220,491,0.2364,Unknown protein,,,,
324,VIT_18s0072g01050,485,0.2354,SNARE associated gtk16 protein,,,,
325,VIT_18s0001g14480,491,0.2354,Thaumatin SCUTL1,,,,
326,VIT_09s0054g00430,484,0.2337,Unknown protein,,,,
327,VIT_13s0067g02390,482,0.2336,Unknown,,,,
328,VIT_00s0420g00040,478,0.2311,S-locus lectin protein kinase,,,,
329,VIT_15s0046g01960,469,0.2270,Hydroquinone glucosyltransferase,E2_4_1_218,,vv10500Starch_and_sucrose_metabolism,
330,VIT_02s0025g02970,470,0.2266,flavanone 3-beta-hydroxylase,E1_14_11_9,,vv10941Flavonoid_biosynthesis,
331,VIT_08s0058g01030,465,0.2258,Saposin B domain-containing protein,SAPB,,vv50101Channels_and_pores,
332,VIT_17s0000g03150,466,0.2258,No hit,,,,
333,VIT_10s0116g01870,460,0.2232,MATE efflux family protein,MATE,,vv50125Porters_cat_66_to_94,
334,VIT_16s0050g00830,462,0.2222,Beta-ketoacyl-CoA synthase,E2_3_1_41,,vv10061Fatty_acid_biosynthesis,
335,VIT_07s0005g01040,452,0.2190,Glycosyl transferase family 8 protein,,,,
336,VIT_07s0005g05210,453,0.2179,No hit,,,,
337,VIT_03s0038g02380,447,0.2171,RAC G-protein Rac1,RAC1,,vv34020Calcium_signaling_pathway,
338,VIT_12s0034g00250,448,0.2168,Aquaporin PIP1A,PIP1A,,vv50101Channels_and_pores,
339,VIT_03s0063g00410,448,0.2153,Alpha-amylase,E3_2_1_1,,vv10500Starch_and_sucrose_metabolism,
340,VIT_07s0104g00270,444,0.2142,Isopentenyltransferase 5,E2_5_1_27,,vv10908Zeatin_biosynthesis,
341,VIT_18s0001g06640,443,0.2140,Zinc finger (C3HC4-type ring finger),ZFC3HC4_60,,vv60078Other_zf-C3HC4,
342,VIT_15s0046g00710,440,0.2135,Wax synthase,E2_3_1_75,,vv11000Single_reactions,
343,VIT_10s0116g01140,431,0.2097,Stigma-specific Stig1,,,,
344,VIT_16s0013g01730,435,0.2096,Receptor Like Protein 35,,,,
345,VIT_12s0035g00880,431,0.2094,Lactoylglutathione lyase,E4_4_1_5,,vv10620Pyruvate_metabolism,
346,VIT_12s0055g01140,429,0.2078,Lipid transfer protein,LTP,,,
347,VIT_15s0024g00410,424,0.2052,Lectin,,,,
348,VIT_00s0399g00020,422,0.2035,Protease inhibitor/seed storage/lipid transfer protein (LTP),,,,
349,VIT_13s0067g03890,415,0.2012,Beta-ketoacyl-CoA synthase,E2_3_1_41,,vv10061Fatty_acid_biosynthesis,
350,VIT_11s0016g00640,418,0.2011,Auxin response factor 11 ARF19,ARF19,,vv30003Auxin_signaling,vv60004ARF
351,VIT_03s0017g01440,412,0.2010,Berberine bridge enzyme,E1_21_3_3,,vv10950Alkaloid_biosynthesis_I,
352,VIT_02s0012g02030,411,0.1997,Homeobox-7,VVHB7_1,VvHB09,vv60034HB,
353,VIT_03s0017g00920,409,0.1980,R protein  PRF  disease resistance protein,K13453,,vv34627R_proteins_from_Plant-pathogen_interaction,
354,VIT_00s2380g00010,402,0.1962,S-locus lectin protein kinase,,,,
355,VIT_05s0124g00090,402,0.1938,Golgi transport 1 protein B,GOT1B,,vv50109Incompletely_characterized_transport_systems,
356,VIT_12s0034g02570,401,0.1937,Leucine Rich Repeat receptor-like kinase,,,,
357,VIT_13s0064g01480,400,0.1929,Lipoxygenase LOX1,E1_13_11_12,,vv10592alpha-Linolenic_acid_metabolism,
358,VIT_06s0009g00480,397,0.1927,Aluminium-tolerance ALMT1,ALMT1,,vv50125Porters_cat_66_to_94,
359,VIT_13s0019g02710,398,0.1919,Rho guanyl-nucleotide exchange factor ROPGEF5,ROPGEF5,,,
360,VIT_10s0042g01010,391,0.1883,CYP714A1,,,,
361,VIT_12s0134g00010,389,0.1882,Phototropic-responsive NPH3 protein,,,,
362,VIT_18s0001g07360,388,0.1873,ER6 protein universal stress protein (USP) family,USPER6,,vv30008Ethylene_signaling,
363,VIT_14s0068g00150,386,0.1863,No hit,,,,
364,VIT_00s0184g00130,384,0.1856,R protein L6,K13477,,vv34627R_proteins_from_Plant-pathogen_interaction,
365,VIT_08s0007g03360,384,0.1855,EMB1345 (embryo defective 1345),,,,
366,VIT_09s0054g00690,383,0.1854,Vacuolar processing enzyme alpha,,,,
367,VIT_11s0016g04600,382,0.1843,Myb family,MYBGE_14,,vv60029G2-like,
368,VIT_15s0046g01820,376,0.1808,Ring-H2 finger B1A,RHB1A,,vv60078Other_zf-C3HC4,
369,VIT_09s0002g00420,373,0.1801,Senescence-associated protein,,,,
370,VIT_09s0054g01440,367,0.1788,Beta-amyrin synthase,E5_4_99_BAS,,vv10900Terpenoid_biosynthesis,
371,VIT_05s0062g01140,367,0.1786,Aromatic and neutral transporter 1,ANT1,,vv50123Porters_cat_18_to_29,
372,VIT_12s0035g00010,353,0.1721,DNA (cytosine-5)-methyltransferase (ATHIM),E2_1_1_37,,vv10271Methionine_metabolism,
373,VIT_18s0001g12030,356,0.1716,Uracil-DNA glycosylase,K03648,,vv23410Base_excision_repair,
374,VIT_05s0051g00330,355,0.1713,F-box domain containing protein,,,,
375,VIT_01s0011g04710,348,0.1685,Copper-binding family protein,,,,
376,VIT_13s0074g00450,347,0.1676,DEMETER protein (DME),,,,
377,VIT_06s0004g01750,345,0.1668,Polygalacturonase inhibitor protein,PGIP,,,
378,VIT_10s0003g03270,338,0.1630,Inward rectifying potassium channel,SIRK,,vv30001ABA_signaling,vv50101Channels_and_pores
379,VIT_00s0245g00030,336,0.1624,Integral membrane family protein,,,,
380,VIT_04s0044g00360,336,0.1621,MTN21,MTN21,,vv50122Porters_cat_7_to_17,
381,VIT_00s0187g00190,335,0.1615,SWIB complex BAF60b domain-containing protein,SWIB_4,,vv60092SWIB,
382,VIT_18s0041g00900,332,0.1607,UDP-glycosyltransferase 88A4,,,,
383,VIT_03s0063g00200,331,0.1601,Histidinol-phosphatase,E3_1_3_15,,vv10340Histidine_metabolism,
384,VIT_04s0008g03950,330,0.1591,RD22,,,,
385,VIT_15s0048g02150,325,0.1579,Methionine aminopeptidase 2B,E3_4_11_18,,,
386,VIT_17s0000g00950,326,0.1572,Hydroxycinnamoyl-CoA quinate hydroxycinnamoyltransferase,E2_3_1_99,,vv10940Phenylpropanoid_biosynthesis,
387,VIT_09s0002g02690,320,0.1545,3'-5' exonuclease domain-containing protein,K01146,,,
388,VIT_07s0031g01250,316,0.1539,1-acylglycerone phosphate reductase,E1_1_1_101,,vv10564Glycerophospholipid_metabolism,vv10565Ether_lipid_metabolism
389,VIT_07s0005g00510,316,0.1525,Monoglyceride lipase,E3_1_1_23,,vv10561Glycerolipid_metabolism,
390,VIT_03s0063g00670,316,0.1524,Cyclin-dependent kinase inhibitor ICK5,ICK5,,vv44110Cell_cycle,
391,VIT_09s0002g02980,302,0.1467,FRK1 (FLG22-induced receptor-like kinase 1),FRK1,,vv34626Plant-pathogen_interaction,
392,VIT_12s0057g00860,303,0.1466,CF9,K13446,,vv34626Plant-pathogen_interaction,
393,VIT_07s0129g00270,300,0.1449,Casein kinase II alpha chain,K03097,,vv23008Ribosome_biogenesis_in_Eukaryotes,vv34710Circadian_rhythm
394,VIT_12s0059g00190,296,0.1442,Beta-expansin (EXPB3),EXPB3,,vv30003Auxin_signaling,
395,VIT_19s0015g00740,297,0.1437,Prefoldin,,,,
396,VIT_02s0025g02630,295,0.1432,Lipase GDSL,,,,
397,VIT_05s0077g00530,296,0.1429,Unknown protein,,,,
398,VIT_17s0053g00590,292,0.1408,Kinase interacting protein,,,,
399,VIT_03s0038g00730,291,0.1406,No hit,,,,
400,VIT_08s0007g05360,290,0.1404,Strictosidine synthase,E4_3_3_2,,vv10900Terpenoid_biosynthesis,vv10902Monoterpenoid_biosynthesis
401,VIT_16s0039g00010,291,0.1402,ABC transporter G member 7,ABCG7,,vv52010ABC_transporters,
402,VIT_18s0001g09260,289,0.1395,Unknown protein,,,,
403,VIT_12s0028g03780,277,0.1348,Riboflavin synthase alpha chain,E2_5_1_9,,vv10740Riboflavin_metabolism,
404,VIT_00s1542g00010,277,0.1348,Receptor protein kinase,,,,
405,VIT_01s0010g00710,277,0.1340,Armadillo/beta-catenin repeat protein / U-box domain-containing protein ,,,,
406,VIT_12s0059g02460,274,0.1329,Histone-lysine N-methyltransferase ATXR2,E2_1_1_43ATXR2,,vv10300Lysine_biosynthesis,vv60056SET_PCG
407,VIT_16s0098g00190,273,0.1327,Receptor kinase homolog LRK10,,,,
408,VIT_01s0011g02080,273,0.1319,Ribosomal protein L36a/L44 (RPL36aB) 60S,K02920,,vv23010Ribosome,
409,VIT_16s0098g01730,270,0.1313,RWP-RK domain-containing protein,RWPRKDOM_6,,vv60052RWP-RK,
410,VIT_02s0025g02600,267,0.1299,Glyoxal oxidase,,,,
411,VIT_12s0035g00620,268,0.1297,BZIP transcription factor,BZIPDOM_15,VvbZIP32,vv60012BZIP,
412,VIT_07s0005g02210,267,0.1290,Transducin protein,,,,
413,VIT_09s0018g01340<br>VIT_09s0018g01360,266,0.1288,
414,VIT_07s0005g00880,265,0.1275,fumarate hydratase,E4_2_1_2,,vv10020Citrate_cycle,vv10720Reductive_carboxylate_cycle
415,VIT_07s0005g01670,259,0.1251,No hit,,,,
416,VIT_08s0056g01130,258,0.1243,Mini zinc finger 2 MIF2,MIF2_2,,vv60068Zf-HD,
417,VIT_06s0004g01500,257,0.1241,Lipoxygenase (LOX2),E1_13_11_12,,vv10592alpha-Linolenic_acid_metabolism,
418,VIT_03s0180g00240,259,0.1240,No hit,,,,
419,VIT_01s0011g04940,254,0.1229,No hit,,,,
420,VIT_12s0142g00640,253,0.1225,FLS2 (flagellin-sensitive 2),K13420,,vv34626Plant-pathogen_interaction,
421,VIT_05s0124g00100,248,0.1203,Unknown,,,,
422,VIT_11s0037g01210,247,0.1195,Eceriferum 1 (CER1 protein) Sterol desaturase,,,,
423,VIT_09s0054g00700,245,0.1189,Vacuolar-pyrophosphatase like protein 1 AVPL1,K01507,,vv10190Oxidative_phosphorylation,vv50133Primary_active_transporter_cat_A9_to_A18
424,VIT_13s0019g04460,244,0.1178,Phenylalanine ammonia-lyase 2 (PAL2),E4_3_1_5,,vv10350Tyrosine_metabolism,vv10360Phenylalanine_metabolism
425,VIT_01s0011g02780,238,0.1153,Unknown protein,,,,
426,VIT_08s0058g00350,232,0.1125,OAS high accumulation 1 OSH1,,,,
427,VIT_04s0043g00720,231,0.1121,Transketolase,E2_2_1_1,,vv10030Pentose_phosphate,vv10710Carbon_fixation
428,VIT_05s0049g00220,230,0.1112,2-oxoglutarate-dependent dioxygenase,,,,
429,VIT_14s0060g01080,227,0.1099,ferroportin,FERROPORTIN,,vv50109Incompletely_characterized_transport_systems,
430,VIT_12s0034g02560,226,0.1095,DNA (cytosine-5)-methyltransferase (ATHIM),E2_1_1_37,,vv10271Methionine_metabolism,
431,VIT_00s0361g00090,224,0.1085,Phototropic-responsive NPH3 protein,,,,
432,VIT_05s0094g00960,224,0.1084,UDP-xylose phenolic glycosyltransferase,,,,
433,VIT_16s0100g00230,223,0.1079,Glucose-methanol-choline (GMC) oxidoreductase family protein,E1_1_99_1,,vv10260Glycine_serine_and_threonine_metabolism,
434,VIT_15s0021g02660,223,0.1077,F-box domain containing protein,,,,
435,VIT_02s0025g01190,223,0.1076,Extra-large G-protein (XLG1),,,,
436,VIT_03s0017g01130,220,0.1065,Cis-zeatin O-beta-D-glucosyltransferase,E2_4_1_215,,vv10908Zeatin_biosynthesis,
437,VIT_04s0044g00110,219,0.1056,High-mobility group B 2,HMGB2,,vv60035HMG,
438,VIT_19s0015g01210,217,0.1053,KH domain-containing protein,,,,
439,VIT_08s0007g00950,218,0.1045,No hit,,,,
440,VIT_10s0116g01640,214,0.1044,Glucan endo-1 3-beta-glucosidase 3 precursor,E3_2_1_39,,vv10500Starch_and_sucrose_metabolism,
441,VIT_03s0038g03550,209,0.1012,Unknown protein,,,,
442,VIT_00s0532g00070,207,0.1005,CRK10 (cysteine-rich RLK10); kinase,,,,
443,VIT_04s0023g01750,207,0.0998,TVLP1,,,,
444,VIT_04s0044g00390,205,0.0993,Nodulin MtN21 family,MTN21,,vv50122Porters_cat_7_to_17,
445,VIT_00s0199g00190,202,0.0971,14-3-3 protein GF14 kappa (GRF8),,,,
446,VIT_01s0011g01840,197,0.0951,No hit,,,,
447,VIT_13s0074g00540,196,0.0947,Lysine histidine transporter 1,LHT1,,vv50123Porters_cat_18_to_29,
448,VIT_06s0004g03360,196,0.0946,Carbamoyl phosphate synthase large subunit,E6_3_5_5,,vv10240Pyrimidine_metabolism,vv10251Glutamate_metabolism
449,VIT_06s0004g07030,190,0.0921,MRH1 (morphogenesis of root hair 1),,,,
450,VIT_11s0016g01280,189,0.0913,DNA-directed RNA polymerase III subunit C4,K03026,,vv23020RNA_polymerase,
451,VIT_16s0022g00090,188,0.0912,No hit,,,,
452,VIT_06s0004g03210,189,0.0907,Unknown,,,,
453,VIT_02s0025g04410,188,0.0903,Beta-ketoacyl-CoA synthase,E2_3_1_41,,vv10061Fatty_acid_biosynthesis,
454,VIT_09s0002g05560,186,0.0902,ABC transporter g family pleiotropic drug resistance 12 PDR12,ABCGPDR12,,vv52010ABC_transporters,
455,VIT_05s0049g01810,186,0.0900,No hit,,,,
456,VIT_09s0002g03750,183,0.0894,GATA transcription factor 11,GAT11_2,,vv60016C2C2-GATA,
457,VIT_05s0049g00010,185,0.0890,Cellulose synthase CSLG2,E2_4_1_12_CSLG2,,vv40006Cell_wall,
458,VIT_19s0014g04370,185,0.0889,No hit,,,,
459,VIT_09s0002g01980,183,0.0883,Myosin-like protein XIK,MYOSINXIK,,vv44810Regulation_of_actin_cytoskeleton,
460,VIT_08s0007g05200,182,0.0875,Nudix hydrolase 16,,,,
461,VIT_06s0080g00560,181,0.0866,Beta-alanine synthase,E3_5_1_53,,vv10220Urea_cycle_and_metabolism_of_amino_groups,
462,VIT_11s0052g00870,179,0.0864,IAA33,IAA33,,vv30003Auxin_signaling,vv60008AUXIAA
463,VIT_18s0001g10350,178,0.0860,Subtilase family protein,ARA12,,vv50101Channels_and_pores,
464,VIT_10s0092g00150,176,0.0852,Patatin protein 3,,,,
465,VIT_03s0038g03090,174,0.0840,Catechol O-methyltransferase,E2_1_1_6,,vv10350Tyrosine_metabolism,
466,VIT_17s0000g09980,170,0.0831,REF6 (relative of early flowering 6),REF6,,vv30009Flower_development,vv60038Jumonji
467,VIT_19s0015g00510,171,0.0826,Pectate lyase 2,E4_2_2_2,,vv40006Cell_wall,
468,VIT_01s0146g00370,169,0.0823,Armadillo/beta-catenin repeat,,,,
469,VIT_00s0261g00040,167,0.0807,Unknown protein,,,,
470,VIT_04s0008g04920,167,0.0804,2-oxoglutarate-dependent dioxygenase,,,,
471,VIT_05s0062g00820,165,0.0799,Unknown protein,,,,
472,VIT_05s0020g04670,165,0.0798,No hit,,,,
473,VIT_04s0008g06490,164,0.0796,Unknown protein,,,,
474,VIT_05s0062g01180,162,0.0785,Importin beta-2,K14293_2,,vv23013RNA_transport,vv50109Incompletely_characterized_transport_systems
475,VIT_18s0001g14810,160,0.0779,Lipase 3 (EXL3) family II extracellular,,,,
476,VIT_04s0008g02870,161,0.0779,Transcription factor,TRIHELIXDOM_12,,vv60062Trihelix,
477,VIT_04s0008g03800,161,0.0778,RNA recognition motif (RRM)-containing protein,,,,
478,VIT_18s0001g03040,157,0.0763,No hit,,,,
479,VIT_12s0059g00200,157,0.0763,Lanthionine synthetase C,,,,
480,VIT_08s0007g00710,157,0.0758,Unknown,,,,
481,VIT_02s0012g01670,155,0.0753,R-mandelonitrile lyase isoform 1 precursor,E4_1_2_10,,vv10460Cyanoamino_acid_metabolism,
482,VIT_00s0347g00110,156,0.0749,S-locus lectin protein kinase,,,,
483,VIT_04s0008g02520,151,0.0733,ATP binding protein,,,,
484,VIT_16s0013g01300,151,0.0731,No hit,,,,
485,VIT_06s0009g01360,151,0.0730,R protein  PRF  disease resistance protein,K13453,,vv34627R_proteins_from_Plant-pathogen_interaction,
486,VIT_07s0141g01050,151,0.0728,No hit,,,,
487,VIT_04s0008g01290,149,0.0722,CGA1 (cytokinin-responsive GATA factor 1),CGA1,,vv30007Cytokinin_signaling,vv60016C2C2-GATA
488,VIT_05s0102g00370,149,0.0722,Receptor protein kinase (ACR4),,,,
489,VIT_12s0028g03050,148,0.0718,NAC domain-containing protein 73,NAC073_2,VvNAC34,vv60046NAC,
490,VIT_16s0100g00130,149,0.0716,Protein phosphatase 2C / PP2C,E3_1_3_16,,,
491,VIT_19s0085g00110,147,0.0711,ABC transporter B member 11,K05664,,vv52010ABC_transporters,
492,VIT_04s0008g01800,143,0.0691,Myb domain protein 7,MYB7_3,MYBPA7,vv60044MYB,
493,VIT_14s0068g02010,142,0.0690,IMP dehydrogenase/GMP reductase,E1_1_1_205,,vv10230Purine_metabolism,
494,VIT_08s0040g00040,142,0.0683,Ubiquitin-conjugating enzyme E2 D/E,K06689,,vv24120Ubiquitin_mediated_proteolysis,vv24141Protein_processing_in_endoplasmic_reticulum
495,VIT_06s0004g07770,140,0.0677,Peroxidase,E1_11_1_7,,vv10360Phenylalanine_metabolism,vv10680Methane_metabolism
496,VIT_04s0023g02790,138,0.0670,Dehydration-responsive protein,,,,
497,VIT_08s0007g05720,139,0.0669,No hit,,,,
498,VIT_05s0049g00120,135,0.0657,Unknown protein,,,,
499,VIT_14s0006g02890,136,0.0655,ATSYTE/NTMC2T3.2/NTMC2TYPE3.2/SYTE,NTMC2T3_2,,vv50109Incompletely_characterized_transport_systems,
500,VIT_15s0046g00500,135,0.0654,Wax synthase,E2_3_1_75,,vv11000Single_reactions,
501,VIT_19s0014g04930,134,0.0652,Germacrene-D synthase,E4_2_3_22,,vv10900Terpenoid_biosynthesis,
502,VIT_19s0085g00890,134,0.0652,Myb APL (altered phloem development),APL,,vv60029G2-like,
503,VIT_18s0001g00690,134,0.0649,Glutathione S-transferase 8 GSTF8,E2_5_1_18_GSTF8,,vv10480Glutathione_metabolism,
504,VIT_04s0008g03490,134,0.0647,Ankyrin repeat protein,,,,
505,VIT_01s0011g00560,133,0.0642,DREPP plasma membrane polypeptide,,,,
506,VIT_14s0030g01550,133,0.0639,Cysteine synthase 7  cytosolic,E2_5_1_47,,vv10272Cysteine_metabolism,vv10450Selenoamino_acid_metabolism
507,VIT_15s0046g00520,132,0.0637,Wax synthase,E2_3_1_75,,vv11000Single_reactions,
508,VIT_02s0241g00060,130,0.0623,Unknown protein,,,,
509,VIT_12s0034g02250,128,0.0619,Disease resistance protein (NBS class),,,,
510,VIT_19s0090g00840,127,0.0616,WRKY DNA-binding protein 6,WRKY6_2,VvWRKY55,vv60066WRKY,
511,VIT_11s0016g00880,128,0.0614,Strictosidine synthase; Soluble quinoprotein glucose dehydrogenase,E4_3_3_2,,vv10900Terpenoid_biosynthesis,vv10902Monoterpenoid_biosynthesis
512,VIT_08s0058g01210,126,0.0614,Non-specific lipid transfer protein LTP1,LTP1,,,
513,VIT_01s0244g00010,124,0.0598,Basic helix-loop-helix (bHLH) family,BHLHDOM_53,,vv60011BHLH,
514,VIT_04s0023g01300,123,0.0595,Aminopeptidase P,E3_4_11_9,,,
515,VIT_11s0052g00410,124,0.0595,Allyl alcohol dehydrogenase,,,,
516,VIT_06s0009g01000,122,0.0588,Zinc finger (C3HC4-type ring finger) CIC7E11,CIC7E11_2,,vv60078Other_zf-C3HC4,
517,VIT_11s0016g05050,121,0.0585,Kelch repeat-containing F-box protein,,,,
518,VIT_19s0177g00330,120,0.0580,Unknown protein,,,,
519,VIT_00s0216g00030,120,0.0576,Nuclear transport factor 2 (NTF2),NTF2,,vv50133Primary_active_transporter_cat_A9_to_A18,
520,VIT_05s0077g00820,116,0.0558,Unknown protein,,,,
521,VIT_03s0038g02390,113,0.0545,Ubiquitin-conjugating enzyme E2 D/E UBC28,K06689,,vv24120Ubiquitin_mediated_proteolysis,vv24141Protein_processing_in_endoplasmic_reticulum
522,VIT_05s0020g01900,112,0.0543,No hit,,,,
523,VIT_02s0025g04370,113,0.0542,S-N-methylcoclaurine 3'-hydroxylase,E1_14_13_71,,vv10950Alkaloid_biosynthesis_I,
524,VIT_00s0522g00010<br>VIT_00s0266g00010<br>VIT_00s0372g00070<br>VIT_00s0372g00080<br>VIT_00s0572g00010<br>VIT_00s0372g00040<br>VIT_00s0847g00020<br>VIT_00s0572g00020,111,0.0535,
525,VIT_16s0050g01700,109,0.0528,Receptor serine/threonine kinase PR5K,,,,
526,VIT_02s0025g00970,109,0.0525,ABC transporter C member 15,ABCC15,,vv52010ABC_transporters,
527,VIT_04s0044g01650,108,0.0521,GA 20-oxidase 2,E1_14_11_12,,vv10904Diterpenoid_biosynthesis,
528,VIT_03s0038g01960,106,0.0510,Proline-rich family protein,,,,
529,VIT_12s0034g02350,104,0.0506,R protein disease resistance protein,RPROT,,vv34627R_proteins_from_Plant-pathogen_interaction,
530,VIT_18s0041g00800,105,0.0506,UDP-glucose: anthocyanidin 5 3-O-glucosyltransferase,RHGT1,,vv10942Anthocyanin_biosynthesis,
531,VIT_05s0029g00480,103,0.0499,Eceriferum 2 (CER2),,,,
532,VIT_13s0019g04650,103,0.0496,Thioredoxin 8,,,,
533,VIT_00s0313g00040,102,0.0495,PAS2 (PASTICCINO 2),K10703,,vv11040Biosynthesis_of_unsaturated_fatty_acids,
534,VIT_07s0031g02440,103,0.0495,Amino acid permease 3,AAP3,,vv50123Porters_cat_18_to_29,
535,VIT_04s0023g02230,102,0.0493,S-adenosyl-L-methionine:salicylic acid carboxyl methyltransferase,SAMTBSCMT,,vv10360Phenylalanine_metabolism,
536,VIT_06s0004g01520,102,0.0493,Pentatricopeptide (PPR) repeat-containing,,,,
537,VIT_12s0028g01230,100,0.0485,fanconi anemia  complementation group D2,,,,
538,VIT_13s0047g00370,101,0.0485,Enoyl-CoA hydratase,E4_2_1_17,vv10650Butanoate_metabolism,vv10062Fatty_acid_elongation_in_mitochondria,vv10071Fatty_acid_metabolism
539,VIT_11s0016g03500,98,0.0478,Unknown protein,,,,
540,VIT_13s0019g01520,97,0.0472,Protease inhibitor/seed storage/lipid transfer protein (LTP),,,,
541,VIT_01s0026g00180,97,0.0467,Serine/threonine kinase protein,,,,
542,VIT_07s0005g02300,97,0.0466,EDA32 (embryo sac development arrest 32),,,,
543,VIT_18s0001g01750,96,0.0463,No hit,,,,
544,VIT_08s0007g02560,95,0.0457,Ovate family protein 13 OFP13,OFP13_1,,vv60086OFP,
545,VIT_05s0029g01480,95,0.0457,Receptor kinase TRKe,,,,
546,VIT_18s0001g02140,93,0.0452,Metal transporter Nramp1,NRAMP1,,vv50124Porters_cat_30_to_64,
547,VIT_00s0194g00320,93,0.0451,No hit,,,,
548,VIT_08s0105g00120,92,0.0449,No hit,,,,
549,VIT_00s0254g00010,93,0.0446,Unknown,,,,
550,VIT_05s0102g00880,92,0.0443,Strictosidine synthase,E4_3_3_2,,vv10900Terpenoid_biosynthesis,vv10902Monoterpenoid_biosynthesis
551,VIT_12s0035g02080,92,0.0442,Unknown protein,,,,
552,VIT_08s0007g04120,90,0.0438,CYPLXXVIA2,,,,
553,VIT_06s0004g03400,90,0.0436,Myosin heavy chain,K10352,,vv44810Regulation_of_actin_cytoskeleton,
554,VIT_11s0016g04160,89,0.0433,Sulfate transporter 3.5,SULTR3_5,,vv50124Porters_cat_30_to_64,
555,VIT_01s0137g00180,89,0.0430,B-keto acyl reductase,,,,
556,VIT_11s0016g00290,89,0.0430,Pectinesterase PME3,E3_1_1_11,,vv40006Cell_wall,
557,VIT_07s0031g01690,88,0.0428,No hit,,,,
558,VIT_09s0002g02220,86,0.0415,Protein kinase CDG1,,,,
559,VIT_00s0762g00010,84,0.0407,S-locus lectin protein kinase family,,,,
560,VIT_11s0065g00210,83,0.0401,Heat shock protein-related,,,,
561,VIT_14s0060g01940,81,0.0391,Epoxide hydrolase,E3_3_2_10,,,
562,VIT_01s0182g00130,80,0.0388,PHO1-like protein,PHO1,,vv50125Porters_cat_66_to_94,
563,VIT_18s0041g00330,79,0.0381,ATP-dependent protease La (LON) domain-containing protein,E3_4_21_53,,,
564,VIT_14s0060g02370,78,0.0379,DegP protease,E3_4_21_107,,,
565,VIT_01s0146g00060,78,0.0378,Glucose-6-phosphate 1-dehydrogenase 2  chloroplast precursor,E1_1_1_49,,vv10030Pentose_phosphate,vv10480Glutathione_metabolism
566,VIT_17s0000g05460,78,0.0377,Nodulin,,,,
567,VIT_05s0077g01670,77,0.0371,Major cherry allergen Pru av 1.0202,,,,
568,VIT_14s0128g00400,77,0.0371,Ras homolog gene family  member T1,K07870,,,
569,VIT_01s0011g00620,76,0.0368,14-3-3 protein GF14 iota (GRF12),,,,
570,VIT_13s0067g02790,76,0.0368,Cytochrome P450  family 79  subfamily A  polypeptide 2,K12153,,vv10966Glucosinolate_biosynthesis,
571,VIT_18s0001g12000,75,0.0362,Geranylgeranyl pyrophosphate synthetase 1  chloroplast precursor,E2_5_1_29,,vv10100Biosynthesis_of_steroids,vv10900Terpenoid_biosynthesis
572,VIT_09s0054g01290,73,0.0352,Beta-amyrin synthase,E5_4_99_BAS,,vv10900Terpenoid_biosynthesis,
573,VIT_18s0001g06840,73,0.0352,Peroxidase GvPx2b class III,E1_11_1_7,,vv10360Phenylalanine_metabolism,vv10680Methane_metabolism
574,VIT_13s0064g01490,72,0.0349,Lipoxygenase,E1_13_11_12,,vv10592alpha-Linolenic_acid_metabolism,
575,VIT_00s0187g00050,72,0.0347,No hit,,,,
576,VIT_08s0007g07140,71,0.0342,Esterase/lipase/thioesterase family protein,,,,
577,VIT_05s0020g04850,71,0.0341,H1flk,,,,
578,VIT_13s0019g04940,71,0.0340,KOW domain-containing factor family protein,KOWDOM,,,
579,VIT_19s0014g01940,70,0.0340,Unknown,,,,
580,VIT_18s0122g00590,69,0.0333,DNA-binding protein,,,,
581,VIT_00s1355g00010,69,0.0332,ATP-dependent Clp protease proteolytic subunit (ClpP4),E3_4_21_92,,,
582,VIT_08s0032g01220,68,0.0331,Calcium dependent protein kinase 1,CPK1,,vv34626Plant-pathogen_interaction,
583,VIT_06s0004g04000,68,0.0330,Beta-ketoacyl-CoA synthase,E2_3_1_41,,vv10061Fatty_acid_biosynthesis,
584,VIT_18s0001g10580,68,0.0327,Glycosyl transferase family 8 protein,,,,
585,VIT_19s0085g01050,66,0.0320,Heat shock protein 17.6 kDa class I,K13993,,vv24141Protein_processing_in_endoplasmic_reticulum,
586,VIT_04s0008g05520,66,0.0320,Unknown protein,,,,
587,VIT_06s0004g01510,65,0.0315,Lipoxygenase (LOX2),E1_13_11_12,,vv10592alpha-Linolenic_acid_metabolism,
588,VIT_09s0002g03940,65,0.0313,AP2/EREBP transcription factor,TINY2_1,VvERF034,vv30008Ethylene_signaling,vv60003AP2_EREBP
589,VIT_19s0090g01440,64,0.0311,Fimbrin 2,FIMBRIN2,,vv44810Regulation_of_actin_cytoskeleton,
590,VIT_07s0005g00240,64,0.0310,Transducin protein,,,,
591,VIT_14s0060g02330,63,0.0305,Actin binding formin homology 1,FH2,,vv44810Regulation_of_actin_cytoskeleton,
592,VIT_11s0016g01290,63,0.0304,CYP72A1,K13400,,vv10902Monoterpenoid_biosynthesis,
593,VIT_11s0016g01320,63,0.0304,Myb domain protein 13,MYB13,MYBPA2,vv60044MYB,
594,VIT_07s0031g00860,62,0.0301,Patatin,,,,
595,VIT_15s0024g00920,62,0.0301,NFD4 (nuclear fusion defective 4),,,,
596,VIT_00s1566g00010,62,0.0300,UDP-rhamnose/rhamnosyltransferase,RHATR,,vv10942Anthocyanin_biosynthesis,
597,VIT_15s0046g02290,61,0.0295,ATBRM/CHR2 (Arabidopsis thaliana BRAHMA),BRAHMA,,vv60058SNF2,
598,VIT_11s0052g00440,61,0.0294,PIN1 auxin transport protein,PIN1,,vv50004Auxin_transport,vv50125Porters_cat_66_to_94
599,VIT_07s0005g01520,60,0.0291,WRKY DNA-binding protein 35,WRKY35,VvWRKY18,vv60066WRKY,
600,VIT_05s0077g01460,60,0.0290,No hit,,,,
601,VIT_16s0100g00360,59,0.0286,Per1,,,,
602,VIT_17s0000g07790,59,0.0286,N-hydroxythioamide S-beta-glucosyltransferase,K11820,,vv10966Glucosinolate_biosynthesis,
603,VIT_12s0034g02290,59,0.0286,CC-NBS-LRR class,,,,
604,VIT_18s0089g00020,59,0.0284,Phosphatidylinositol N-acetylglucosaminyltransferase subunit P,E2_4_1_198,,vv10563Glycosylphosphatidylinositol-anchor_biosynthesis,
605,VIT_07s0141g00150,58,0.0279,Histone acetyl transferase HAM1,HAM1_1,,vv60082GNAT,
606,VIT_18s0001g02720,57,0.0276,fatty acid elongation1 (FAE1),,,,
607,VIT_05s0020g04680,57,0.0276,Auxin-induced protein 22D,IAA22D_2,,vv30003Auxin_signaling,vv60008AUXIAA
608,VIT_08s0040g02400,57,0.0276,Myosin heavy chain,MYOSINHC,,vv44810Regulation_of_actin_cytoskeleton,
609,VIT_19s0027g00180,57,0.0275,No hit,,,,
610,VIT_05s0020g01790,57,0.0274,Triacylglycerol lipase.,E3_1_1_3,,vv10561Glycerolipid_metabolism,
611,VIT_08s0040g02830,56,0.0270,Calcium-transporting ATPase 1  endoplasmic reticulum-type ECA1,K01537,,vv34020Calcium_signaling_pathway,vv50131Primary_active_transporter_cat_A2_to_A4
612,VIT_07s0031g00880,56,0.0270,Nodulation protein,,,,
613,VIT_12s0028g02240,55,0.0267,Thioredoxin TTL3 (Tetratricopetide-repeat thioredoxin-like 3),TTL3,,vv50132Primary_active_transporter_cat_A5_to_A8,
614,VIT_19s0015g02850,55,0.0266,No hit,,,,
615,VIT_08s0040g02820,55,0.0266,Unknown protein,,,,
616,VIT_11s0016g02740,55,0.0265,Beta-carotene 15 15'-monooxygenase,E1_14_99_36,,vv10906Carotenoid_biosynthesis,
617,VIT_06s0004g03180,55,0.0265,Zinc finger (FYVE type),SIZ1_1,,vv30009Flower_development,vv60048PHD
618,VIT_18s0001g00800,55,0.0265,Tetracycline transporter protein,TETRACYCTR,,vv50121Porters_cat_1_to_6,
619,VIT_13s0064g01660,55,0.0264,Prunasin hydrolase isoform PHA precursor,E3_2_1_118,,vv10460Cyanoamino_acid_metabolism,
620,VIT_14s0128g00510<br>VIT_14s0128g00550,54,0.0262,
621,VIT_04s0008g06230,54,0.0262,Ubiquitin family,,,,
622,VIT_18s0001g10060,54,0.0261,LRX1 (leucine-rich repeat/extensin 1),EXTENSIN,,vv40006Cell_wall,
623,VIT_13s0147g00160,53,0.0257,Aluminium-tolerance ALMT1,ALMT1,,vv50125Porters_cat_66_to_94,
624,VIT_08s0007g03370,53,0.0257,Unknown protein,,,,
625,VIT_18s0001g01130,52,0.0253,Alpha-expansin 1 precursor,EXPA1,,vv30003Auxin_signaling,
626,VIT_14s0060g01790,50,0.0242,Unknown protein,,,,
627,VIT_13s0019g00420,50,0.0242,F-box family protein,,,,
628,VIT_07s0005g01410,50,0.0241,Dimethyladenosine transferase,K02528,,,
629,VIT_06s0004g01590,49,0.0237,No hit,,,,
630,VIT_12s0034g02160,47,0.0229,Importin beta-2,K14293_2,,vv23013RNA_transport,vv50109Incompletely_characterized_transport_systems
631,VIT_17s0000g01130,47,0.0227,Nuclear transcription factor Y subunit C-1,NFYC1_1,,vv60021CCAAT,
632,VIT_04s0044g01730,46,0.0223,F-box family protein,,,,
633,VIT_00s0203g00220,46,0.0223,S-locus lectin protein kinase,,,,
634,VIT_08s0007g04100,45,0.0220,CYPLXXVIA2,,,,
635,VIT_12s0057g01010,45,0.0219,Nuclear transcription factor Y subunit B-3,NFYB3_2,,vv60021CCAAT,
636,VIT_05s0020g00720,45,0.0216,Pto kinase interactor 1,K13436,,vv34626Plant-pathogen_interaction,
637,VIT_12s0059g00220,44,0.0215,Epoxide hydrolase,E3_3_2_10,,,
638,VIT_12s0178g00090,44,0.0215,Diacylglycerol kinase 1,E2_7_1_107,,vv10561Glycerolipid_metabolism,vv10564Glycerophospholipid_metabolism
639,VIT_10s0042g01040,44,0.0213,CYP714A1,,,,
640,VIT_11s0037g00870,44,0.0213,AP2-like ethylene-responsive transcription factor,AP2_1,VvAP2-01,vv30008Ethylene_signaling,vv60003AP2_EREBP
641,VIT_07s0104g01720,43,0.0208,HAK5 (High affinity K+ transporter 5),HAK5,,vv50125Porters_cat_66_to_94,
642,VIT_04s0044g00310,43,0.0207,Nodulin MtN21 family,MTN21,,vv50122Porters_cat_7_to_17,
643,VIT_18s0001g11710,43,0.0207,Photosystem II PsbO protein,K02716,,vv10195Photosynthesis,vv50113Thylakoid_targeting_pathway
644,VIT_04s0008g01250,42,0.0204,Unknown,,,,
645,VIT_06s0009g00760,42,0.0203,HcrVf1 protein,,,,
646,VIT_18s0122g01250,42,0.0202,No hit,,,,
647,VIT_18s0001g10870,41,0.0200,Patatin,,,,
648,VIT_16s0022g00340,41,0.0198,Unknown,,,,
649,VIT_05s0020g03330,40,0.0194,Heat shock protein 70,K03283,,vv23040Spliceosome,vv24141Protein_processing_in_endoplasmic_reticulum
650,VIT_03s0038g02030,39,0.0189,Amidase,E3_5_1_4,,vv10220Urea_cycle_and_metabolism_of_amino_groups,vv10360Phenylalanine_metabolism
651,VIT_15s0021g02710,39,0.0189,Zinc finger (C2H2 type) family,C2H2FAM_24,,vv60017C2H2,
652,VIT_05s0029g00510,38,0.0184,Aquaporin PIP PIP1A,PIP1A,,vv50101Channels_and_pores,
653,VIT_07s0005g01290,38,0.0184,DnaJ homolog  subfamily C  member 7,K09527,,vv50132Primary_active_transporter_cat_A5_to_A8,
654,VIT_12s0035g01080,38,0.0183,Carotenoid isomerase 1  chloroplast precursor,K09835,,vv10906Carotenoid_biosynthesis,
655,VIT_06s0009g00580,37,0.0179,Receptor protein kinase,,,,
656,VIT_06s0004g04370,37,0.0179,Histone H4,,,,
657,VIT_11s0016g04270,36,0.0174,Hydrolase  alpha/beta fold,,,,
658,VIT_13s0019g03160,36,0.0174,Heat shock protein 17.6 kDa class I,K13993,,vv24141Protein_processing_in_endoplasmic_reticulum,
659,VIT_11s0052g01600,36,0.0174,UDP-glucose flavonoid 3-O-glucosyltransferase 7,E2_4_1_91,,vv10941Flavonoid_biosynthesis,
660,VIT_00s0131g00320<br>VIT_00s0131g00130<br>VIT_00s0131g00210<br>VIT_13s0019g00600<br>VIT_00s0131g00050,35,0.0169,
661,VIT_03s0038g04110,35,0.0169,AT-hook DNA-binding protein,,,,
662,VIT_01s0011g03540,35,0.0169,Lateral organ boundaries protein 41,LBD41_3,,vv60007AS2,
663,VIT_06s0004g07810,35,0.0168,GTP binding protein EngB,K03978,,,
664,VIT_04s0023g01890,34,0.0165,Unknown protein,,,,
665,VIT_01s0137g00720,34,0.0165,Lipase GDSL,,,,
666,VIT_06s0004g01460<br>VIT_06s0004g01450,34,0.0164,
667,VIT_00s0404g00010,33,0.0160,Beta-galactosidase,E3_2_1_23,,vv10052Galactose_metabolism,vv10511N-Glycan_degradation
668,VIT_04s0023g00940,33,0.0160,Phospholipase A1,E3_1_1_32,,vv10564Glycerophospholipid_metabolism,vv10592Alpha-linolenic_acid_metabolism
669,VIT_18s0001g14630,33,0.0160,ATSYTB/NTMC2T1.2/NTMC2TYPE1.2/SYTB,NTMC2T1_2,,vv50109Incompletely_characterized_transport_systems,
670,VIT_05s0049g01560,33,0.0159,Unknown protein,,,,
671,VIT_06s0004g00230,33,0.0159,WRKY DNA-binding protein 48,WRKY48_2,VvWRKY15,vv60066WRKY,
672,VIT_18s0166g00080,32,0.0154,ABC transporter G member 4,K05680,,vv52010ABC_transporters,
673,VIT_05s0049g01750,31,0.0150,Unknown protein,,,,
674,VIT_00s0220g00110,31,0.0150,Acetolactate synthase small subunit,E2_2_1_6,,vv10290Valine_leucine_and_isoleucine_biosynthesis,vv10650Butanoate_metabolism
675,VIT_19s0014g04060,31,0.0150,ARK3 (Arabidopsis Receptor Kinase 3),,,,
676,VIT_18s0001g14600,31,0.0150,Pentatricopeptide (PPR) repeat-containing protein,,,,
677,VIT_16s0100g00670,31,0.0149,Homeodomain GLABROUS1,HDG1_2,VvHB55,vv60034HB,
678,VIT_06s0009g02780,31,0.0149,Histone mRNA exonuclease 1,K01175,,,
679,VIT_03s0097g00540,30,0.0146,No hit,,,,
680,VIT_10s0092g00480,30,0.0145,CYP71D10p,E1_14_13_73,,vv10902Monoterpenoid_biosynthesis,
681,VIT_09s0002g07970,30,0.0145,Poly(A) binding protein 8,,,,
682,VIT_11s0016g01780,30,0.0145,HAB1 (homology toABI1),HAB1,,vv30001ABA_signaling,
683,VIT_02s0025g00560,29,0.0140,Glycoside hydrolase  family 5,,,,
684,VIT_10s0003g05080,29,0.0140,Wall-associated receptor kinase-like 10,,,,
685,VIT_10s0003g04720,29,0.0140,Splicing factor 45,K12840,,vv23040Spliceosome,
686,VIT_03s0110g00300,29,0.0140,Copper transporter 4,COPT4,,vv50101Channels_and_pores,
687,VIT_13s0019g04750,29,0.0139,Kinesin morphogenesis of root hair 2 (MRH2),MRH2,,vv44810Regulation_of_actin_cytoskeleton,
688,VIT_00s0665g00020,29,0.0139,Carrier protein  Mitochondrial,K03454,,vv50123Porters_cat_18_to_29,
689,VIT_03s0038g04550,28,0.0136,Unknown,,,,
690,VIT_11s0016g00040,28,0.0135,BRI1 (brassinosteroid insensitive 1),BRI1,,vv30005Brassinosteroids_signaling,
691,VIT_11s0016g02490,28,0.0135,Ndr family protein,,,,
692,VIT_16s0013g01940,28,0.0135,Kinase-like protein TMKL1,,,,
693,VIT_18s0001g07020,28,0.0135,No hit,,,,
694,VIT_12s0059g02010,28,0.0135,Glutamate formiminotransferase,E2_1_2_5,,vv10251Glutamate_metabolism,vv10670One_carbon_pool_by_folate
695,VIT_00s1217g00010,28,0.0135,3-deoxy-D-arabino-heptulosonate 7-phosphate synthase,E2_5_1_54,,vv10400Phenylalanine_tyrosine_and_tryptophan_biosynthesis,
696,VIT_00s0201g00060,27,0.0131,Unknown protein,,,,
697,VIT_04s0069g00260<br>VIT_04s0069g00330<br>VIT_04s0069g00270,27,0.0131,
698,VIT_07s0005g05260<br>VIT_07s0005g05230,27,0.0130,
699,VIT_04s0044g00160,27,0.0130,Wuschel-related homeobox 13,WOX13_3,VvHB21,vv60034HB,
700,VIT_00s2776g00010,27,0.0130,S-locus lectin protein kinase,,,,
701,VIT_00s0218g00220,27,0.0130,UDP-glucoronosyl/UDP-glucosyl transferase,,,,
702,VIT_10s0116g01710,27,0.0130,Galactosyltransferase family protein,E2_4_x_x,,,
703,VIT_18s0041g00590,26,0.0126,Proton-dependent oligopeptide transport (POT) family protein,POT,,vv50122Porters_cat_7_to_17,
704,VIT_13s0019g01020,26,0.0126,Ring-H2 finger protein ATL3A,,,,
705,VIT_15s0024g00580,25,0.0121,Unknown,,,,
706,VIT_06s0004g06820,25,0.0121,Unknown protein,,,,
707,VIT_17s0000g06640,25,0.0121,formin-2,FH2,,vv44810Regulation_of_actin_cytoskeleton,
708,VIT_07s0005g01870,24,0.0117,Unknown,,,,
709,VIT_06s0004g06910,24,0.0116,Unknown protein,,,,
710,VIT_10s0003g01370,24,0.0116,Unknown protein,,,,
711,VIT_14s0060g01820,24,0.0116,Unknown,,,,
712,VIT_14s0060g02340,24,0.0115,Heat shock protein 70,K03283,,vv23040Spliceosome,vv24141Protein_processing_in_endoplasmic_reticulum
713,VIT_02s0025g03780,23,0.0112,Remorin,,,,
714,VIT_06s0004g01470,23,0.0111,Lipoxygenase LOX1,E1_13_11_12,,vv10592alpha-Linolenic_acid_metabolism,
715,VIT_00s0357g00060<br>VIT_00s0357g00080<br>VIT_00s0556g00020<br>VIT_00s0895g00010,23,0.0111,
716,VIT_16s0039g01710,23,0.0111,Myb domain protein 9,MYB9,MYB181,vv60044MYB,
717,VIT_18s0001g14860,22,0.0106,SKP1,K03094,,vv24120Ubiquitin_mediated_proteolysis,vv24141Protein_processing_in_endoplasmic_reticulum
718,VIT_18s0072g01020,22,0.0106,Unknown protein,,,,
719,VIT_07s0031g00520,22,0.0106,Unknown protein,,,,
720,VIT_15s0048g01060,22,0.0106,UDP-galactose transporter 2 ATUTR2/UTR2,UTR2,,vv50122Porters_cat_7_to_17,
721,VIT_01s0011g01900,22,0.0106,Glutathione S-transferase  C-terminal,E2_5_1_18,,vv10480Glutathione_metabolism,
722,VIT_02s0025g01980<br>VIT_02s0025g01910,22,0.0106,
723,VIT_12s0028g02400,21,0.0102,Leaf senescence protein,,,,
724,VIT_12s0034g01710,21,0.0102,No hit,,,,
725,VIT_14s0060g01850,21,0.0101,Unknown,,,,
726,VIT_00s2015g00010,21,0.0101,No hit,,,,
727,VIT_13s0064g01640,21,0.0101,Beta-primeverosidase,E3_2_1_149,,vv11000Single_reactions,
728,VIT_02s0154g00420,20,0.0097,No hit,,,,
729,VIT_06s0004g00430,20,0.0097,Unknown protein,,,,
730,VIT_13s0067g03470,20,0.0097,Glutathione S-transferase GSTO1,E2_5_1_18_GSTO1,,vv10480Glutathione_metabolism,
731,VIT_02s0012g02830,20,0.0097,UDP-glucosyl transferase,E2_4_1_81,,vv10941Flavonoid_biosynthesis,
732,VIT_06s0061g00230,19,0.0092,ABC transporter G member 7,ABCG7,,vv52010ABC_transporters,
733,VIT_14s0006g02570,19,0.0092,Protease inhibitor/seed storage/lipid transfer protein (LTP),,,,
734,VIT_17s0000g03750,19,0.0092,Chitin elicitor-binding CEBIP LysM domain-containing,K13473,,vv34626Plant-pathogen_interaction,
735,VIT_02s0012g02760,19,0.0092,Methionyl-tRNA synthetase,E6_1_1_10,,vv10271Methionine_metabolism,vv10450Selenoamino_acid_metabolism
736,VIT_05s0062g01130,19,0.0091,Aromatic and neutral transporter 1,ANT1,,vv50123Porters_cat_18_to_29,
737,VIT_19s0014g04880,18,0.0087,(-)-germacrene D synthase,E4_2_3_22,,vv10900Terpenoid_biosynthesis,
738,VIT_18s0001g10050,18,0.0087,LRX1 (leucine-rich repeat/extensin 1),EXTENSIN,,vv40006Cell_wall,
739,VIT_14s0066g00310,18,0.0087,Unknown protein,,,,
740,VIT_15s0024g00960<br>VIT_05s0094g00980<br>VIT_19s0014g03980<br>VIT_14s0036g00820,18,0.0087,
741,VIT_01s0026g02600,18,0.0086,Myb domain protein 105,MYB105_2,MYB165,vv60044MYB,
742,VIT_07s0031g01750,17,0.0083,N-acetyltransferase 10,K14521,,vv23008Ribosome_biogenesis_in_Eukaryotes,
743,VIT_11s0037g00230,17,0.0082,Cyclic nucleotide gated channel 5,K05391_CNGC5,,vv34626Plant-pathogen_interaction,vv50101Channels_and_pores
744,VIT_08s0056g01070,17,0.0082,MATE efflux family protein,MATE,,vv50125Porters_cat_66_to_94,
745,VIT_08s0040g00520,17,0.0082,Leucine-rich repeat protein kinase,,,,
746,VIT_16s0098g00200,17,0.0082,Receptor serine/threonine kinase PR5K,,,,
747,VIT_04s0044g01430,16,0.0078,Unknown protein,,,,
748,VIT_04s0008g01590,16,0.0078,Heat shock protein 17.6 kDa class II,K13993,,vv24141Protein_processing_in_endoplasmic_reticulum,
749,VIT_07s0005g02530,16,0.0078,Unknown protein,,,,
750,VIT_11s0118g00440,16,0.0077,Adenylate cyclase,E4_6_1_1,,vv10230Purine_metabolism,
751,VIT_13s0064g00750,16,0.0077,Polygalacturonase GH28,E3_2_1_15,,vv40006Cell_wall,
752,VIT_16s0050g01860,16,0.0077,SLAH3 (SLAC1 Homologue 3),SLAH3,,vv50122Porters_cat_7_to_17,
753,VIT_03s0088g00560,16,0.0077,Citrate synthase,E2_3_3_1,,vv10020Citrate_cycle,vv10630Glyoxylate_and_dicarboxylate_metabolism
754,VIT_03s0088g00470,16,0.0077,Auxin responsive SAUR protein,SAUR,,vv30003Auxin_signaling,
755,VIT_08s0007g02150,16,0.0077,Receptor ser/thr protein kinase,,,,
756,VIT_18s0001g02020,16,0.0077,Amino acid permease 3,AAP3,,vv50123Porters_cat_18_to_29,
757,VIT_11s0016g00330,15,0.0073,Pectinesterase family,E3_1_1_11,,vv40006Cell_wall,
758,VIT_08s0007g02700,15,0.0073,Secoisolariciresinol dehydrogenase,SIRD,,vv10940Phenylpropanoid_biosynthesis,
759,VIT_19s0014g05000,15,0.0073,Zinc finger (C2H2 type) family,C2H2FAM_16,,vv60017C2H2,
760,VIT_08s0007g09040,15,0.0073,DnaJ homolog  subfamily A  member 5,K09506_2,,vv50132Primary_active_transporter_cat_A5_to_A8,vv60017C2H2
761,VIT_13s0067g01580,15,0.0073,Anthocyaninless2 (ANL2),ANL2_4,,vv60034HB,
762,VIT_13s0106g00610,15,0.0073,Tetracycline transporter,TETRACYCTR,,vv50121Porters_cat_1_to_6,
763,VIT_12s0028g03760,15,0.0073,UPF0497 family,,,,
764,VIT_12s0028g00310,15,0.0072,Protein kinase family,,,,
765,VIT_17s0000g06040,15,0.0072,Phytochrome kinase substrate 1,,,,
766,VIT_12s0057g01450,15,0.0072,Subtilisin protease,,,,
767,VIT_12s0035g00300,14,0.0068,Carbohydrate transmembrane transporter SFP1,SFP1,,vv50121Porters_cat_1_to_6,
768,VIT_10s0116g01660,14,0.0068,Lactoylglutathione lyase,E4_4_1_5,,vv10620Pyruvate_metabolism,
769,VIT_05s0062g00640,14,0.0068,UDP-glucose:flavonoid 7-O-glucosyltransferase,E2_4_1_237,,vv10941Flavonoid_biosynthesis,
770,VIT_07s0151g00510,14,0.0068,GCN5 N-acetyltransferase (GNAT),GCN5_22,,vv60082GNAT,
771,VIT_18s0001g04020,13,0.0063,TIR-NBS-LRR disease resistance,,,,
772,VIT_08s0007g04580,13,0.0063,UGT73C2 (UDP-glucosyl transferase 73C2),,,,
773,VIT_19s0027g01820,13,0.0063,Potassium transporter (KUP1),KUP1,,vv50125Porters_cat_66_to_94,
774,VIT_19s0014g04090<br>VIT_10s0071g00450<br>VIT_10s0071g00440<br>VIT_19s0015g02410<br>VIT_19s0014g04160,13,0.0063,
775,VIT_13s0067g03280,13,0.0063,Inorganic phosphate transporter 1-3,PHT1_3,,vv50121Porters_cat_1_to_6,
776,VIT_01s0010g01850,13,0.0063,Regulator of nonsense transcripts 1,K14326,,vv23013RNA_transport,vv23015mRNA_surveillance_pathway
777,VIT_00s0198g00050,13,0.0062,No hit,,,,
778,VIT_18s0001g07060,12,0.0058,Phosphoribosylaminoimidazole-succinocarboxamide synthase.,E6_3_2_6,,vv10230Purine_metabolism,
779,VIT_00s0225g00080,12,0.0058,MATE efflux family protein,MATE,,vv50125Porters_cat_66_to_94,
780,VIT_14s0108g00740,12,0.0058,GASA4,GASA4,,vv30010Gibberellin_signaling,
781,VIT_01s0010g02830,12,0.0058,No hit,,,,
782,VIT_03s0063g01890,12,0.0058,Ring-H2 finger protein ATL3G,,,,
783,VIT_10s0116g00510,12,0.0058,Postsynaptic protein,,,,
784,VIT_09s0002g07530,12,0.0058,Tetratricopeptide helical,,,,
785,VIT_10s0003g05020,12,0.0058,GTP-binding protein obg,K03979,,,
786,VIT_18s0072g00760,12,0.0058,G-protein-coupled receptor,,,,
787,VIT_12s0134g00670,12,0.0058,Anthocyanin 5-aromatic acyltransferase,E2_3_1_153,,vv10941Flavonoid_biosynthesis,vv10942Anthocyanin_biosynthesis
788,VIT_01s0011g06290,12,0.0058,Purple acid phosphatase 3 ATPAP3/PAP3,E3_1_3_2,,vv10740Riboflavin_metabolism,
789,VIT_00s0515g00040,12,0.0058,R protein MLA10,K13475,,vv34627R_proteins_from_Plant-pathogen_interaction,
790,VIT_16s0100g00610,12,0.0058,CYP87A3,,,,
791,VIT_19s0027g00900,12,0.0058,No hit,,,,
792,VIT_14s0068g00740,11,0.0054,Avr9/Cf-9 rapidly elicited protein 146,,,,
793,VIT_12s0035g02210,11,0.0053,Unknown protein,,,,
794,VIT_04s0044g01540,11,0.0053,UDP-glucuronic acid:anthocyanin glucuronosyltransferase,E2_4_1_236,,vv10941Flavonoid_biosynthesis,
795,VIT_19s0090g01050,10,0.0049,Endo-beta-1 4-glucanase,E3_2_1_4,,vv40006Cell_wall,
796,VIT_02s0025g04910,10,0.0049,Growth-regulating factor 5,GRF5_3,,vv60033GRF,
797,VIT_01s0010g02340,10,0.0048,Anthranilate N-benzoyltransferase,E2_3_1_144,,vv10400Phenylalanine_tyrosine_and_tryptophan_biosynthesis,
798,VIT_05s0062g00520,10,0.0048,UDP-glucose:flavonoid 7-O-glucosyltransferase,E2_4_1_237,,vv10941Flavonoid_biosynthesis,
799,VIT_04s0008g01500,10,0.0048,Heat shock protein 17.6 kDa class II,K13993,,vv24141Protein_processing_in_endoplasmic_reticulum,
800,VIT_05s0062g01290,10,0.0048,Armadillo/beta-catenin repeat,,,,
801,VIT_03s0063g00550,10,0.0048,Fw2.2 ORFX,,,,
802,VIT_19s0027g00740,10,0.0048,Inhibitor of apoptosis,,,,
803,VIT_06s0004g06800,9,0.0044,PHD finger transcription factor,PHDFG_18,,vv60048PHD,
804,VIT_10s0003g01710,9,0.0044,Ubiquitin domain containing 2,,,,
805,VIT_04s0023g02940,9,0.0044,Unknown protein,,,,
806,VIT_10s0116g00410,9,0.0044,Gibberellin 2-beta-dioxygenase 7,E1_14_11_13,,vv10904Diterpenoid_biosynthesis,
807,VIT_05s0062g00840,9,0.0044,RAB GTPase ARA4,K07976,,,
808,VIT_13s0019g05150,9,0.0044,Unknown protein,,,,
809,VIT_09s0054g01360,9,0.0044,Cycloartenol synthase,E5_4_99_8,,vv10100Biosynthesis_of_steroids,
810,VIT_17s0000g07210,9,0.0044,flavonoid 3'-hydroxylase [Vitis vinifera],E1_14_13_21,,vv10941Flavonoid_biosynthesis,
811,VIT_19s0027g00480,9,0.0044,UDP-glucuronosyl/UDP-glucosyltransferase,E2_4_1_17,,vv10040Pentose_glucuronate_interconversion,vv10500Starch_and_sucrose_metabolism
812,VIT_10s0116g01030,9,0.0044,Stigma-specific Stig1,,,,
813,VIT_18s0001g01200,9,0.0044,No hit,,,,
814,VIT_10s0116g01070,9,0.0044,Oxidosqualene cyclase,E5_4_99_7,,vv10100Biosynthesis_of_steroids,
815,VIT_03s0038g01520,9,0.0044,R protein  PRF  disease resistance protein,K13453,,vv34627R_proteins_from_Plant-pathogen_interaction,
816,VIT_13s0019g02810,9,0.0043,Glucuronosyl transferase,E2_4_1_17,,vv10040Pentose_glucuronate_interconversion,vv10500Starch_and_sucrose_metabolism
817,VIT_10s0003g01100,9,0.0043,Cysteine protease RCR3,K13441,,vv34626Plant-pathogen_interaction,
818,VIT_18s0001g09920,9,0.0043,Cyclin delta-3 (CYCD3_1),CYCD3,,vv30007Cytokinin_signaling,vv44110Cell_cycle
819,VIT_14s0006g02480,9,0.0043,Phosphatidic acid phosphatase alpha,E3_1_3_4,,vv10561Glycerolipid_metabolism,vv10564Glycerophospholipid_metabolism
820,VIT_07s0031g01670,9,0.0043,CYP96A10,,,,
821,VIT_08s0007g00890,9,0.0043,Tropinone reductase,E1_1_1_206,,vv10220Urea_cycle_and_metabolism_of_amino_groups,
822,VIT_08s0040g01040,9,0.0043,Serine carboxypeptidase II,,,,
823,VIT_10s0042g01620,8,0.0039,No hit,,,,
824,VIT_18s0122g01180,7,0.0034,Unknown,,,,
825,VIT_00s0540g00040<br>VIT_11s0149g00300,7,0.0034,
826,VIT_19s0093g00590,7,0.0034,Myosin heavy chain-like protein,K10352,,vv44810Regulation_of_actin_cytoskeleton,
827,VIT_10s0003g03490,7,0.0034,GA 2-oxidase,E1_14_11_13,,vv10904Diterpenoid_biosynthesis,
828,VIT_00s0184g00140,7,0.0034,No hit,,,,
829,VIT_13s0019g01040,7,0.0034,Unknown protein,,,,
830,VIT_12s0134g00640,6,0.0029,Anthocyanidin 3-O-glucoside-6''-O-malonyltransferase,E2_3_1_171,,vv10942Anthocyanin_biosynthesis,
831,VIT_14s0108g00990,6,0.0029,No hit,,,,
832,VIT_15s0048g02390,6,0.0029,Wall-associated receptor kinase-like 14,,,,
833,VIT_17s0000g06110,6,0.0029,Glutathione S-transferase 9 GSTU9,E2_5_1_18_GSTU9,,vv10480Glutathione_metabolism,
834,VIT_01s0137g00710,6,0.0029,Alpha-L-fucosidase 2 precursor,E3_2_1_51,,vv10511N-Glycan_degradation,
835,VIT_03s0088g00280,6,0.0029,Ribosomal RNA small subunit methyltransferase E,K09761,,,
836,VIT_17s0000g04740,6,0.0029,Transducin family protein / WD-40 repeat,,,,
837,VIT_03s0038g00140,6,0.0029,Unknown protein,,,,
838,VIT_19s0014g04960,6,0.0029,Nodulation receptor kinase,,,,
839,VIT_16s0013g01080,6,0.0029,Ethylene-responsive transcription factor ERF105,ERF105_9,VvERF086,vv30008Ethylene_signaling,vv60003AP2_EREBP
840,VIT_13s0019g02860,6,0.0029,UDP-glucoronosyl and UDP-glucosyl transferase,,,,
841,VIT_05s0102g00130,6,0.0029,Unknown protein,,,,
842,VIT_01s0010g02160,6,0.0029,RGS1 (regulator of G-protein SIGNALING 1),RGS1,,vv11013ABA_biosynthesis,vv30001ABA_signaling
843,VIT_19s0015g00300,6,0.0029,KCO1 (two pore K channel),K05389_KCO1,,vv50101Channels_and_pores,
844,VIT_19s0014g04010,6,0.0029,No hit,,,,
845,VIT_13s0019g04040,6,0.0029,Serine carboxypeptidase 28 (SCPL28),,,,
846,VIT_02s0033g01020,6,0.0029,Anthraniloyal-CoA: methanol anthraniloyal transferase,AMAT,,vv10400Phenylalanine_tyrosine_and_tryptophan_biosynthesis,
847,VIT_00s0266g00020<br>VIT_00s0372g00020<br>VIT_00s0271g00010<br>VIT_00s0385g00020<br>VIT_00s0522g00020<br>VIT_00s0372g00060<br>VIT_00s0372g00030<br>VIT_00s0385g00010,6,0.0029,
848,VIT_17s0000g07880,6,0.0029,Bromo-adjacenty (BAH) domain-containing protein,,,,
849,VIT_15s0046g02500,6,0.0029,Unknown protein,,,,
850,VIT_14s0006g02590,6,0.0029,Glutamine amidotransferase,,,,
851,VIT_14s0128g00210,6,0.0029,Xyloglucanase inhibitor,,,,
852,VIT_08s0040g02250,6,0.0029,No hit,,,,
853,VIT_06s0009g03690,6,0.0029,F-box domain containing protein,,,,
854,VIT_13s0019g04770,6,0.0029,Sec8 exocyst complex component specific domain containing protein,K06111,,vv44810Regulation_of_actin_cytoskeleton,vv50111Tethering_factors
855,VIT_07s0104g00210,6,0.0029,Phenazine biosynthesis PhzC/PhzF protein,K06998,,vv10400Phenylalanine_tyrosine_and_tryptophan_biosynthesis,
856,VIT_18s0075g00700,6,0.0029,Laccase,E1_10_3_2,,vv11000Single_reactions,vv50109Incompletely_characterized_transport_systems
857,VIT_12s0035g01910,6,0.0029,Heat shock protein 18.2 kDa class II,K13993,,vv24141Protein_processing_in_endoplasmic_reticulum,
858,VIT_14s0083g00920,6,0.0029,No hit,,,,
859,VIT_11s0037g00510,6,0.0029,Heat shock protein 70,K03283,,vv23040Spliceosome,vv24141Protein_processing_in_endoplasmic_reticulum
860,VIT_04s0044g01680,6,0.0029,Chromatin remodeling 24,CHR24,,vv60058SNF2,
861,VIT_04s0023g01210,6,0.0029,Geranylgeranyl pyrophosphate synthetase 1  chloroplast precursor,E2_5_1_29,,vv10100Biosynthesis_of_steroids,vv10900Terpenoid_biosynthesis
862,VIT_01s0011g01560,6,0.0029,Transparent testa16,TT16_4,,vv60042MADS,
863,VIT_04s0023g00770,6,0.0029,Unknown protein,,,,
864,VIT_09s0002g07250,6,0.0029,No hit,,,,
865,VIT_00s0695g00010,6,0.0029,No hit,,,,
866,VIT_15s0048g02000,6,0.0029,Homeodomain GLABROUS1,HDG1_1,VvHB53,vv60034HB,
867,VIT_16s0050g00630,6,0.0029,Prolyl 4-hydroxylase,E1_14_11_2,,vv10330Arginine_and_proline_metabolismis,
868,VIT_15s0046g00850<br>VIT_19s0138g00070<br>VIT_05s0062g01300,5,0.0024,
869,VIT_10s0003g00780,4,0.0019,Glutamate receptor 3.4,GLR3_4,,vv50101Channels_and_pores,
870,VIT_01s0026g01140,4,0.0019,ZCW32 (BIGPETAL  BIGPETALUB),ZCW32_2,,vv60011BHLH,
871,VIT_03s0038g03600,4,0.0019,Serine/threonine kinase,,,,
872,VIT_17s0000g09900,4,0.0019,Unknown protein,,,,
873,VIT_12s0028g01850,4,0.0019,Receptor kinase TRKe,,,,
874,VIT_18s0001g10080,4,0.0019,Unknown protein,,,,
875,VIT_07s0191g00220,4,0.0019,Unknown protein,,,,
876,VIT_14s0171g00420,4,0.0019,Unknown protein,,,,
877,VIT_12s0142g00520,4,0.0019,AAA-type ATPase,,,,
878,VIT_18s0001g06390,4,0.0019,Auxin-independent growth promoter,AXI1,,vv30003Auxin_signaling,
879,VIT_15s0048g02880,4,0.0019,Ubiquitin thiolesterase,,,,
880,VIT_03s0038g04650,4,0.0019,No hit,,,,
881,VIT_14s0068g00170,3,0.0015,No hit,,,,
882,VIT_14s0108g00160,3,0.0015,Pyrrolo-quinoline quinone,K05889,,vv50101Channels_and_pores,
883,VIT_06s0080g00810,3,0.0015,Lycopene beta cyclase (LYC),K06443,,vv10906Carotenoid_biosynthesis,
884,VIT_10s0003g00320,3,0.0015,Unknown protein,,,,
885,VIT_14s0066g01480,3,0.0015,Cis-zeatin O-beta-D-glucosyltransferase,E2_4_1_215,,vv10908Zeatin_biosynthesis,
886,VIT_13s0019g04090,3,0.0015,Ubiquitin-conjugating enzyme E2 C,K06688,,vv24120Ubiquitin_mediated_proteolysis,
887,VIT_15s0048g00550,3,0.0015,Abnormal floral organs,AFO_2,,vv60019C2C2-YABBY,
888,VIT_11s0016g04410,3,0.0015,Unknown protein,,,,
889,VIT_14s0030g00580,3,0.0015,Methionyl-tRNA synthetase,E6_1_1_10,,vv10271Methionine_metabolism,vv10450Selenoamino_acid_metabolism
890,VIT_10s0116g01840,3,0.0015,No hit,,,,
891,VIT_13s0139g00020,3,0.0015,No hit,,,,
892,VIT_16s0098g00120,3,0.0015,Polynucleotidyl transferase  Ribonuclease H fold,E3_1_26_4,,,
893,VIT_16s0050g00230,3,0.0015,Zinc knuckle,ZFC2HC,,,
894,VIT_04s0023g03680,3,0.0015,Histidine kinase 1 (AHK1),,,,
895,VIT_10s0003g00810,3,0.0015,DEAH (Asp-Glu-Ala-His) box polypeptide 35,DHX35,,vv23040Spliceosome,
896,VIT_11s0052g00570,3,0.0015,Nodulin MtN21,MTN21,,vv50122Porters_cat_7_to_17,
897,VIT_06s0009g01210,3,0.0015,Leucine-rich repeat protein kinase,,,,
898,VIT_04s0079g00790,3,0.0015,Acyl-CoA synthetases (Acyl-activating enzyme 11),E6_2_1_3,,vv10071Fatty_acid_metabolism,vv50104Group_translocators
899,VIT_08s0007g01660,3,0.0015,Chaperone protein dnaJ-related,K03686,,vv50132Primary_active_transporter_cat_A5_to_A8,
900,VIT_03s0038g04210,3,0.0015,Phototropin-2,K08282,,vv50101Channels_and_pores,
901,VIT_09s0054g01320,3,0.0015,No hit,,,,
902,VIT_16s0050g00020,3,0.0015,Cullin-4,K10609,,vv23420Nucleotide_excision_repair,vv24120Ubiquitin_mediated_proteolysis
903,VIT_18s0001g15450,3,0.0015,Alcohol dehydrogenase 3,E1_1_1_1,,vv10010Glycolysis,vv10071Fatty_acid_metabolism
904,VIT_07s0005g00830,3,0.0015,Subtilisin protease,,,,
905,VIT_04s0008g03480,3,0.0015,Beta-carotene 15 15'-monooxygenase,E1_14_99_36,,vv10906Carotenoid_biosynthesis,
906,VIT_15s0046g01840,3,0.0015,Transmembrane protein,,,,
907,VIT_10s0092g00360,3,0.0015,VPS2.2 SNF7,VPS2_2,,vv50111Tethering_factors,
908,VIT_11s0016g00740,3,0.0015,Receptor-like protein kinase 3,,,,
909,VIT_12s0028g02590,3,0.0015,BZIP transcription factor,BZIPDOM_18,VvbZIP29,vv60012BZIP,
910,VIT_11s0016g02610,3,0.0015,Caffeoyl-CoA O-methyltransferase,E2_1_1_104,,vv10940Phenylpropanoid_biosynthesis,
911,VIT_00s0286g00100,3,0.0015,S-locus protein kinase,,,,
912,VIT_11s0052g00260,3,0.0015,Unknown protein,,,,
913,VIT_13s0064g00840,3,0.0015,9 10[9' 10']carotenoid cleavage dioxygenase,CCD,,vv10906Carotenoid_biosynthesis,
914,VIT_12s0055g00670,3,0.0015,Unknown,,,,
915,VIT_12s0142g00240,3,0.0015,PDF1 (protodermal factor1),PDF1_1,,,
916,VIT_17s0000g00280,3,0.0014,Magnesium-protoporphyrin O-methyltransferase,E2_1_1_11,,vv10860Porphyrin_and_chlorophyll_metabolism,
917,VIT_01s0011g03330,3,0.0014,Unknown protein,,,,
918,VIT_07s0005g05610,3,0.0014,3-ketoacyl-CoA thiolase PED1,K07513,,vv10062Fatty_acid_elongation_in_mitochondria,vv10071Fatty_acid_metabolism
919,VIT_01s0026g00030,3,0.0014,Unknown protein,,,,
920,VIT_03s0017g01280,3,0.0014,ABC transporter G member 7,ABCG7,,vv52010ABC_transporters,
921,VIT_00s1526g00010,3,0.0014,Ribosomal protein L7 (RPL7D) 60S,K02937,,vv23010Ribosome,
922,VIT_00s0225g00060,3,0.0014,MATE efflux family protein,MATE,,vv50125Porters_cat_66_to_94,
923,VIT_08s0007g08110,3,0.0014,1-acyl-sn-glycerol-3-phosphate acyltransferase,E2_3_1_51,,vv10561Glycerolipid_metabolism,vv10564Glycerophospholipid_metabolism
924,VIT_16s0039g01670,3,0.0014,Cinnamoyl-CoA reductase,E1_2_1_44,,vv10940Phenylpropanoid_biosynthesis,
925,VIT_04s0044g01700,3,0.0014,RNA polymerase I specific transcription initiation factor RRN3,RRN3,,,
926,VIT_16s0098g00660,3,0.0014,Unknown protein,,,,
927,VIT_08s0105g00570,3,0.0014,Adenosine/AMP deaminase active site,E3_5_4_4,,vv10230Purine_metabolism,
928,VIT_14s0006g02290,3,0.0014,DREB sub A-4 of ERF/AP2 transcription factor,TINY_2,VvERF028,vv30008Ethylene_signaling,vv60003AP2_EREBP
929,VIT_16s0013g02090,3,0.0014,F-box family protein,,,,
930,VIT_02s0025g04160,3,0.0014,Unknown protein,,,,
931,VIT_01s0011g03490,3,0.0014,3-ketoacyl-CoA synthase,,,,
932,VIT_01s0026g01640,3,0.0014,Band 7 family,BAND7,,vv50108Accessory_factors_involved_in_transport,
933,VIT_14s0036g00290,3,0.0014,R protein disease resistance protein,RPROT,,vv34627R_proteins_from_Plant-pathogen_interaction,
934,VIT_15s0024g00910,3,0.0014,NFD4 (nuclear fusion defective 4),,,,
935,VIT_02s0087g00280,3,0.0014,Glycosyl transferase family 1 protein,,,,
936,VIT_00s0456g00040<br>VIT_00s0374g00030,3,0.0014,
937,VIT_14s0006g00410,3,0.0014,Binding,,,,
938,VIT_17s0000g02830,3,0.0014,R protein MLA10,K13475,,vv34627R_proteins_from_Plant-pathogen_interaction,
939,VIT_18s0001g12700,3,0.0014,No hit,,,,
940,VIT_04s0023g03040,3,0.0014,Lactoylglutathione lyase,E4_4_1_5,,vv10620Pyruvate_metabolism,
941,VIT_00s0183g00160,3,0.0014,No hit,,,,
942,VIT_06s0080g00040,3,0.0014,ABC transporter G member 22,ABCG22,,vv52010ABC_transporters,
943,VIT_00s0179g00340,3,0.0014,Histone H2A variant 1 HTA11,H2AV1,,,
944,VIT_13s0047g01210,3,0.0014,Phospholipid-translocating ATPase ALA1,K01530,,vv50131Primary_active_transporter_cat_A2_to_A4,
945,VIT_01s0011g04130,3,0.0014,Elongator complex protein 2 (ELP2),,,,
946,VIT_13s0067g03640,3,0.0014,R protein MLA10,K13475,,vv34627R_proteins_from_Plant-pathogen_interaction,
947,VIT_06s0009g01800,3,0.0014,CDKC;1; CDKC;1 (CYCLIN-dependent kinase C;1),CDKC1,,vv44110Cell_cycle,
948,VIT_19s0014g01900,3,0.0014,Protein transport protein Sec24,K14007,,vv24141Protein_processing_in_endoplasmic_reticulum,vv50110Protein_coat
949,VIT_04s0023g01970,3,0.0014,Aldose 1-epimerase,E5_1_3_3,,vv10010Glycolysis,
950,VIT_00s0670g00010,3,0.0014,T-complex protein 1 subunit eta,K09499,,,
951,VIT_07s0141g00020,3,0.0014,Sensitive to proton rhizotoxicity 1,STOP1_3,,vv60017C2H2,
952,VIT_00s0267g00050,3,0.0014,No hit,,,,
953,VIT_16s0022g00080,3,0.0014,HcrVf2 protein,,,,
954,VIT_18s0041g01590,3,0.0014,Taxane 10-beta-hydroxylase,E1_14_13_76,,vv10904Diterpenoid_biosynthesis,
955,VIT_13s0019g02770,3,0.0014,Heat shock protein 17.6 kDa class I,K13993,,vv24141Protein_processing_in_endoplasmic_reticulum,
956,VIT_05s0102g00460,3,0.0014,RPD1 (root primordium defective 1),,,,
957,VIT_16s0050g01570,3,0.0014,Synbindin TRAPPC1,TRAPPC1,,vv50110Protein_coat,
958,VIT_00s0620g00020,3,0.0014,Nuclear RNA-binding protein,,,,
959,VIT_09s0002g04220,3,0.0014,Ras-related protein Rab-7A,K07897,,vv44145Phagosome,
