Vv_m2,2000,1000,VIT_09s0002g03050
rank,node,Fabs,Frel,Functional-annotation,Name-EC-KeggID,Updated-name,Network1,Network2
1,VIT_09s0002g03140,2082,1.0000,Lipase GDSL,,,,
2,VIT_07s0031g01670,2055,1.0000,CYP96A10,,,,
3,VIT_13s0067g02910,2063,0.9995,Non-specific lipid-transfer protein,,,,
4,VIT_09s0054g01370,2062,0.9995,Beta-amyrin synthase,E5_4_99_BAS,,vv10900Terpenoid_biosynthesis,
5,VIT_04s0069g01120,2048,0.9995,Acyl-activating enzyme 7,E6_2_1_3,,vv10071Fatty_acid_metabolism,vv50104Group_translocators
6,VIT_17s0000g09270,2054,0.9956,MATE efflux family protein,MATE,,vv50125Porters_cat_66_to_94,
7,VIT_15s0046g03240,2047,0.9951,Unknown protein,,,,
8,VIT_08s0007g02000,2062,0.9942,Glycerol-3-phosphate acyltransferase 8,E2_3_1_15,,vv10561Glycerolipid_metabolism,vv10564Glycerophospholipid_metabolism
9,VIT_07s0031g01680,2048,0.9937,CYP86A1,,,,
10,VIT_18s0001g10050,2043,0.9917,LRX1 (leucine-rich repeat/extensin 1),EXTENSIN,,vv40006Cell_wall,
11,VIT_14s0006g02530,2044,0.9884,Non-specific lipid-transfer protein 2 (LTP 2),,,,
12,VIT_09s0002g06750,2052,0.9880,ERF/AP2 transcription factor sub B-6 SHINE,SHINE1_1,VvERF042,vv30008Ethylene_signaling,vv60003AP2_EREBP
13,VIT_18s0166g00220,2052,0.9870,No hit,,,,
14,VIT_12s0055g01140,2055,0.9837,Lipid transfer protein,LTP,,,
15,VIT_18s0041g01480,2029,0.9830,No hit,,,,
16,VIT_08s0056g00800,2027,0.9811,Myb domain protein 60,MYB60,MYB60,vv60044MYB,
17,VIT_12s0034g00250,2021,0.9806,Aquaporin PIP1A,PIP1A,,vv50101Channels_and_pores,
18,VIT_11s0016g00880,2023,0.9778,Strictosidine synthase; Soluble quinoprotein glucose dehydrogenase,E4_3_3_2,,vv10900Terpenoid_biosynthesis,vv10902Monoterpenoid_biosynthesis
19,VIT_03s0038g04500,2014,0.9744,Bifunctional dihydrofolate reductase-thymidylate synthase 1,K13998,,vv10240Pyrimidine_metabolism,vv10670One_carbon_pool_by_folate
20,VIT_18s0001g01750,2012,0.9743,No hit,,,,
21,VIT_06s0080g00760,2014,0.9655,Unknown protein,,,,
22,VIT_15s0045g01600,2012,0.9641,Eceriferum 1 (CER1 protein) Sterol desaturase,,,,
23,VIT_16s0050g00870,1986,0.9585,Acyltransferase,E2_3_1_x,,,
24,VIT_04s0008g05440,1972,0.9577,Ethylene-responsive transcription factor SHINE 3,SHINE3_1,VvERF044,vv30008Ethylene_signaling,vv60003AP2_EREBP
25,VIT_14s0068g00170,1990,0.9572,No hit,,,,
26,VIT_15s0046g00500,1987,0.9535,Wax synthase,E2_3_1_75,,vv11000Single_reactions,
27,VIT_12s0035g01480,1964,0.9493,No hit,,,,
28,VIT_09s0002g06310,1950,0.9420,No hit,,,,
29,VIT_13s0067g00400,1939,0.9399,Anthranilate synthase alpha 1,E4_1_3_27,,vv10400Phenylalanine_tyrosine_and_tryptophan_biosynthesis,
30,VIT_17s0000g10060,1925,0.9381,Lipase GDSL,,,,
31,VIT_06s0061g00980,1950,0.9366,Prolylcarboxypeptidase,E3_4_16_2,,,
32,VIT_13s0019g02880,1938,0.9358,UDP-glucoronosyl/UDP-glucosyl transferase,,,,
33,VIT_13s0064g01640,1923,0.9335,Beta-primeverosidase,E3_2_1_149,,vv11000Single_reactions,
34,VIT_18s0001g06640,1929,0.9296,Zinc finger (C3HC4-type ring finger),ZFC3HC4_60,,vv60078Other_zf-C3HC4,
35,VIT_03s0038g01410,1900,0.9170,Aquaporin PIP PIP1A,PIP1A,,vv50101Channels_and_pores,
36,VIT_18s0122g01280,1891,0.9144,Niemann-Pick C1 protein precursor,NPC1,,vv50121Porters_cat_1_to_6,
37,VIT_05s0062g00570,1886,0.9102,UDP-glucose:flavonoid 7-O-glucosyltransferase,E2_4_1_237,,vv10941Flavonoid_biosynthesis,
38,VIT_06s0009g00330,1868,0.9059,No hit,,,,
39,VIT_10s0003g03540,1875,0.9041,Lupeol synthase,E5_4_99_8,,vv10100Biosynthesis_of_steroids,
40,VIT_08s0040g02820,1855,0.8935,Unknown protein,,,,
41,VIT_15s0046g01960,1850,0.8886,Hydroquinone glucosyltransferase,E2_4_1_218,,vv10500Starch_and_sucrose_metabolism,
42,VIT_06s0009g03390,1841,0.8864,No hit,,,,
43,VIT_18s0157g00060,1833,0.8842,Allinase,E4_4_1_4,,vv10272Cysteine_metabolism,
44,VIT_18s0001g10060,1837,0.8840,LRX1 (leucine-rich repeat/extensin 1),EXTENSIN,,vv40006Cell_wall,
45,VIT_17s0000g06110,1832,0.8778,Glutathione S-transferase 9 GSTU9,E2_5_1_18_GSTU9,,vv10480Glutathione_metabolism,
46,VIT_03s0038g01830,1813,0.8767,Proline-rich protein 4,,,,
47,VIT_14s0006g02290,1801,0.8688,DREB sub A-4 of ERF/AP2 transcription factor,TINY_2,VvERF028,vv30008Ethylene_signaling,vv60003AP2_EREBP
48,VIT_15s0021g02110,1797,0.8681,AP2 domain-containing transcription factor TINY,TINY_8,VvERF029,vv30008Ethylene_signaling,vv60003AP2_EREBP
49,VIT_01s0137g00170,1791,0.8631,B-keto acyl reductase,,,,
50,VIT_01s0137g00410,1771,0.8580,CYP86A2,,,,
51,VIT_12s0178g00090,1772,0.8577,Diacylglycerol kinase 1,E2_7_1_107,,vv10561Glycerolipid_metabolism,vv10564Glycerophospholipid_metabolism
52,VIT_02s0012g01660,1764,0.8547,ATPase PGP2 (P-glycoprotein 2),PGP2,,vv52010ABC_transporters,
53,VIT_13s0067g00730,1747,0.8464,Carboxylic ester hydrolase,E3_1_1_1,,,
54,VIT_08s0007g09000,1756,0.8459,Glycerol-3-phosphate dehydrogenase,E1_1_1_8,,vv10564Glycerophospholipid_metabolism,
55,VIT_09s0054g01440,1739,0.8401,Beta-amyrin synthase,E5_4_99_BAS,,vv10900Terpenoid_biosynthesis,
56,VIT_14s0066g00300,1730,0.8382,Unknown,,,,
57,VIT_04s0023g03710,1725,0.8313,Myb domain protein 4,MYB4_1,MYB4B,vv60044MYB,
58,VIT_14s0066g00400,1712,0.8259,Chalcone isomerase,E5_5_1_6,,vv10941Flavonoid_biosynthesis,
59,VIT_19s0090g01050,1703,0.8239,Endo-beta-1 4-glucanase,E3_2_1_4,,vv40006Cell_wall,
60,VIT_11s0037g00320,1710,0.8237,Serine carboxypeptidase S10,,,,
61,VIT_08s0007g05180,1711,0.8222,Unknown,,,,
62,VIT_13s0019g01260,1691,0.8221,Enoyl reductase,K10258,,vv11040Biosynthesis_of_unsaturated_fatty_acids,
63,VIT_01s0010g03500,1699,0.8220,No hit,,,,
64,VIT_18s0001g14660,1688,0.8198,P-glycoprotein 13,PGP13,,vv52010ABC_transporters,
65,VIT_19s0015g01010,1690,0.8192,Farnesyl diphosphate synthase,E2_5_1_10,,vv10100Biosynthesis_of_steroids,vv10900Terpenoid_biosynthesis
66,VIT_14s0066g01730,1710,0.8190,Cellulose synthase CSLC04,E2_4_1_12_CSLC04,,vv40006Cell_wall,
67,VIT_18s0001g10870,1686,0.8173,Patatin,,,,
68,VIT_19s0090g00730,1679,0.8158,No hit,,,,
69,VIT_00s0384g00020,1680,0.8132,Basic helix-loop-helix (bHLH) family,BHLHDOM_93,,vv60011BHLH,
70,VIT_00s0194g00220,1675,0.8088,Unknown,,,,
71,VIT_00s0267g00050,1687,0.8080,No hit,,,,
72,VIT_06s0004g02190,1669,0.8071,Armadillo/beta-catenin repeat,,,,
73,VIT_06s0061g00240,1663,0.8053,ABC transporter G member 7,ABCG7,,vv52010ABC_transporters,
74,VIT_14s0030g00220,1668,0.8042,Sugar transporter ERD6-like 5,ERD6L5,,vv50121Porters_cat_1_to_6,
75,VIT_00s0225g00070,1656,0.8031,MATE efflux family protein,MATE,,vv50125Porters_cat_66_to_94,
76,VIT_03s0063g01880,1664,0.8027,Acyl-CoA synthetase long-chain member 2,E6_2_1_3_LACS2,,vv10071Fatty_acid_metabolism,vv44146Peroxisome
77,VIT_19s0014g04880,1649,0.8024,(-)-germacrene D synthase,E4_2_3_22,,vv10900Terpenoid_biosynthesis,
78,VIT_00s1314g00010,1651,0.7960,Basic helix-loop-helix (bHLH) family,BHLHDOM_89,,vv60011BHLH,
79,VIT_14s0006g02550,1631,0.7853,Non-specific lipid-transfer protein 2 (LTP 2),,,,
80,VIT_13s0067g03890,1627,0.7826,Beta-ketoacyl-CoA synthase,E2_3_1_41,,vv10061Fatty_acid_biosynthesis,
81,VIT_18s0072g00580<br>VIT_11s0065g00040,1610,0.7800,
82,VIT_12s0028g03960,1616,0.7792,Ankyrin repeat protein family,K10380,,vv50108Accessory_factors_involved_in_transport,
83,VIT_05s0062g01140,1610,0.7770,Aromatic and neutral transporter 1,ANT1,,vv50123Porters_cat_18_to_29,
84,VIT_05s0124g00100,1599,0.7766,Unknown,,,,
85,VIT_18s0041g00840,1595,0.7683,UDP-glucose: anthocyanidin 5 3-O-glucosyltransferase,E2_4_1_238,,vv10941Flavonoid_biosynthesis,vv10942Anthocyanin_biosynthesis
86,VIT_00s0207g00010,1592,0.7676,Anthranilate N-benzoyltransferase protein 1,E2_3_1_144,,vv10400Phenylalanine_tyrosine_and_tryptophan_biosynthesis,
87,VIT_18s0001g09830,1584,0.7660,TTL3 (tetratricopetide-repeat thioredoxin 3),TTL3,,vv50132Primary_active_transporter_cat_A5_to_A8,
88,VIT_15s0046g00510,1584,0.7652,Wax synthase,E2_3_1_75,,vv11000Single_reactions,
89,VIT_05s0029g00510,1571,0.7593,Aquaporin PIP PIP1A,PIP1A,,vv50101Channels_and_pores,
90,VIT_14s0006g00800,1561,0.7563,Tubulin alpha-2 chain,K07374,,vv44145Phagosome,vv44810Regulation_of_actin_cytoskeleton
91,VIT_08s0056g00600,1564,0.7559,No hit,,,,
92,VIT_08s0007g00700,1569,0.7547,PCS1 (promotion of cell survival1) peptidase,,,,
93,VIT_15s0046g02410,1561,0.7537,Aquaporin TMP-C,TMPC,,vv50101Channels_and_pores,
94,VIT_18s0001g05950,1526,0.7401,Cis-zeatin O-beta-D-glucosyltransferase,E2_4_1_215,,vv10908Zeatin_biosynthesis,
95,VIT_16s0022g00370,1519,0.7356,GDP-mannose transporter (GONST1),GONST1,,vv50122Porters_cat_7_to_17,
96,VIT_12s0059g00230,1513,0.7355,Epoxide hydrolase 2,E3_3_2_10,,,
97,VIT_11s0016g01310,1530,0.7345,TT2 (transparent testa 2),TT2_5,MYBPA4,vv44110Cell_cycle,vv60044MYB
98,VIT_16s0022g00720,1517,0.7343,Endo-1 4-beta-glucanase,E3_2_1_4,,vv40006Cell_wall,
99,VIT_15s0021g00710,1518,0.7330,No hit,,,,
100,VIT_14s0128g00160,1498,0.7272,Protein kinase CDG1,,,,
101,VIT_19s0015g00290,1500,0.7257,No hit,,,,
102,VIT_05s0094g00560,1493,0.7248,Stearoyl-ACP desaturase,E1_14_19_2,,vv11040Biosynthesis_of_unsaturated_fatty_acids,
103,VIT_12s0142g00640,1493,0.7216,FLS2 (flagellin-sensitive 2),K13420,,vv34626Plant-pathogen_interaction,
104,VIT_02s0025g04430,1493,0.7209,Sugar transporter 1,STP1,,vv50121Porters_cat_1_to_6,
105,VIT_19s0015g02080,1480,0.7174,(-)-germacrene D synthase,E4_2_3_22,,vv10900Terpenoid_biosynthesis,
106,VIT_17s0053g00780,1477,0.7173,Homeodomain GLABROUS11,HDG11_1,VvHB60,vv60034HB,
107,VIT_10s0042g01040,1471,0.7110,CYP714A1,,,,
108,VIT_09s0002g06990,1448,0.6995,Phosphatidic acid phosphatase / PAP2,E3_1_3_4,,vv10561Glycerolipid_metabolism,vv10564Glycerophospholipid_metabolism
109,VIT_04s0044g00500,1438,0.6950,Unknown protein,,,,
110,VIT_16s0039g01940,1426,0.6886,No hit,,,,
111,VIT_02s0025g02620,1405,0.6840,BDG1 (BODYGUARD1) hydrolase,,,,
112,VIT_04s0008g01020,1385,0.6750,Unknown protein,,,,
113,VIT_00s0841g00020,1363,0.6613,No hit,,,,
114,VIT_05s0077g02000,1364,0.6605,Epoxide hydrolase,E3_3_2_10,,,
115,VIT_10s0003g03530,1364,0.6593,Lupeol synthase,E5_4_99_8,,vv10100Biosynthesis_of_steroids,
116,VIT_03s0088g01150,1350,0.6563,Squalene monooxygenase,E1_14_99_7,,vv10100Biosynthesis_of_steroids,vv10900Terpenoid_biosynthesis
117,VIT_08s0056g01130,1363,0.6559,Mini zinc finger 2 MIF2,MIF2_2,,vv60068Zf-HD,
118,VIT_07s0005g06000,1349,0.6507,Pore-forming toxin-like protein Hfr-2,HFR2,,vv50101Channels_and_pores,
119,VIT_09s0054g01360,1343,0.6469,Cycloartenol synthase,E5_4_99_8,,vv10100Biosynthesis_of_steroids,
120,VIT_04s0008g03480,1324,0.6387,Beta-carotene 15 15'-monooxygenase,E1_14_99_36,,vv10906Carotenoid_biosynthesis,
121,VIT_13s0019g04260,1300,0.6341,Monoglyceride lipase,E3_1_1_23,,vv10561Glycerolipid_metabolism,
122,VIT_03s0088g00060,1306,0.6337,Isoflavone reductase,E1_3_1_45,,vv10943Isoflavonoid_biosynthesis,
123,VIT_12s0059g00240,1304,0.6293,Epoxide hydrolase,E3_3_2_10,,,
124,VIT_15s0046g00310,1288,0.6271,Transcription factor TINY,ERF023,VvERF015,vv30008Ethylene_signaling,vv60003AP2_EREBP
125,VIT_15s0021g01140,1295,0.6259,Calcium-dependent protein kinase-related,,,,
126,VIT_16s0148g00270,1288,0.6210,No hit,,,,
127,VIT_19s0014g04840,1283,0.6195,(-)-germacrene D synthase,E4_2_3_22,,vv10900Terpenoid_biosynthesis,
128,VIT_12s0059g00120,1283,0.6186,Ankyrin repeat,K10380,,vv50108Accessory_factors_involved_in_transport,
129,VIT_07s0151g00010,1275,0.6162,No hit,,,,
130,VIT_18s0001g13080,1259,0.6147,Unknown protein,,,,
131,VIT_12s0059g00640,1277,0.6142,Beta-1 3-galactosyltransferase sqv-2,K07820,,vv10602Glycosphingolipid_biosynthesis,
132,VIT_12s0059g00190,1261,0.6124,Beta-expansin (EXPB3),EXPB3,,vv30003Auxin_signaling,
133,VIT_05s0049g02010,1264,0.6106,Unknown protein,,,,
134,VIT_18s0041g00710,1259,0.6088,UDP-glucose: anthocyanidin 5 3-O-glucosyltransferase,RHGT1,,vv10942Anthocyanin_biosynthesis,
135,VIT_15s0046g00780,1252,0.6078,MADS-box agamous-like 44,AGL44_1,,vv60042MADS,
136,VIT_09s0018g00960,1246,0.6040,Laccase,E1_10_3_2,,vv11000Single_reactions,vv50109Incompletely_characterized_transport_systems
137,VIT_14s0083g00370,1245,0.6009,Unknown protein,,,,
138,VIT_07s0005g05210,1243,0.5999,No hit,,,,
139,VIT_04s0043g00560,1237,0.5987,DD1A protein,,,,
140,VIT_14s0068g00140,1227,0.5910,No hit,,,,
141,VIT_10s0042g01010,1219,0.5903,CYP714A1,,,,
142,VIT_18s0001g10830,1213,0.5823,Patatin,,,,
143,VIT_15s0046g01200,1204,0.5800,No hit,,,,
144,VIT_17s0000g09880,1194,0.5771,No hit,,,,
145,VIT_09s0054g00540,1194,0.5751,Copia transposable element,,,,
146,VIT_05s0077g00530,1164,0.5661,Unknown protein,,,,
147,VIT_10s0003g00600,1169,0.5661,Lipase GDSL,,,,
148,VIT_03s0038g02380,1168,0.5640,RAC G-protein Rac1,RAC1,,vv34020Calcium_signaling_pathway,
149,VIT_07s0129g00070<br>VIT_07s0129g00150,1168,0.5637,
150,VIT_00s0286g00110,1161,0.5636,S-locus protein kinase,,,,
151,VIT_10s0092g00370,1150,0.5602,CYP71D7,E1_14_13_73,,vv10902Monoterpenoid_biosynthesis,
152,VIT_03s0038g04230,1157,0.5568,Dihydroflavonol 4-reductase,E1_1_1_219,,vv10941Flavonoid_biosynthesis,
153,VIT_07s0104g00800,1143,0.5508,Indole-3-acetic acid-amido synthetase GH3.6,AUXINBIOSYNTHESIS_GH3,,vv11002Auxin_biosynthesis,
154,VIT_14s0066g02270,1133,0.5476,Endonuclease/exonuclease/phosphatase family protein,E3_1_30_x,,,
155,VIT_14s0060g01800,1117,0.5422,Unknown,,,,
156,VIT_15s0046g00480,1123,0.5407,Wax synthase,E2_3_1_75,,vv11000Single_reactions,
157,VIT_01s0010g01870,1121,0.5405,Salicylic acid-induced fragment 1 protein,,,,
158,VIT_08s0105g00120,1106,0.5333,No hit,,,,
159,VIT_09s0054g01290,1095,0.5285,Beta-amyrin synthase,E5_4_99_BAS,,vv10900Terpenoid_biosynthesis,
160,VIT_00s0218g00220,1082,0.5260,UDP-glucoronosyl/UDP-glucosyl transferase,,,,
161,VIT_09s0002g01670,1081,0.5240,Myb domain protein 26,MYB26,MYB26,vv60044MYB,
162,VIT_14s0108g00650,1088,0.5228,Chromosome condensation protein,,,,
163,VIT_08s0105g00400,1082,0.5219,GT-1-like transcription factor,GT1L,,vv60062Trihelix,
164,VIT_15s0046g02380,1078,0.5175,CYP86A8,,,,
165,VIT_08s0040g01970,1060,0.5143,fasciclin arabinogalactan-protein (FLA11),FLA11,,vv40006Cell_wall,
166,VIT_14s0066g00310,1062,0.5143,Unknown protein,,,,
167,VIT_14s0030g00730,1057,0.5101,Vesicle-associated membrane protein 27 VAP27-2,VAP27_2,,vv50109Incompletely_characterized_transport_systems,
168,VIT_00s0267g00030,1044,0.5068,Unknown,,,,
169,VIT_13s0019g02500,1046,0.5065,No hit,,,,
170,VIT_14s0060g01810,1041,0.5024,Unknown protein,,,,
171,VIT_10s0003g03870,1036,0.5015,Ornithine aminotransferase,E2_6_1_13,,vv10330Arginine_and_proline_metabolism,
172,VIT_17s0000g06130,1035,0.4983,Glutathione S-transferase 9 GSTU9,E2_5_1_18_GSTU9,,vv10480Glutathione_metabolism,
173,VIT_03s0063g01680,1028,0.4981,CYP82C1p,,,,
174,VIT_18s0001g02720,1025,0.4949,fatty acid elongation1 (FAE1),,,,
175,VIT_08s0007g08110,1021,0.4947,1-acyl-sn-glycerol-3-phosphate acyltransferase,E2_3_1_51,,vv10561Glycerolipid_metabolism,vv10564Glycerophospholipid_metabolism
176,VIT_17s0000g01570,1029,0.4938,No hit,,,,
177,VIT_09s0002g03000,1021,0.4935,Leucine-rich repeat protein kinase,,,,
178,VIT_10s0003g00620,1014,0.4903,Lipase GDSL,,,,
179,VIT_17s0053g00800,1013,0.4901,No hit,,,,
180,VIT_13s0067g02390,1015,0.4896,Unknown,,,,
181,VIT_12s0059g01830,1010,0.4875,Unknown,,,,
182,VIT_13s0106g00670,1007,0.4839,No hit,,,,
183,VIT_10s0092g00490,1005,0.4816,CYP71A12,,,,
184,VIT_02s0033g01050,991,0.4799,Anthraniloyal-CoA: methanol anthraniloyal transferase,AMAT,,vv10400Phenylalanine_tyrosine_and_tryptophan_biosynthesis,
185,VIT_11s0016g05340,993,0.4797,Ethylene-responsive transcription factor SHINE 3,SHINE3_2,VvERF043,vv30008Ethylene_signaling,vv60003AP2_EREBP
186,VIT_00s0540g00040<br>VIT_11s0149g00300,986,0.4761,
187,VIT_14s0006g00570,971,0.4673,Unknown protein,,,,
188,VIT_10s0003g03620,963,0.4648,Lupeol synthase 2,E5_4_99_8,,vv10100Biosynthesis_of_steroids,
189,VIT_12s0057g01450,958,0.4639,Subtilisin protease,,,,
190,VIT_18s0001g07640,963,0.4634,Eceriferum 2 (CER2),,,,
191,VIT_01s0026g00570,953,0.4604,Bet v I allergen,,,,
192,VIT_11s0016g04270,951,0.4594,Hydrolase  alpha/beta fold,,,,
193,VIT_12s0034g00010,947,0.4575,No hit,,,,
194,VIT_12s0059g01590,947,0.4564,Lipase GDSL,,,,
195,VIT_00s0820g00020,927,0.4485,Anthocyanidine rhamnosyl-transferase,RHATR,,vv10942Anthocyanin_biosynthesis,
196,VIT_15s0046g01600,926,0.4473,Acidic endochitinase (CHIB1),E3_2_1_14,,vv10530Aminosugars_metabolism,
197,VIT_19s0085g00030,917,0.4436,Unknown protein,,,,
198,VIT_14s0060g01790,901,0.4355,Unknown protein,,,,
199,VIT_18s0122g00220,896,0.4339,Phosphodiesterase/alkaline phosphatase D,E3_1_4_1,,,
200,VIT_10s0003g01930,899,0.4285,No hit,,,,
201,VIT_09s0018g01650,879,0.4257,Wrinkled1 (AP2/ERBP),WRINKLED1_1,VvAP2-06,vv30008Ethylene_signaling,vv60003AP2_EREBP
202,VIT_02s0025g03320,876,0.4244,CYP86A2,,,,
203,VIT_08s0007g06680,879,0.4232,PMR5 (powdery mildew resistant 5),,,,
204,VIT_13s0067g01350,871,0.4204,Basic helix-loop-helix (bHLH) family,BHLHDOM_16,,vv60011BHLH,
205,VIT_10s0003g00420,864,0.4190,Auxin response factor 3,ARF3_2,,vv30003Auxin_signaling,vv60004ARF
206,VIT_19s0014g04920,865,0.4185,(-)-germacrene D synthase,E4_2_3_22,,vv10900Terpenoid_biosynthesis,
207,VIT_11s0052g01140,868,0.4171,Membrane protein,,,,
208,VIT_17s0000g02830,853,0.4127,R protein MLA10,K13475,,vv34627R_proteins_from_Plant-pathogen_interaction,
209,VIT_06s0061g00230,851,0.4107,ABC transporter G member 7,ABCG7,,vv52010ABC_transporters,
210,VIT_12s0059g01870,848,0.4097,GH3-like protein,AUXINBIOSYNTHESIS_GH3,,vv11002Auxin_biosynthesis,
211,VIT_07s0205g00180,845,0.4086,Basic helix-loop-helix (bHLH) family,BHLHDOM_30,,vv60011BHLH,
212,VIT_17s0000g00130,838,0.4044,SEC14 cytosolic factor,SEC14,,vv50122Porters_cat_7_to_17,
213,VIT_06s0004g01550,833,0.4042,Phosphoribosylanthranilate transferase,E2_4_2_18,,vv10400Phenylalanine_tyrosine_and_tryptophan_biosynthesis,
214,VIT_14s0030g00670,835,0.4026,Dehydroquinate dehydratase,E4_2_1_10,,vv10400Phenylalanine_tyrosine_and_tryptophan_biosynthesis,
215,VIT_08s0056g00370,835,0.4005,No hit,,,,
216,VIT_09s0002g03130,822,0.3973,FRK1 (FLG22-induced receptor-like kinase 1),FRK1,,vv34626Plant-pathogen_interaction,
217,VIT_08s0007g00050,818,0.3969,EMB1674 (embryo defective 1674) kinase interacting family protein,EMB1674_5,,vv60087Orphans_KIP1_SANTA,
218,VIT_10s0116g01710,816,0.3953,Galactosyltransferase family protein,E2_4_x_x,,,
219,VIT_02s0025g03040,814,0.3948,Zinc finger (C3HC4-type ring finger),ZFC3HC4_133,,vv60078Other_zf-C3HC4,
220,VIT_18s0001g14910,807,0.3921,Mannitol dehydrogenase,E1_1_1_67,,vv10051Fructose_and_mannose_metabolism,
221,VIT_10s0042g00190,811,0.3905,No hit,,,,
222,VIT_16s0039g01910,801,0.3886,Vegetative storage protein win4.5,,,,
223,VIT_18s0076g00280,804,0.3865,Protein tyrosine phosphatase,K01104,,,
224,VIT_18s0001g00560,788,0.3816,Alpha-amylase / 1 4-alpha-D-glucan glucanohydrolase,E3_2_1_1,,vv10500Starch_and_sucrose_metabolism,
225,VIT_15s0048g03000,786,0.3786,GTPase RABA3,K07976,,,
226,VIT_00s0313g00040,777,0.3777,PAS2 (PASTICCINO 2),K10703,,vv11040Biosynthesis_of_unsaturated_fatty_acids,
227,VIT_01s0146g00430,774,0.3765,No hit,,,,
228,VIT_13s0067g01930,774,0.3745,Unknown protein,,,,
229,VIT_13s0064g01850,769,0.3729,R protein MLA10,K13475,,vv34627R_proteins_from_Plant-pathogen_interaction,
230,VIT_02s0025g01190,757,0.3669,Extra-large G-protein (XLG1),,,,
231,VIT_08s0040g00520,758,0.3667,Leucine-rich repeat protein kinase,,,,
232,VIT_15s0046g00600,753,0.3659,No hit,,,,
233,VIT_18s0001g06480,752,0.3624,Aquaporin PIP PIP1;4,PIP1_4,,vv50101Channels_and_pores,
234,VIT_14s0068g00260,749,0.3620,Serine carboxypeptidase S10,,,,
235,VIT_08s0007g03680,751,0.3618,Unknown,,,,
236,VIT_04s0008g05520,746,0.3606,Unknown protein,,,,
237,VIT_10s0003g02120,750,0.3594,Lipase GDSL,,,,
238,VIT_13s0064g01740<br>VIT_13s0064g01750,733,0.3570,
239,VIT_13s0067g01200,738,0.3569,Cellulase,E3_2_1_4,,vv40006Cell_wall,
240,VIT_00s0361g00090,738,0.3555,Phototropic-responsive NPH3 protein,,,,
241,VIT_01s0010g02830,734,0.3527,No hit,,,,
242,VIT_13s0074g00500,727,0.3515,Cellulose synthase CSLA09,E2_4_1_12_CSLA09,,vv40006Cell_wall,
243,VIT_17s0000g02920,726,0.3509,Glutathione S-transferase 25 GSTU7,E2_5_1_18_GSTU7,,vv10480Glutathione_metabolism,
244,VIT_15s0046g00080,725,0.3506,Yippee,,,,
245,VIT_09s0054g01220,719,0.3495,Cycloartenol synthase,E5_4_99_8,,vv10100Biosynthesis_of_steroids,
246,VIT_12s0055g00810,721,0.3486,Cationic peroxidase,E1_11_1_7,,vv10360Phenylalanine_metabolism,vv10680Methane_metabolism
247,VIT_11s0052g01640,717,0.3481,flavonol 3-O-glucosyltransferase,E2_4_1_91,,vv10941Flavonoid_biosynthesis,
248,VIT_08s0040g02040,720,0.3478,fasciclin arabinogalactan-protein (FLA11),FLA11,,vv40006Cell_wall,
249,VIT_18s0001g11100,716,0.3476,Serine carboxypeptidase,,,,
250,VIT_03s0038g01960,718,0.3472,Proline-rich family protein,,,,
251,VIT_02s0025g02630,714,0.3458,Lipase GDSL,,,,
252,VIT_17s0000g02410,713,0.3413,Cold-induced wall associated kinase,,,,
253,VIT_02s0025g02610,695,0.3371,Basic helix-loop-helix (bHLH) family,BHLHDOM_48,,vv60011BHLH,
254,VIT_15s0046g00730,696,0.3346,Auxin-responsive protein,AUXREG,,vv30003Auxin_signaling,
255,VIT_06s0009g01540,684,0.3309,Embryonic abundant protein -like,,,,
256,VIT_02s0033g01310,689,0.3301,Amino acid permease,AAPREL,,vv50123Porters_cat_18_to_29,
257,VIT_14s0060g00680,684,0.3287,Lipase GDSL,,,,
258,VIT_10s0003g01010,680,0.3279,Lipase GDSL,,,,
259,VIT_04s0008g06300,669,0.3243,Leucine-rich repeat family,,,,
260,VIT_08s0007g01110,671,0.3238,No hit,,,,
261,VIT_14s0108g00910,665,0.3223,No hit,,,,
262,VIT_18s0072g01000,656,0.3183,Dihydrolipoamide S-acetyltransferase,E2_3_1_12,,vv10010Glycolysis,vv10252Alanine_and_aspartate_metabolism
263,VIT_06s0009g00480,648,0.3155,Aluminium-tolerance ALMT1,ALMT1,,vv50125Porters_cat_66_to_94,
264,VIT_09s0018g00950,646,0.3139,Laccase,E1_10_3_2,,vv11000Single_reactions,vv50109Incompletely_characterized_transport_systems
265,VIT_12s0035g01170,647,0.3126,Unknown protein,,,,
266,VIT_05s0102g00370,648,0.3111,Receptor protein kinase (ACR4),,,,
267,VIT_01s0010g00710,640,0.3104,Armadillo/beta-catenin repeat protein / U-box domain-containing protein ,,,,
268,VIT_01s0026g01140,643,0.3099,ZCW32 (BIGPETAL  BIGPETALUB),ZCW32_2,,vv60011BHLH,
269,VIT_01s0011g00080,638,0.3099,Universal stress protein (USP) family protein,,,,
270,VIT_19s0177g00270,639,0.3084,Molecular chaperone DnaJ,K03686,,vv50132Primary_active_transporter_cat_A5_to_A8,
271,VIT_14s0006g02990,636,0.3071,3-ketoacyl-CoA synthase,,,,
272,VIT_13s0019g01540,632,0.3046,Protease inhibitor/seed storage/lipid transfer protein (LTP),,,,
273,VIT_11s0065g00560,631,0.3039,Small G protein / RhoGAP,RHOGAP,,vv50109Incompletely_characterized_transport_systems,
274,VIT_09s0002g05110,628,0.3018,EMB2753,,,,
275,VIT_17s0000g08560,625,0.3012,Phosphate/phosphoenolpyruvate translocator CUE1 (cab underexpressed 1),CUE1,,vv50122Porters_cat_7_to_17,
276,VIT_10s0003g03650,622,0.3009,Beta-amyrin synthase,E5_4_99_BAS,,vv10900Terpenoid_biosynthesis,
277,VIT_12s0059g00980,621,0.3009,Cellulose synthase CSLB04,E2_4_1_12_CSLB04,,vv40006Cell_wall,
278,VIT_07s0031g01270,618,0.2999,Ring-H2 finger A2A,RHA2A,,vv60078Other_zf-C3HC4,
279,VIT_14s0068g02290,609,0.2951,Disease resistance protein,K13466,,vv34626Plant-pathogen_interaction,
280,VIT_08s0007g02890,602,0.2944,Unknown protein,,,,
281,VIT_17s0000g02700,599,0.2912,Alpha-dioxygenase 2,K10529,,vv10592alpha-Linolenic_acid_metabolism,
282,VIT_06s0004g07970,602,0.2905,Alpha-expansin 10 precursor,EXPA10,,vv30003Auxin_signaling,
283,VIT_09s0002g01650,595,0.2888,5'-nucleotidase surE,E3_1_3_5,,vv10230Purine_metabolism,vv10240Pyrimidine_metabolism
284,VIT_11s0016g01680,590,0.2874,No hit,,,,
285,VIT_13s0156g00190,594,0.2859,No hit,,,,
286,VIT_18s0001g10850,584,0.2836,Patatin,,,,
287,VIT_03s0063g01890,577,0.2790,Ring-H2 finger protein ATL3G,,,,
288,VIT_10s0092g00510,570,0.2785,CYP71D10p,E1_14_13_73,,vv10902Monoterpenoid_biosynthesis,
289,VIT_10s0071g00030,570,0.2779,Strictosidine synthase,E4_3_3_2,,vv10900Terpenoid_biosynthesis,vv10902Monoterpenoid_biosynthesis
290,VIT_00s0456g00040<br>VIT_00s0374g00030,575,0.2774,
291,VIT_01s0011g01060,568,0.2743,RNA recognition motif (RRM)-containing protein,,,,
292,VIT_19s0014g04850,564,0.2722,Germacrene-D synthase,E4_2_3_22,,vv10900Terpenoid_biosynthesis,
293,VIT_13s0019g03180,566,0.2721,Unknown protein,,,,
294,VIT_17s0053g00150,561,0.2698,Tubulin beta-8 chain,K07375,,vv44145Phagosome,vv44810Regulation_of_actin_cytoskeleton
295,VIT_15s0021g01150,551,0.2666,Calcium-dependent protein kinase-related,,,,
296,VIT_04s0023g01720,546,0.2644,SEC14 cytosolic factor  putative,SEC14,,vv50122Porters_cat_7_to_17,
297,VIT_14s0060g00090,542,0.2635,SNARE YKT6 1,K08516,,vv24130SNARE_interactions_in_vesicular_transport,
298,VIT_10s0116g01140,547,0.2632,Stigma-specific Stig1,,,,
299,VIT_07s0005g05260<br>VIT_07s0005g05230,543,0.2631,
300,VIT_17s0000g03940,542,0.2627,ferulate 5-hydroxylase,K09755,,vv10940Phenylpropanoid_biosynthesis,
301,VIT_06s0004g08400,539,0.2608,No hit,,,,
302,VIT_13s0019g03710,539,0.2603,Lateral organ boundaries protein 1,LBD1_7,,vv60007AS2,
303,VIT_11s0052g00870,540,0.2601,IAA33,IAA33,,vv30003Auxin_signaling,vv60008AUXIAA
304,VIT_10s0003g03600<br>VIT_10s0003g03520,536,0.2591,
305,VIT_13s0064g00480,530,0.2574,Beta-primeverosidase,E3_2_1_149,,vv11000Single_reactions,
306,VIT_14s0068g01520,526,0.2547,Double-stranded RNA-binding (DsRBD) domain-containing protein,,,,
307,VIT_04s0008g05330,525,0.2535,DEAD  box  RNA helicase RH15,K12812,,vv23013RNA_transport,vv23015mRNA_surveillance_pathway
308,VIT_00s0399g00020,520,0.2517,Protease inhibitor/seed storage/lipid transfer protein (LTP),,,,
309,VIT_14s0068g00150,520,0.2516,No hit,,,,
310,VIT_05s0062g00520,515,0.2500,UDP-glucose:flavonoid 7-O-glucosyltransferase,E2_4_1_237,,vv10941Flavonoid_biosynthesis,
311,VIT_18s0166g00170,516,0.2499,Unknown,,,,
312,VIT_13s0084g00670,515,0.2499,Unknown protein,,,,
313,VIT_11s0052g01600,501,0.2419,UDP-glucose flavonoid 3-O-glucosyltransferase 7,E2_4_1_91,,vv10941Flavonoid_biosynthesis,
314,VIT_00s0245g00010,495,0.2411,Integral membrane protein,,,,
315,VIT_16s0039g00010,493,0.2389,ABC transporter G member 7,ABCG7,,vv52010ABC_transporters,
316,VIT_15s0048g01990,490,0.2367,Methyltransferase dehydration-responsive,,,,
317,VIT_18s0041g00890,489,0.2359,UDP-glucose: anthocyanidin 5 3-O-glucosyltransferase,RHGT1,,vv10942Anthocyanin_biosynthesis,
318,VIT_04s0079g00110,488,0.2350,Kinesin 4 motor protein,K10395,,vv44810Regulation_of_actin_cytoskeleton,
319,VIT_15s0046g03540,488,0.2347,No hit,,,,
320,VIT_19s0027g01680,482,0.2330,Tetratricopeptide helical,,,,
321,VIT_09s0002g02710,481,0.2328,FRK1 (FLG22-induced receptor-like kinase 1),FRK1,,vv34626Plant-pathogen_interaction,
322,VIT_00s0531g00030,477,0.2325,C2 domain containing protein,,,,
323,VIT_09s0002g07670,483,0.2323,No hit,,,,
324,VIT_10s0003g00070,468,0.2273,Peptidase  trypsin serine and cysteine proteases,,,,
325,VIT_10s0092g00500,468,0.2251,CYP71D10,,,,
326,VIT_01s0010g02960,463,0.2237,Calmodulin CML37,K02183,,vv34020Calcium_signaling_pathway,vv34626Plant-pathogen_interaction
327,VIT_12s0059g00650,463,0.2224,No hit,,,,
328,VIT_16s0039g01670,460,0.2223,Cinnamoyl-CoA reductase,E1_2_1_44,,vv10940Phenylpropanoid_biosynthesis,
329,VIT_18s0001g09870,463,0.2223,Carbohydrate esterase,,,,
330,VIT_07s0031g01450,455,0.2192,Transcription termination factor mitochondrial mTERF,MTERF_18,,vv60085MTERF,
331,VIT_04s0023g00120,450,0.2187,Unknown,,,,
332,VIT_10s0092g00150,447,0.2149,Patatin protein 3,,,,
333,VIT_09s0054g01340,443,0.2144,Beta-amyrin synthase,E5_4_99_BAS,,vv10900Terpenoid_biosynthesis,
334,VIT_17s0000g03770,442,0.2138,No hit,,,,
335,VIT_01s0011g01840,442,0.2132,No hit,,,,
336,VIT_14s0006g02570,440,0.2126,Protease inhibitor/seed storage/lipid transfer protein (LTP),,,,
337,VIT_03s0038g00120,440,0.2125,Gibberellin-regulated protein 4 (GASA4),GASA4,,vv30010Gibberellin_signaling,
338,VIT_16s0013g00510,438,0.2120,No hit,,,,
339,VIT_07s0005g06210,437,0.2102,RPM1 (resistance to p. syringae pv maculicola 1),K13457,,vv34626Plant-pathogen_interaction,
340,VIT_10s0003g03330,432,0.2094,Receptor-like serine-threonine protein kinase,,,,
341,VIT_13s0067g01180,429,0.2088,Leaf senescence related,,,,
342,VIT_01s0127g00110,432,0.2072,No hit,,,,
343,VIT_07s0141g00780,431,0.2069,Pentatricopeptide (PPR) repeat-containing protein,,,,
344,VIT_08s0007g04950,424,0.2053,Xyloglucan endotransglucosylase/hydrolase 32,E2_4_1_207,,vv40006Cell_wall,
345,VIT_09s0018g01070,426,0.2051,Zinc finger protein 830,K13104_2,,vv60017C2H2,
346,VIT_06s0061g00250,422,0.2051,ABC transporter G member 7,ABCG7,,vv52010ABC_transporters,
347,VIT_12s0059g00690,421,0.2033,2-alkenal reductase,E1_3_1_74,,,
348,VIT_18s0001g07020,419,0.2028,No hit,,,,
349,VIT_09s0002g05620,414,0.1999,Unknown protein,,,,
350,VIT_03s0063g01490,413,0.1987,CYP82C1p,,,,
351,VIT_19s0014g03220,410,0.1981,Unknown protein,,,,
352,VIT_04s0008g03950,407,0.1977,RD22,,,,
353,VIT_01s0127g00900,398,0.1934,No hit,,,,
354,VIT_04s0023g02230,396,0.1918,S-adenosyl-L-methionine:salicylic acid carboxyl methyltransferase,SAMTBSCMT,,vv10360Phenylalanine_metabolism,
355,VIT_19s0014g00090,395,0.1905,Glucan endo-1 3-beta-glucosidase 4 precursor,E3_2_1_39,,vv10500Starch_and_sucrose_metabolism,
356,VIT_18s0122g00590,390,0.1896,DNA-binding protein,,,,
357,VIT_12s0034g01140,388,0.1879,Plastocyanin domain-containing protein,K02638,,vv10195Photosynthesis,vv50113Thylakoid_targeting_pathway
358,VIT_10s0116g01870,388,0.1870,MATE efflux family protein,MATE,,vv50125Porters_cat_66_to_94,
359,VIT_05s0020g01050,384,0.1847,No hit,,,,
360,VIT_04s0023g02810,382,0.1841,Aldehyde dehydrogenase 3B1,E1_2_1_3,vv10561Glycerolipid_metabolism,vv10010Glycolysis,vv10071Fatty_acid_metabolism
361,VIT_10s0116g00360,379,0.1828,Pyrophosphate-dependent phosphofructokinase beta subunit,E2_7_1_11,,vv10010Glycolysis,vv10030Pentose_phosphate
362,VIT_08s0040g02250,377,0.1826,No hit,,,,
363,VIT_02s0087g00630,369,0.1793,Alcohol oxidase,E1_1_3_13,,vv10680Methane_metabolism,
364,VIT_15s0048g02650,372,0.1793,Unknown protein,,,,
365,VIT_16s0098g01740,372,0.1791,Unknown protein,,,,
366,VIT_18s0001g10580,371,0.1790,Glycosyl transferase family 8 protein,,,,
367,VIT_00s0266g00090,370,0.1782,ARK3 (Arabidopsis Receptor Kinase 3),,,,
368,VIT_05s0077g01670,361,0.1750,Major cherry allergen Pru av 1.0202,,,,
369,VIT_10s0071g00280,358,0.1734,No hit,,,,
370,VIT_07s0005g05270,356,0.1725,RNA polymerase beta subunit [Vitis vinifera],K03043,,vv23020RNA_polymerase,
371,VIT_02s0033g00830<br>VIT_06s0009g03100<br>VIT_05s0049g02020<br>VIT_14s0083g00190,355,0.1715,
372,VIT_15s0021g02410,353,0.1714,Malate dehydrogenase  cytosolic,E1_1_1_37,,vv10020Citrate_cycle,vv10620Pyruvate_metabolism
373,VIT_00s0499g00030,350,0.1695,Stearoyl-CoA 9-desaturase,E1_14_19_1,,vv11040Biosynthesis_of_unsaturated_fatty_acids,
374,VIT_08s0058g00800,352,0.1695,Wound-induced protein WI12,,,,
375,VIT_12s0059g01820,347,0.1678,Protein phosphatase 1D,K10147,,,
376,VIT_00s0222g00070,346,0.1671,No hit,,,,
377,VIT_09s0002g02230,343,0.1668,Harpin-induced 1,,,,
378,VIT_18s0075g00360,342,0.1666,No hit,,,,
379,VIT_03s0017g01290,342,0.1658,ABC transporter G member 7,ABCG7,,vv52010ABC_transporters,
380,VIT_04s0008g02250,339,0.1642,Beta-ketoacyl-CoA synthase,E2_3_1_41,,vv10061Fatty_acid_biosynthesis,
381,VIT_10s0003g03560,341,0.1641,Beta-amyrin synthase,E5_4_99_BAS,,vv10900Terpenoid_biosynthesis,
382,VIT_03s0063g00550,337,0.1630,Fw2.2 ORFX,,,,
383,VIT_19s0090g00740,336,0.1626,No hit,,,,
384,VIT_00s0225g00080,334,0.1611,MATE efflux family protein,MATE,,vv50125Porters_cat_66_to_94,
385,VIT_02s0012g02030,331,0.1595,Homeobox-7,VVHB7_1,VvHB09,vv60034HB,
386,VIT_13s0074g00390,328,0.1586,CYP77A2,,,,
387,VIT_12s0059g02380,327,0.1584,Accumulation of photosystem one 4 apo protein 4  mitochondrial,,,,
388,VIT_06s0009g01280,325,0.1583,No hit,,,,
389,VIT_11s0016g04540,325,0.1565,ABC transporter G member 22,ABCG22,,vv52010ABC_transporters,
390,VIT_13s0074g00680,316,0.1532,ABC transporter G member 22,ABCG22,,vv52010ABC_transporters,
391,VIT_00s0203g00170,313,0.1514,Myb domain protein 92,MYB92_1,MYB136,vv60044MYB,
392,VIT_05s0029g00480,310,0.1495,Eceriferum 2 (CER2),,,,
393,VIT_06s0004g01500,306,0.1473,Lipoxygenase (LOX2),E1_13_11_12,,vv10592alpha-Linolenic_acid_metabolism,
394,VIT_03s0063g01720,304,0.1471,S-N-methylcoclaurine 3'-hydroxylase,E1_14_13_71,,vv10950Alkaloid_biosynthesis_I,
395,VIT_13s0067g01580,304,0.1468,Anthocyaninless2 (ANL2),ANL2_4,,vv60034HB,
396,VIT_04s0008g06370,301,0.1463,TPR1 (topless-related 1),TPR1,,vv30003Auxin_signaling,
397,VIT_17s0000g10410,303,0.1462,Serine carboxypeptidase SCPL51,,,,
398,VIT_11s0016g05230,298,0.1438,Allyl alcohol dehydrogenase,,,,
399,VIT_19s0027g00740,297,0.1427,Inhibitor of apoptosis,,,,
400,VIT_19s0085g00620,294,0.1423,Zinc finger CCCH domain-containing protein 2,,,,
401,VIT_08s0032g00760,290,0.1413,Translation initiation factor eIF-2 beta subunit,K03238,,vv23013RNA_transport,
402,VIT_10s0003g05420,291,0.1402,S-2-hydroxy-acid oxidase  peroxisomal,E1_1_3_15,,vv10630Glyoxylate_and_dicarboxylate_metabolism,
403,VIT_11s0118g00180,288,0.1396,HHP1 (heptahelical protein 1),,,,
404,VIT_06s0004g07640,286,0.1377,Pentatricopeptide (PPR) repeat-containing protein,,,,
405,VIT_13s0074g00660,284,0.1372,ABC transporter G member 22,ABCG22,,vv52010ABC_transporters,
406,VIT_11s0016g04840,277,0.1341,Avr9/Cf-9 rapidly elicited protein 11,,,,
407,VIT_02s0025g03780,278,0.1337,Remorin,,,,
408,VIT_15s0046g00650,275,0.1334,Wax synthase,E2_3_1_75,,vv11000Single_reactions,
409,VIT_03s0038g02050,273,0.1322,Dirigent protein pDIR7,,,,
410,VIT_00s0271g00030<br>VIT_00s0271g00060,274,0.1321,
411,VIT_06s0009g02910,271,0.1310,Flavonoid 3' 5'-hydroxylase,E1_14_13_88,,vv10941Flavonoid_biosynthesis,
412,VIT_05s0077g01400,271,0.1309,FAR1-related sequence 11,FRS11_2,,vv60071Orphans_far-red,
413,VIT_14s0068g02010,268,0.1297,IMP dehydrogenase/GMP reductase,E1_1_1_205,,vv10230Purine_metabolism,
414,VIT_06s0061g01050,267,0.1286,Protein kinase SRPK1,,,,
415,VIT_00s0366g00010,263,0.1275,No hit,,,,
416,VIT_11s0065g01110,255,0.1238,Unknown,,,,
417,VIT_02s0012g00660,255,0.1232,Calcium-binding EF-hand,,,,
418,VIT_10s0003g03550,254,0.1228,Lupeol synthase,E5_4_99_8,,vv10100Biosynthesis_of_steroids,
419,VIT_04s0044g01730,255,0.1227,F-box family protein,,,,
420,VIT_01s0182g00130,254,0.1227,PHO1-like protein,PHO1,,vv50125Porters_cat_66_to_94,
421,VIT_14s0128g00400,253,0.1220,Ras homolog gene family  member T1,K07870,,,
422,VIT_09s0054g01210,252,0.1212,Beta-amyrin synthase,E5_4_99_BAS,,vv10900Terpenoid_biosynthesis,
423,VIT_01s0127g00500,247,0.1196,OBP32pep,,,,
424,VIT_16s0050g00830,247,0.1195,Beta-ketoacyl-CoA synthase,E2_3_1_41,,vv10061Fatty_acid_biosynthesis,
425,VIT_19s0015g00510,246,0.1184,Pectate lyase 2,E4_2_2_2,,vv40006Cell_wall,
426,VIT_00s0429g00040,245,0.1181,Aspartic proteinase nepenthesin-1 precursor,E3_4_23_12,,,
427,VIT_14s0060g01840,242,0.1168,Unknown protein,,,,
428,VIT_12s0028g00380,239,0.1162,DTDP-glucose 4-6-dehydratase,E4_2_1_46,,vv10520Nucleotide_sugars_metabolism,
429,VIT_19s0014g00020,240,0.1151,ATP-dependent Clp protease ATP-binding subunit (ClpA),K03694,,vv50109Incompletely_characterized_transport_systems,
430,VIT_07s0031g01890,237,0.1145,No hit,,,,
431,VIT_16s0022g01210,234,0.1136,Myb domain protein 85,MYB85_2,MYB191,vv60044MYB,
432,VIT_18s0001g09180,238,0.1133,CUE domain containing protein,,,,
433,VIT_18s0001g14790,234,0.1132,Lipase 3 (EXL3) family II extracellular,,,,
434,VIT_05s0049g01810,233,0.1126,No hit,,,,
435,VIT_02s0025g04550,231,0.1122,Glucose-methanol-choline (GMC) oxidoreductase,E1_1_99_1,,vv10260Glycine_serine_and_threonine_metabolism,
436,VIT_05s0020g01980,219,0.1058,Acyl carrier protein  mitochondrial 3,K02078,,vv50134Primary_active_transporter_cat_D1,
437,VIT_07s0031g02440,217,0.1050,Amino acid permease 3,AAP3,,vv50123Porters_cat_18_to_29,
438,VIT_05s0020g01040,217,0.1048,Unknown protein,,,,
439,VIT_12s0134g00620,217,0.1046,Anthocyanidin 3-O-glucoside-6''-O-malonyltransferase,E2_3_1_171,,vv10942Anthocyanin_biosynthesis,
440,VIT_04s0044g00190,212,0.1032,Mannitol dehydrogenase,E1_1_1_67,,vv10051Fructose_and_mannose_metabolism,
441,VIT_04s0023g01020,213,0.1031,BEL1 homeobox 2 protein (BLH2) (SAWTOOTH 1),BLH2_1,VvHB17,vv60034HB,
442,VIT_14s0108g01080,213,0.1028,Myb domain protein 106,MYB106_2,MYB141,vv60044MYB,
443,VIT_14s0128g00510<br>VIT_14s0128g00550,211,0.1020,
444,VIT_11s0016g03250,211,0.1019,Lachrymatory factor synthase,,,,
445,VIT_08s0007g08180,210,0.1017,Unknown protein,,,,
446,VIT_05s0049g01450,208,0.1006,No hit,,,,
447,VIT_18s0001g01730,204,0.0984,Shikimate kinase,E2_7_1_71,,vv10400Phenylalanine_tyrosine_and_tryptophan_biosynthesis,
448,VIT_17s0000g06630,203,0.0980,Unknown protein,,,,
449,VIT_10s0003g01950,202,0.0973,No hit,,,,
450,VIT_09s0018g00550,202,0.0971,Pentatricopeptide (PPR) repeat-containing protein,,,,
451,VIT_08s0007g00570,198,0.0963,WRKY DNA-binding protein 49,WRKY49,VvWRKY27,vv60066WRKY,
452,VIT_10s0003g00980,199,0.0961,Unknown protein,,,,
453,VIT_04s0044g00410,197,0.0953,MTN21,MTN21,,vv50122Porters_cat_7_to_17,
454,VIT_00s0445g00040,197,0.0948,Unknown,,,,
455,VIT_04s0008g02520,195,0.0948,ATP binding protein,,,,
456,VIT_19s0015g02160,194,0.0941,CYP72A58,K13400,,vv10902Monoterpenoid_biosynthesis,
457,VIT_07s0005g01720,194,0.0934,No hit,,,,
458,VIT_17s0000g02140,193,0.0932,3-hydroxyisobutyrate dehydrogenase,E1_1_1_31,,vv10280Valine_leucine_and_isoleucine_degradation,
459,VIT_15s0046g02930,193,0.0932,DNA-binding protein,,,,
460,VIT_19s0014g04930,193,0.0930,Germacrene-D synthase,E4_2_3_22,,vv10900Terpenoid_biosynthesis,
461,VIT_09s0002g02220,189,0.0911,Protein kinase CDG1,,,,
462,VIT_02s0025g01550,189,0.0909,Protein phosphatase 2CA AHG3 PP2CA,AHG3,,vv30001ABA_signaling,
463,VIT_11s0052g00800,189,0.0908,Protein kinase family,,,,
464,VIT_00s0665g00020,187,0.0907,Carrier protein  Mitochondrial,K03454,,vv50123Porters_cat_18_to_29,
465,VIT_00s0225g00100,187,0.0906,Armadillo,,,,
466,VIT_18s0001g01950,181,0.0878,Pentatricopeptide (PPR) repeat-containing protein,,,,
467,VIT_17s0053g00650,181,0.0875,Unknown protein,,,,
468,VIT_19s0085g00900,181,0.0871,Unknown protein,,,,
469,VIT_08s0007g07240,178,0.0865,Armadillo helical,,,,
470,VIT_07s0005g05180,179,0.0861,No hit,,,,
471,VIT_15s0021g01210,178,0.0861,Peptidyl-prolyl cis-trans isomerase  cyclophilin type,K01802,,,
472,VIT_02s0025g04410,178,0.0858,Beta-ketoacyl-CoA synthase,E2_3_1_41,,vv10061Fatty_acid_biosynthesis,
473,VIT_17s0000g05370,171,0.0827,MYC ZCW32 (bigpetal  bigpetalub),ZCW32_1,,vv60011BHLH,
474,VIT_05s0062g00430,170,0.0827,UDP-glucose:flavonoid 7-O-glucosyltransferase,E2_4_1_237,,vv10941Flavonoid_biosynthesis,
475,VIT_08s0007g02700,171,0.0825,Secoisolariciresinol dehydrogenase,SIRD,,vv10940Phenylpropanoid_biosynthesis,
476,VIT_01s0137g00130,169,0.0816,B-keto acyl reductase,,,,
477,VIT_12s0059g01990,168,0.0812,No hit,,,,
478,VIT_07s0104g01480,166,0.0807,Cold-induced thioredoxin domain,,,,
479,VIT_19s0090g00840,163,0.0787,WRKY DNA-binding protein 6,WRKY6_2,VvWRKY55,vv60066WRKY,
480,VIT_02s0012g01500,161,0.0775,NADH dehydrogenase (ubiquinone) flavoprotein 2,K03943,,vv10190Oxidative_phosphorylation,vv50134Primary_active_transporter_cat_D1
481,VIT_09s0002g02980,156,0.0758,FRK1 (FLG22-induced receptor-like kinase 1),FRK1,,vv34626Plant-pathogen_interaction,
482,VIT_17s0000g07570,157,0.0758,formin 8,FH8,,vv44810Regulation_of_actin_cytoskeleton,
483,VIT_15s0046g01460,157,0.0753,Unknown,,,,
484,VIT_10s0116g01490,154,0.0741,DNA helicase SNF2 domain-containing protein,SNF2HEL_7,,vv60058SNF2,
485,VIT_10s0116g01640,152,0.0736,Glucan endo-1 3-beta-glucosidase 3 precursor,E3_2_1_39,,vv10500Starch_and_sucrose_metabolism,
486,VIT_07s0005g01670,152,0.0736,No hit,,,,
487,VIT_07s0197g00250,150,0.0725,Disease resistance protein (CC-NBS-LRR class),,,,
488,VIT_02s0012g01670,149,0.0720,R-mandelonitrile lyase isoform 1 precursor,E4_1_2_10,,vv10460Cyanoamino_acid_metabolism,
489,VIT_07s0005g03770,147,0.0711,Expansin-A7,EXPA7,,vv30003Auxin_signaling,
490,VIT_14s0030g01950,146,0.0711,Transferase,,,,
491,VIT_05s0062g01180,146,0.0706,Importin beta-2,K14293_2,,vv23013RNA_transport,vv50109Incompletely_characterized_transport_systems
492,VIT_16s0013g00670,146,0.0706,TIR-NBS-LRR-TIR disease resistance protein,,,,
493,VIT_00s0361g00030,145,0.0699,Isoflavone reductase related protein,E1_3_1_45,,vv10943Isoflavonoid_biosynthesis,
494,VIT_03s0017g01280,145,0.0699,ABC transporter G member 7,ABCG7,,vv52010ABC_transporters,
495,VIT_08s0007g07140,144,0.0692,Esterase/lipase/thioesterase family protein,,,,
496,VIT_05s0077g00640,143,0.0690,No hit,,,,
497,VIT_18s0086g00220,141,0.0682,Lipase GDSL,,,,
498,VIT_14s0068g02040,140,0.0676,Gda-1,,,,
499,VIT_14s0068g02050,139,0.0668,No hit,,,,
500,VIT_19s0027g00240,137,0.0664,Unknown protein,,,,
501,VIT_11s0016g00330,134,0.0651,Pectinesterase family,E3_1_1_11,,vv40006Cell_wall,
502,VIT_18s0041g00810<br>VIT_18s0041g00910<br>VIT_00s1602g00010<br>VIT_18s0041g00920<br>VIT_18s0041g00980<br>VIT_18s0041g01000<br>VIT_00s2707g00010<br>VIT_18s0041g01080<br>VIT_18s0041g00950<br>VIT_18s0041g00830<br>VIT_18s0041g01040,134,0.0648,
503,VIT_03s0038g01840,134,0.0646,Proline-rich protein 4,,,,
504,VIT_11s0016g04150,133,0.0642,Sulfate transporter 3.4,SULTR3_4,,vv50124Porters_cat_30_to_64,
505,VIT_01s0011g01250,132,0.0638,No hit,,,,
506,VIT_13s0106g00430,131,0.0636,Auxin response factor ARF6,ARF6_2,,vv30003Auxin_signaling,vv60004ARF
507,VIT_03s0063g00370,130,0.0623,Nitrite reductase,E1_7_7_1,,vv10910Nitrogen_metabolism,
508,VIT_18s0001g07120,126,0.0608,Transport inhibitor response 1 protein,TIR1,,vv30003Auxin_signaling,
509,VIT_10s0003g01370,125,0.0603,Unknown protein,,,,
510,VIT_14s0066g01380,124,0.0600,Calcium homeostasis regulator CHoR1,CHOR1,,,
511,VIT_03s0091g00400,123,0.0592,Transducin family protein / WD-40 repeat,,,,
512,VIT_15s0046g03310,117,0.0563,Unknown protein,,,,
513,VIT_13s0067g00500,116,0.0559,Transcription elongation factor SPT6,K11292,,,
514,VIT_10s0116g01580,115,0.0556,No hit,,,,
515,VIT_06s0004g05930,115,0.0556,Proliferating cell nuclear antigen (PCNA),K04802,,vv23030DNA_replication,vv23410Base_excision_repair
516,VIT_12s0057g01530,115,0.0555,Endomembrane protein 70  TM4 ;,EMP70,,,
517,VIT_06s0004g05200,114,0.0551,No hit,,,,
518,VIT_14s0068g01540,114,0.0550,PBS1 (avrPphB susceptible 1),K13430,,vv34626Plant-pathogen_interaction,
519,VIT_00s0516g00010,113,0.0546,Unknown,,,,
520,VIT_13s0019g00420,112,0.0542,F-box family protein,,,,
521,VIT_04s0008g04230,111,0.0540,ABC transporter G member 22,ABCG22,,vv52010ABC_transporters,
522,VIT_13s0019g01940,113,0.0538,Laccase,E1_10_3_2,,vv11000Single_reactions,vv50109Incompletely_characterized_transport_systems
523,VIT_01s0026g02030,111,0.0535,Basic helix-loop-helix (bHLH) family,BHLHDOM_59,,vv60011BHLH,
524,VIT_04s0008g03930,109,0.0526,RD22,,,,
525,VIT_08s0056g01070,108,0.0520,MATE efflux family protein,MATE,,vv50125Porters_cat_66_to_94,
526,VIT_02s0012g00580,105,0.0509,Ankyrin protein kinase,,,,
527,VIT_01s0010g02530,105,0.0508,Extracellular ligand-gated ion channel,EXLIGIONCH,,vv50109Incompletely_characterized_transport_systems,
528,VIT_11s0016g01500,103,0.0498,PHD finger protein alfin,ALFINDOM5,,vv60002Alfin-like,
529,VIT_05s0020g03600,101,0.0491,CDPK adapter protein 1,,,,
530,VIT_14s0006g02320,101,0.0490,Nuclear transcription factor Y subunit C-4,NFYC4,,vv60021CCAAT,
531,VIT_08s0007g03360,101,0.0490,EMB1345 (embryo defective 1345),,,,
532,VIT_02s0033g01030,101,0.0486,Anthraniloyal-CoA: methanol anthraniloyal transferase,AMAT,,vv10400Phenylalanine_tyrosine_and_tryptophan_biosynthesis,
533,VIT_18s0001g10120,97,0.0471,SPla/RYanodine receptor (SPRY) domain-containing protein,,,,
534,VIT_09s0002g03370,97,0.0470,No hit,,,,
535,VIT_14s0060g01850,97,0.0467,Unknown,,,,
536,VIT_17s0000g01700,96,0.0466,Leucine-rich repeat transmembrane protein kinase,,,,
537,VIT_03s0017g01490,96,0.0464,Berberine bridge enzyme,E1_21_3_3,,vv10950Alkaloid_biosynthesis_I,
538,VIT_13s0106g00700,96,0.0462,Aspartyl aminopeptidase,E3_4_11_21,,,
539,VIT_04s0008g05400,96,0.0462,Serine hydrolase [Vitis vinifera],E4_3_1_18,,vv10260Glycine_serine_and_threonine_metabolism,
540,VIT_10s0042g01020,95,0.0461,Isochorismatase,E3_3_2_1,,vv10130Ubiquinone_biosynthesis,
541,VIT_02s0033g01210,95,0.0458,Cyclops,,,,
542,VIT_07s0031g00520,93,0.0448,Unknown protein,,,,
543,VIT_02s0012g00150,92,0.0445,NAK-type protein kinase,,,,
544,VIT_02s0025g02900,91,0.0442,Zinc transporter MTPA2,MTPA2,,vv50121Porters_cat_1_to_6,
545,VIT_08s0007g04330,90,0.0436,CHUP1 (chloroplast unusual positioning 1),CHUP1,,vv44810Regulation_of_actin_cytoskeleton,
546,VIT_17s0000g08820,89,0.0432,Nucleoside phosphatase GDA1/CD39,,,,
547,VIT_04s0044g00140,88,0.0428,Unknown protein,,,,
548,VIT_13s0156g00540,88,0.0425,Disease resistance protein (CC-NBS-LRR class),,,,
549,VIT_01s0026g00680,87,0.0419,RNase H domain-containing protein,K01163,,,
550,VIT_00s0245g00030,86,0.0417,Integral membrane family protein,,,,
551,VIT_18s0001g14800,86,0.0416,Lipase 3 (EXL3) family II extracellular,,,,
552,VIT_00s0179g00110,84,0.0405,Protein phosphatase 2C,,,,
553,VIT_00s0189g00100,80,0.0388,No hit,,,,
554,VIT_05s0020g04480,80,0.0380,Pyruvate kinase,E2_7_1_40,,vv10010Glycolysis,vv10230Purine_metabolism
555,VIT_14s0060g02560,78,0.0379,Brassinosteroid-responsive ring-H2 (BRH1),BRH1,,vv30005Brassinosteroids_signaling,
556,VIT_04s0008g00860,78,0.0378,Ndr family protein,,,,
557,VIT_07s0130g00040,78,0.0377,Myb domain protein 4,MYB4_10,MYB3,vv60044MYB,
558,VIT_14s0083g01150,78,0.0376,COBRA protein,COBRA,,vv40006Cell_wall,
559,VIT_11s0037g01290,78,0.0375,No hit,,,,
560,VIT_14s0030g00960,77,0.0372,R protein MLA10,K13475,,vv34627R_proteins_from_Plant-pathogen_interaction,
561,VIT_14s0066g02440,76,0.0370,Glycosyl transferase family 14 protein,,,,
562,VIT_13s0064g01470,76,0.0369,Urophorphyrin III methylase,E2_1_1_107,,vv10860Porphyrin_and_chlorophyll_metabolism,
563,VIT_18s0041g00100,76,0.0367,Unknown protein,,,,
564,VIT_02s0087g00400,75,0.0364,Pectinacetylesterase,PAE,,vv40006Cell_wall,
565,VIT_14s0060g01090,75,0.0363,LNG1 (LONGIFOLIA1),,,,
566,VIT_11s0016g00290,75,0.0361,Pectinesterase PME3,E3_1_1_11,,vv40006Cell_wall,
567,VIT_07s0005g03010,74,0.0361,Triacylglycerol lipase,E3_1_1_3,,vv10561Glycerolipid_metabolism,
568,VIT_14s0066g00350,72,0.0349,Glycosyl transferase family 17 beta 1 4 N-acetylglucosaminyltransferase,E2_4_1_144,,vv10510N-Glycan_biosynthesis,vv11030Glycan_structures-biosynthesis1
569,VIT_06s0080g00800,72,0.0349,Vesicle-associated membrane protein 714,K08515,,vv24130SNARE_interactions_in_vesicular_transport,vv50101Channels_and_pores
570,VIT_10s0092g00450,72,0.0348,CYP71A25,,,,
571,VIT_18s0001g11120,70,0.0338,Ternary complex factor MIP1,,,,
572,VIT_02s0012g02430,66,0.0317,No hit,,,,
573,VIT_01s0011g05440,64,0.0311,Unknown protein,,,,
574,VIT_09s0018g01510,64,0.0310,No hit,,,,
575,VIT_15s0046g02400,64,0.0309,Glycerol-3-phosphate acyltransferase 8,E2_3_1_15,,vv10561Glycerolipid_metabolism,vv10564Glycerophospholipid_metabolism
576,VIT_14s0036g01030,63,0.0303,Ankyrin repeat,,,,
577,VIT_03s0097g00340,62,0.0300,Monofunctional aspartokinase,E2_7_2_4,,vv10260Glycine_serine_and_threonine_metabolism,vv10300Lysine_biosynthesis
578,VIT_07s0005g06060,61,0.0294,Pore-forming toxin-like protein Hfr-2,HFR2,,vv50101Channels_and_pores,
579,VIT_10s0071g00650,60,0.0289,No hit,,,,
580,VIT_07s0005g02420,59,0.0287,Haloacid dehalogenase hydrolase,E3_1_3_18,,vv10630Glyoxylate_and_dicarboxylate_metabolism,
581,VIT_17s0000g01660,58,0.0282,WD40,,,,
582,VIT_04s0008g02920,57,0.0278,Desiccation protein PCC13-62 precursor,,,,
583,VIT_12s0059g01760,56,0.0273,Caffeic acid O-methyltransferase,E2_1_1_68,,vv10940Phenylpropanoid_biosynthesis,
584,VIT_10s0116g00680,56,0.0271,PDF2 (protodermal factor2),PDF2_2,VvHB35,vv60034HB,
585,VIT_14s0068g00600,56,0.0270,Alpha-expansin 19,EXPA19,,vv30003Auxin_signaling,
586,VIT_05s0094g01510,56,0.0269,Unknown protein,,,,
587,VIT_07s0031g03190,55,0.0266,VHS and GAT domain protein,VHSDC,,vv50109Incompletely_characterized_transport_systems,
588,VIT_06s0004g06860,55,0.0266,Clathrin heavy chain,K04646,,vv50110Protein_coat,
589,VIT_14s0006g00320,54,0.0262,Condensin complex subunit 3   related,K06678,,vv44110Cell_cycle,
590,VIT_04s0023g01750,53,0.0257,TVLP1,,,,
591,VIT_13s0067g03050,52,0.0253,Leucine-rich repeat transmembrane protein kinase,,,,
592,VIT_07s0129g00040,52,0.0251,Peptidyl-prolyl cis-trans isomerase-like 2,K10598,,vv23040Spliceosome,vv24120Ubiquitin_mediated_proteolysis
593,VIT_08s0105g00360,52,0.0251,PHD finger protein alfin,ALFINDOM2,,vv60002Alfin-like,
594,VIT_15s0021g00220,51,0.0247,ABC transporter C member 15,ABCC15,,vv52010ABC_transporters,
595,VIT_06s0009g01410,51,0.0246,No hit,,,,
596,VIT_00s0286g00130,50,0.0243,S-locus lectin protein kinase,,,,
597,VIT_07s0129g00380,50,0.0241,Phototropic-responsive NPH3,BTBNPH3_1,,vv60093TRAF,
598,VIT_12s0059g01770,50,0.0241,Caffeic acid O-methyltransferase,E2_1_1_68,,vv10940Phenylpropanoid_biosynthesis,
599,VIT_07s0104g01410,50,0.0241,OTU cysteine protease,,,,
600,VIT_11s0016g02090,49,0.0237,Esterase,,,,
601,VIT_03s0063g01560,49,0.0236,CYP82C1p,,,,
602,VIT_19s0015g01610,47,0.0227,No hit,,,,
603,VIT_00s0346g00070,47,0.0227,Rhamnogalacturonate lyase,RHGTL,,vv40006Cell_wall,
604,VIT_17s0053g00710,47,0.0227,Calcium-dependent protein kinase,,,,
605,VIT_13s0019g01780,47,0.0227,Scarecrow transcription factor 14 (SCL14),SCL14_7,,vv60032GRAS,
606,VIT_15s0046g00890,47,0.0227,No hit,,,,
607,VIT_02s0033g01000,46,0.0223,Anthraniloyal-CoA: methanol anthraniloyal transferase,AMAT,,vv10400Phenylalanine_tyrosine_and_tryptophan_biosynthesis,
608,VIT_15s0045g01440,46,0.0223,Eceriferum 1 (CER1 protein) Sterol desaturase,,,,
609,VIT_11s0052g01790,46,0.0223,No hit,,,,
610,VIT_17s0000g08420,46,0.0223,Unknown protein,,,,
611,VIT_18s0041g00900,46,0.0221,UDP-glycosyltransferase 88A4,,,,
612,VIT_18s0164g00100,45,0.0217,Laccase,E1_10_3_2,,vv11000Single_reactions,vv50109Incompletely_characterized_transport_systems
613,VIT_03s0038g02400,45,0.0216,Protein kinase,,,,
614,VIT_09s0002g02330,44,0.0212,Nucleosome/chromatin assembly factor group A,,,,
615,VIT_08s0040g03400,44,0.0212,Short-chain dehydrogenase/reductase,,,,
616,VIT_15s0046g03650,43,0.0208,(+)-neomenthol dehydrogenase,E1_1_1_208,,vv10902Monoterpenoid_biosynthesis,
617,VIT_04s0008g06230,43,0.0208,Ubiquitin family,,,,
618,VIT_11s0065g00130,43,0.0208,Taxane 10-beta-hydroxylase,E1_14_13_76,,vv10904Diterpenoid_biosynthesis,
619,VIT_18s0164g00170<br>VIT_18s0164g00110,43,0.0208,
620,VIT_17s0000g02580,42,0.0204,Pentatricopeptide (PPR) repeat-containing,,,,
621,VIT_02s0025g03070,42,0.0204,Zinc finger (C3HC4-type ring finger),ZFC3HC4_116,,vv60078Other_zf-C3HC4,
622,VIT_04s0069g00370,42,0.0204,No hit,,,,
623,VIT_15s0045g01520,42,0.0203,Eceriferum 1 (CER1 protein) Sterol desaturase,,,,
624,VIT_13s0073g00140,42,0.0200,Ovate family protein 13 OFP13,OFP13_2,,vv60086OFP,
625,VIT_15s0046g02010,39,0.0188,MAPK (MPK4),MPK4,,vv30011Jasmonate_signaling,vv34626Plant-pathogen_interaction
626,VIT_12s0057g00360,38,0.0184,No hit,,,,
627,VIT_00s1627g00020,37,0.0178,No hit,,,,
628,VIT_13s0064g00840,37,0.0178,9 10[9' 10']carotenoid cleavage dioxygenase,CCD,,vv10906Carotenoid_biosynthesis,
629,VIT_08s0007g00900,36,0.0175,Tropinone reductase,E1_1_1_206,,vv10220Urea_cycle_and_metabolism_of_amino_groups,
630,VIT_16s0013g02120,36,0.0174,Pentatricopeptide (PPR) repeat-containing protein,,,,
631,VIT_02s0033g01060,36,0.0174,Anthraniloyal-CoA: methanol anthraniloyal transferase,AMAT,,vv10400Phenylalanine_tyrosine_and_tryptophan_biosynthesis,
632,VIT_00s0316g00010,35,0.0169,Disease resistance protein,K13466,,vv34626Plant-pathogen_interaction,
633,VIT_06s0004g04490,34,0.0164,Unknown protein,,,,
634,VIT_08s0007g08850,33,0.0161,No hit,,,,
635,VIT_06s0004g00950,33,0.0160,HUB2 (histone mono-ubiquitination 2),HUB2,,vv60078Other_zf-C3HC4,
636,VIT_05s0020g01960,33,0.0159,Na+/H+ antiporter isoform 2,NHX2,,vv50124Porters_cat_30_to_64,
637,VIT_15s0046g02720,33,0.0159,No hit,,,,
638,VIT_14s0060g01940,32,0.0156,Epoxide hydrolase,E3_3_2_10,,,
639,VIT_11s0037g01210,32,0.0155,Eceriferum 1 (CER1 protein) Sterol desaturase,,,,
640,VIT_19s0014g05130,32,0.0155,Glycosyl transferase family 8 protein,,,,
641,VIT_08s0058g01230,32,0.0155,Non-specific lipid-transfer protein,,,,
642,VIT_10s0003g00560,32,0.0155,Wuschel homeobox 9,WOX9,VvHB37,vv60034HB,
643,VIT_13s0019g05190,31,0.0151,RAB GTPase RAB_ALPHA,K07976,,,
644,VIT_12s0059g02720,31,0.0150,Pinene synthase,E4_2_3_14,,vv10902Monoterpenoid_biosynthesis,
645,VIT_18s0001g02300,31,0.0150,NAC domain containing protein 2,NAC2_7,VvNAC08,vv60046NAC,
646,VIT_08s0058g01340,30,0.0145,Leucine-rich repeat transmembrane protein kinase,,,,
647,VIT_02s0025g02250,30,0.0144,Dof zinc finger protein DOF4.6,DOF4_6_2,,vv60015C2C2-DOF,
648,VIT_05s0051g00710,29,0.0141,Tubulin beta,K07375,,vv44145Phagosome,vv44810Regulation_of_actin_cytoskeleton
649,VIT_00s0515g00040,29,0.0140,R protein MLA10,K13475,,vv34627R_proteins_from_Plant-pathogen_interaction,
650,VIT_03s0088g00140,29,0.0140,Isoflavone reductase protein 2,E1_3_1_45,,vv10943Isoflavonoid_biosynthesis,
651,VIT_04s0023g00360,28,0.0136,Unknown protein,,,,
652,VIT_18s0001g03120,28,0.0135,Ethylene-responsive transcription factor ERF003,ERF003_6,,vv30008Ethylene_signaling,vv60003AP2_EREBP
653,VIT_18s0041g01530,28,0.0135,CYP706A12,,,,
654,VIT_14s0006g01130,27,0.0131,No hit,,,,
655,VIT_05s0020g01650,27,0.0130,Zinc finger (CCCH-type) family protein,CCCHFAM_18,,vv60018C3H,
656,VIT_07s0031g00500,26,0.0126,Subtilase,ARA12,,vv50101Channels_and_pores,
657,VIT_00s0160g00280,25,0.0121,No hit,,,,
658,VIT_19s0085g01010,25,0.0121,No hit,,,,
659,VIT_05s0049g00300,25,0.0120,1-aminocyclopropane-1-carboxylate oxidase homolog 1,E1_14_17_4,,vv10640Propanoate_metabolism,vv30008Ethylene_signaling
660,VIT_06s0004g05730,24,0.0116,Universal stress protein (USP) family protein,,,,
661,VIT_00s0160g00220,24,0.0115,Unknown protein,,,,
662,VIT_19s0085g00480,23,0.0111,No hit,,,,
663,VIT_18s0157g00120,23,0.0111,No hit,,,,
664,VIT_01s0026g02590,23,0.0111,Calcium-binding protein CML,K13448,,vv34626Plant-pathogen_interaction,
665,VIT_13s0019g01520,22,0.0107,Protease inhibitor/seed storage/lipid transfer protein (LTP),,,,
666,VIT_17s0000g05660,22,0.0107,Polygalacturonase GH28,E3_2_1_15,,vv40006Cell_wall,
667,VIT_11s0052g01240,22,0.0106,1-deoxy-D-xylulose-5-phosphate synthase,E2_2_1_7,,vv10100Biosynthesis_of_steroids,
668,VIT_02s0087g00470,22,0.0106,Anthraniloyal-CoA: methanol anthraniloyal transferase,AMAT,,vv10400Phenylalanine_tyrosine_and_tryptophan_biosynthesis,
669,VIT_04s0044g01650,21,0.0102,GA 20-oxidase 2,E1_14_11_12,,vv10904Diterpenoid_biosynthesis,
670,VIT_05s0124g00330,21,0.0102,Survival of motor neuron protein-interacting protein 1,K13130,,vv23013RNA_transport,
671,VIT_07s0191g00030,21,0.0101,RAB GTPase RABA4A,K07976,,,
672,VIT_19s0014g03380,21,0.0101,3'(2') 5'-bisphosphate nucleotidase,E3_1_3_7,,vv10920Sulfur_metabolism,
673,VIT_07s0129g00860,20,0.0098,CYP81E1 Isoflavone 2'-hydroxylase,E1_14_13_89,,vv10943Isoflavonoid_biosynthesis,
674,VIT_01s0011g00720,20,0.0096,WRKY DNA-binding protein 57,WRKY57,VvWRKY01,vv60066WRKY,
675,VIT_19s0090g00710,20,0.0096,No hit,,,,
676,VIT_00s1663g00010,19,0.0092,No hit,,,,
677,VIT_00s0285g00050<br>VIT_16s0013g01380<br>VIT_07s0104g00140,19,0.0092,
678,VIT_17s0000g00300,19,0.0092,Signal recognition particle subunit 68 SRP68,K03107,,vv23060Protein_export,vv50132Primary_active_transporter_cat_A5_to_A8
679,VIT_11s0037g00990,19,0.0092,ATPase AFG1,,,,
680,VIT_15s0046g00850<br>VIT_19s0138g00070<br>VIT_05s0062g01300,19,0.0091,
681,VIT_06s0004g01510,18,0.0087,Lipoxygenase (LOX2),E1_13_11_12,,vv10592alpha-Linolenic_acid_metabolism,
682,VIT_17s0000g01260,18,0.0087,Squamosa promoter-binding protein 13 (SPL13),SPL13_1,,vv60055SBP,
683,VIT_00s0286g00100,18,0.0087,S-locus protein kinase,,,,
684,VIT_03s0110g00300,18,0.0087,Copper transporter 4,COPT4,,vv50101Channels_and_pores,
685,VIT_16s0050g01380,18,0.0087,Ankyrin repeat protein,,,,
686,VIT_15s0021g00860,18,0.0087,Protein phosphatase 2C 11,E3_1_3_16,,,
687,VIT_15s0024g00200,18,0.0086,Unknown,,,,
688,VIT_12s0028g03480,17,0.0082,Wax synthase,E2_3_1_75,,vv11000Single_reactions,
689,VIT_14s0060g01830,17,0.0082,Unknown protein,,,,
690,VIT_00s2525g00010,17,0.0082,Unknown,,,,
691,VIT_17s0000g04240,17,0.0082,No hit,,,,
692,VIT_09s0002g04170,17,0.0082,Acyl-CoA synthetases (Acyl-activating enzyme 13),E6_2_1_3,,vv10071Fatty_acid_metabolism,vv50104Group_translocators
693,VIT_08s0007g00890,16,0.0078,Tropinone reductase,E1_1_1_206,,vv10220Urea_cycle_and_metabolism_of_amino_groups,
694,VIT_12s0034g02570,16,0.0078,Leucine Rich Repeat receptor-like kinase,,,,
695,VIT_19s0090g01160,16,0.0078,Lipase GDSL,,,,
696,VIT_08s0032g00740,16,0.0077,Pentatricopeptide (PPR) repeat-containing,,,,
697,VIT_03s0017g00970,16,0.0077,No hit,,,,
698,VIT_18s0001g03510,15,0.0073,Flavonol synthase,E1_14_11_23,,vv10941Flavonoid_biosynthesis,
699,VIT_05s0029g01410,15,0.0073,No hit,,,,
700,VIT_13s0064g00770,15,0.0073,No hit,,,,
701,VIT_18s0001g06390,15,0.0072,Auxin-independent growth promoter,AXI1,,vv30003Auxin_signaling,
702,VIT_10s0116g01880,15,0.0072,MATE efflux family protein,MATE,,vv50125Porters_cat_66_to_94,
703,VIT_06s0004g00230,15,0.0072,WRKY DNA-binding protein 48,WRKY48_2,VvWRKY15,vv60066WRKY,
704,VIT_13s0064g00960,15,0.0072,Myb domain protein 46,MYB46,MYB186,vv60044MYB,
705,VIT_13s0064g01060,14,0.0068,No transmitting tract,NTT_1,,vv60017C2H2,
706,VIT_12s0028g01870,14,0.0067,Receptor kinase TRKa,,,,
707,VIT_11s0016g04720,14,0.0067,Blight-associated protein p12 precursor,,,,
708,VIT_09s0002g08050,13,0.0063,Unknown protein,,,,
709,VIT_04s0023g01060,13,0.0063,Proton gradient regulation 3,PGR3,,,
710,VIT_12s0134g00140,13,0.0063,R-linalool synthase,E4_2_3_26,,vv10900Terpenoid_biosynthesis,
711,VIT_15s0046g01430,12,0.0058,Aldose 1-epimerase,E5_1_3_3,,vv10010Glycolysis,
712,VIT_10s0071g00830,12,0.0058,Binding,,,,
713,VIT_06s0004g07960,12,0.0058,Glucose-6-phosphate/phosphate translocator,G6PPTR,,vv50122Porters_cat_7_to_17,
714,VIT_18s0122g01400,12,0.0058,Exostosin family protein,K02366,,vv11030Glycan_structures-biosynthesis1,
715,VIT_02s0025g04620,12,0.0058,Phospholipase D beta 1,PLDB1,,vv10564Glycerophospholipid_metabolism,vv10565Ether_lipid_metabolism
716,VIT_04s0008g05380,12,0.0058,Serine hydrolase [Vitis vinifera],E4_3_1_18,,vv10260Glycine_serine_and_threonine_metabolism,
717,VIT_10s0116g01160,12,0.0058,Pectate lyase like protein,E4_2_2_2,,vv40006Cell_wall,
718,VIT_09s0002g05650,12,0.0058,Unknown protein,,,,
719,VIT_06s0004g06960,12,0.0058,BCL2 binding anthogene,,,,
720,VIT_01s0011g02500,12,0.0058,No hit,,,,
721,VIT_05s0077g02300,12,0.0058,UDP-glucuronic acid decarboxylase 2,E4_1_1_35,,vv10500Starch_and_sucrose_metabolism,vv10520Nucleotide_sugars_metabolism
722,VIT_03s0063g01600,12,0.0058,No hit,,,,
723,VIT_07s0005g01520,10,0.0049,WRKY DNA-binding protein 35,WRKY35,VvWRKY18,vv60066WRKY,
724,VIT_16s0050g02430,10,0.0049,Receptor protein kinase,,,,
725,VIT_02s0025g01240,10,0.0049,UDP-glucuronosyl/UDP-glucosyltransferase,E2_4_1_17,,vv10040Pentose_glucuronate_interconversion,vv10500Starch_and_sucrose_metabolism
726,VIT_12s0028g03450,10,0.0049,Plastocyanin domain-containing protein,K02638,,vv10195Photosynthesis,vv50113Thylakoid_targeting_pathway
727,VIT_11s0016g01320,10,0.0048,Myb domain protein 13,MYB13,MYBPA2,vv60044MYB,
728,VIT_04s0008g01850,10,0.0048,Trihelix DNA-binding protein (GT2),GT2_2,,vv60062Trihelix,
729,VIT_02s0025g04500,10,0.0048,Ran-binding protein 1 RanBP1 domain containing,RANBP1DC,,vv50109Incompletely_characterized_transport_systems,
730,VIT_11s0016g02880,10,0.0048,NAC domain-containing protein 75,NAC075,VvNAC19,vv60046NAC,
731,VIT_05s0049g02100,9,0.0044,Curly leaf PHCLF1,CLF1_2,,vv30009Flower_development,vv60056SET_PCG
732,VIT_11s0052g00960,9,0.0044,Syntaxin,,,,
733,VIT_00s1881g00010,9,0.0044,No hit,,,,
734,VIT_01s0150g00260,9,0.0044,Zinc finger (C3HC4-type ring finger),ZFC3HC4_2,,vv60078Other_zf-C3HC4,
735,VIT_06s0009g01530,9,0.0043,Embryonic abundant protein,,,,
736,VIT_00s0204g00150,9,0.0043,Glutamate dehydrogenase 2,E1_4_1_2,,vv10251Glutamate_metabolism,vv10910Nitrogen_metabolism
737,VIT_02s0033g00120,9,0.0043,Pleckstriny (PH) domain-containing protein,,,,
738,VIT_19s0014g00280,9,0.0043,Nodulin MtN3 family,,,,
739,VIT_02s0012g01680,9,0.0043,Trehalose phosphatase 5,E3_1_3_12,,vv10500Starch_and_sucrose_metabolism,
740,VIT_14s0219g00280,9,0.0043,Glycerol-3-phosphate dehydrogenase (NAD+),E1_1_1_8,,vv10564Glycerophospholipid_metabolism,
741,VIT_12s0028g03900,9,0.0043,No hit,,,,
742,VIT_00s0360g00040,9,0.0043,No hit,,,,
743,VIT_07s0005g00680,7,0.0034,Exocyst complex subunit Sec15B,SEC15B,,vv50111Tethering_factors,
744,VIT_13s0019g05290,7,0.0034,Acyl-CoA binding,,,,
745,VIT_15s0048g02890,7,0.0034,Ubiquitin family,,,,
746,VIT_09s0002g06610,7,0.0034,Polygalacturonase GH28,E3_2_1_15,,vv40006Cell_wall,
747,VIT_19s0014g02450,7,0.0034,ALF5 (Aberrant lateral root formation 5),ALF5,,vv50125Porters_cat_66_to_94,
748,VIT_18s0001g10330,7,0.0034,Subtilisin protease,ARA12,,vv50101Channels_and_pores,
749,VIT_10s0092g00480,7,0.0034,CYP71D10p,E1_14_13_73,,vv10902Monoterpenoid_biosynthesis,
750,VIT_11s0016g04160,7,0.0034,Sulfate transporter 3.5,SULTR3_5,,vv50124Porters_cat_30_to_64,
751,VIT_02s0025g02380,6,0.0029,No hit,,,,
752,VIT_09s0002g03620,6,0.0029,NADP-dependent malic enzyme,E1_1_1_39,,vv10620Pyruvate_metabolism,vv10710Carbon_fixation
753,VIT_13s0067g02380,6,0.0029,Lateral organ boundaries Domain 15,LBD15_2,,vv60007AS2,
754,VIT_19s0015g00740,6,0.0029,Prefoldin,,,,
755,VIT_07s0104g00190,6,0.0029,7S globulin precursor  basic,,,,
756,VIT_01s0026g02120,6,0.0029,Microtubule end binding protein 1 (EB1),K10436,,vv44810Regulation_of_actin_cytoskeleton,
757,VIT_00s0374g00040,6,0.0029,S-locus lectin protein kinase,,,,
758,VIT_15s0046g00710,6,0.0029,Wax synthase,E2_3_1_75,,vv11000Single_reactions,
759,VIT_00s1328g00020,6,0.0029,Phytosulfokines PSK4,,,,
760,VIT_17s0000g05060,6,0.0029,Phytochelatin synthetase,E2_3_2_15,,vv10251Glutamate_metabolism,
761,VIT_05s0094g01440,6,0.0029,Unknown,,,,
762,VIT_16s0100g00190,6,0.0029,Pentatricopeptide (PPR) repeat-containing protein,,,,
763,VIT_16s0022g00340,6,0.0029,Unknown,,,,
764,VIT_06s0009g01420,6,0.0029,Protease inhibitor/seed storage/lipid transfer protein (LTP),,,,
765,VIT_00s0532g00070,6,0.0029,CRK10 (cysteine-rich RLK10); kinase,,,,
766,VIT_08s0007g08620,6,0.0029,No hit,,,,
767,VIT_18s0001g06840,6,0.0029,Peroxidase GvPx2b class III,E1_11_1_7,,vv10360Phenylalanine_metabolism,vv10680Methane_metabolism
768,VIT_07s0005g04690,6,0.0029,7S globulin precursor  basic,,,,
769,VIT_02s0087g00490,6,0.0029,10-deacetylbaccatin III 10-O-acetyltransferase,E2_3_1_167,,vv10904Diterpenoid_biosynthesis,
770,VIT_09s0002g01170,6,0.0029,Hydrolase  alpha/beta fold family protein,,,,
771,VIT_18s0001g14810,6,0.0029,Lipase 3 (EXL3) family II extracellular,,,,
772,VIT_18s0041g02130,6,0.0029,No hit,,,,
773,VIT_03s0017g00530,6,0.0029,Elongation factor 1-alpha HBS1,K14416,,vv23015mRNA_surveillance_pathway,
774,VIT_19s0014g05140,6,0.0029,R protein disease resistance protein,RPROT,,vv34627R_proteins_from_Plant-pathogen_interaction,
775,VIT_08s0058g01030,6,0.0029,Saposin B domain-containing protein,SAPB,,vv50101Channels_and_pores,
776,VIT_01s0010g03860,6,0.0029,Unknown,,,,
777,VIT_04s0008g04460,6,0.0029,Molybdate transporter 1,MOT1,,vv50124Porters_cat_30_to_64,
778,VIT_12s0059g00970,6,0.0029,Cellulose synthase CSLB04,E2_4_1_12_CSLB04,,vv40006Cell_wall,
779,VIT_00s2032g00010,6,0.0029,No hit,,,,
780,VIT_11s0052g01850,6,0.0029,Transcription initiation factor IIE (TFIIE) alpha subunit,K03136,,vv23022Basal_transcription_factors,
781,VIT_04s0023g00350,6,0.0029,Unknown,,,,
782,VIT_04s0043g00290,6,0.0029,Microtubule-associated protein,MASP,,vv44810Regulation_of_actin_cytoskeleton,
783,VIT_01s0011g03640,6,0.0029,Adenylate isopentenyltransferase,E2_5_1_27,,vv10100Biosynthesis_of_steroids,
784,VIT_18s0041g01590,6,0.0029,Taxane 10-beta-hydroxylase,E1_14_13_76,,vv10904Diterpenoid_biosynthesis,
785,VIT_03s0017g01440,6,0.0029,Berberine bridge enzyme,E1_21_3_3,,vv10950Alkaloid_biosynthesis_I,
786,VIT_04s0023g00170,6,0.0029,Unknown,,,,
787,VIT_01s0010g02230,6,0.0029,Response regulator ARR11 Type-B,ARR11_2,,vv30007Cytokinin_signaling,vv60006ARR-B
788,VIT_02s0025g03140,6,0.0029,Nodulin MtN21 family,MTN21,,vv50122Porters_cat_7_to_17,
789,VIT_07s0031g02260,5,0.0024,Unknown protein,,,,
790,VIT_12s0059g02420,5,0.0024,Peroxidase ATP11A (gb|X98802).,E1_11_1_7,,vv10360Phenylalanine_metabolism,vv10680Methane_metabolism
791,VIT_18s0001g01680,4,0.0020,Protein kinase,,,,
792,VIT_04s0044g01790,4,0.0019,Ribosome assembly protein 1,K14536,,vv23008Ribosome_biogenesis_in_Eukaryotes,
793,VIT_05s0020g01820,4,0.0019,Integral membrane family protein UPF0497,,,,
794,VIT_13s0019g00410,4,0.0019,No hit,,,,
795,VIT_19s0015g00380,4,0.0019,Cystathionine beta-synthase,E4_2_1_22,,vv10260Glycine_serine_and_threonine_metabolism,vv10271Methionine_metabolism
796,VIT_11s0016g03980,4,0.0019,Unknown protein,,,,
797,VIT_06s0061g01430,4,0.0019,flavonoid 1-2 rhamnosyltransferase,E2_4_1_236,,vv10941Flavonoid_biosynthesis,
798,VIT_08s0105g00300,4,0.0019,Phospholipase C,E3_1_4_3,,vv10260Glycine_serine_and_threonine_metabolism,vv10562Inositol_phosphate_metabolism
799,VIT_09s0096g00950,4,0.0019,No hit,,,,
800,VIT_00s0228g00060,3,0.0015,Unknown,,,,
801,VIT_00s0274g00080,3,0.0015,Benzoquinone reductase,E1_6_5_6,,vv10740Riboflavin_metabolism,
802,VIT_09s0002g03810,3,0.0015,No hit,,,,
803,VIT_11s0016g05250,3,0.0015,Methyltransferase FkbM family,,,,
804,VIT_12s0142g00510,3,0.0015,Cinnamoyl-CoA reductase,E1_2_1_44,,vv10940Phenylpropanoid_biosynthesis,
805,VIT_18s0001g10880,3,0.0015,Patatin,,,,
806,VIT_16s0039g02750,3,0.0015,NADH glutamate dehydrogenase,E1_4_1_3,,vv10251Glutamate_metabolism,vv10330Arginine_and_proline_metabolism
807,VIT_06s0004g07770,3,0.0015,Peroxidase,E1_11_1_7,,vv10360Phenylalanine_metabolism,vv10680Methane_metabolism
808,VIT_03s0017g00720,3,0.0015,No hit,,,,
809,VIT_17s0000g10100,3,0.0015,Response regulator ARR11 Type-B,ARR11_1,,vv30007Cytokinin_signaling,vv60006ARR-B
810,VIT_01s0127g00340,3,0.0015,Unknown,,,,
811,VIT_11s0052g00950,3,0.0015,Syntaxin,,,,
812,VIT_04s0008g07110,3,0.0015,Aspartic proteinase nepenthesin-2 precursor,E3_4_23_12,,,
813,VIT_13s0084g00740,3,0.0015,No hit,,,,
814,VIT_05s0062g01090,3,0.0015,Unknown,,,,
815,VIT_04s0008g01800,3,0.0015,Myb domain protein 7,MYB7_3,MYBPA7,vv60044MYB,
816,VIT_10s0116g00630,3,0.0015,Unknown protein,,,,
817,VIT_15s0045g01590,3,0.0015,Eceriferum 1 (CER1 protein) Sterol desaturase,,,,
818,VIT_16s0022g00430,3,0.0015,SRG1 (senescence-related gene 1) oxidoreductase,,,,
819,VIT_14s0060g01820,3,0.0015,Unknown,,,,
820,VIT_04s0043g00510,3,0.0015,Ethylene-responsive transcription factor ERF003,ERF003_1,,vv30008Ethylene_signaling,vv60003AP2_EREBP
821,VIT_01s0137g00180,3,0.0015,B-keto acyl reductase,,,,
822,VIT_17s0000g07950,3,0.0015,Unknown protein,,,,
823,VIT_08s0007g04920,3,0.0015,Zinc finger (C3HC4-type ring finger),ZFC3HC4_118,,vv60078Other_zf-C3HC4,
824,VIT_13s0019g03150,3,0.0015,Membrane protein,,,,
825,VIT_10s0071g00250,3,0.0015,Strictosidine synthase,E4_3_3_2,,vv10900Terpenoid_biosynthesis,vv10902Monoterpenoid_biosynthesis
826,VIT_17s0000g09020,3,0.0015,No hit,,,,
827,VIT_18s0001g00640,3,0.0015,Pentatricopeptide (PPR) repeat-containing protein,,,,
828,VIT_00s0302g00030,3,0.0015,LYS/HIS transporter 7 LHT7,LHT7,,vv50123Porters_cat_18_to_29,
829,VIT_18s0001g10820,3,0.0015,Proteasome 26S regulatory subunit (RPN11),K03030,,vv23050Proteasome,
830,VIT_17s0000g01760,3,0.0014,Beta-glucosidase 24,E3_2_1_21,,vv10460Cyanoamino_acid_metabolism,vv10500Starch_and_sucrose_metabolism
831,VIT_15s0046g01060,3,0.0014,Pentatricopeptide (PPR) repeat,,,,
832,VIT_04s0008g04720,3,0.0014,Endonuclease/exonuclease/phosphatase family protein,E3_1_30_x,,,
833,VIT_01s0146g00410,3,0.0014,GEM-like protein 5,,,,
834,VIT_18s0001g12310,3,0.0014,Ovate family protein 7 OFP7,OFP7_2,,vv60086OFP,
835,VIT_02s0087g00940,3,0.0014,No hit,,,,
836,VIT_11s0016g05900,3,0.0014,Clathrin assembly protein 10,CAP10,,vv50110Protein_coat,
837,VIT_00s0378g00040,3,0.0014,CC-NBS-LRR class,,,,
838,VIT_01s0010g03230,3,0.0014,HcrVf1 protein,,,,
839,VIT_04s0008g02210,3,0.0014,RPD1 (root primordium defective 1),,,,
840,VIT_03s0110g00100,3,0.0014,CYP86A8,,,,
841,VIT_13s0067g03620,3,0.0014,SET domain-containing protein,SETDOM_4,,vv60056SET_PCG,
842,VIT_17s0000g03750,3,0.0014,Chitin elicitor-binding CEBIP LysM domain-containing,K13473,,vv34626Plant-pathogen_interaction,
843,VIT_05s0049g00480,3,0.0014,Zinc finger (C3HC4-type ring finger),ZFC3HC4_65,,vv60078Other_zf-C3HC4,
844,VIT_19s0014g01400,3,0.0014,Agenet domain-containing protein,,,,
845,VIT_13s0074g00740,3,0.0014,Histidine-containing phosphotransfer protein,AHP5,,vv30007Cytokinin_signaling,
846,VIT_03s0180g00240,3,0.0014,No hit,,,,
847,VIT_07s0031g00420,3,0.0014,SHN1 (SHINE 1),SHINE1_2,,vv30008Ethylene_signaling,vv60003AP2_EREBP
848,VIT_09s0002g07930,3,0.0014,Arogenate dehydrogenase 1  chloroplastic,E1_3_1_43,,vv10400Phenylalanine_tyrosine_and_tryptophan_biosynthesis,
849,VIT_01s0011g00020,3,0.0014,No hit,,,,
850,VIT_06s0004g02690,3,0.0014,Glycosyl transferase family 2 protein,,,,
851,VIT_19s0090g00330,3,0.0014,1-acyl-sn-glycerol-3-phosphate acyltransferase,E2_3_1_51,,vv10561Glycerolipid_metabolism,vv10564Glycerophospholipid_metabolism
852,VIT_05s0077g01650,3,0.0014,Major allergen Pru ar 1,,,,
853,VIT_18s0001g04520,3,0.0014,No hit,,,,
854,VIT_11s0016g00980,3,0.0014,flavonoid 3-monooxygenase,E1_14_13_21,,vv10941Flavonoid_biosynthesis,
855,VIT_07s0141g01050,3,0.0014,No hit,,,,
856,VIT_07s0005g01790,3,0.0014,Acyl-CoA synthetase long-chain member 2,E6_2_1_3_LACS2,,vv10071Fatty_acid_metabolism,vv44146Peroxisome
857,VIT_00s0317g00060,3,0.0014,Unknown protein,,,,
858,VIT_02s0109g00350,3,0.0014,Carboxyl-terminal proteinase,,,,
859,VIT_12s0055g00120,3,0.0014,No hit,,,,
860,VIT_05s0102g00420,3,0.0014,far-red impaired responsive family protein,FRSFAM_12,,vv60071Orphans_far-red,
861,VIT_01s0150g00180,3,0.0014,Exostosin,K02366,,vv11030Glycan_structures-biosynthesis1,
862,VIT_14s0083g00840,3,0.0014,Lipase GDSL 7,,,,
863,VIT_10s0116g01030,3,0.0014,Stigma-specific Stig1,,,,
864,VIT_11s0016g05060,3,0.0014,Choline/ethanolamine kinase,K14156,,vv10260Glycine_serine_and_threonine_metabolism,vv10564Glycerophospholipid_metabolism
865,VIT_01s0010g02220,3,0.0014,Zinc finger (C3HC4-type ring finger),ZFC3HC4_200,,vv60078Other_zf-C3HC4,
866,VIT_18s0041g00800,3,0.0014,UDP-glucose: anthocyanidin 5 3-O-glucosyltransferase,RHGT1,,vv10942Anthocyanin_biosynthesis,
867,VIT_13s0019g01200,3,0.0014,Unknown,,,,
868,VIT_17s0000g07530,3,0.0014,Transportin-SR,TRANSPORTINSR,,vv50112Nuclear_pore_complex,
869,VIT_08s0007g07110,3,0.0014,Unknown protein,,,,
870,VIT_18s0001g01130,3,0.0014,Alpha-expansin 1 precursor,EXPA1,,vv30003Auxin_signaling,
871,VIT_17s0000g03130,3,0.0014,Unknown protein,,,,
872,VIT_16s0100g00470,3,0.0014,BCL2 binding anthogene,,,,
873,VIT_15s0046g02300,3,0.0014,Beta-cyanoalanine synthase,E2_5_1_47,,vv10272Cysteine_metabolism,vv10450Selenoamino_acid_metabolism
874,VIT_15s0021g01370,3,0.0014,Unknown protein,,,,
875,VIT_16s0098g01870,3,0.0014,SOS3 (salt overly sensitive 3),E3_1_3_16,,,
