Vv_m2,2000,1000,VIT_10s0003g00600
rank,node,Fabs,Frel,Functional-annotation,Name-EC-KeggID,Updated-name,Network1,Network2
1,VIT_14s0128g00210,2086,1.0000,Xyloglucanase inhibitor,,,,
2,VIT_12s0059g01830,2069,1.0000,Unknown,,,,
3,VIT_05s0102g00370,2075,1.0000,Receptor protein kinase (ACR4),,,,
4,VIT_17s0000g09270,2067,0.9981,MATE efflux family protein,MATE,,vv50125Porters_cat_66_to_94,
5,VIT_14s0068g02010,2060,0.9981,IMP dehydrogenase/GMP reductase,E1_1_1_205,,vv10230Purine_metabolism,
6,VIT_13s0067g02910,2055,0.9981,Non-specific lipid-transfer protein,,,,
7,VIT_03s0063g00670,2066,0.9976,Cyclin-dependent kinase inhibitor ICK5,ICK5,,vv44110Cell_cycle,
8,VIT_07s0031g01680,2062,0.9961,CYP86A1,,,,
9,VIT_03s0038g01830,2057,0.9952,Proline-rich protein 4,,,,
10,VIT_06s0080g00760,2061,0.9947,Unknown protein,,,,
11,VIT_06s0009g01620,2057,0.9932,Harpin-induced protein,,,,
12,VIT_11s0016g04160,2055,0.9913,Sulfate transporter 3.5,SULTR3_5,,vv50124Porters_cat_30_to_64,
13,VIT_12s0057g01450,2072,0.9904,Subtilisin protease,,,,
14,VIT_08s0007g00700,2036,0.9874,PCS1 (promotion of cell survival1) peptidase,,,,
15,VIT_13s0067g02390,2014,0.9748,Unknown,,,,
16,VIT_15s0046g01960,2006,0.9728,Hydroquinone glucosyltransferase,E2_4_1_218,,vv10500Starch_and_sucrose_metabolism,
17,VIT_10s0116g01580,1999,0.9671,No hit,,,,
18,VIT_19s0014g05000,2001,0.9634,Zinc finger (C2H2 type) family,C2H2FAM_16,,vv60017C2H2,
19,VIT_17s0000g02660,1981,0.9547,Myb domain protein 6,MYB6_2,MYBC2-L2,vv60044MYB,
20,VIT_09s0002g03130,1973,0.9541,FRK1 (FLG22-induced receptor-like kinase 1),FRK1,,vv34626Plant-pathogen_interaction,
21,VIT_01s0137g00410,1966,0.9498,CYP86A2,,,,
22,VIT_14s0066g02270,1963,0.9492,Endonuclease/exonuclease/phosphatase family protein,E3_1_30_x,,,
23,VIT_18s0001g14910,1965,0.9484,Mannitol dehydrogenase,E1_1_1_67,,vv10051Fructose_and_mannose_metabolism,
24,VIT_03s0038g01960,1944,0.9455,Proline-rich family protein,,,,
25,VIT_04s0008g05440,1945,0.9387,Ethylene-responsive transcription factor SHINE 3,SHINE3_1,VvERF044,vv30008Ethylene_signaling,vv60003AP2_EREBP
26,VIT_10s0597g00050,1944,0.9382,Heat shock transcription factor B2A,HSFB2A_3,,vv60037HSF,
27,VIT_02s0025g01190,1934,0.9334,Extra-large G-protein (XLG1),,,,
28,VIT_07s0031g01670,1939,0.9318,CYP96A10,,,,
29,VIT_13s0073g00140,1930,0.9315,Ovate family protein 13 OFP13,OFP13_2,,vv60086OFP,
30,VIT_04s0023g02840,1908,0.9285,Leucine-rich repeat disease resistance protein,,,,
31,VIT_19s0027g01810,1932,0.9275,Invertase/pectin methylesterase inhibitor,PMEI,,vv40006Cell_wall,
32,VIT_12s0134g00640,1918,0.9230,Anthocyanidin 3-O-glucoside-6''-O-malonyltransferase,E2_3_1_171,,vv10942Anthocyanin_biosynthesis,
33,VIT_02s0012g00660,1911,0.9170,Calcium-binding EF-hand,,,,
34,VIT_13s0019g01520,1896,0.9159,Protease inhibitor/seed storage/lipid transfer protein (LTP),,,,
35,VIT_10s0003g05420,1881,0.9065,S-2-hydroxy-acid oxidase  peroxisomal,E1_1_3_15,,vv10630Glyoxylate_and_dicarboxylate_metabolism,
36,VIT_07s0005g05260<br>VIT_07s0005g05230,1877,0.9063,
37,VIT_01s0026g00570,1880,0.9038,Bet v I allergen,,,,
38,VIT_10s0042g00820,1845,0.8930,Transparent testa16,TT16_2,,vv60042MADS,
39,VIT_18s0001g14660,1851,0.8920,P-glycoprotein 13,PGP13,,vv52010ABC_transporters,
40,VIT_09s0054g00430,1831,0.8790,Unknown protein,,,,
41,VIT_09s0002g08590,1800,0.8746,Pentatricopeptide (PPR) repeat-containing protein,,,,
42,VIT_04s0008g06000,1804,0.8715,Ethylene-responsive transcription factor ERF003,ERF003_2,VvERF045,vv30008Ethylene_signaling,vv60003AP2_EREBP
43,VIT_04s0008g03640,1789,0.8605,FAD-binding domain-containing protein,,,,
44,VIT_19s0090g00730,1779,0.8569,No hit,,,,
45,VIT_07s0129g00070<br>VIT_07s0129g00150,1753,0.8530,
46,VIT_12s0142g00640,1749,0.8490,FLS2 (flagellin-sensitive 2),K13420,,vv34626Plant-pathogen_interaction,
47,VIT_05s0124g00100,1739,0.8434,Unknown,,,,
48,VIT_04s0069g01120,1738,0.8412,Acyl-activating enzyme 7,E6_2_1_3,,vv10071Fatty_acid_metabolism,vv50104Group_translocators
49,VIT_00s0225g00070,1739,0.8397,MATE efflux family protein,MATE,,vv50125Porters_cat_66_to_94,
50,VIT_08s0105g00270,1726,0.8294,NC domain-containing protein,,,,
51,VIT_17s0000g01000,1714,0.8284,Amino acid-binding ACT,,,,
52,VIT_15s0046g02380,1702,0.8202,CYP86A8,,,,
53,VIT_13s0067g00400,1694,0.8164,Anthranilate synthase alpha 1,E4_1_3_27,,vv10400Phenylalanine_tyrosine_and_tryptophan_biosynthesis,
54,VIT_02s0012g00150,1693,0.8132,NAK-type protein kinase,,,,
55,VIT_09s0002g06750,1673,0.8106,ERF/AP2 transcription factor sub B-6 SHINE,SHINE1_1,VvERF042,vv30008Ethylene_signaling,vv60003AP2_EREBP
56,VIT_12s0059g02310,1665,0.8075,PDF2 (protodermal factor2),PDF2_4,VvHB44,vv60034HB,
57,VIT_14s0128g00510<br>VIT_14s0128g00550,1668,0.8015,
58,VIT_05s0077g00730,1655,0.7999,WRKY DNA-binding protein 48,WRKY48_1,VvWRKY14,vv60066WRKY,
59,VIT_09s0002g03140,1665,0.7978,Lipase GDSL,,,,
60,VIT_03s0088g01150,1644,0.7969,Squalene monooxygenase,E1_14_99_7,,vv10100Biosynthesis_of_steroids,vv10900Terpenoid_biosynthesis
61,VIT_15s0021g02300,1628,0.7903,Squamosa promoter-binding protein 8 (SPL8),SPL8,,vv60055SBP,
62,VIT_03s0038g01410,1646,0.7902,Aquaporin PIP PIP1A,PIP1A,,vv50101Channels_and_pores,
63,VIT_04s0044g00190,1610,0.7819,Mannitol dehydrogenase,E1_1_1_67,,vv10051Fructose_and_mannose_metabolism,
64,VIT_03s0063g00370,1615,0.7813,Nitrite reductase,E1_7_7_1,,vv10910Nitrogen_metabolism,
65,VIT_08s0007g00570,1601,0.7791,WRKY DNA-binding protein 49,WRKY49,VvWRKY27,vv60066WRKY,
66,VIT_14s0060g01850,1613,0.7789,Unknown,,,,
67,VIT_09s0054g00690,1603,0.7744,Vacuolar processing enzyme alpha,,,,
68,VIT_02s0025g02600,1568,0.7568,Glyoxal oxidase,,,,
69,VIT_01s0011g04430,1565,0.7546,MATE efflux family protein,MATE,,vv50125Porters_cat_66_to_94,
70,VIT_14s0068g02140,1551,0.7500,SWIB complex BAF60b domain-containing protein,SWIB_9,,vv60092SWIB,
71,VIT_03s0063g01880,1567,0.7494,Acyl-CoA synthetase long-chain member 2,E6_2_1_3_LACS2,,vv10071Fatty_acid_metabolism,vv44146Peroxisome
72,VIT_08s0032g00530,1550,0.7477,Rhomboid,,,,
73,VIT_14s0060g02330,1529,0.7372,Actin binding formin homology 1,FH2,,vv44810Regulation_of_actin_cytoskeleton,
74,VIT_02s0012g02030,1499,0.7256,Homeobox-7,VVHB7_1,VvHB09,vv60034HB,
75,VIT_14s0068g01540,1497,0.7225,PBS1 (avrPphB susceptible 1),K13430,,vv34626Plant-pathogen_interaction,
76,VIT_18s0001g09060,1462,0.7066,Unknown protein,,,,
77,VIT_01s0011g03210,1456,0.7047,Aspartyl protease,E3_4_23_x,,,
78,VIT_01s0011g02250,1448,0.6988,Metal-nicotianamine transporter YSL7,YSL7,,vv50125Porters_cat_66_to_94,
79,VIT_01s0011g02800,1433,0.6923,RIC7 (ROP-interactive crib motif-containing protein 7),,,,
80,VIT_12s0134g00140,1431,0.6916,R-linalool synthase,E4_2_3_26,,vv10900Terpenoid_biosynthesis,
81,VIT_19s0014g00090,1426,0.6902,Glucan endo-1 3-beta-glucosidase 4 precursor,E3_2_1_39,,vv10500Starch_and_sucrose_metabolism,
82,VIT_18s0001g03120,1424,0.6873,Ethylene-responsive transcription factor ERF003,ERF003_6,,vv30008Ethylene_signaling,vv60003AP2_EREBP
83,VIT_16s0022g02170,1401,0.6775,Alpha-L-fucosidase,E3_2_1_51,,vv10511N-Glycan_degradation,
84,VIT_18s0001g10060,1388,0.6715,LRX1 (leucine-rich repeat/extensin 1),EXTENSIN,,vv40006Cell_wall,
85,VIT_04s0044g01730,1392,0.6715,F-box family protein,,,,
86,VIT_17s0000g10060,1376,0.6647,Lipase GDSL,,,,
87,VIT_10s0003g01010,1372,0.6644,Lipase GDSL,,,,
88,VIT_08s0007g00160,1367,0.6636,Glycosyltransferase family 14,,,,
89,VIT_03s0038g01180<br>VIT_03s0038g01260,1356,0.6589,
90,VIT_06s0004g01550,1362,0.6586,Phosphoribosylanthranilate transferase,E2_4_2_18,,vv10400Phenylalanine_tyrosine_and_tryptophan_biosynthesis,
91,VIT_16s0039g01910,1345,0.6564,Vegetative storage protein win4.5,,,,
92,VIT_00s0317g00160,1350,0.6547,Chalcone and stilbene synthases,E2_3_1_74,,vv10941Flavonoid_biosynthesis,
93,VIT_06s0004g05730,1337,0.6525,Universal stress protein (USP) family protein,,,,
94,VIT_10s0003g00620,1351,0.6495,Lipase GDSL,,,,
95,VIT_12s0134g00670,1334,0.6463,Anthocyanin 5-aromatic acyltransferase,E2_3_1_153,,vv10941Flavonoid_biosynthesis,vv10942Anthocyanin_biosynthesis
96,VIT_08s0040g01820,1324,0.6393,No hit,,,,
97,VIT_14s0066g00400,1330,0.6391,Chalcone isomerase,E5_5_1_6,,vv10941Flavonoid_biosynthesis,
98,VIT_18s0122g00220,1308,0.6343,Phosphodiesterase/alkaline phosphatase D,E3_1_4_1,,,
99,VIT_10s0003g01550,1306,0.6294,IMK2 (inflorescence meristem receptor-like kinase 2),,,,
100,VIT_11s0016g03660,1295,0.6274,Glucose transporter 2 plastidic,PGTR2,,vv50121Porters_cat_1_to_6,
101,VIT_10s0003g02500,1299,0.6251,Malate dehydrogenase  cytoplasmic 1,E1_1_1_37,,vv10020Citrate_cycle,vv10620Pyruvate_metabolism
102,VIT_04s0023g03710,1289,0.6206,Myb domain protein 4,MYB4_1,MYB4B,vv60044MYB,
103,VIT_19s0014g04620,1293,0.6201,S-locus receptor kinase,,,,
104,VIT_18s0001g11100,1255,0.6104,Serine carboxypeptidase,,,,
105,VIT_04s0043g00560,1256,0.6094,DD1A protein,,,,
106,VIT_07s0005g05180,1249,0.6051,No hit,,,,
107,VIT_19s0014g03650,1244,0.5995,No hit,,,,
108,VIT_19s0014g03510,1226,0.5951,ARF GTPase activator  ARF-GAP Domain 5,AGD5,,vv50110Protein_coat,
109,VIT_03s0038g03600,1231,0.5947,Serine/threonine kinase,,,,
110,VIT_10s0116g01880,1222,0.5923,MATE efflux family protein,MATE,,vv50125Porters_cat_66_to_94,
111,VIT_06s0004g06890,1230,0.5916,Potassium transporter (KUP1),KUP1,,vv50125Porters_cat_66_to_94,
112,VIT_18s0001g10870,1225,0.5912,Patatin,,,,
113,VIT_13s0064g01740<br>VIT_13s0064g01750,1217,0.5876,
114,VIT_07s0005g00510,1209,0.5866,Monoglyceride lipase,E3_1_1_23,,vv10561Glycerolipid_metabolism,
115,VIT_04s0023g00660,1213,0.5866,No hit,,,,
116,VIT_17s0000g00130,1215,0.5853,SEC14 cytosolic factor,SEC14,,vv50122Porters_cat_7_to_17,
117,VIT_00s0399g00020,1220,0.5849,Protease inhibitor/seed storage/lipid transfer protein (LTP),,,,
118,VIT_12s0059g00190,1204,0.5828,Beta-expansin (EXPB3),EXPB3,,vv30003Auxin_signaling,
119,VIT_09s0002g03050,1195,0.5748,Lipase GDSL,,,,
120,VIT_14s0068g01520,1188,0.5742,Double-stranded RNA-binding (DsRBD) domain-containing protein,,,,
121,VIT_09s0002g01650,1178,0.5738,5'-nucleotidase surE,E3_1_3_5,,vv10230Purine_metabolism,vv10240Pyrimidine_metabolism
122,VIT_03s0180g00320,1186,0.5705,Indole-3-acetate beta-glucosyltransferase,E2_4_1_121,,vv11002Auxin_biosynthesis,
123,VIT_03s0038g02380,1183,0.5688,RAC G-protein Rac1,RAC1,,vv34020Calcium_signaling_pathway,
124,VIT_02s0025g02620,1177,0.5683,BDG1 (BODYGUARD1) hydrolase,,,,
125,VIT_11s0016g04540,1164,0.5612,ABC transporter G member 22,ABCG22,,vv52010ABC_transporters,
126,VIT_15s0048g02880,1148,0.5592,Ubiquitin thiolesterase,,,,
127,VIT_18s0001g01210,1156,0.5568,Senescence-inducible chloroplast stay-green protein 2,,,,
128,VIT_11s0052g00410,1144,0.5537,Allyl alcohol dehydrogenase,,,,
129,VIT_10s0003g03910,1140,0.5515,TCP family transcription factor 24,TCP24,,vv60061TCP,
130,VIT_17s0000g02590,1141,0.5509,Laccase,E1_10_3_2,,vv11000Single_reactions,vv50109Incompletely_characterized_transport_systems
131,VIT_18s0001g06390,1138,0.5479,Auxin-independent growth promoter,AXI1,,vv30003Auxin_signaling,
132,VIT_14s0128g00160,1137,0.5469,Protein kinase CDG1,,,,
133,VIT_08s0040g02250,1102,0.5326,No hit,,,,
134,VIT_14s0066g01730,1090,0.5278,Cellulose synthase CSLC04,E2_4_1_12_CSLC04,,vv40006Cell_wall,
135,VIT_00s0207g00010,1085,0.5259,Anthranilate N-benzoyltransferase protein 1,E2_3_1_144,,vv10400Phenylalanine_tyrosine_and_tryptophan_biosynthesis,
136,VIT_02s0025g03320,1082,0.5247,CYP86A2,,,,
137,VIT_15s0046g02410,1082,0.5225,Aquaporin TMP-C,TMPC,,vv50101Channels_and_pores,
138,VIT_14s0006g02290,1051,0.5112,DREB sub A-4 of ERF/AP2 transcription factor,TINY_2,VvERF028,vv30008Ethylene_signaling,vv60003AP2_EREBP
139,VIT_06s0004g07220,1055,0.5111,Indole-3-acetate beta-glucosyltransferase,E2_4_1_121,,vv11002Auxin_biosynthesis,
140,VIT_05s0020g03420,1063,0.5103,PHD finger transcription factor,PHDFG_4,,vv60048PHD,
141,VIT_09s0002g02220,1058,0.5101,Protein kinase CDG1,,,,
142,VIT_03s0017g01490,1049,0.5048,Berberine bridge enzyme,E1_21_3_3,,vv10950Alkaloid_biosynthesis_I,
143,VIT_00s1348g00010,1040,0.5019,Ternary complex factor MIP1,,,,
144,VIT_10s0003g02960,1033,0.5017,Glycosyl hydrolase family 17 protein,,,,
145,VIT_06s0009g03390,1035,0.5012,No hit,,,,
146,VIT_14s0108g01080,1037,0.5012,Myb domain protein 106,MYB106_2,MYB141,vv60044MYB,
147,VIT_15s0046g03240,1038,0.4998,Unknown protein,,,,
148,VIT_08s0007g09000,1014,0.4910,Glycerol-3-phosphate dehydrogenase,E1_1_1_8,,vv10564Glycerophospholipid_metabolism,
149,VIT_03s0097g00460,1013,0.4910,Geraniol 10-hydroxylase,G10H,,vv10902Monoterpenoid_biosynthesis,
150,VIT_01s0010g02030,1017,0.4880,Gamma-thionin precursor,,,,
151,VIT_17s0000g06730,1013,0.4877,No hit,,,,
152,VIT_03s0038g04500,1001,0.4829,Bifunctional dihydrofolate reductase-thymidylate synthase 1,K13998,,vv10240Pyrimidine_metabolism,vv10670One_carbon_pool_by_folate
153,VIT_12s0059g01820,994,0.4816,Protein phosphatase 1D,K10147,,,
154,VIT_01s0011g00080,998,0.4798,Universal stress protein (USP) family protein,,,,
155,VIT_13s0064g01640,992,0.4797,Beta-primeverosidase,E3_2_1_149,,vv11000Single_reactions,
156,VIT_04s0043g00510,989,0.4794,Ethylene-responsive transcription factor ERF003,ERF003_1,,vv30008Ethylene_signaling,vv60003AP2_EREBP
157,VIT_16s0050g02100,987,0.4759,Disease resistance,,,,
158,VIT_14s0030g00660,985,0.4749,Shikimate dehydrogenase,E1_1_1_25,,vv10400Phenylalanine_tyrosine_and_tryptophan_biosynthesis,
159,VIT_19s0015g02680,979,0.4734,Glutathione S-transferase 25 GSTU25,E2_5_1_18_GSTU25,,vv10480Glutathione_metabolism,
160,VIT_18s0001g09920,976,0.4706,Cyclin delta-3 (CYCD3_1),CYCD3,,vv30007Cytokinin_signaling,vv44110Cell_cycle
161,VIT_00s0229g00120,969,0.4695,Ternary complex factor MIP1,,,,
162,VIT_03s0038g00220,949,0.4611,Purple acid phosphatase 10 ATPAP10/PAP10,E3_1_3_2,,vv10740Riboflavin_metabolism,
163,VIT_07s0005g00830,939,0.4576,Subtilisin protease,,,,
164,VIT_12s0028g03900,941,0.4559,No hit,,,,
165,VIT_16s0050g00830,934,0.4527,Beta-ketoacyl-CoA synthase,E2_3_1_41,,vv10061Fatty_acid_biosynthesis,
166,VIT_13s0019g03020,943,0.4523,Glucosyltransferase-2,,,,
167,VIT_18s0001g10470,932,0.4511,Protein kinase MK6,,,,
168,VIT_12s0059g02420,933,0.4509,Peroxidase ATP11A (gb|X98802).,E1_11_1_7,,vv10360Phenylalanine_metabolism,vv10680Methane_metabolism
169,VIT_08s0056g01130,925,0.4473,Mini zinc finger 2 MIF2,MIF2_2,,vv60068Zf-HD,
170,VIT_08s0007g03540,919,0.4444,Anthocyanin membrane protein 1 (Anm1),ANM1,,vv50122Porters_cat_7_to_17,
171,VIT_18s0001g01750,913,0.4404,No hit,,,,
172,VIT_18s0001g13460,899,0.4358,MADS-box AP3 [Vitis labrusca x Vitis vinifera],APETALA3_1,,vv30009Flower_development,vv60042MADS
173,VIT_10s0042g01010,884,0.4281,CYP714A1,,,,
174,VIT_04s0044g01520,879,0.4255,GA 20-oxidase 2,E1_14_11_12,,vv10904Diterpenoid_biosynthesis,
175,VIT_02s0025g00580,866,0.4198,Glycoside hydrolase  family 5,,,,
176,VIT_01s0146g00410,866,0.4182,GEM-like protein 5,,,,
177,VIT_08s0007g02000,860,0.4175,Glycerol-3-phosphate acyltransferase 8,E2_3_1_15,,vv10561Glycerolipid_metabolism,vv10564Glycerophospholipid_metabolism
178,VIT_01s0026g00530,856,0.4172,Nodulin MtN21 family,MTN21,,vv50122Porters_cat_7_to_17,
179,VIT_15s0048g02680,849,0.4107,Calmodulin-binding region IQD17,,,,
180,VIT_08s0032g00760,850,0.4100,Translation initiation factor eIF-2 beta subunit,K03238,,vv23013RNA_transport,
181,VIT_08s0007g08110,837,0.4065,1-acyl-sn-glycerol-3-phosphate acyltransferase,E2_3_1_51,,vv10561Glycerolipid_metabolism,vv10564Glycerophospholipid_metabolism
182,VIT_00s0762g00030,829,0.3997,S-locus lectin protein kinase,,,,
183,VIT_16s0022g02090,826,0.3986,Embryo-specific 3,,,,
184,VIT_02s0087g00200,822,0.3975,Aspartic proteinase nepenthesin-1 precursor,E3_4_23_12,,,
185,VIT_12s0059g01870,819,0.3970,GH3-like protein,AUXINBIOSYNTHESIS_GH3,,vv11002Auxin_biosynthesis,
186,VIT_19s0014g04060,814,0.3963,ARK3 (Arabidopsis Receptor Kinase 3),,,,
187,VIT_08s0007g06870,816,0.3938,Zinc finger protein 8,ZFP8,,vv60017C2H2,
188,VIT_01s0150g00390,812,0.3913,Minichromosome maintenance protein 2,K02540,,vv23030DNA_replication,vv44110Cell_cycle
189,VIT_09s0002g02210,816,0.3899,Adhesion of calyx edges (ACE),,,,
190,VIT_02s0109g00350,801,0.3857,Carboxyl-terminal proteinase,,,,
191,VIT_13s0067g00730,790,0.3828,Carboxylic ester hydrolase,E3_1_1_1,,,
192,VIT_07s0031g02440,777,0.3750,Amino acid permease 3,AAP3,,vv50123Porters_cat_18_to_29,
193,VIT_08s0007g07690,771,0.3716,Polygalacturonase inhibiting protein PGIP1,PGIP,,,
194,VIT_08s0058g00870,768,0.3692,Unknown protein,,,,
195,VIT_10s0116g01040,761,0.3680,Stigma-specific Stig1,,,,
196,VIT_02s0033g01020,763,0.3674,Anthraniloyal-CoA: methanol anthraniloyal transferase,AMAT,,vv10400Phenylalanine_tyrosine_and_tryptophan_biosynthesis,
197,VIT_12s0059g01590,759,0.3658,Lipase GDSL,,,,
198,VIT_06s0004g07920,757,0.3657,WNK5 (Arabidopsis WNK kinase 5),,,,
199,VIT_19s0014g04690,756,0.3645,Indole-3-acetic acid-amido synthetase,AUXINBIOSYNTHESIS_GH3,,vv11002Auxin_biosynthesis,
200,VIT_09s0096g00850,753,0.3645,Glycosyl hydrolase family 28 protein,,,,
201,VIT_05s0062g01140,750,0.3637,Aromatic and neutral transporter 1,ANT1,,vv50123Porters_cat_18_to_29,
202,VIT_01s0010g03800,754,0.3628,Unknown protein,,,,
203,VIT_18s0075g00800,744,0.3613,TIR-NBS disease resistance,,,,
204,VIT_04s0023g03650,743,0.3598,Galactose mutarotase-like,E5_1_3_3,,vv10010Glycolysis,
205,VIT_02s0025g02250,741,0.3580,Dof zinc finger protein DOF4.6,DOF4_6_2,,vv60015C2C2-DOF,
206,VIT_14s0060g01780,741,0.3573,Unknown protein,,,,
207,VIT_08s0007g02920,743,0.3565,ATAN11 (ANTHOCYANIN11),,,,
208,VIT_13s0019g04260,735,0.3552,Monoglyceride lipase,E3_1_1_23,,vv10561Glycerolipid_metabolism,
209,VIT_07s0095g00790,727,0.3529,Homeodomain GLABROUS12,HDG12_1,,vv60034HB,
210,VIT_08s0056g00240,725,0.3497,Unknown protein,,,,
211,VIT_02s0025g00750,716,0.3482,Pinoresinol forming dirigent protein,DIRPR,,vv10940Phenylpropanoid_biosynthesis,
212,VIT_05s0077g00530,717,0.3469,Unknown protein,,,,
213,VIT_07s0005g05210,716,0.3451,No hit,,,,
214,VIT_02s0025g00730,709,0.3445,Pinoresinol forming dirigent protein,DIRPR,,vv10940Phenylpropanoid_biosynthesis,
215,VIT_14s0060g01830,713,0.3434,Unknown protein,,,,
216,VIT_07s0031g00420,708,0.3422,SHN1 (SHINE 1),SHINE1_2,,vv30008Ethylene_signaling,vv60003AP2_EREBP
217,VIT_09s0054g01220,706,0.3411,Cycloartenol synthase,E5_4_99_8,,vv10100Biosynthesis_of_steroids,
218,VIT_12s0055g00820,701,0.3385,Serine carboxypeptidase II,,,,
219,VIT_14s0060g01090,701,0.3383,LNG1 (LONGIFOLIA1),,,,
220,VIT_01s0011g01560,691,0.3333,Transparent testa16,TT16_4,,vv60042MADS,
221,VIT_16s0050g01110,690,0.3329,Polygalacturonase GH28,E3_2_1_15,,vv40006Cell_wall,
222,VIT_14s0066g00310,686,0.3303,Unknown protein,,,,
223,VIT_02s0025g02680,681,0.3299,Growth-regulating factor 5,GRF5_1,,vv60033GRF,
224,VIT_05s0077g00880,672,0.3261,Peroxidase,E1_11_1_7,,vv10360Phenylalanine_metabolism,vv10680Methane_metabolism
225,VIT_00s0283g00050<br>VIT_06s0009g03090<br>VIT_03s0132g00010,661,0.3210,
226,VIT_00s0181g00200<br>VIT_00s0181g00180,658,0.3202,
227,VIT_12s0028g02400,652,0.3167,Leaf senescence protein,,,,
228,VIT_18s0001g00560,656,0.3142,Alpha-amylase / 1 4-alpha-D-glucan glucanohydrolase,E3_2_1_1,,vv10500Starch_and_sucrose_metabolism,
229,VIT_08s0007g08840,645,0.3140,Glycosyl transferaseHGA1,,,,
230,VIT_00s0361g00090,641,0.3110,Phototropic-responsive NPH3 protein,,,,
231,VIT_12s0057g01440,640,0.3089,Heavy-metal-associated domain-containing protein,,,,
232,VIT_04s0023g01170,635,0.3087,Unknown protein,,,,
233,VIT_11s0052g00490,636,0.3080,No hit,,,,
234,VIT_05s0049g01100,637,0.3077,Glutathione S-transferase 25 GSTU7,E2_5_1_18_GSTU7,,vv10480Glutathione_metabolism,
235,VIT_18s0001g07380,627,0.3032,DNA-binding protein,,,,
236,VIT_02s0025g04910,622,0.3016,Growth-regulating factor 5,GRF5_3,,vv60033GRF,
237,VIT_11s0037g00320,613,0.2976,Serine carboxypeptidase S10,,,,
238,VIT_00s0333g00050,603,0.2920,DIR1 (defective IN induced resistance 1),,,,
239,VIT_08s0007g00200,604,0.2918,Ankyrin repeat,K10380,,vv50108Accessory_factors_involved_in_transport,
240,VIT_13s0019g00690,598,0.2894,Carnitine racemase,,,,
241,VIT_13s0019g02880,594,0.2882,UDP-glucoronosyl/UDP-glucosyl transferase,,,,
242,VIT_01s0146g00250,596,0.2882,PBS1 (avrPphB susceptible 1),K13430,,vv34626Plant-pathogen_interaction,
243,VIT_10s0003g00560,591,0.2866,Wuschel homeobox 9,WOX9,VvHB37,vv60034HB,
244,VIT_00s0163g00060,591,0.2851,Zinc finger (C3HC4-type ring finger),ZFC3HC4_229,,vv60078Other_zf-C3HC4,
245,VIT_13s0019g02710,578,0.2802,Rho guanyl-nucleotide exchange factor ROPGEF5,ROPGEF5,,,
246,VIT_14s0083g01130,580,0.2792,MAP3K-like protein kinase  putative  expressed,,,,
247,VIT_08s0007g05110,565,0.2722,No hit,,,,
248,VIT_18s0001g11120,562,0.2705,Ternary complex factor MIP1,,,,
249,VIT_04s0023g01600,557,0.2680,Membrane protein,,,,
250,VIT_08s0105g00400,550,0.2661,GT-1-like transcription factor,GT1L,,vv60062Trihelix,
251,VIT_01s0010g03810,548,0.2644,No hit,,,,
252,VIT_19s0090g00310,542,0.2626,AT hook motif-containing protein,,,,
253,VIT_01s0011g03880,540,0.2615,Sterol-C5(6)-desaturase,E1_14_21_6,,vv10100Biosynthesis_of_steroids,
254,VIT_04s0044g01030,537,0.2593,Pectinesterase family,E3_1_1_11,,vv40006Cell_wall,
255,VIT_14s0060g00330,527,0.2567,Aspartyl protease,E3_4_23_40,,,
256,VIT_04s0008g03950,522,0.2534,RD22,,,,
257,VIT_07s0104g00970,514,0.2485,Histone H2AXb HTA3,H2AXb,,,
258,VIT_05s0020g02050,515,0.2475,DnaJ homolog  subfamily B  member 12,K09518,,vv50132Primary_active_transporter_cat_A5_to_A8,
259,VIT_07s0005g01670,505,0.2461,No hit,,,,
260,VIT_19s0015g02070,508,0.2459,(-)-germacrene D synthase,E4_2_3_22,,vv10900Terpenoid_biosynthesis,
261,VIT_03s0110g00100,507,0.2459,CYP86A8,,,,
262,VIT_18s0041g02250,505,0.2441,No hit,,,,
263,VIT_06s0061g00240,497,0.2409,ABC transporter G member 7,ABCG7,,vv52010ABC_transporters,
264,VIT_04s0008g01290,499,0.2404,CGA1 (cytokinin-responsive GATA factor 1),CGA1,,vv30007Cytokinin_signaling,vv60016C2C2-GATA
265,VIT_04s0008g05380,500,0.2403,Serine hydrolase [Vitis vinifera],E4_3_1_18,,vv10260Glycine_serine_and_threonine_metabolism,
266,VIT_02s0033g01060,497,0.2387,Anthraniloyal-CoA: methanol anthraniloyal transferase,AMAT,,vv10400Phenylalanine_tyrosine_and_tryptophan_biosynthesis,
267,VIT_13s0067g03050,492,0.2380,Leucine-rich repeat transmembrane protein kinase,,,,
268,VIT_18s0001g10050,487,0.2369,LRX1 (leucine-rich repeat/extensin 1),EXTENSIN,,vv40006Cell_wall,
269,VIT_19s0014g02450,488,0.2353,ALF5 (Aberrant lateral root formation 5),ALF5,,vv50125Porters_cat_66_to_94,
270,VIT_17s0000g05020,486,0.2346,Squamosa promoter-binding protein 6 (SPL6),SPL6_2,,vv60055SBP,
271,VIT_18s0001g10830,483,0.2339,Patatin,,,,
272,VIT_05s0094g00820,478,0.2305,Unknown protein,,,,
273,VIT_04s0044g01110,473,0.2298,Alcohol dehydrogenase 6,E1_1_1_1,,vv10010Glycolysis,vv10071Fatty_acid_metabolism
274,VIT_09s0002g05270,465,0.2252,Gibberellin 3beta-hydroxylase3,E1_14_11_15,,vv10904Diterpenoid_biosynthesis,vv30001ABA_signaling
275,VIT_02s0012g01660,464,0.2246,ATPase PGP2 (P-glycoprotein 2),PGP2,,vv52010ABC_transporters,
276,VIT_11s0016g05340,463,0.2245,Ethylene-responsive transcription factor SHINE 3,SHINE3_2,VvERF043,vv30008Ethylene_signaling,vv60003AP2_EREBP
277,VIT_05s0049g01120<br>VIT_05s0049g01090,464,0.2245,
278,VIT_11s0016g03710,460,0.2232,Abl interactor protein 1 (ABIL1),,,,
279,VIT_15s0046g00310,457,0.2210,Transcription factor TINY,ERF023,VvERF015,vv30008Ethylene_signaling,vv60003AP2_EREBP
280,VIT_01s0127g00680,457,0.2210,SRO2 (similar to rcd one 2),E2_4_2_30,,vv10760Nicotinate_and_nicotinamide_metabolism,
281,VIT_13s0074g00040,454,0.2195,Phytol kinase 2  chloroplast precursor,VTE5,,vv10860Porphyrin_and_chlorophyll_metabolism,
282,VIT_09s0070g00490,441,0.2123,Protein phosphatase 2C,E3_1_3_16,,,
283,VIT_04s0044g01130,438,0.2123,Alcohol dehydrogenase 2 [Vitis vinifera],E1_1_1_1,,vv10010Glycolysis,vv10071Fatty_acid_metabolism
284,VIT_18s0001g11710,438,0.2120,Photosystem II PsbO protein,K02716,,vv10195Photosynthesis,vv50113Thylakoid_targeting_pathway
285,VIT_08s0058g01340,435,0.2115,Leucine-rich repeat transmembrane protein kinase,,,,
286,VIT_19s0027g01820,437,0.2113,Potassium transporter (KUP1),KUP1,,vv50125Porters_cat_66_to_94,
287,VIT_11s0065g00170,424,0.2049,Squamosa promoter-binding protein 2 (SPL2),SPL2_3,,vv60055SBP,
288,VIT_19s0014g03970,423,0.2040,Calcium-binding EF-hand,,,,
289,VIT_18s0001g01200,420,0.2031,No hit,,,,
290,VIT_09s0002g01400,413,0.1995,Myb domain protein 7,MYB7_1,MYBPA5,vv60044MYB,
291,VIT_12s0134g00500,408,0.1983,Cyclin D6,CYCD6_1,,vv44110Cell_cycle,
292,VIT_06s0009g01140,413,0.1983,Amino acid permease,AAPREL,,vv50123Porters_cat_18_to_29,
293,VIT_19s0014g03350,410,0.1977,Peptidyl-prolyl cis-trans isomerase TLP38  chloroplast,K01802,,,
294,VIT_19s0014g05010,409,0.1976,Unknown protein,,,,
295,VIT_09s0002g05700,407,0.1967,Phototropic-responsive NPH3,,,,
296,VIT_00s0583g00020,406,0.1965,Unknown protein,,,,
297,VIT_01s0010g02360,405,0.1960,Thimet oligopeptidase,E3_4_24_15,,,
298,VIT_07s0005g00410,403,0.1946,Glycosyl hydrolase family 1 protein,,,,
299,VIT_05s0094g00470,391,0.1900,Zinc finger (C3HC4-type ring finger),ZFC3HC4_201,,vv60078Other_zf-C3HC4,
300,VIT_05s0049g00010,389,0.1888,Cellulose synthase CSLG2,E2_4_1_12_CSLG2,,vv40006Cell_wall,
301,VIT_02s0025g01300,386,0.1875,Unknown protein,,,,
302,VIT_15s0046g03190,386,0.1871,Myb domain protein 17,MYB17_2,MYB17A,vv60044MYB,
303,VIT_17s0000g00330,387,0.1862,Inducer of CBF expression 1 ICE1,ICE1_3,,vv60011BHLH,
304,VIT_09s0054g01210,385,0.1855,Beta-amyrin synthase,E5_4_99_BAS,,vv10900Terpenoid_biosynthesis,
305,VIT_04s0008g06180,380,0.1838,Histone-lysine N-methyltransferase ATX1,E2_1_1_43ATX1,,vv10300Lysine_biosynthesis,vv60056SET_PCG
306,VIT_13s0019g02990<br>VIT_13s0019g02890<br>VIT_13s0019g02910,373,0.1805,
307,VIT_12s0028g01850,369,0.1785,Receptor kinase TRKe,,,,
308,VIT_07s0031g00750,367,0.1774,MATE efflux family protein,MATE,,vv50125Porters_cat_66_to_94,
309,VIT_02s0025g04550,363,0.1757,Glucose-methanol-choline (GMC) oxidoreductase,E1_1_99_1,,vv10260Glycine_serine_and_threonine_metabolism,
310,VIT_11s0016g05370,354,0.1718,Phospholipase D alpha 1 precursor (PLD 1) (Choline phosphatase 1),PLDA1,,vv10564Glycerophospholipid_metabolism,vv10565Ether_lipid_metabolism
311,VIT_17s0000g02460,355,0.1717,Wuschel related homeobox 1,WOX1_2,VvHB57,vv60034HB,
312,VIT_18s0122g00590,356,0.1714,DNA-binding protein,,,,
313,VIT_18s0072g01010,355,0.1712,Peptide chain release factor eRF subunit 1,K03265,,vv23015mRNA_surveillance_pathway,
314,VIT_01s0010g01870,349,0.1683,Salicylic acid-induced fragment 1 protein,,,,
315,VIT_01s0011g05110,347,0.1678,Major latex protein 22,,,,
316,VIT_17s0000g03750,348,0.1675,Chitin elicitor-binding CEBIP LysM domain-containing,K13473,,vv34626Plant-pathogen_interaction,
317,VIT_14s0030g00650,344,0.1661,Shikimate dehydrogenase,E1_1_1_25,,vv10400Phenylalanine_tyrosine_and_tryptophan_biosynthesis,
318,VIT_10s0003g03190,344,0.1659,RNA recognition motif (RRM)-containing,,,,
319,VIT_00s0218g00100,346,0.1658,Metal transporter Nramp6,NRAMP6,,vv50124Porters_cat_30_to_64,
320,VIT_18s0001g13080,341,0.1644,Unknown protein,,,,
321,VIT_18s0001g08110,338,0.1638,Glutamyl-tRNA reductase  chloroplast precursor,E1_2_1_70,,vv10860Porphyrin_and_chlorophyll_metabolism,
322,VIT_08s0040g03400,338,0.1634,Short-chain dehydrogenase/reductase,,,,
323,VIT_00s0286g00130,338,0.1633,S-locus lectin protein kinase,,,,
324,VIT_06s0004g04590,334,0.1617,Epsin N-terminal homology (ENTH) domain-containing,ENTH,,vv50110Protein_coat,
325,VIT_12s0057g00500,335,0.1615,Thymidine kinase,E2_7_1_21,,vv10240Pyrimidine_metabolism,
326,VIT_06s0004g06070,333,0.1614,Unknown protein,,,,
327,VIT_13s0064g01660,333,0.1605,Prunasin hydrolase isoform PHA precursor,E3_2_1_118,,vv10460Cyanoamino_acid_metabolism,
328,VIT_12s0142g00620,324,0.1556,RIC7 (ROP-interactive crib motif-containing protein 7),,,,
329,VIT_08s0007g00710,320,0.1546,Unknown,,,,
330,VIT_15s0048g02510,318,0.1540,Basic helix-loop-helix (bHLH) family,BHLHDOM_35,,vv60011BHLH,
331,VIT_11s0016g01290,316,0.1539,CYP72A1,K13400,,vv10902Monoterpenoid_biosynthesis,
332,VIT_18s0041g00730,317,0.1537,Peptide chain release factor eRF subunit 1,K03265,,vv23015mRNA_surveillance_pathway,
333,VIT_03s0038g03160<br>VIT_03s0038g03140,314,0.1524,
334,VIT_18s0001g13390,313,0.1516,Papain cysteine proteinase isoform II,E3_4_22_2,,,
335,VIT_05s0020g04850,318,0.1516,H1flk,,,,
336,VIT_08s0007g01360,311,0.1508,Unknown protein,,,,
337,VIT_08s0040g02610,309,0.1493,Unknown,,,,
338,VIT_11s0016g05230,309,0.1490,Allyl alcohol dehydrogenase,,,,
339,VIT_14s0060g01810,306,0.1483,Unknown protein,,,,
340,VIT_14s0030g00730,304,0.1474,Vesicle-associated membrane protein 27 VAP27-2,VAP27_2,,vv50109Incompletely_characterized_transport_systems,
341,VIT_00s0531g00030,299,0.1453,C2 domain containing protein,,,,
342,VIT_05s0020g03000,299,0.1438,2-Hydroxyisoflavanone dehydratase,E4_2_1_105,,vv10943Isoflavonoid_biosynthesis,
343,VIT_01s0026g02530,295,0.1436,Beta-1 3-galactosyltransferase,K07819,,vv10602Glycosphingolipid_biosynthesis,
344,VIT_02s0025g04410,290,0.1401,Beta-ketoacyl-CoA synthase,E2_3_1_41,,vv10061Fatty_acid_biosynthesis,
345,VIT_17s0000g07210,288,0.1391,flavonoid 3'-hydroxylase [Vitis vinifera],E1_14_13_21,,vv10941Flavonoid_biosynthesis,
346,VIT_04s0023g01550,285,0.1377,Unknown,,,,
347,VIT_02s0241g00050,282,0.1374,Unknown protein,,,,
348,VIT_08s0056g01070,282,0.1364,MATE efflux family protein,MATE,,vv50125Porters_cat_66_to_94,
349,VIT_18s0001g06690,282,0.1362,Gibberellin 20 oxidase 2,E1_14_11_12,,vv10904Diterpenoid_biosynthesis,
350,VIT_19s0090g00710,282,0.1358,No hit,,,,
351,VIT_13s0156g00540,281,0.1358,Disease resistance protein (CC-NBS-LRR class),,,,
352,VIT_11s0016g01320,280,0.1353,Myb domain protein 13,MYB13,MYBPA2,vv60044MYB,
353,VIT_07s0205g00180,280,0.1347,Basic helix-loop-helix (bHLH) family,BHLHDOM_30,,vv60011BHLH,
354,VIT_11s0103g00050,277,0.1339,High-affinity K+ transporter 1 (HKT1),HKT1,,vv50124Porters_cat_30_to_64,
355,VIT_08s0056g00180,274,0.1335,Translation initiation factor IF-2B subunit delta,K03680,,,
356,VIT_13s0019g01260,272,0.1311,Enoyl reductase,K10258,,vv11040Biosynthesis_of_unsaturated_fatty_acids,
357,VIT_06s0009g00800,270,0.1299,Beta-D-glucosidase,E3_2_1_21,,vv10460Cyanoamino_acid_metabolism,vv10500Starch_and_sucrose_metabolism
358,VIT_09s0002g04170,268,0.1295,Acyl-CoA synthetases (Acyl-activating enzyme 13),E6_2_1_3,,vv10071Fatty_acid_metabolism,vv50104Group_translocators
359,VIT_14s0068g00150,261,0.1257,No hit,,,,
360,VIT_10s0071g00850,257,0.1248,Binding,,,,
361,VIT_14s0060g01300,256,0.1248,Universal stress protein (USP) family protein,,,,
362,VIT_02s0012g01670,256,0.1240,R-mandelonitrile lyase isoform 1 precursor,E4_1_2_10,,vv10460Cyanoamino_acid_metabolism,
363,VIT_18s0001g00800,258,0.1238,Tetracycline transporter protein,TETRACYCTR,,vv50121Porters_cat_1_to_6,
364,VIT_07s0129g00860,253,0.1220,CYP81E1 Isoflavone 2'-hydroxylase,E1_14_13_89,,vv10943Isoflavonoid_biosynthesis,
365,VIT_13s0064g01040,252,0.1219,No hit,,,,
366,VIT_08s0058g00860,252,0.1216,Unknown protein,,,,
367,VIT_07s0031g03090,250,0.1201,Avr9 elicitor response protein,,,,
368,VIT_11s0149g00130,247,0.1194,Mini-chromosome maintenance protein MCM5,K02209,,vv23030DNA_replication,vv44110Cell_cycle
369,VIT_16s0100g00710,245,0.1180,Leucin-rich repeat protein kinase,,,,
370,VIT_18s0001g00280,241,0.1165,OPCL1 (OPC-8:0 COA ligase1),K10526,,vv10592alpha-Linolenic_acid_metabolism,vv50104Group_translocators
371,VIT_04s0008g04440,239,0.1158,No hit,,,,
372,VIT_14s0006g01930,236,0.1153,Unknown protein,,,,
373,VIT_15s0046g02400,238,0.1152,Glycerol-3-phosphate acyltransferase 8,E2_3_1_15,,vv10561Glycerolipid_metabolism,vv10564Glycerophospholipid_metabolism
374,VIT_11s0016g05530,239,0.1151,Plastocyanin domain-containing protein,K02638,,vv10195Photosynthesis,vv50113Thylakoid_targeting_pathway
375,VIT_04s0008g01980,236,0.1144,MADS-box agamous-like 30,AGL30_2,,vv60042MADS,
376,VIT_05s0094g01210,231,0.1119,Amine oxidase,E1_4_3_4,,vv10220Urea_cycle_and_metabolism_of_amino_groups,vv10340Histidine_metabolism
377,VIT_00s2776g00010,233,0.1119,S-locus lectin protein kinase,,,,
378,VIT_17s0000g05890,229,0.1107,Protein kinase APK1B,,,,
379,VIT_01s0010g02840,225,0.1092,Chaperone BCS1 mitochondrial,K08900,,,
380,VIT_19s0014g04090<br>VIT_10s0071g00450<br>VIT_10s0071g00440<br>VIT_19s0015g02410<br>VIT_19s0014g04160,225,0.1089,
381,VIT_07s0005g00980,225,0.1087,Dehydration-induced 19,,,,
382,VIT_02s0025g02290<br>VIT_02s0025g02280<br>VIT_02s0025g02300,223,0.1076,
383,VIT_08s0007g03750,219,0.1060,1 4-alpha-glucan branching enzyme IIB  chloroplast precursor,E2_4_1_18,,vv10500Starch_and_sucrose_metabolism,
384,VIT_14s0068g00840,212,0.1024,RBR1 (retinoblastoma-related 1),RBR1_1,,vv44110Cell_cycle,vv60051RB
385,VIT_08s0007g05160,212,0.1024,Flavonoid 3' 5'-hydroxylase,E1_14_13_88,,vv10941Flavonoid_biosynthesis,
386,VIT_10s0116g01710,210,0.1021,Galactosyltransferase family protein,E2_4_x_x,,,
387,VIT_01s0127g00500,208,0.1004,OBP32pep,,,,
388,VIT_00s1314g00010,206,0.0997,Basic helix-loop-helix (bHLH) family,BHLHDOM_89,,vv60011BHLH,
389,VIT_01s0026g02120,199,0.0954,Microtubule end binding protein 1 (EB1),K10436,,vv44810Regulation_of_actin_cytoskeleton,
390,VIT_13s0064g01510,195,0.0946,Auxin-independent growth promoter,,,,
391,VIT_11s0037g00810,193,0.0939,Unknown protein,,,,
392,VIT_19s0014g04530,192,0.0933,S-locus receptor kinase,,,,
393,VIT_19s0014g05140,193,0.0931,R protein disease resistance protein,RPROT,,vv34627R_proteins_from_Plant-pathogen_interaction,
394,VIT_10s0042g01040,192,0.0927,CYP714A1,,,,
395,VIT_08s0040g01190,191,0.0925,3-oxoacyl-reductase  chloroplast precursor,E1_1_1_100,,vv10061Fatty_acid_biosynthesis,vv11040Biosynthesis_of_unsaturated_fatty_acids
396,VIT_04s0008g06230,189,0.0909,Ubiquitin family,,,,
397,VIT_01s0127g00340,187,0.0900,Unknown,,,,
398,VIT_11s0016g05430,185,0.0894,Unknown protein,,,,
399,VIT_00s0665g00020,184,0.0886,Carrier protein  Mitochondrial,K03454,,vv50123Porters_cat_18_to_29,
400,VIT_04s0008g03630,182,0.0882,Binding,,,,
401,VIT_01s0010g03680,182,0.0879,Unknown protein,,,,
402,VIT_07s0005g01470,179,0.0866,Unknown protein,,,,
403,VIT_03s0110g00430,179,0.0865,No hit,,,,
404,VIT_17s0000g05320,174,0.0848,IFA binding protein,,,,
405,VIT_15s0021g00310,174,0.0842,Ent-kaurenoic acid oxidase,E1_14_13_79,,vv10904Diterpenoid_biosynthesis,
406,VIT_11s0118g00180,173,0.0839,HHP1 (heptahelical protein 1),,,,
407,VIT_07s0031g00320,171,0.0828,Curly leaf PHCLF1,CLF1_1,,vv30009Flower_development,vv60056SET_PCG
408,VIT_06s0004g07670,169,0.0822,Unknown protein,,,,
409,VIT_12s0035g00880,169,0.0815,Lactoylglutathione lyase,E4_4_1_5,,vv10620Pyruvate_metabolism,
410,VIT_12s0057g00520,165,0.0798,Serine/threonine-protein kinase WNK3,,,,
411,VIT_03s0091g00040,165,0.0797,Limonoid UDP-glucosyltransferase,E2_4_1_120,,vv10940Phenylpropanoid_biosynthesis,
412,VIT_06s0004g04050,161,0.0774,Laccase,E1_10_3_2,,vv11000Single_reactions,vv50109Incompletely_characterized_transport_systems
413,VIT_14s0006g02490,158,0.0763,ATP binding protein,,,,
414,VIT_04s0008g02570,154,0.0746,Replicon protein A (ATRPA2/ROR1/RPA2),K10739,,vv23030DNA_replication,
415,VIT_07s0005g04700,153,0.0746,Dihydroneopterin aldolase,E4_1_2_25,,vv10790Folate_biosynthesis,
416,VIT_14s0066g00300,154,0.0743,Unknown,,,,
417,VIT_19s0014g05160,152,0.0740,RPS2 (resistant to p. syringae 2),K13459,,vv34626Plant-pathogen_interaction,
418,VIT_03s0017g00710,151,0.0727,flavonol synthase,E1_14_11_23,,vv10941Flavonoid_biosynthesis,
419,VIT_06s0080g00560,143,0.0691,Beta-alanine synthase,E3_5_1_53,,vv10220Urea_cycle_and_metabolism_of_amino_groups,
420,VIT_13s0067g03860,141,0.0686,Unknown protein,,,,
421,VIT_09s0002g01380,142,0.0685,ATMYB66/WER/WER1 (WEREWOLF 1),WEREWOLF_5,MYBPAL3,vv44110Cell_cycle,vv60044MYB
422,VIT_17s0053g00590,141,0.0683,Kinase interacting protein,,,,
423,VIT_18s0041g01480,141,0.0682,No hit,,,,
424,VIT_12s0035g01910,141,0.0681,Heat shock protein 18.2 kDa class II,K13993,,vv24141Protein_processing_in_endoplasmic_reticulum,
425,VIT_00s0261g00040,141,0.0681,Unknown protein,,,,
426,VIT_12s0028g03960,140,0.0679,Ankyrin repeat protein family,K10380,,vv50108Accessory_factors_involved_in_transport,
427,VIT_09s0002g06990,140,0.0678,Phosphatidic acid phosphatase / PAP2,E3_1_3_4,,vv10561Glycerolipid_metabolism,vv10564Glycerophospholipid_metabolism
428,VIT_18s0001g12110,138,0.0664,No hit,,,,
429,VIT_17s0000g01280,136,0.0659,WRKY DNA-binding protein 75,WRKY75_3,VvWRKY52,vv60066WRKY,
430,VIT_19s0015g00510,136,0.0659,Pectate lyase 2,E4_2_2_2,,vv40006Cell_wall,
431,VIT_18s0001g01250,135,0.0652,Senescence-inducible chloroplast stay-green protein 2,,,,
432,VIT_01s0010g00710,135,0.0650,Armadillo/beta-catenin repeat protein / U-box domain-containing protein ,,,,
433,VIT_13s0074g00390,133,0.0642,CYP77A2,,,,
434,VIT_12s0028g00310,131,0.0636,Protein kinase family,,,,
435,VIT_09s0002g00880,132,0.0635,Oligouridylate binding protein 1B UBP1B,UBP1B,,,
436,VIT_02s0033g01050,127,0.0616,Anthraniloyal-CoA: methanol anthraniloyal transferase,AMAT,,vv10400Phenylalanine_tyrosine_and_tryptophan_biosynthesis,
437,VIT_05s0077g01670,125,0.0606,Major cherry allergen Pru av 1.0202,,,,
438,VIT_04s0044g00040,122,0.0587,Dirigent,,,,
439,VIT_03s0017g01330,120,0.0580,1 4-dihydroxy-2-naphthoate octaprenyltransferase,K02548,,vv10130Ubiquinone_biosynthesis,
440,VIT_17s0000g02650,117,0.0565,Myb domain protein 7,MYB7_2,MYBC2-L4,vv60044MYB,
441,VIT_18s0001g12160,117,0.0561,Unknown protein,,,,
442,VIT_12s0028g03450,116,0.0559,Plastocyanin domain-containing protein,K02638,,vv10195Photosynthesis,vv50113Thylakoid_targeting_pathway
443,VIT_07s0031g00520,115,0.0559,Unknown protein,,,,
444,VIT_11s0016g00290,114,0.0552,Pectinesterase PME3,E3_1_1_11,,vv40006Cell_wall,
445,VIT_14s0060g01840,114,0.0552,Unknown protein,,,,
446,VIT_07s0151g00010,113,0.0546,No hit,,,,
447,VIT_05s0062g00260,113,0.0546,Unknown,,,,
448,VIT_15s0046g00170,111,0.0534,MYBPA1 protein [Vitis vinifera],MYBPA1,MYBPA1,vv60044MYB,
449,VIT_04s0044g01540,109,0.0526,UDP-glucuronic acid:anthocyanin glucuronosyltransferase,E2_4_1_236,,vv10941Flavonoid_biosynthesis,
450,VIT_05s0049g01020,108,0.0525,Myb domain protein 14,MYB14_3,,vv60044MYB,
451,VIT_12s0059g02240,107,0.0512,Unknown,,,,
452,VIT_17s0000g02410,105,0.0506,Cold-induced wall associated kinase,,,,
453,VIT_08s0007g06860,104,0.0501,Pinene synthase,E4_2_3_14,,vv10902Monoterpenoid_biosynthesis,
454,VIT_14s0060g00410,103,0.0500,EDA32 (embryo sac development arrest 32),,,,
455,VIT_02s0025g02630,103,0.0499,Lipase GDSL,,,,
456,VIT_18s0001g09520,102,0.0495,CYP81B2v2,,,,
457,VIT_14s0060g00350,102,0.0491,Aspartic protease,E3_4_23_x,,,
458,VIT_12s0059g01900,102,0.0490,Unknown protein,,,,
459,VIT_13s0147g00100,101,0.0488,Nucleic acid-binding  OB-fold,,,,
460,VIT_18s0122g01280,99,0.0477,Niemann-Pick C1 protein precursor,NPC1,,vv50121Porters_cat_1_to_6,
461,VIT_10s0116g01870,98,0.0471,MATE efflux family protein,MATE,,vv50125Porters_cat_66_to_94,
462,VIT_15s0048g01270,97,0.0470,MADS-box agamous-like 6,AGL6_1,,vv60042MADS,
463,VIT_19s0015g01010,97,0.0469,Farnesyl diphosphate synthase,E2_5_1_10,,vv10100Biosynthesis_of_steroids,vv10900Terpenoid_biosynthesis
464,VIT_18s0001g00360,97,0.0468,No hit,,,,
465,VIT_03s0063g02660,94,0.0454,DNA-3-methyladenine glycosylase II,K01247,,vv23410Base_excision_repair,
466,VIT_18s0001g06220,93,0.0451,F-box protein (FBW2),,,,
467,VIT_04s0023g01300,92,0.0446,Aminopeptidase P,E3_4_11_9,,,
468,VIT_04s0008g06310,91,0.0441,Octicosapeptide/Phox/Bem1p (PB1) domain-containing protein,BEM1P,,vv50132Primary_active_transporter_cat_A5_to_A8,
469,VIT_00s0532g00040,90,0.0437,No hit,,,,
470,VIT_17s0000g10260,90,0.0436,AarF domain containing kinase,K08869,,,
471,VIT_03s0088g00470,90,0.0434,Auxin responsive SAUR protein,SAUR,,vv30003Auxin_signaling,
472,VIT_07s0151g00360,89,0.0431,Unknown protein,,,,
473,VIT_17s0000g00120,89,0.0429,Exostosin,K02366,,vv11030Glycan_structures-biosynthesis1,
474,VIT_11s0103g00250,88,0.0425,Carboxyl methylase,,,,
475,VIT_15s0048g01590,87,0.0422,CYP76B1,,,,
476,VIT_00s0361g00040,87,0.0419,Anthocyanidin reductase,E1_3_1_77,,vv10941Flavonoid_biosynthesis,
477,VIT_13s0019g05070,86,0.0417,Nodulin family protein,,,,
478,VIT_11s0016g01160,86,0.0413,GCN5 N-acetyltransferase (GNAT),GCN5_3,,vv60082GNAT,
479,VIT_08s0056g00430,84,0.0406,Unknown protein,,,,
480,VIT_07s0005g04770,83,0.0403,Anthranilate phosphoribosyltransferase,E2_4_2_18,,vv10400Phenylalanine_tyrosine_and_tryptophan_biosynthesis,
481,VIT_03s0088g00560,82,0.0397,Citrate synthase,E2_3_3_1,,vv10020Citrate_cycle,vv10630Glyoxylate_and_dicarboxylate_metabolism
482,VIT_12s0059g00230,81,0.0394,Epoxide hydrolase 2,E3_3_2_10,,,
483,VIT_00s0347g00120,80,0.0386,S-locus lectin protein kinase,,,,
484,VIT_17s0000g09190,79,0.0382,Octicosapeptide/Phox/Bem1p (PB1) domain-containing protein,,,,
485,VIT_05s0020g00950,78,0.0376,Aspartyl protease,E3_4_23_40,,,
486,VIT_14s0108g01660,75,0.0363,Biotin carboxyl carrier protein of acetyl-CoA carboxylase,E6_4_1_2,,vv10061Fatty_acid_biosynthesis,vv10620Pyruvate_metabolism
487,VIT_13s0019g02810,75,0.0362,Glucuronosyl transferase,E2_4_1_17,,vv10040Pentose_glucuronate_interconversion,vv10500Starch_and_sucrose_metabolism
488,VIT_18s0001g06640,75,0.0362,Zinc finger (C3HC4-type ring finger),ZFC3HC4_60,,vv60078Other_zf-C3HC4,
489,VIT_16s0098g01740,74,0.0360,Unknown protein,,,,
490,VIT_00s1937g00010,74,0.0358,Amine oxidase,E1_4_3_4,,vv10220Urea_cycle_and_metabolism_of_amino_groups,vv10340Histidine_metabolism
491,VIT_14s0060g01940,73,0.0355,Epoxide hydrolase,E3_3_2_10,,,
492,VIT_00s0313g00040,70,0.0341,PAS2 (PASTICCINO 2),K10703,,vv11040Biosynthesis_of_unsaturated_fatty_acids,
493,VIT_15s0046g02010,70,0.0340,MAPK (MPK4),MPK4,,vv30011Jasmonate_signaling,vv34626Plant-pathogen_interaction
494,VIT_13s0067g03890,69,0.0335,Beta-ketoacyl-CoA synthase,E2_3_1_41,,vv10061Fatty_acid_biosynthesis,
495,VIT_17s0000g02340,69,0.0332,Leucine-rich repeat receptor-like protein kinase 1,,,,
496,VIT_13s0067g02070,67,0.0324,Kelch repeat-containing protein,,,,
497,VIT_09s0070g00240,67,0.0323,Cinnamoyl-CoA reductase,E1_2_1_44,,vv10940Phenylpropanoid_biosynthesis,
498,VIT_13s0019g01940,67,0.0323,Laccase,E1_10_3_2,,vv11000Single_reactions,vv50109Incompletely_characterized_transport_systems
499,VIT_03s0017g01570,66,0.0319,FAD-binding domain-containing protein,,,,
500,VIT_10s0042g00080,65,0.0315,Peroxidase 50,E1_11_1_7,,vv10360Phenylalanine_metabolism,vv10680Methane_metabolism
501,VIT_13s0106g00250,64,0.0311,Carboxylic ester hydrolase,E3_1_1_1,,,
502,VIT_03s0110g00370,64,0.0310,Copper transporter 2,COPT2,,vv50101Channels_and_pores,
503,VIT_09s0002g01540,64,0.0309,Unknown protein,,,,
504,VIT_12s0134g00350,63,0.0306,Zinc finger (C3HC4-type ring finger),ZFC3HC4_228,,vv60078Other_zf-C3HC4,
505,VIT_07s0129g00670,63,0.0305,Zinc finger protein 4,ZFP4_4,,vv60017C2H2,
506,VIT_13s0074g00540,63,0.0302,Lysine histidine transporter 1,LHT1,,vv50123Porters_cat_18_to_29,
507,VIT_16s0100g00270,62,0.0300,Peptidoglycan-binding LysM domain-containing protein,,,,
508,VIT_18s0001g13380,62,0.0298,Papain cysteine proteinase isoform I,E3_4_22_2,,,
509,VIT_09s0002g03620,61,0.0293,NADP-dependent malic enzyme,E1_1_1_39,,vv10620Pyruvate_metabolism,vv10710Carbon_fixation
510,VIT_01s0127g00120,59,0.0286,Polygalacturonase GH28,E3_2_1_15,,vv40006Cell_wall,
511,VIT_19s0090g00330,59,0.0285,1-acyl-sn-glycerol-3-phosphate acyltransferase,E2_3_1_51,,vv10561Glycerolipid_metabolism,vv10564Glycerophospholipid_metabolism
512,VIT_05s0102g00310,58,0.0282,GUN4,,,,
513,VIT_08s0056g00800,58,0.0281,Myb domain protein 60,MYB60,MYB60,vv60044MYB,
514,VIT_17s0000g02230,57,0.0276,Jasmonate ZIM domain-containing protein 3,JAZ3_2,,vv30011Jasmonate_signaling,vv34626Plant-pathogen_interaction
515,VIT_18s0001g08480,55,0.0267,EMB1273 [Arabidopsis lyrata subsp. lyrata],,,,
516,VIT_02s0033g00660<br>VIT_02s0033g00850<br>VIT_02s0033g00870<br>VIT_02s0033g00800,55,0.0266,
517,VIT_17s0053g00780,55,0.0266,Homeodomain GLABROUS11,HDG11_1,VvHB60,vv60034HB,
518,VIT_02s0012g00170,55,0.0265,1 4-alpha-D-glucan maltohydrolase,E3_2_1_2,,vv10500Starch_and_sucrose_metabolism,
519,VIT_01s0010g03850,54,0.0261,Calmodulin-binding protein,CMTA4,,vv60020CAMTA,
520,VIT_08s0007g07530,54,0.0261,3-oxoacyl-[acyl-carrier-protein] reductase  chloroplast,E1_1_1_100,,vv10061Fatty_acid_biosynthesis,vv11040Biosynthesis_of_unsaturated_fatty_acids
521,VIT_14s0068g01710,53,0.0256,Metal-nicotianamine transporter YSL6,YSL6,,vv50125Porters_cat_66_to_94,
522,VIT_05s0049g02220,52,0.0250,Histone-lysine N-methyltransferase  H3 lysine-9 specific SUVH9,E2_1_1_43SUVH9,,vv10300Lysine_biosynthesis,vv60056SET_PCG
523,VIT_13s0064g00790,51,0.0248,No hit,,,,
524,VIT_16s0022g01740,51,0.0246,Unknown protein,,,,
525,VIT_05s0049g01980,51,0.0245,3-isopropylmalate dehydratase large subunit 2,E4_2_1_33,,vv10290Valine_leucine_and_isoleucine_biosynthesis,
526,VIT_14s0060g00240,50,0.0242,Myb domain protein 61,MYB61_2,MYB55B,vv60044MYB,
527,VIT_18s0001g07020,49,0.0238,No hit,,,,
528,VIT_18s0041g02240,47,0.0228,ATATH7 (ABC2 homolog7),ATH7,,vv52010ABC_transporters,
529,VIT_04s0044g01380,47,0.0228,Myb domain protein 52,MYB52_3,MYB166,vv60044MYB,
530,VIT_07s0129g00990,47,0.0228,Protein kinase,,,,
531,VIT_03s0038g03850,47,0.0227,PGPS/NH21,,,,
532,VIT_19s0090g01050,47,0.0226,Endo-beta-1 4-glucanase,E3_2_1_4,,vv40006Cell_wall,
533,VIT_11s0016g05010,46,0.0223,Lactoylglutathione lyase,E4_4_1_5,,vv10620Pyruvate_metabolism,
534,VIT_14s0108g00890,45,0.0219,Beta-1 3-galactosyltransferase,K07819,,vv10602Glycosphingolipid_biosynthesis,
535,VIT_11s0052g00800,45,0.0216,Protein kinase family,,,,
536,VIT_00s0475g00020,44,0.0213,Zinc finger (C3HC4-type ring finger),,,,
537,VIT_08s0007g00820,44,0.0213,Proteinase inhibitor,,,,
538,VIT_07s0005g06410,44,0.0212,High-affinity K+ transporter 1 (HKT1),HKT1,,vv50124Porters_cat_30_to_64,
539,VIT_13s0019g02720,44,0.0212,Guanylyl cyclase (GC1),E4_6_1_2,,vv10230Purine_metabolism,vv34020Calcium_signaling_pathway
540,VIT_00s0391g00070,42,0.0204,3-deoxy-D-arabino-heptulosonate 7-phosphate synthase,E2_5_1_54,,vv10400Phenylalanine_tyrosine_and_tryptophan_biosynthesis,
541,VIT_08s0007g03360,42,0.0203,EMB1345 (embryo defective 1345),,,,
542,VIT_06s0004g08290,42,0.0203,KH domain-containing protein,,,,
543,VIT_16s0022g00370,41,0.0199,GDP-mannose transporter (GONST1),GONST1,,vv50122Porters_cat_7_to_17,
544,VIT_02s0033g00700,39,0.0189,Nitrilase,E3_5_5_1,,vv10460Cyanoamino_acid_metabolism,vv10910Nitrogen_metabolism
545,VIT_04s0008g01810,39,0.0189,Myb domain protein 4,MYB4_9,MYBPA8,vv60044MYB,
546,VIT_03s0063g01450,39,0.0187,VRN1 (reduced vernalization response 1),VRN1_1,,vv30009Flower_development,vv60001ABI3VP1
547,VIT_11s0016g04140,38,0.0184,No hit,,,,
548,VIT_07s0205g00070,38,0.0183,Phosphoenolpyruvate carboxykinase,E4_1_1_49,,vv10020Citrate_cycle,vv10620Pyruvate_metabolism
549,VIT_15s0048g00550,37,0.0178,Abnormal floral organs,AFO_2,,vv60019C2C2-YABBY,
550,VIT_18s0001g01130,37,0.0178,Alpha-expansin 1 precursor,EXPA1,,vv30003Auxin_signaling,
551,VIT_12s0057g01410,36,0.0174,Exostosin,K02366,,vv11030Glycan_structures-biosynthesis1,
552,VIT_04s0023g01930,36,0.0174,Basic helix-loop-helix (bHLH) family,BHLHDOM_15,,vv60011BHLH,
553,VIT_01s0011g05140,36,0.0173,Major latex-like protein ripening protein [grip61],,,,
554,VIT_06s0004g05930,35,0.0170,Proliferating cell nuclear antigen (PCNA),K04802,,vv23030DNA_replication,vv23410Base_excision_repair
555,VIT_05s0029g00350,35,0.0169,Heat shock transcription factor A5,HSFA5_2,,vv60037HSF,
556,VIT_02s0025g04490,35,0.0169,UDP-galactose transporter 2 ATUTR2/UTR2,UTR2,,vv50122Porters_cat_7_to_17,
557,VIT_13s0156g00190,35,0.0169,No hit,,,,
558,VIT_11s0016g03020,34,0.0164,Pectinesterase family,E3_1_1_11,,vv40006Cell_wall,
559,VIT_11s0016g02850,34,0.0164,Phosphofructokinase,E2_7_1_90,,vv10051Fructose_and_mannose_metabolism,
560,VIT_13s0064g00650,32,0.0156,ATAB2,,,,
561,VIT_11s0016g03650,32,0.0155,CDKF;1 (CDK-activating kinase 1A,CDKF,,vv44110Cell_cycle,
562,VIT_12s0055g00810,32,0.0155,Cationic peroxidase,E1_11_1_7,,vv10360Phenylalanine_metabolism,vv10680Methane_metabolism
563,VIT_05s0102g00940,32,0.0155,R protein  PRF  disease resistance protein,K13453,,vv34627R_proteins_from_Plant-pathogen_interaction,
564,VIT_19s0176g00040,32,0.0155,Ternary complex factor MIP1,,,,
565,VIT_01s0011g01890,32,0.0155,Glutathione S-transferase  C-terminal,E2_5_1_18,,vv10480Glutathione_metabolism,
566,VIT_18s0001g01730,32,0.0154,Shikimate kinase,E2_7_1_71,,vv10400Phenylalanine_tyrosine_and_tryptophan_biosynthesis,
567,VIT_04s0008g07040,31,0.0149,Peroxidase,E1_11_1_7,,vv10360Phenylalanine_metabolism,vv10680Methane_metabolism
568,VIT_08s0007g03900,30,0.0145,Heat stress transcription factor A3,HSFA3,,vv60037HSF,
569,VIT_12s0134g00090,30,0.0145,R-linalool synthase,E4_2_3_26,,vv10900Terpenoid_biosynthesis,
570,VIT_06s0004g01130,30,0.0145,Seven in absentia SINA2,K04506,,vv24120Ubiquitin_mediated_proteolysis,
571,VIT_14s0108g00910,30,0.0145,No hit,,,,
572,VIT_17s0000g01700,30,0.0144,Leucine-rich repeat transmembrane protein kinase,,,,
573,VIT_06s0009g02780,29,0.0141,Histone mRNA exonuclease 1,K01175,,,
574,VIT_18s0001g03240,29,0.0140,DREB sub A-5 of ERF/AP2 transcription factor,ERF012,VvERF008,vv30008Ethylene_signaling,vv60003AP2_EREBP
575,VIT_08s0007g06250,29,0.0140,Strubbelig receptor family 2,,,,
576,VIT_07s0104g01320,29,0.0140,Transport inhibitor response 1,TIR1,,vv30003Auxin_signaling,
577,VIT_19s0090g01160,29,0.0140,Lipase GDSL,,,,
578,VIT_16s0039g01940,29,0.0140,No hit,,,,
579,VIT_04s0008g06300,29,0.0140,Leucine-rich repeat family,,,,
580,VIT_05s0051g00050,28,0.0136,Myosin-like protein XIB,MYOSINXIB,,vv44810Regulation_of_actin_cytoskeleton,
581,VIT_19s0090g01440,28,0.0136,Fimbrin 2,FIMBRIN2,,vv44810Regulation_of_actin_cytoskeleton,
582,VIT_08s0007g02600,27,0.0130,Unknown protein,,,,
583,VIT_18s0041g00710,26,0.0125,UDP-glucose: anthocyanidin 5 3-O-glucosyltransferase,RHGT1,,vv10942Anthocyanin_biosynthesis,
584,VIT_10s0003g00980,26,0.0125,Unknown protein,,,,
585,VIT_17s0000g01950,25,0.0121,Dihydropyrimidine dehydrogenase,E1_3_1_2,,vv10410Beta-alanine_metabolism,vv10770Pantothenate_and_CoA_biosynthesis
586,VIT_18s0041g02150,23,0.0112,Lipase GDSL,,,,
587,VIT_15s0021g02110,22,0.0107,AP2 domain-containing transcription factor TINY,TINY_8,VvERF029,vv30008Ethylene_signaling,vv60003AP2_EREBP
588,VIT_14s0060g01790,22,0.0107,Unknown protein,,,,
589,VIT_04s0008g01420,22,0.0106,HAB2 (Homology to ABI2),HAB2,,vv30001ABA_signaling,
590,VIT_05s0062g00570,22,0.0106,UDP-glucose:flavonoid 7-O-glucosyltransferase,E2_4_1_237,,vv10941Flavonoid_biosynthesis,
591,VIT_11s0016g01500,22,0.0106,PHD finger protein alfin,ALFINDOM5,,vv60002Alfin-like,
592,VIT_11s0016g02260,21,0.0102,Unknown,,,,
593,VIT_19s0085g00030,20,0.0097,Unknown protein,,,,
594,VIT_00s0347g00050,20,0.0097,Ser/Thr receptor-like kinase1,,,,
595,VIT_16s0050g01420,20,0.0097,Coiled-coil domain-containing protein 111,,,,
596,VIT_17s0000g07270,20,0.0097,No hit,,,,
597,VIT_05s0102g00460,20,0.0097,RPD1 (root primordium defective 1),,,,
598,VIT_08s0007g08680,19,0.0093,Unknown protein,,,,
599,VIT_12s0059g01280,19,0.0092,Nucleobase-ascorbate transporter 1 (NAT1),NAT1,,vv50124Porters_cat_30_to_64,
600,VIT_05s0062g00430,19,0.0092,UDP-glucose:flavonoid 7-O-glucosyltransferase,E2_4_1_237,,vv10941Flavonoid_biosynthesis,
601,VIT_07s0151g00840,19,0.0092,Late embryogenesis abundant protein D-34 (LEA D-34),,,,
602,VIT_00s0586g00020,19,0.0092,Unknown protein,,,,
603,VIT_17s0000g06270,19,0.0092,Malate dehydrogenase precursor,E1_1_1_37,,vv10020Citrate_cycle,vv10620Pyruvate_metabolism
604,VIT_09s0002g04040,19,0.0092,Transducin protein,,,,
605,VIT_04s0008g03200,18,0.0088,Lachrymatory factor synthase,,,,
606,VIT_01s0011g06260,18,0.0087,Anthranilate synthase beta subunit,E4_1_3_27,,vv10400Phenylalanine_tyrosine_and_tryptophan_biosynthesis,
607,VIT_11s0016g01280,18,0.0087,DNA-directed RNA polymerase III subunit C4,K03026,,vv23020RNA_polymerase,
608,VIT_18s0041g02170,18,0.0087,Peptidoglycan-binding LysM:Cell wall hydrolase  SleB precursor,,,,
609,VIT_02s0025g04890,18,0.0087,CYP76B1,,,,
610,VIT_12s0028g02520,18,0.0086,TCP family transcription factor 4,TCP4_1,,vv60061TCP,
611,VIT_08s0032g00050,17,0.0083,Acyl-activating enzyme 15,E6_2_1_3_AAE15,,vv10071Fatty_acid_metabolism,vv50104Group_translocators
612,VIT_19s0014g04540,17,0.0082,S-locus protein kinase,,,,
613,VIT_17s0000g04260,17,0.0082,Universal stress protein (USP) family protein,,,,
614,VIT_11s0016g04300,16,0.0078,Nudix hydrolase 20  chloroplast precursor (AtNUDT20),,,,
615,VIT_19s0090g00400,16,0.0078,Zinc finger (C3HC4-type ring finger),ZFC3HC4_83,,vv60078Other_zf-C3HC4,
616,VIT_07s0005g00990,16,0.0078,Dehydration-induced 19,,,,
617,VIT_06s0061g01540,16,0.0078,KCBP- interacting  protein kinase,,,,
618,VIT_18s0001g06070,16,0.0078,Unknown protein,,,,
619,VIT_11s0103g00040,16,0.0077,High-affinity K+ transporter 1 (HKT1),HKT1,,vv50124Porters_cat_30_to_64,
620,VIT_18s0001g02500,16,0.0077,Unknown protein,,,,
621,VIT_05s0020g01740,16,0.0077,RanGAP1 interacting protein,,,,
622,VIT_07s0130g00060,16,0.0077,Unknown protein,,,,
623,VIT_19s0093g00590,15,0.0073,Myosin heavy chain-like protein,K10352,,vv44810Regulation_of_actin_cytoskeleton,
624,VIT_19s0014g04510,15,0.0073,S-locus protein kinase,,,,
625,VIT_02s0154g00030,15,0.0073,No hit,,,,
626,VIT_09s0002g03030,15,0.0073,FRK1 (FLG22-induced receptor-like kinase 1),FRK1,,vv34626Plant-pathogen_interaction,
627,VIT_18s0001g05580,15,0.0073,Unknown protein,,,,
628,VIT_17s0000g00840,15,0.0073,Unknown protein,,,,
629,VIT_02s0087g00570,15,0.0072,Unknown protein,,,,
630,VIT_06s0004g06960,15,0.0072,BCL2 binding anthogene,,,,
631,VIT_03s0017g01440,14,0.0068,Berberine bridge enzyme,E1_21_3_3,,vv10950Alkaloid_biosynthesis_I,
632,VIT_11s0016g03250,14,0.0068,Lachrymatory factor synthase,,,,
633,VIT_05s0020g01960,14,0.0068,Na+/H+ antiporter isoform 2,NHX2,,vv50124Porters_cat_30_to_64,
634,VIT_07s0005g01020,14,0.0068,COBRA-like protein 7,COBL7,,vv40006Cell_wall,
635,VIT_01s0026g00480,13,0.0063,Nodulin,,,,
636,VIT_15s0046g00500,13,0.0063,Wax synthase,E2_3_1_75,,vv11000Single_reactions,
637,VIT_18s0072g00760,13,0.0063,G-protein-coupled receptor,,,,
638,VIT_09s0018g01780,13,0.0063,ACT domain repeat 1 (ACR1) uridylyltransferase,,,,
639,VIT_11s0037g00160,13,0.0063,Protein prenyltransferase  alpha subunit,,,,
640,VIT_06s0009g01460,12,0.0058,Homoserine dehydrogenase,E1_1_1_3,,vv10260Glycine_serine_and_threonine_metabolism,vv10300Lysine_biosynthesis
641,VIT_02s0025g00740,12,0.0058,Pinoresinol forming dirigent protein,DIRPR,,vv10940Phenylpropanoid_biosynthesis,
642,VIT_01s0137g00080,12,0.0058,Aldehyde dehydrogenase (NAD+),E1_2_1_3,vv10561Glycerolipid_metabolism,vv10010Glycolysis,vv10071Fatty_acid_metabolism
643,VIT_14s0030g00220,12,0.0058,Sugar transporter ERD6-like 5,ERD6L5,,vv50121Porters_cat_1_to_6,
644,VIT_09s0002g06580,12,0.0058,Glycosyl hydrolase family 28 protein,,,,
645,VIT_18s0001g12020,12,0.0058,Brassinosteroid Signaling positive regulator (BZR1),BZR1_2,,vv30005Brassinosteroids_signaling,vv60010BES1
646,VIT_15s0046g02300,12,0.0058,Beta-cyanoalanine synthase,E2_5_1_47,,vv10272Cysteine_metabolism,vv10450Selenoamino_acid_metabolism
647,VIT_17s0000g06460,12,0.0058,Zinc finger (C3HC4-type ring finger),ZFC3HC4_177,,vv60078Other_zf-C3HC4,
648,VIT_03s0063g00350,12,0.0058,Unknown,,,,
649,VIT_02s0087g00630,12,0.0058,Alcohol oxidase,E1_1_3_13,,vv10680Methane_metabolism,
650,VIT_05s0062g00520,12,0.0058,UDP-glucose:flavonoid 7-O-glucosyltransferase,E2_4_1_237,,vv10941Flavonoid_biosynthesis,
651,VIT_18s0076g00330,11,0.0053,VirE2-interacting protein (VIP1),VIP1,VvbZIP50,vv60012BZIP,
652,VIT_14s0108g00510,10,0.0049,Nucleosome assembly protein (NAP-related) NRP2,,,,
653,VIT_08s0007g04950,10,0.0049,Xyloglucan endotransglucosylase/hydrolase 32,E2_4_1_207,,vv40006Cell_wall,
654,VIT_18s0001g15450,10,0.0048,Alcohol dehydrogenase 3,E1_1_1_1,,vv10010Glycolysis,vv10071Fatty_acid_metabolism
655,VIT_14s0068g00260,10,0.0048,Serine carboxypeptidase S10,,,,
656,VIT_05s0051g00140,10,0.0048,RRS1 (resistant to ralstonia solanacearum 1),RRS1,,vv34627R_proteins_from_Plant-pathogen_interaction,
657,VIT_09s0054g01040,10,0.0048,Unknown protein,,,,
658,VIT_14s0108g01340,9,0.0044,Pentatricopeptide (PPR) repeat,,,,
659,VIT_01s0011g02330,9,0.0044,Unknown protein,,,,
660,VIT_16s0022g01210,9,0.0044,Myb domain protein 85,MYB85_2,MYB191,vv60044MYB,
661,VIT_15s0048g02010,9,0.0044,Shaggy protein kinase theta,,,,
662,VIT_19s0014g04900,9,0.0044,(-)-germacrene D synthase,E4_2_3_22,,vv10900Terpenoid_biosynthesis,
663,VIT_18s0001g06410,9,0.0044,Ribosomal protein 60S,,,,
664,VIT_10s0071g00860,9,0.0044,Disease resistance protein,,,,
665,VIT_05s0051g00230,9,0.0043,R protein L6,K13477,,vv34627R_proteins_from_Plant-pathogen_interaction,
666,VIT_09s0054g01880,9,0.0043,Calreticulin interacted protein,,,,
667,VIT_13s0047g00010,9,0.0043,ZIFL2 (zinc induced facilitator-like 1),ZIFL1,,vv50121Porters_cat_1_to_6,
668,VIT_02s0025g03760,9,0.0043,Myosin-related,MYOSINR,,vv44810Regulation_of_actin_cytoskeleton,
669,VIT_08s0040g02970,9,0.0043,Protein phosphatase 2C,E3_1_3_16,,,
670,VIT_12s0028g00450,9,0.0043,Carrier protein  Mitochondrial,K03454,,vv50123Porters_cat_18_to_29,
671,VIT_17s0000g06110,9,0.0043,Glutathione S-transferase 9 GSTU9,E2_5_1_18_GSTU9,,vv10480Glutathione_metabolism,
672,VIT_15s0021g00050,9,0.0043,Eceriferum 1 (CER1 protein) Sterol desaturase,,,,
673,VIT_05s0094g01350,9,0.0043,Thiol methyltransferase 1,E2_1_1_9,,vv10450Selenoamino_acid_metabolism,
674,VIT_18s0001g05860,9,0.0043,Transparent testa 1,TT1,,vv60017C2H2,
675,VIT_07s0129g01100,9,0.0043,Cyclin D,CYCD3_3,,vv44110Cell_cycle,
676,VIT_05s0094g01270,9,0.0043,Leucine-rich repeat family protein,,,,
677,VIT_03s0110g00360,8,0.0039,Copper transporter 2,COPT2,,vv50101Channels_and_pores,
678,VIT_10s0116g01030,7,0.0034,Stigma-specific Stig1,,,,
679,VIT_00s0820g00020,7,0.0034,Anthocyanidine rhamnosyl-transferase,RHATR,,vv10942Anthocyanin_biosynthesis,
680,VIT_08s0058g00660,7,0.0034,Protein phosphatase 1D,K10147,,,
681,VIT_17s0000g10100,7,0.0034,Response regulator ARR11 Type-B,ARR11_1,,vv30007Cytokinin_signaling,vv60006ARR-B
682,VIT_08s0007g01540,7,0.0034,MYB1,MYB1,MYB176,vv60044MYB,
683,VIT_19s0093g00190,6,0.0029,Glutathione S-transferase 25 GSTU25,E2_5_1_18_GSTU25,,vv10480Glutathione_metabolism,
684,VIT_08s0007g06760,6,0.0029,Cation efflux family protein MTPc3,MTPC3,,vv50121Porters_cat_1_to_6,
685,VIT_17s0000g06740,6,0.0029,Zinc finger (C2H2 type) family,C2H2FAM_6,,vv60017C2H2,
686,VIT_01s0182g00130,6,0.0029,PHO1-like protein,PHO1,,vv50125Porters_cat_66_to_94,
687,VIT_02s0012g02820,6,0.0029,Geraniol 10-hydroxylase,G10H,,vv10902Monoterpenoid_biosynthesis,
688,VIT_02s0025g03630,6,0.0029,Cu2+-exporting ATPase HMA5 (heavy metal ATPase 5),K01533_HMA5,,vv50131Primary_active_transporter_cat_A2_to_A4,
689,VIT_16s0022g02370,6,0.0029,Unknown protein,,,,
690,VIT_06s0004g04660,6,0.0029,No hit,,,,
691,VIT_00s0309g00080,6,0.0029,ATP-dependent Clp protease proteolytic subunit (ClpP4),E3_4_21_92,,,
692,VIT_18s0001g09450,6,0.0029,Unknown protein,,,,
693,VIT_03s0038g00660,6,0.0029,Unknown protein,,,,
694,VIT_10s0116g00980,6,0.0029,Unknown protein,,,,
695,VIT_10s0116g00480,6,0.0029,WNK kinase 6,,,,
696,VIT_03s0038g02050,6,0.0029,Dirigent protein pDIR7,,,,
697,VIT_01s0011g04710,6,0.0029,Copper-binding family protein,,,,
698,VIT_01s0026g00220,6,0.0029,Aldehyde dehydrogenase 1 precursor,E1_2_1_3,vv10561Glycerolipid_metabolism,vv10010Glycolysis,vv10071Fatty_acid_metabolism
699,VIT_01s0010g01840,6,0.0029,GEM-like protein 5,,,,
700,VIT_04s0043g00850,6,0.0029,Unknown protein,,,,
701,VIT_15s0046g01790,6,0.0029,ARID/BRIGHT DNA-binding domain-containing protein / ELM2,ARID_4,,vv60005ARID,
702,VIT_17s0000g02260,6,0.0029,Aldose 1-epimerase,E5_1_3_3,,vv10010Glycolysis,
703,VIT_18s0001g09700,6,0.0029,F-box protein GID2,,,,
704,VIT_11s0016g05510,6,0.0029,Unknown protein,,,,
705,VIT_03s0038g03560,6,0.0029,CAO (CHAOS); chromatin binding,CPSRP43,,vv50113Thylakoid_targeting_pathway,
706,VIT_07s0151g00510,6,0.0029,GCN5 N-acetyltransferase (GNAT),GCN5_22,,vv60082GNAT,
707,VIT_15s0021g01350,6,0.0029,Transducin family protein / WD-40 repeat,,,,
708,VIT_00s0838g00010,6,0.0029,Transcriptional corepressor LEUNIG,LEUNIG_1,,vv30009Flower_development,vv60041LUG
709,VIT_02s0012g02540,6,0.0029,Chlororespiratory reduction 4 (CRR4),,,,
710,VIT_19s0014g05070,6,0.0029,Kinesin family member C1,K10405,,vv44810Regulation_of_actin_cytoskeleton,
711,VIT_02s0025g03040,6,0.0029,Zinc finger (C3HC4-type ring finger),ZFC3HC4_133,,vv60078Other_zf-C3HC4,
712,VIT_13s0019g02500,6,0.0029,No hit,,,,
713,VIT_07s0151g00570,6,0.0029,OB-fold nucleic acid binding domain containing protein,,,,
714,VIT_04s0008g03550,5,0.0024,Aquaporin TIP4;1,TIP4_1,,vv50101Channels_and_pores,
715,VIT_05s0049g00890,4,0.0019,Serine/threonine-protein phosphatase PP1,K06269,,vv10500Starch_and_sucrose_metabolism,
716,VIT_17s0000g05850,4,0.0019,ATATH1 (ABC2 homolog1),ATH1,,vv52010ABC_transporters,
717,VIT_05s0029g00510,4,0.0019,Aquaporin PIP PIP1A,PIP1A,,vv50101Channels_and_pores,
718,VIT_05s0077g02270,4,0.0019,Unknown protein,,,,
719,VIT_09s0002g06400,4,0.0019,No hit,,,,
720,VIT_18s0001g12680,3,0.0015,Unknown protein,,,,
721,VIT_13s0064g01210,3,0.0015,Zf A20 and AN1 domain-containing stress-associated protein 2,SAP2_5,,vv60077Other_zf-AN1,
722,VIT_14s0006g01340,3,0.0015,Myb domain protein 113,MYB113_1,MYBA5,vv60044MYB,
723,VIT_13s0019g04530,3,0.0015,Early flowering 6,ELF6_1,,vv34710Circadian_rhythm,vv60038Jumonji
724,VIT_01s0150g00630,3,0.0015,Exostosin-like,K02366,,vv11030Glycan_structures-biosynthesis1,
725,VIT_01s0011g04740,3,0.0015,LPR1 (Low Phosphate Root1) multicopper oxidase,,,,
726,VIT_05s0049g01070,3,0.0015,Glutathione S-transferase 19 GSTU1,E2_5_1_18_GSTU1,,vv10480Glutathione_metabolism,
727,VIT_07s0005g02480,3,0.0015,Myb domain protein 61,MYB61_1,MYB55A,vv60044MYB,
728,VIT_07s0151g00590,3,0.0015,Inositol-1 4 5-trisphosphate 5-phosphatase CVP2  type I,E3_1_3_56,,vv10562Inositol_phosphate_metabolism,vv34070Phosphatidylinositol_signaling_system
729,VIT_19s0014g03660,3,0.0015,LHCII type III  chloroplast precursor,K08914,,vv10196Photosynthesis_antenna_proteins,vv50105Transport_electron_carriers
730,VIT_13s0067g03230,3,0.0015,CENP-E like kinetochore protein,CENPE,,vv44110Cell_cycle,
731,VIT_02s0012g01680,3,0.0015,Trehalose phosphatase 5,E3_1_3_12,,vv10500Starch_and_sucrose_metabolism,
732,VIT_03s0091g01290,3,0.0015,Serine carboxypeptidase S10,,,,
733,VIT_18s0001g11610,3,0.0015,No hit,,,,
734,VIT_02s0087g00470,3,0.0015,Anthraniloyal-CoA: methanol anthraniloyal transferase,AMAT,,vv10400Phenylalanine_tyrosine_and_tryptophan_biosynthesis,
735,VIT_14s0083g00050,3,0.0015,DDT domain-containing protein,DDTDOM_3,,vv60025DDT,
736,VIT_07s0005g00660,3,0.0015,Late embryogenis abundant protein 5,,,,
737,VIT_00s0207g00150,3,0.0015,Ternary complex factor MIP1,,,,
738,VIT_10s0116g00680,3,0.0015,PDF2 (protodermal factor2),PDF2_2,VvHB35,vv60034HB,
739,VIT_09s0002g05620,3,0.0015,Unknown protein,,,,
740,VIT_09s0002g01670,3,0.0015,Myb domain protein 26,MYB26,MYB26,vv60044MYB,
741,VIT_18s0166g00220,3,0.0015,No hit,,,,
742,VIT_06s0061g00620,3,0.0015,Short-chain dehydrogenase carbonyl reductase 3,,,,
743,VIT_02s0087g00420,3,0.0015,Zinc finger (C3HC4-type ring finger),ZFC3HC4_14,,vv60078Other_zf-C3HC4,
744,VIT_18s0001g10150,3,0.0014,Ethylene-responsive transcription factor ERF011,ERF011,VvERF013,vv30008Ethylene_signaling,vv60017C2H2
745,VIT_08s0007g08980,3,0.0014,Unknown,,,,
746,VIT_12s0059g02710,3,0.0014,Pinene synthase,E4_2_3_14,,vv10902Monoterpenoid_biosynthesis,
747,VIT_14s0108g00150,3,0.0014,Calmodulin-binding region IQD28,IQD28,,,
748,VIT_07s0031g00470,3,0.0014,DNA polymerase alpha,K02320,,vv23030DNA_replication,
749,VIT_11s0016g01850,3,0.0014,Anthocyanidin-3-glucoside rhamnosyltransferase,RHATR,,vv10942Anthocyanin_biosynthesis,
750,VIT_13s0064g01080,3,0.0014,Thylakoid lumenal 19 kDa protein  chloroplast precursor,,,,
751,VIT_06s0004g00230,3,0.0014,WRKY DNA-binding protein 48,WRKY48_2,VvWRKY15,vv60066WRKY,
752,VIT_08s0007g00060,3,0.0014,5-oxoprolinase,E3_5_2_9,,vv10480Glutathione_metabolism,
753,VIT_13s0106g00610,3,0.0014,Tetracycline transporter,TETRACYCTR,,vv50121Porters_cat_1_to_6,
754,VIT_00s0286g00050,3,0.0014,S-locus protein kinase,,,,
755,VIT_05s0020g00420,3,0.0014,Polygalacturonase GH28,E3_2_1_15,,vv40006Cell_wall,
756,VIT_14s0006g01280,3,0.0014,Myb domain protein 113,MYB113_5,MYBA7,vv60044MYB,
757,VIT_16s0039g02600,3,0.0014,Aspartyl protease,E3_4_23_40,,,
758,VIT_07s0129g00190,3,0.0014,Binding,,,,
759,VIT_10s0116g01670,3,0.0014,Prephenate dehydratase with ACT region,E4_2_1_51,,vv10400Phenylalanine_tyrosine_and_tryptophan_biosynthesis,
760,VIT_16s0022g02030,3,0.0014,ERL1 (ERECTA 1),,,,
761,VIT_09s0002g03810,3,0.0014,No hit,,,,
762,VIT_18s0001g09600,3,0.0014,HOS15 (High expression of osmotically responsive genes 15),,,,
763,VIT_06s0004g01860,3,0.0014,Zinc transporter ZIP3,ZIP3,,vv50121Porters_cat_1_to_6,
764,VIT_02s0025g00550,3,0.0014,Unknown protein,,,,
765,VIT_13s0175g00100,3,0.0014,Sad1/unc-84 protein,,,,
766,VIT_18s0001g04890,3,0.0014,Low affinity sulphate transporter,AST68,,vv50124Porters_cat_30_to_64,
767,VIT_18s0072g00580<br>VIT_11s0065g00040,3,0.0014,
768,VIT_14s0128g00080,3,0.0014,Lipase GDSL,,,,
769,VIT_01s0026g01300,3,0.0014,Unknown protein,,,,
770,VIT_19s0014g02350,3,0.0014,Squamosa promoter-binding protein 4 (SPL4),SPL4_1,,vv60055SBP,
771,VIT_09s0054g01370,3,0.0014,Beta-amyrin synthase,E5_4_99_BAS,,vv10900Terpenoid_biosynthesis,
772,VIT_02s0025g04880,3,0.0014,Geraniol 10-hydroxylase,G10H,,vv10902Monoterpenoid_biosynthesis,
773,VIT_17s0053g00680,3,0.0014,Argonaute protein (AGO1),,,,
