Vv_m2,2000,1000,VIT_10s0003g00620
rank,node,Fabs,Frel,Functional-annotation,Name-EC-KeggID,Updated-name,Network1,Network2
1,VIT_11s0016g04540,2073,1.0000,ABC transporter G member 22,ABCG22,,vv52010ABC_transporters,
2,VIT_18s0001g14910,2077,1.0000,Mannitol dehydrogenase,E1_1_1_67,,vv10051Fructose_and_mannose_metabolism,
3,VIT_18s0001g14660,2079,1.0000,P-glycoprotein 13,PGP13,,vv52010ABC_transporters,
4,VIT_02s0025g02620,2065,1.0000,BDG1 (BODYGUARD1) hydrolase,,,,
5,VIT_05s0102g00370,2073,1.0000,Receptor protein kinase (ACR4),,,,
6,VIT_07s0005g01670,2045,1.0000,No hit,,,,
7,VIT_01s0026g00570,2088,1.0000,Bet v I allergen,,,,
8,VIT_03s0091g01090,2064,0.9990,Unknown,,,,
9,VIT_18s0001g13080,2056,0.9985,Unknown protein,,,,
10,VIT_19s0090g00710,2058,0.9981,No hit,,,,
11,VIT_13s0074g00390,2075,0.9966,CYP77A2,,,,
12,VIT_02s0025g04550,2068,0.9957,Glucose-methanol-choline (GMC) oxidoreductase,E1_1_99_1,,vv10260Glycine_serine_and_threonine_metabolism,
13,VIT_09s0002g03140,2054,0.9913,Lipase GDSL,,,,
14,VIT_12s0059g01870,2043,0.9893,GH3-like protein,AUXINBIOSYNTHESIS_GH3,,vv11002Auxin_biosynthesis,
15,VIT_05s0077g01670,2048,0.9865,Major cherry allergen Pru av 1.0202,,,,
16,VIT_00s0207g00010,2046,0.9846,Anthranilate N-benzoyltransferase protein 1,E2_3_1_144,,vv10400Phenylalanine_tyrosine_and_tryptophan_biosynthesis,
17,VIT_03s0063g01880,2028,0.9835,Acyl-CoA synthetase long-chain member 2,E6_2_1_3_LACS2,,vv10071Fatty_acid_metabolism,vv44146Peroxisome
18,VIT_09s0018g01650,2044,0.9832,Wrinkled1 (AP2/ERBP),WRINKLED1_1,VvAP2-06,vv30008Ethylene_signaling,vv60003AP2_EREBP
19,VIT_12s0059g01590,2038,0.9817,Lipase GDSL,,,,
20,VIT_13s0019g01260,2023,0.9816,Enoyl reductase,K10258,,vv11040Biosynthesis_of_unsaturated_fatty_acids,
21,VIT_13s0067g02390,2019,0.9763,Unknown,,,,
22,VIT_12s0059g00670,2012,0.9734,NADP-dependent oxidoreductase,E1_6_5_5,,,
23,VIT_03s0038g01960,2012,0.9696,Proline-rich family protein,,,,
24,VIT_03s0038g01830,2002,0.9667,Proline-rich protein 4,,,,
25,VIT_08s0007g02700,1993,0.9591,Secoisolariciresinol dehydrogenase,SIRD,,vv10940Phenylpropanoid_biosynthesis,
26,VIT_10s0003g05420,1981,0.9570,S-2-hydroxy-acid oxidase  peroxisomal,E1_1_3_15,,vv10630Glyoxylate_and_dicarboxylate_metabolism,
27,VIT_06s0004g01550,1978,0.9569,Phosphoribosylanthranilate transferase,E2_4_2_18,,vv10400Phenylalanine_tyrosine_and_tryptophan_biosynthesis,
28,VIT_08s0056g01070,1985,0.9530,MATE efflux family protein,MATE,,vv50125Porters_cat_66_to_94,
29,VIT_04s0043g00560,1972,0.9481,DD1A protein,,,,
30,VIT_14s0128g00160,1946,0.9433,Protein kinase CDG1,,,,
31,VIT_16s0050g00830,1949,0.9379,Beta-ketoacyl-CoA synthase,E2_3_1_41,,vv10061Fatty_acid_biosynthesis,
32,VIT_13s0106g00250,1943,0.9377,Carboxylic ester hydrolase,E3_1_1_1,,,
33,VIT_12s0059g01830,1916,0.9278,Unknown,,,,
34,VIT_07s0005g01290,1923,0.9245,DnaJ homolog  subfamily C  member 7,K09527,,vv50132Primary_active_transporter_cat_A5_to_A8,
35,VIT_13s0067g00730,1908,0.9231,Carboxylic ester hydrolase,E3_1_1_1,,,
36,VIT_12s0034g01140,1900,0.9179,Plastocyanin domain-containing protein,K02638,,vv10195Photosynthesis,vv50113Thylakoid_targeting_pathway
37,VIT_10s0003g02120,1863,0.9057,Lipase GDSL,,,,
38,VIT_17s0000g10060,1876,0.9050,Lipase GDSL,,,,
39,VIT_15s0046g01960,1859,0.9042,Hydroquinone glucosyltransferase,E2_4_1_218,,vv10500Starch_and_sucrose_metabolism,
40,VIT_01s0011g03210,1846,0.8996,Aspartyl protease,E3_4_23_x,,,
41,VIT_18s0001g09920,1837,0.8905,Cyclin delta-3 (CYCD3_1),CYCD3,,vv30007Cytokinin_signaling,vv44110Cell_cycle
42,VIT_15s0046g01820,1830,0.8883,Ring-H2 finger B1A,RHB1A,,vv60078Other_zf-C3HC4,
43,VIT_00s0267g00030,1822,0.8815,Unknown,,,,
44,VIT_09s0002g04170,1791,0.8682,Acyl-CoA synthetases (Acyl-activating enzyme 13),E6_2_1_3,,vv10071Fatty_acid_metabolism,vv50104Group_translocators
45,VIT_03s0088g00560,1786,0.8636,Citrate synthase,E2_3_3_1,,vv10020Citrate_cycle,vv10630Glyoxylate_and_dicarboxylate_metabolism
46,VIT_19s0093g00590,1784,0.8610,Myosin heavy chain-like protein,K10352,,vv44810Regulation_of_actin_cytoskeleton,
47,VIT_06s0004g01750,1794,0.8580,Polygalacturonase inhibitor protein,PGIP,,,
48,VIT_08s0058g01210,1754,0.8486,Non-specific lipid transfer protein LTP1,LTP1,,,
49,VIT_12s0134g00500,1747,0.8440,Cyclin D6,CYCD6_1,,vv44110Cell_cycle,
50,VIT_11s0016g01320,1744,0.8373,Myb domain protein 13,MYB13,MYBPA2,vv60044MYB,
51,VIT_12s0028g00310,1715,0.8305,Protein kinase family,,,,
52,VIT_00s0286g00130,1719,0.8304,S-locus lectin protein kinase,,,,
53,VIT_08s0007g09000,1696,0.8209,Glycerol-3-phosphate dehydrogenase,E1_1_1_8,,vv10564Glycerophospholipid_metabolism,
54,VIT_04s0008g06300,1677,0.8094,Leucine-rich repeat family,,,,
55,VIT_15s0046g02410,1664,0.8058,Aquaporin TMP-C,TMPC,,vv50101Channels_and_pores,
56,VIT_18s0001g01210,1656,0.8039,Senescence-inducible chloroplast stay-green protein 2,,,,
57,VIT_18s0072g01000,1663,0.8030,Dihydrolipoamide S-acetyltransferase,E2_3_1_12,,vv10010Glycolysis,vv10252Alanine_and_aspartate_metabolism
58,VIT_04s0008g03950,1655,0.7961,RD22,,,,
59,VIT_15s0046g02400,1613,0.7800,Glycerol-3-phosphate acyltransferase 8,E2_3_1_15,,vv10561Glycerolipid_metabolism,vv10564Glycerophospholipid_metabolism
60,VIT_04s0008g05440,1611,0.7764,Ethylene-responsive transcription factor SHINE 3,SHINE3_1,VvERF044,vv30008Ethylene_signaling,vv60003AP2_EREBP
61,VIT_19s0014g04090<br>VIT_10s0071g00450<br>VIT_10s0071g00440<br>VIT_19s0015g02410<br>VIT_19s0014g04160,1602,0.7706,
62,VIT_13s0019g04260,1593,0.7703,Monoglyceride lipase,E3_1_1_23,,vv10561Glycerolipid_metabolism,
63,VIT_02s0025g03320,1584,0.7667,CYP86A2,,,,
64,VIT_00s0313g00040,1590,0.7666,PAS2 (PASTICCINO 2),K10703,,vv11040Biosynthesis_of_unsaturated_fatty_acids,
65,VIT_06s0061g01290,1576,0.7606,No hit,,,,
66,VIT_06s0009g03390,1571,0.7600,No hit,,,,
67,VIT_14s0060g02370,1572,0.7591,DegP protease,E3_4_21_107,,,
68,VIT_02s0025g04410,1574,0.7571,Beta-ketoacyl-CoA synthase,E2_3_1_41,,vv10061Fatty_acid_biosynthesis,
69,VIT_11s0052g01600,1528,0.7414,UDP-glucose flavonoid 3-O-glucosyltransferase 7,E2_4_1_91,,vv10941Flavonoid_biosynthesis,
70,VIT_18s0001g11160,1538,0.7405,Unknown protein,,,,
71,VIT_02s0012g01660,1533,0.7395,ATPase PGP2 (P-glycoprotein 2),PGP2,,vv52010ABC_transporters,
72,VIT_05s0049g01810,1523,0.7386,No hit,,,,
73,VIT_11s0037g01400,1528,0.7375,Zinc finger (C3HC4-type ring finger),ZFC3HC4_80,,vv60078Other_zf-C3HC4,
74,VIT_10s0116g01210,1506,0.7289,Aspartyl protease,E3_4_23_40,,,
75,VIT_13s0019g02090,1493,0.7262,Thylakoid lumenal 15 kDa protein 1,,,,
76,VIT_06s0004g06820,1491,0.7220,Unknown protein,,,,
77,VIT_07s0031g00520,1483,0.7199,Unknown protein,,,,
78,VIT_13s0067g00400,1484,0.7169,Anthranilate synthase alpha 1,E4_1_3_27,,vv10400Phenylalanine_tyrosine_and_tryptophan_biosynthesis,
79,VIT_14s0030g01950,1478,0.7157,Transferase,,,,
80,VIT_13s0019g02710,1476,0.7134,Rho guanyl-nucleotide exchange factor ROPGEF5,ROPGEF5,,,
81,VIT_09s0002g03130,1464,0.7079,FRK1 (FLG22-induced receptor-like kinase 1),FRK1,,vv34626Plant-pathogen_interaction,
82,VIT_18s0001g08110,1466,0.7068,Glutamyl-tRNA reductase  chloroplast precursor,E1_2_1_70,,vv10860Porphyrin_and_chlorophyll_metabolism,
83,VIT_08s0007g02000,1416,0.6877,Glycerol-3-phosphate acyltransferase 8,E2_3_1_15,,vv10561Glycerolipid_metabolism,vv10564Glycerophospholipid_metabolism
84,VIT_02s0012g00180,1432,0.6875,Serine protease,,,,
85,VIT_18s0001g11120,1413,0.6819,Ternary complex factor MIP1,,,,
86,VIT_14s0060g01090,1408,0.6812,LNG1 (LONGIFOLIA1),,,,
87,VIT_11s0052g00410,1410,0.6753,Allyl alcohol dehydrogenase,,,,
88,VIT_12s0059g02310,1388,0.6702,PDF2 (protodermal factor2),PDF2_4,VvHB44,vv60034HB,
89,VIT_14s0068g01300,1385,0.6671,Serine palmitoyltransferase,E2_3_1_50,,vv10600Sphingolipid_metabolism,
90,VIT_10s0116g01580,1371,0.6630,No hit,,,,
91,VIT_14s0108g01080,1360,0.6605,Myb domain protein 106,MYB106_2,MYB141,vv60044MYB,
92,VIT_06s0009g01410,1366,0.6593,No hit,,,,
93,VIT_15s0048g01410,1362,0.6580,NTMC2T4/NTMC2TYPE4; NTMC2T4/NTMC2TYPE4,NTMC2T4,,vv50109Incompletely_characterized_transport_systems,
94,VIT_02s0025g01190,1352,0.6535,Extra-large G-protein (XLG1),,,,
95,VIT_14s0006g02990,1339,0.6506,3-ketoacyl-CoA synthase,,,,
96,VIT_14s0066g01790,1328,0.6459,GASA like,GASAL,,vv30010Gibberellin_signaling,
97,VIT_10s0003g00600,1335,0.6452,Lipase GDSL,,,,
98,VIT_11s0065g00170,1333,0.6430,Squamosa promoter-binding protein 2 (SPL2),SPL2_3,,vv60055SBP,
99,VIT_01s0150g00390,1310,0.6316,Minichromosome maintenance protein 2,K02540,,vv23030DNA_replication,vv44110Cell_cycle
100,VIT_06s0061g00230,1307,0.6296,ABC transporter G member 7,ABCG7,,vv52010ABC_transporters,
101,VIT_10s0116g01880,1285,0.6217,MATE efflux family protein,MATE,,vv50125Porters_cat_66_to_94,
102,VIT_12s0059g02420,1279,0.6215,Peroxidase ATP11A (gb|X98802).,E1_11_1_7,,vv10360Phenylalanine_metabolism,vv10680Methane_metabolism
103,VIT_08s0040g02250,1284,0.6200,No hit,,,,
104,VIT_04s0008g03600,1281,0.6171,Tocopherol cyclase,K09834,,vv10100Biosynthesis_of_steroids,
105,VIT_14s0108g00740,1261,0.6104,GASA4,GASA4,,vv30010Gibberellin_signaling,
106,VIT_09s0002g06750,1246,0.6069,ERF/AP2 transcription factor sub B-6 SHINE,SHINE1_1,VvERF042,vv30008Ethylene_signaling,vv60003AP2_EREBP
107,VIT_10s0003g00050,1246,0.6066,Squamosa promoter-binding protein 3 (SPL3),SPL3,,vv60055SBP,
108,VIT_18s0122g00590,1250,0.6024,DNA-binding protein,,,,
109,VIT_04s0008g04470,1251,0.6017,Zinc finger  SWIM-type,ZFSWIM_8,,vv60074Orphans_zf-SWIM,
110,VIT_17s0000g09270,1238,0.5984,MATE efflux family protein,MATE,,vv50125Porters_cat_66_to_94,
111,VIT_07s0031g00320,1237,0.5982,Curly leaf PHCLF1,CLF1_1,,vv30009Flower_development,vv60056SET_PCG
112,VIT_01s0011g03490,1234,0.5958,3-ketoacyl-CoA synthase,,,,
113,VIT_05s0077g00650,1236,0.5957,Poly(A) polymerase,K14376,,vv23015mRNA_surveillance_pathway,
114,VIT_15s0048g02720,1220,0.5894,fatty acid elongase,E2_3_1_41,,vv10061Fatty_acid_biosynthesis,
115,VIT_17s0000g00130,1217,0.5888,SEC14 cytosolic factor,SEC14,,vv50122Porters_cat_7_to_17,
116,VIT_18s0001g13330,1204,0.5839,Purple acid phosphatase 32- ATPAP32/PAP32,E3_1_3_2,,vv10740Riboflavin_metabolism,
117,VIT_08s0007g03990,1204,0.5831,Cellulose synthase CSLA09,E2_4_1_12_CSLA09,,vv40006Cell_wall,
118,VIT_03s0063g00670,1209,0.5824,Cyclin-dependent kinase inhibitor ICK5,ICK5,,vv44110Cell_cycle,
119,VIT_13s0019g05290,1209,0.5815,Acyl-CoA binding,,,,
120,VIT_01s0011g04710,1203,0.5806,Copper-binding family protein,,,,
121,VIT_14s0108g01020,1203,0.5756,Alpha-expansin 1 precursor,EXPA1,,vv30003Auxin_signaling,
122,VIT_06s0004g08290,1184,0.5725,KH domain-containing protein,,,,
123,VIT_14s0128g00180,1182,0.5716,Zinc finger (C3HC4-type ring finger),ZFC3HC4_209,,vv60078Other_zf-C3HC4,
124,VIT_02s0012g02030,1174,0.5691,Homeobox-7,VVHB7_1,VvHB09,vv60034HB,
125,VIT_08s0040g03400,1178,0.5669,Short-chain dehydrogenase/reductase,,,,
126,VIT_11s0065g00130,1164,0.5642,Taxane 10-beta-hydroxylase,E1_14_13_76,,vv10904Diterpenoid_biosynthesis,
127,VIT_11s0052g00800,1163,0.5637,Protein kinase family,,,,
128,VIT_14s0108g00510,1158,0.5608,Nucleosome assembly protein (NAP-related) NRP2,,,,
129,VIT_18s0041g01210<br>VIT_18s0041g01160<br>VIT_18s0041g01170,1149,0.5543,
130,VIT_01s0182g00130,1144,0.5516,PHO1-like protein,PHO1,,vv50125Porters_cat_66_to_94,
131,VIT_01s0010g02740,1133,0.5466,4-coumarate-CoA ligase,E6_2_1_12,,vv10940Phenylpropanoid_biosynthesis,vv50104Group_translocators
132,VIT_00s0399g00020,1130,0.5448,Protease inhibitor/seed storage/lipid transfer protein (LTP),,,,
133,VIT_14s0068g01520,1125,0.5437,Double-stranded RNA-binding (DsRBD) domain-containing protein,,,,
134,VIT_19s0090g00400,1127,0.5416,Zinc finger (C3HC4-type ring finger),ZFC3HC4_83,,vv60078Other_zf-C3HC4,
135,VIT_03s0088g00270,1113,0.5411,No hit,,,,
136,VIT_06s0080g00760,1127,0.5410,Unknown protein,,,,
137,VIT_16s0039g00010,1116,0.5407,ABC transporter G member 7,ABCG7,,vv52010ABC_transporters,
138,VIT_00s0762g00030,1121,0.5395,S-locus lectin protein kinase,,,,
139,VIT_01s0011g00080,1107,0.5325,Universal stress protein (USP) family protein,,,,
140,VIT_11s0037g01210,1097,0.5300,Eceriferum 1 (CER1 protein) Sterol desaturase,,,,
141,VIT_13s0019g02880,1089,0.5292,UDP-glucoronosyl/UDP-glucosyl transferase,,,,
142,VIT_16s0039g02270,1086,0.5269,Unknown protein,,,,
143,VIT_14s0128g00210,1087,0.5269,Xyloglucanase inhibitor,,,,
144,VIT_06s0004g07970,1079,0.5235,Alpha-expansin 10 precursor,EXPA10,,vv30003Auxin_signaling,
145,VIT_19s0015g00740,1076,0.5213,Prefoldin,,,,
146,VIT_02s0087g00630,1069,0.5177,Alcohol oxidase,E1_1_3_13,,vv10680Methane_metabolism,
147,VIT_13s0019g04460,1059,0.5141,Phenylalanine ammonia-lyase 2 (PAL2),E4_3_1_5,,vv10350Tyrosine_metabolism,vv10360Phenylalanine_metabolism
148,VIT_13s0064g01660,1061,0.5118,Prunasin hydrolase isoform PHA precursor,E3_2_1_118,,vv10460Cyanoamino_acid_metabolism,
149,VIT_04s0008g01810,1046,0.5046,Myb domain protein 4,MYB4_9,MYBPA8,vv60044MYB,
150,VIT_03s0038g03620,1045,0.5029,Rho guanyl-nucleotide exchange factor ROPGEF1,ROPGEF1,,,
151,VIT_09s0002g03050,1029,0.4995,Lipase GDSL,,,,
152,VIT_18s0072g00580<br>VIT_11s0065g00040,1032,0.4990,
153,VIT_07s0031g01680,1022,0.4976,CYP86A1,,,,
154,VIT_05s0051g00230,1019,0.4935,R protein L6,K13477,,vv34627R_proteins_from_Plant-pathogen_interaction,
155,VIT_06s0009g01420,1027,0.4928,Protease inhibitor/seed storage/lipid transfer protein (LTP),,,,
156,VIT_00s0218g00220,1002,0.4850,UDP-glucoronosyl/UDP-glucosyl transferase,,,,
157,VIT_05s0020g04540,990,0.4794,Beta-ketoacyl-CoA synthase,E2_3_1_41,,vv10061Fatty_acid_biosynthesis,
158,VIT_11s0016g03820,973,0.4728,Signal peptidase I,K03100,,vv23060Protein_export,vv50132Primary_active_transporter_cat_A5_to_A8
159,VIT_04s0008g02520,983,0.4719,ATP binding protein,,,,
160,VIT_17s0000g06280,975,0.4717,Geranylgeranyl reductase,CHLP,,vv10100Biosynthesis_of_steroids,
161,VIT_17s0000g03750,970,0.4706,Chitin elicitor-binding CEBIP LysM domain-containing,K13473,,vv34626Plant-pathogen_interaction,
162,VIT_18s0041g00100,963,0.4661,Unknown protein,,,,
163,VIT_11s0016g00290,953,0.4626,Pectinesterase PME3,E3_1_1_11,,vv40006Cell_wall,
164,VIT_15s0046g03240,952,0.4575,Unknown protein,,,,
165,VIT_04s0008g02250,945,0.4567,Beta-ketoacyl-CoA synthase,E2_3_1_41,,vv10061Fatty_acid_biosynthesis,
166,VIT_15s0024g00780,940,0.4543,No hit,,,,
167,VIT_00s0225g00090,931,0.4487,Copper amine oxidase,E1_4_3_4,,vv10220Urea_cycle_and_metabolism_of_amino_groups,vv10340Histidine_metabolism
168,VIT_15s0024g01260,925,0.4475,DJ-1 protein / protease,,,,
169,VIT_12s0059g00190,924,0.4466,Beta-expansin (EXPB3),EXPB3,,vv30003Auxin_signaling,
170,VIT_05s0049g01400,924,0.4462,Alcohol oxidase,E1_1_3_13,,vv10680Methane_metabolism,
171,VIT_18s0001g14790,923,0.4452,Lipase 3 (EXL3) family II extracellular,,,,
172,VIT_14s0219g00280,922,0.4439,Glycerol-3-phosphate dehydrogenase (NAD+),E1_1_1_8,,vv10564Glycerophospholipid_metabolism,
173,VIT_00s0225g00070,911,0.4409,MATE efflux family protein,MATE,,vv50125Porters_cat_66_to_94,
174,VIT_09s0002g02220,891,0.4325,Protein kinase CDG1,,,,
175,VIT_06s0004g03180,892,0.4303,Zinc finger (FYVE type),SIZ1_1,,vv30009Flower_development,vv60048PHD
176,VIT_08s0007g06220,878,0.4252,No hit,,,,
177,VIT_10s0071g00860,880,0.4241,Disease resistance protein,,,,
178,VIT_10s0003g00330,868,0.4205,HSL1 (HAESA-like 1),,,,
179,VIT_00s0532g00030,869,0.4188,Thioredoxin H,,,,
180,VIT_15s0021g02300,859,0.4156,Squamosa promoter-binding protein 8 (SPL8),SPL8,,vv60055SBP,
181,VIT_13s0067g02910,860,0.4147,Non-specific lipid-transfer protein,,,,
182,VIT_04s0023g02840,855,0.4144,Leucine-rich repeat disease resistance protein,,,,
183,VIT_12s0057g01030,855,0.4134,Glucose-6-phosphate 1-dehydrogenase 2  chloroplast precursor,E1_1_1_49,,vv10030Pentose_phosphate,vv10480Glutathione_metabolism
184,VIT_15s0048g01050,851,0.4131,Unknown,,,,
185,VIT_14s0068g00400,838,0.4066,Hydrolase  alpha/beta fold family,,,,
186,VIT_00s0225g00100,842,0.4066,Armadillo,,,,
187,VIT_13s0067g03890,833,0.4028,Beta-ketoacyl-CoA synthase,E2_3_1_41,,vv10061Fatty_acid_biosynthesis,
188,VIT_01s0010g01870,830,0.4025,Salicylic acid-induced fragment 1 protein,,,,
189,VIT_11s0016g00330,826,0.4000,Pectinesterase family,E3_1_1_11,,vv40006Cell_wall,
190,VIT_01s0026g02530,815,0.3964,Beta-1 3-galactosyltransferase,K07819,,vv10602Glycosphingolipid_biosynthesis,
191,VIT_06s0009g01460,808,0.3917,Homoserine dehydrogenase,E1_1_1_3,,vv10260Glycine_serine_and_threonine_metabolism,vv10300Lysine_biosynthesis
192,VIT_03s0017g00710,808,0.3909,flavonol synthase,E1_14_11_23,,vv10941Flavonoid_biosynthesis,
193,VIT_05s0020g03330,805,0.3906,Heat shock protein 70,K03283,,vv23040Spliceosome,vv24141Protein_processing_in_endoplasmic_reticulum
194,VIT_01s0150g00020,807,0.3899,Receptor protein kinase,,,,
195,VIT_15s0021g01280,805,0.3878,Cyclin-U4-1 (CycU4;1) CYCP4;1,CYCP4_1,,vv44110Cell_cycle,
196,VIT_11s0118g00180,802,0.3874,HHP1 (heptahelical protein 1),,,,
197,VIT_03s0088g01150,799,0.3856,Squalene monooxygenase,E1_14_99_7,,vv10100Biosynthesis_of_steroids,vv10900Terpenoid_biosynthesis
198,VIT_18s0001g01250,794,0.3841,Senescence-inducible chloroplast stay-green protein 2,,,,
199,VIT_13s0019g04750,786,0.3812,Kinesin morphogenesis of root hair 2 (MRH2),MRH2,,vv44810Regulation_of_actin_cytoskeleton,
200,VIT_11s0016g01310,778,0.3758,TT2 (transparent testa 2),TT2_5,MYBPA4,vv44110Cell_cycle,vv60044MYB
201,VIT_05s0077g00530,763,0.3698,Unknown protein,,,,
202,VIT_14s0066g00400,763,0.3684,Chalcone isomerase,E5_5_1_6,,vv10941Flavonoid_biosynthesis,
203,VIT_14s0068g02010,761,0.3673,IMP dehydrogenase/GMP reductase,E1_1_1_205,,vv10230Purine_metabolism,
204,VIT_00s0475g00020,756,0.3670,Zinc finger (C3HC4-type ring finger),,,,
205,VIT_11s0065g00360,757,0.3650,Acetyl-CoA carboxylase  biotin carboxylase subunit (CAC2),E6_4_1_2,,vv10061Fatty_acid_biosynthesis,vv10620Pyruvate_metabolism
206,VIT_12s0057g01450,757,0.3639,Subtilisin protease,,,,
207,VIT_00s1314g00010,750,0.3635,Basic helix-loop-helix (bHLH) family,BHLHDOM_89,,vv60011BHLH,
208,VIT_05s0049g01450,749,0.3620,No hit,,,,
209,VIT_05s0062g00920,749,0.3603,No hit,,,,
210,VIT_03s0017g00830,739,0.3575,2OG-Fe(II) oxygenase,,,,
211,VIT_16s0098g01560,735,0.3534,Glucan endo-1 3-beta-D-glucosidase,E3_2_1_39,,vv10500Starch_and_sucrose_metabolism,
212,VIT_18s0001g10350,723,0.3513,Subtilase family protein,ARA12,,vv50101Channels_and_pores,
213,VIT_15s0046g00500,721,0.3512,Wax synthase,E2_3_1_75,,vv11000Single_reactions,
214,VIT_11s0016g02050,721,0.3485,Nucleosome assembly protein (NAP1),,,,
215,VIT_05s0051g00330,715,0.3436,F-box domain containing protein,,,,
216,VIT_12s0055g00730,705,0.3404,ATATH2 (ABC2 homolog 2),ATH2,,vv52010ABC_transporters,
217,VIT_03s0088g00260,704,0.3401,Serine carboxypeptidase S10,,,,
218,VIT_10s0116g00410,703,0.3399,Gibberellin 2-beta-dioxygenase 7,E1_14_11_13,,vv10904Diterpenoid_biosynthesis,
219,VIT_10s0071g00270,704,0.3380,Abscisic acid-insensitive protein 3 (ABI3),ABI3_1,,vv30001ABA_signaling,vv30003Auxin_signaling
220,VIT_18s0001g05480,699,0.3378,Unknown protein,,,,
221,VIT_00s0532g00050,700,0.3377,Basic helix-loop-helix ILR3,ILR3_4,,vv11002Auxin_biosynthesis,vv60011BHLH
222,VIT_03s0038g01410,699,0.3375,Aquaporin PIP PIP1A,PIP1A,,vv50101Channels_and_pores,
223,VIT_17s0000g01000,699,0.3353,Amino acid-binding ACT,,,,
224,VIT_08s0007g01750,690,0.3345,Acetyl co-enzyme A carboxylase carboxyltransferase alpha subunit,E6_4_1_2,,vv10061Fatty_acid_biosynthesis,vv10620Pyruvate_metabolism
225,VIT_13s0019g03310,684,0.3314,Transposon protein,,,,
226,VIT_18s0001g12680,685,0.3312,Unknown protein,,,,
227,VIT_14s0060g02330,680,0.3295,Actin binding formin homology 1,FH2,,vv44810Regulation_of_actin_cytoskeleton,
228,VIT_13s0019g02810,670,0.3246,Glucuronosyl transferase,E2_4_1_17,,vv10040Pentose_glucuronate_interconversion,vv10500Starch_and_sucrose_metabolism
229,VIT_18s0001g02720,647,0.3148,fatty acid elongation1 (FAE1),,,,
230,VIT_06s0004g06890,655,0.3148,Potassium transporter (KUP1),KUP1,,vv50125Porters_cat_66_to_94,
231,VIT_07s0151g00080,649,0.3135,Ankyrin,K10380,,vv50108Accessory_factors_involved_in_transport,
232,VIT_02s0033g01210,645,0.3110,Cyclops,,,,
233,VIT_18s0001g15220,644,0.3108,Unknown protein,,,,
234,VIT_05s0029g00480,627,0.3045,Eceriferum 2 (CER2),,,,
235,VIT_01s0127g00710,629,0.3045,Mov34 STAM-binding protein,K11866,,vv50111Tethering_factors,
236,VIT_14s0030g00960,627,0.3029,R protein MLA10,K13475,,vv34627R_proteins_from_Plant-pathogen_interaction,
237,VIT_00s0340g00040,618,0.2981,Beta-hexosaminidase beta chain precursor,E3_2_1_52,,vv10511N-Glycan_degradation,vv10530Aminosugars_metabolism
238,VIT_17s0000g06460,605,0.2938,Zinc finger (C3HC4-type ring finger),ZFC3HC4_177,,vv60078Other_zf-C3HC4,
239,VIT_06s0004g01460<br>VIT_06s0004g01450,609,0.2936,
240,VIT_02s0025g05170,607,0.2931,Unknown protein,,,,
241,VIT_13s0019g03390,597,0.2891,Unknown protein,,,,
242,VIT_10s0003g01940,599,0.2891,RKF1 (receptor-like kinase in flowers 1),,,,
243,VIT_17s0000g02460,599,0.2877,Wuschel related homeobox 1,WOX1_2,VvHB57,vv60034HB,
244,VIT_15s0021g00730,586,0.2868,No hit,,,,
245,VIT_18s0001g15230,596,0.2863,Unknown,,,,
246,VIT_06s0061g00240,589,0.2858,ABC transporter G member 7,ABCG7,,vv52010ABC_transporters,
247,VIT_06s0004g07920,591,0.2851,WNK5 (Arabidopsis WNK kinase 5),,,,
248,VIT_00s0179g00340,585,0.2827,Histone H2A variant 1 HTA11,H2AV1,,,
249,VIT_06s0009g00580,579,0.2807,Receptor protein kinase,,,,
250,VIT_18s0001g14390,570,0.2764,Transducin protein,,,,
251,VIT_07s0005g06520,568,0.2748,No hit,,,,
252,VIT_14s0006g02690,571,0.2745,Delta 7-sterol-C5-desaturase (STE1),K00258,,vv10902Monoterpenoid_biosynthesis,
253,VIT_05s0020g04850,568,0.2743,H1flk,,,,
254,VIT_19s0014g02670,564,0.2735,Protein kinase CRK1 CRK1 protein(Cdc2-related kinase 1),,,,
255,VIT_14s0060g00900,569,0.2725,Unknown protein,,,,
256,VIT_18s0001g07000,564,0.2719,Pentatricopeptide (PPR) repeat-containing protein,,,,
257,VIT_15s0048g02000,560,0.2709,Homeodomain GLABROUS1,HDG1_1,VvHB53,vv60034HB,
258,VIT_02s0087g00200,558,0.2684,Aspartic proteinase nepenthesin-1 precursor,E3_4_23_12,,,
259,VIT_04s0008g03320,555,0.2675,UVB-resistance protein,,,,
260,VIT_06s0009g00480,550,0.2660,Aluminium-tolerance ALMT1,ALMT1,,vv50125Porters_cat_66_to_94,
261,VIT_11s0016g00580,546,0.2631,Unknown,,,,
262,VIT_08s0040g02820,531,0.2580,Unknown protein,,,,
263,VIT_15s0048g01160,532,0.2570,Phospholipase D beta 1,PLDB1,,vv10564Glycerophospholipid_metabolism,vv10565Ether_lipid_metabolism
264,VIT_14s0108g00150,528,0.2549,Calmodulin-binding region IQD28,IQD28,,,
265,VIT_00s1356g00010,521,0.2519,Zinc finger (C2H2 type) family,C2H2FAM_15,,vv60017C2H2,
266,VIT_04s0069g01120,520,0.2516,Acyl-activating enzyme 7,E6_2_1_3,,vv10071Fatty_acid_metabolism,vv50104Group_translocators
267,VIT_01s0011g04430,517,0.2499,MATE efflux family protein,MATE,,vv50125Porters_cat_66_to_94,
268,VIT_02s0087g00420,511,0.2457,Zinc finger (C3HC4-type ring finger),ZFC3HC4_14,,vv60078Other_zf-C3HC4,
269,VIT_08s0007g06460,506,0.2446,Laccase (diphenol oxidase)-like protein,E1_10_3_2,,vv11000Single_reactions,vv50109Incompletely_characterized_transport_systems
270,VIT_12s0134g00670,502,0.2439,Anthocyanin 5-aromatic acyltransferase,E2_3_1_153,,vv10941Flavonoid_biosynthesis,vv10942Anthocyanin_biosynthesis
271,VIT_11s0149g00130,494,0.2392,Mini-chromosome maintenance protein MCM5,K02209,,vv23030DNA_replication,vv44110Cell_cycle
272,VIT_15s0046g01770,490,0.2387,D-erythro-sphingosine kinase,E2_7_1_107,,vv10561Glycerolipid_metabolism,vv10564Glycerophospholipid_metabolism
273,VIT_18s0001g09980,489,0.2361,Unknown protein,,,,
274,VIT_17s0000g08660,491,0.2361,Anthranilate phosphoribosyltransferase  chloroplast precursor,E2_4_2_18,,vv10400Phenylalanine_tyrosine_and_tryptophan_biosynthesis,
275,VIT_04s0008g06790,487,0.2350,Biopterin transport protein BT1,BIOPTERIN,,vv50125Porters_cat_66_to_94,
276,VIT_07s0104g01410,485,0.2344,OTU cysteine protease,,,,
277,VIT_01s0026g01140,486,0.2339,ZCW32 (BIGPETAL  BIGPETALUB),ZCW32_2,,vv60011BHLH,
278,VIT_05s0020g01980,478,0.2316,Acyl carrier protein  mitochondrial 3,K02078,,vv50134Primary_active_transporter_cat_D1,
279,VIT_10s0116g00680,472,0.2288,PDF2 (protodermal factor2),PDF2_2,VvHB35,vv60034HB,
280,VIT_01s0010g00720,470,0.2265,Unknown,,,,
281,VIT_03s0038g03520,465,0.2247,Auxin-induced SAUR,SAUR,,vv30003Auxin_signaling,
282,VIT_03s0110g00100,463,0.2231,CYP86A8,,,,
283,VIT_15s0046g00850<br>VIT_19s0138g00070<br>VIT_05s0062g01300,454,0.2210,
284,VIT_01s0011g03990,456,0.2201,Receptor serine/threonine kinase PR5K-l,,,,
285,VIT_02s0025g04360,457,0.2191,S-N-methylcoclaurine 3'-hydroxylase,E1_14_13_71,,vv10950Alkaloid_biosynthesis_I,
286,VIT_13s0073g00140,444,0.2145,Ovate family protein 13 OFP13,OFP13_2,,vv60086OFP,
287,VIT_15s0024g00770,441,0.2132,No hit,,,,
288,VIT_13s0047g00200,432,0.2098,Subtilisin,SBT5_2,,,
289,VIT_18s0001g05380,433,0.2096,TTL1 (tetratricopetide-repeat thioredoxin-like 1),,,,
290,VIT_10s0003g01860,433,0.2093,RKF1 (receptor-like kinase in flowers 1),,,,
291,VIT_01s0010g02610,434,0.2089,Unknown protein,,,,
292,VIT_05s0051g00190,430,0.2072,TIR-NBS-LRR-TIR disease resistance protein,,,,
293,VIT_06s0004g06520,424,0.2053,Ammonium transporter 1  member 1 (AMT1.1),AMT1_1,,vv50101Channels_and_pores,
294,VIT_19s0090g00730,422,0.2047,No hit,,,,
295,VIT_05s0020g01820,420,0.2026,Integral membrane family protein UPF0497,,,,
296,VIT_04s0023g01170,422,0.2023,Unknown protein,,,,
297,VIT_12s0028g00210,419,0.2012,Prenylcysteine alpha-carboxyl methyltransferase,E2_1_1_100,,vv10271Methionine_metabolism,
298,VIT_10s0003g03750,416,0.2009,9-cis-epoxycarotenoid dioxygenase 2,E1_13_11_51,,vv10906Carotenoid_biosynthesis,vv11013ABA_biosynthesis
299,VIT_18s0001g10050,409,0.1978,LRX1 (leucine-rich repeat/extensin 1),EXTENSIN,,vv40006Cell_wall,
300,VIT_13s0047g00510,408,0.1973,DNA gyrase subunit A,K02469,,,
301,VIT_06s0004g03310,406,0.1967,Hydrolase  alpha/beta fold,,,,
302,VIT_13s0084g00800,407,0.1965,Transcription factor,TRIHELIXDOM_7,,vv60062Trihelix,
303,VIT_00s2776g00010,407,0.1963,S-locus lectin protein kinase,,,,
304,VIT_19s0015g00300,406,0.1960,KCO1 (two pore K channel),K05389_KCO1,,vv50101Channels_and_pores,
305,VIT_09s0002g08590,404,0.1957,Pentatricopeptide (PPR) repeat-containing protein,,,,
306,VIT_19s0015g02880,398,0.1926,Glutathione S-transferase 20 GSTU20,E2_5_1_18_GSTU20,,vv10480Glutathione_metabolism,
307,VIT_05s0062g01140,393,0.1909,Aromatic and neutral transporter 1,ANT1,,vv50123Porters_cat_18_to_29,
308,VIT_16s0013g00700,388,0.1873,Multidrug resistance-associated protein 3,MRP3,,vv52010ABC_transporters,
309,VIT_00s0231g00050,382,0.1853,ATP binding protein,,,,
310,VIT_19s0014g03510,379,0.1850,ARF GTPase activator  ARF-GAP Domain 5,AGD5,,vv50110Protein_coat,
311,VIT_06s0004g05940,375,0.1823,Uncoupling protein 1,PUMP1,,vv50123Porters_cat_18_to_29,
312,VIT_00s0245g00050,372,0.1807,Oleoyl-acyl carrier protein thioesterase  chloroplast precursor,E3_1_2_14,,vv10061Fatty_acid_biosynthesis,
313,VIT_10s0003g02500,373,0.1797,Malate dehydrogenase  cytoplasmic 1,E1_1_1_37,,vv10020Citrate_cycle,vv10620Pyruvate_metabolism
314,VIT_11s0118g00810,363,0.1763,Peptidyl-prolyl cis-trans isomerase,K01802,,,
315,VIT_14s0068g00930,364,0.1753,Chalcone synthase,E2_3_1_74,,vv10941Flavonoid_biosynthesis,
316,VIT_18s0001g14810,359,0.1733,Lipase 3 (EXL3) family II extracellular,,,,
317,VIT_02s0087g00400,355,0.1720,Pectinacetylesterase,PAE,,vv40006Cell_wall,
318,VIT_04s0023g02810,353,0.1716,Aldehyde dehydrogenase 3B1,E1_2_1_3,vv10561Glycerolipid_metabolism,vv10010Glycolysis,vv10071Fatty_acid_metabolism
319,VIT_06s0004g03490,352,0.1708,Nuclear transcription factor Y subunit B related,NFYBREL_5,,vv60021CCAAT,
320,VIT_17s0000g08420,349,0.1688,Unknown protein,,,,
321,VIT_12s0034g01030,348,0.1674,R protein MLA10,K13475,,vv34627R_proteins_from_Plant-pathogen_interaction,
322,VIT_18s0122g01280,347,0.1669,Niemann-Pick C1 protein precursor,NPC1,,vv50121Porters_cat_1_to_6,
323,VIT_06s0080g00750,342,0.1650,Unknown protein,,,,
324,VIT_01s0011g02800,338,0.1630,RIC7 (ROP-interactive crib motif-containing protein 7),,,,
325,VIT_18s0001g10060,336,0.1622,LRX1 (leucine-rich repeat/extensin 1),EXTENSIN,,vv40006Cell_wall,
326,VIT_05s0062g00930<br>VIT_13s0084g00500<br>VIT_18s0089g00810<br>VIT_18s0072g00010,334,0.1614,
327,VIT_14s0068g00260,330,0.1608,Serine carboxypeptidase S10,,,,
328,VIT_19s0014g04490,322,0.1571,S-locus protein kinase,,,,
329,VIT_08s0058g01230,322,0.1571,Non-specific lipid-transfer protein,,,,
330,VIT_07s0005g01180,324,0.1568,Unknown protein,,,,
331,VIT_02s0012g01680,324,0.1564,Trehalose phosphatase 5,E3_1_3_12,,vv10500Starch_and_sucrose_metabolism,
332,VIT_08s0007g00700,317,0.1537,PCS1 (promotion of cell survival1) peptidase,,,,
333,VIT_05s0124g00410,315,0.1531,UBX domain-containing protein,,,,
334,VIT_05s0049g00310,315,0.1518,E8 protein,E8,,vv30008Ethylene_signaling,
335,VIT_18s0075g00700,311,0.1512,Laccase,E1_10_3_2,,vv11000Single_reactions,vv50109Incompletely_characterized_transport_systems
336,VIT_00s2197g00010,312,0.1500,Gibberellin 20-oxidase,E1_14_11_12,,vv10904Diterpenoid_biosynthesis,
337,VIT_18s0157g00140,309,0.1493,Alliin lyase,E4_4_1_4,,vv10272Cysteine_metabolism,
338,VIT_02s0012g00660,306,0.1466,Calcium-binding EF-hand,,,,
339,VIT_03s0038g03010,303,0.1464,Unknown,,,,
340,VIT_06s0004g02190,299,0.1447,Armadillo/beta-catenin repeat,,,,
341,VIT_00s0181g00200<br>VIT_00s0181g00180,299,0.1441,
342,VIT_05s0124g00100,298,0.1440,Unknown,,,,
343,VIT_05s0124g00580,298,0.1439,Unknown protein,,,,
344,VIT_00s0183g00050,298,0.1436,No hit,,,,
345,VIT_14s0066g00300,296,0.1423,Unknown,,,,
346,VIT_02s0012g01940,291,0.1413,Myb KAN2 (KANADI 2),KANADI2_1,,vv60029G2-like,
347,VIT_07s0031g00470,283,0.1366,DNA polymerase alpha,K02320,,vv23030DNA_replication,
348,VIT_15s0048g02510,282,0.1364,Basic helix-loop-helix (bHLH) family,BHLHDOM_35,,vv60011BHLH,
349,VIT_02s0012g00580,279,0.1356,Ankyrin protein kinase,,,,
350,VIT_00s0413g00010,276,0.1335,Laccase (diphenol oxidase) family protein,E1_10_3_2,,vv11000Single_reactions,vv50109Incompletely_characterized_transport_systems
351,VIT_14s0066g02120,275,0.1333,Photosystem I P700 apoprotein A1 [Vitis vinifera],K02689,,vv10195Photosynthesis,vv50105Transport_electron_carriers
352,VIT_16s0022g00900,275,0.1330,No hit,,,,
353,VIT_13s0067g02880,275,0.1327,Zinc finger (C3HC4-type ring finger),ZFC3HC4_197,,vv60078Other_zf-C3HC4,
354,VIT_04s0023g03360,271,0.1309,Unknown protein,,,,
355,VIT_12s0028g02400,269,0.1304,Leaf senescence protein,,,,
356,VIT_15s0048g03000,268,0.1297,GTPase RABA3,K07976,,,
357,VIT_18s0041g00270,268,0.1295,R protein  PRF  disease resistance protein,K13453,,vv34627R_proteins_from_Plant-pathogen_interaction,
358,VIT_15s0046g00510,267,0.1288,Wax synthase,E2_3_1_75,,vv11000Single_reactions,
359,VIT_18s0122g00320,265,0.1281,PLATZ transcription factor,PLATZFAM_5,,vv60049PLATZ,
360,VIT_08s0007g05400,262,0.1265,Unknown protein,,,,
361,VIT_13s0067g03050,259,0.1249,Leucine-rich repeat transmembrane protein kinase,,,,
362,VIT_02s0012g01670,259,0.1244,R-mandelonitrile lyase isoform 1 precursor,E4_1_2_10,,vv10460Cyanoamino_acid_metabolism,
363,VIT_04s0008g01290,257,0.1240,CGA1 (cytokinin-responsive GATA factor 1),CGA1,,vv30007Cytokinin_signaling,vv60016C2C2-GATA
364,VIT_10s0092g00150,255,0.1235,Patatin protein 3,,,,
365,VIT_00s0245g00030,255,0.1231,Integral membrane family protein,,,,
366,VIT_08s0007g00530,254,0.1228,3-beta hydroxysteroid dehydrogenase/isomerase protein,E1_1_1_145,,vv10140C21-Steroid_hormone_metabolism,
367,VIT_01s0127g00260,250,0.1214,ATP-citrate synthase,E4_1_3_6,,vv10020Citrate_cycle,
368,VIT_13s0064g01090,245,0.1181,Zinc finger (CCCH-type) family protein,CCCHFAM_34,,vv60018C3H,
369,VIT_04s0044g00640,243,0.1172,S-receptor kinase,,,,
370,VIT_06s0009g02640,241,0.1159,Hydroxymethylglutaryl-CoA lyase,E4_1_3_4,,vv10072Synthesis_and_degradation_of_ketone_bodies,vv10280Valine_leucine_and_isoleucine_degradation
371,VIT_11s0052g00890,241,0.1156,Unknown protein,,,,
372,VIT_08s0058g01270,237,0.1147,Zinc finger (C3HC4-type ring finger),ZFC3HC4_94,,vv60078Other_zf-C3HC4,
373,VIT_00s0245g00010,233,0.1123,Integral membrane protein,,,,
374,VIT_00s0838g00010,230,0.1107,Transcriptional corepressor LEUNIG,LEUNIG_1,,vv30009Flower_development,vv60041LUG
375,VIT_10s0003g01010,227,0.1095,Lipase GDSL,,,,
376,VIT_00s0762g00010,225,0.1087,S-locus lectin protein kinase family,,,,
377,VIT_01s0026g01630,224,0.1086,Unknown protein,,,,
378,VIT_06s0004g00260,222,0.1080,Shoot1 protein,,,,
379,VIT_13s0156g00540,220,0.1062,Disease resistance protein (CC-NBS-LRR class),,,,
380,VIT_18s0001g14800,218,0.1059,Lipase 3 (EXL3) family II extracellular,,,,
381,VIT_18s0001g11710,217,0.1049,Photosystem II PsbO protein,K02716,,vv10195Photosynthesis,vv50113Thylakoid_targeting_pathway
382,VIT_01s0137g00410,216,0.1045,CYP86A2,,,,
383,VIT_15s0048g02680,215,0.1043,Calmodulin-binding region IQD17,,,,
384,VIT_01s0137g00180,213,0.1030,B-keto acyl reductase,,,,
385,VIT_07s0104g00800,212,0.1029,Indole-3-acetic acid-amido synthetase GH3.6,AUXINBIOSYNTHESIS_GH3,,vv11002Auxin_biosynthesis,
386,VIT_19s0014g05000,211,0.1016,Zinc finger (C2H2 type) family,C2H2FAM_16,,vv60017C2H2,
387,VIT_03s0038g02180,210,0.1014,Glycosyl hydrolase family 10 protein,,,,
388,VIT_05s0102g00130,210,0.1012,Unknown protein,,,,
389,VIT_12s0028g02370,210,0.1009,Methyltransferase type 11,,,,
390,VIT_05s0102g00270,209,0.1007,Cyclin-related,CYCREL,,vv44110Cell_cycle,
391,VIT_04s0008g05500,207,0.1003,S-receptor kinase,,,,
392,VIT_18s0041g01140,207,0.1000,Lectin protein kinase,,,,
393,VIT_10s0116g01640,206,0.0997,Glucan endo-1 3-beta-glucosidase 3 precursor,E3_2_1_39,,vv10500Starch_and_sucrose_metabolism,
394,VIT_04s0008g00860,207,0.0996,Ndr family protein,,,,
395,VIT_07s0104g01640,206,0.0995,Nuclear transcription factor Y subunit B-5,NFYB5_2,,vv60021CCAAT,
396,VIT_00s0220g00180,204,0.0994,Glycosyl hydrolase family 20 protein,,,,
397,VIT_19s0014g04600,205,0.0988,S-locus protein kinase,,,,
398,VIT_00s0384g00020,202,0.0974,Basic helix-loop-helix (bHLH) family,BHLHDOM_93,,vv60011BHLH,
399,VIT_02s0033g01020,199,0.0960,Anthraniloyal-CoA: methanol anthraniloyal transferase,AMAT,,vv10400Phenylalanine_tyrosine_and_tryptophan_biosynthesis,
400,VIT_05s0077g01450,198,0.0956,GATA transcription factor 16,GAT16_1,,vv60016C2C2-GATA,
401,VIT_13s0019g05070,193,0.0931,Nodulin family protein,,,,
402,VIT_05s0020g03130,192,0.0928,Plastocyanin domain-containing protein,K02638,,vv10195Photosynthesis,vv50113Thylakoid_targeting_pathway
403,VIT_15s0048g00940,189,0.0916,ATP-dependent DNA helicase 2 subunit 2,K10885,,vv23450Non_homologous_end_joining,
404,VIT_19s0015g01230,189,0.0913,Unknown protein,,,,
405,VIT_17s0000g06650,189,0.0913,IBS1 (impaired in baba-induced sterility 1),,,,
406,VIT_05s0020g00740,188,0.0907,Phosphate translocator,PTLREL,,vv50122Porters_cat_7_to_17,
407,VIT_07s0205g00180,187,0.0904,Basic helix-loop-helix (bHLH) family,BHLHDOM_30,,vv60011BHLH,
408,VIT_11s0016g05340,186,0.0900,Ethylene-responsive transcription factor SHINE 3,SHINE3_2,VvERF043,vv30008Ethylene_signaling,vv60003AP2_EREBP
409,VIT_14s0006g01290,186,0.0896,Myb domain protein 113,MYB113_2,MYBA6,vv60044MYB,
410,VIT_00s0218g00100,184,0.0892,Metal transporter Nramp6,NRAMP6,,vv50124Porters_cat_30_to_64,
411,VIT_03s0017g01280,185,0.0888,ABC transporter G member 7,ABCG7,,vv52010ABC_transporters,
412,VIT_12s0028g02240,181,0.0883,Thioredoxin TTL3 (Tetratricopetide-repeat thioredoxin-like 3),TTL3,,vv50132Primary_active_transporter_cat_A5_to_A8,
413,VIT_19s0014g04050,182,0.0878,S-locus lectin protein kinase,,,,
414,VIT_15s0048g00550,179,0.0867,Abnormal floral organs,AFO_2,,vv60019C2C2-YABBY,
415,VIT_02s0025g01960,175,0.0849,No hit,,,,
416,VIT_12s0028g02130,175,0.0846,MAP3K delta-1 protein kinase,,,,
417,VIT_08s0007g03760,175,0.0841,Growth-regulating factor 4 AtGRF4,GRF4,,vv60033GRF,
418,VIT_19s0015g00290,172,0.0828,No hit,,,,
419,VIT_15s0021g01840,168,0.0812,Cationic amino acid transporter 9,CAT9,,vv50121Porters_cat_1_to_6,
420,VIT_03s0088g00070,168,0.0812,No hit,,,,
421,VIT_06s0004g01510,167,0.0810,Lipoxygenase (LOX2),E1_13_11_12,,vv10592alpha-Linolenic_acid_metabolism,
422,VIT_08s0040g00040,167,0.0806,Ubiquitin-conjugating enzyme E2 D/E,K06689,,vv24120Ubiquitin_mediated_proteolysis,vv24141Protein_processing_in_endoplasmic_reticulum
423,VIT_08s0040g01520,166,0.0798,Indole-3-acetate beta-glucosyltransferase,E2_4_1_121,,vv11002Auxin_biosynthesis,
424,VIT_08s0007g01100,165,0.0794,Uracil phosphoribosyltransferase,E2_4_2_9,,vv10240Pyrimidine_metabolism,
425,VIT_01s0137g00290,164,0.0788,Oxysterol binding protein,,,,
426,VIT_12s0035g01040,160,0.0775,NSL1 (necrotic spotted lesions 1),,,,
427,VIT_03s0038g04210,158,0.0764,Phototropin-2,K08282,,vv50101Channels_and_pores,
428,VIT_12s0028g03480,159,0.0763,Wax synthase,E2_3_1_75,,vv11000Single_reactions,
429,VIT_04s0008g01800,157,0.0758,Myb domain protein 7,MYB7_3,MYBPA7,vv60044MYB,
430,VIT_00s0216g00070,157,0.0757,Unknown,,,,
431,VIT_00s0333g00050,152,0.0732,DIR1 (defective IN induced resistance 1),,,,
432,VIT_09s0018g01780,150,0.0731,ACT domain repeat 1 (ACR1) uridylyltransferase,,,,
433,VIT_06s0004g06140,151,0.0730,Ribosomal protein L4,K02926,,vv23010Ribosome,
434,VIT_06s0004g03110,150,0.0728,Unknown,,,,
435,VIT_17s0000g02010,149,0.0724,Atypical receptor kinase MARK,,,,
436,VIT_03s0017g00920,149,0.0722,R protein  PRF  disease resistance protein,K13453,,vv34627R_proteins_from_Plant-pathogen_interaction,
437,VIT_17s0000g00940,147,0.0713,F-box protein,,,,
438,VIT_03s0017g00550,145,0.0704,Beta-ureidopropionase,E3_5_1_6,,vv10240Pyrimidine_metabolism,vv10410Beta-alanine_metabolism
439,VIT_18s0001g05790,145,0.0698,Unknown protein,,,,
440,VIT_14s0128g00510<br>VIT_14s0128g00550,143,0.0692,
441,VIT_17s0053g00780,142,0.0690,Homeodomain GLABROUS11,HDG11_1,VvHB60,vv60034HB,
442,VIT_18s0001g12000,143,0.0688,Geranylgeranyl pyrophosphate synthetase 1  chloroplast precursor,E2_5_1_29,,vv10100Biosynthesis_of_steroids,vv10900Terpenoid_biosynthesis
443,VIT_04s0008g06330,142,0.0688,TPR1 (topless-related 1),TPR1,,vv30003Auxin_signaling,
444,VIT_05s0077g02300,142,0.0686,UDP-glucuronic acid decarboxylase 2,E4_1_1_35,,vv10500Starch_and_sucrose_metabolism,vv10520Nucleotide_sugars_metabolism
445,VIT_09s0054g01310,137,0.0661,Myosin-like protein XIK,MYOSINXIK,,vv44810Regulation_of_actin_cytoskeleton,
446,VIT_13s0047g00080,136,0.0661,ZIFL1 (Zinc induced facilitator 1),ZIFL1,,vv50121Porters_cat_1_to_6,
447,VIT_01s0026g00030,136,0.0655,Unknown protein,,,,
448,VIT_15s0046g02380,135,0.0654,CYP86A8,,,,
449,VIT_11s0016g03410,135,0.0652,Unknown protein,,,,
450,VIT_19s0014g03650,134,0.0650,No hit,,,,
451,VIT_14s0066g02270,134,0.0650,Endonuclease/exonuclease/phosphatase family protein,E3_1_30_x,,,
452,VIT_18s0001g15050,135,0.0649,Protein phosphatase 2C,E3_1_3_16,,,
453,VIT_15s0021g00530,134,0.0645,Unknown protein,,,,
454,VIT_19s0090g00660,133,0.0644,Lipase GDSL,,,,
455,VIT_08s0007g08680,133,0.0640,Unknown protein,,,,
456,VIT_13s0019g00420,133,0.0639,F-box family protein,,,,
457,VIT_17s0000g08990,133,0.0638,Alliinase,E4_4_1_4,,vv10272Cysteine_metabolism,
458,VIT_07s0005g00860,131,0.0637,U3 snoRNP-associated helicase Ecm16,ECM16,,,
459,VIT_05s0020g00180,131,0.0632,No hit,,,,
460,VIT_08s0056g00800,130,0.0630,Myb domain protein 60,MYB60,MYB60,vv60044MYB,
461,VIT_18s0001g09520,130,0.0625,CYP81B2v2,,,,
462,VIT_17s0000g00280,129,0.0624,Magnesium-protoporphyrin O-methyltransferase,E2_1_1_11,,vv10860Porphyrin_and_chlorophyll_metabolism,
463,VIT_11s0016g01240,126,0.0613,DENN (AEX-3) domain-containing protein,,,,
464,VIT_03s0038g00360,127,0.0612,Isochorismatase hydrolase,E3_3_2_1,,vv10130Ubiquinone_biosynthesis,
465,VIT_13s0019g02210,126,0.0608,Sterol 4-alpha-methyl-oxidase 1 (SMO1),E1_14_13_72,,vv10100Biosynthesis_of_steroids,
466,VIT_14s0068g02230,126,0.0608,No hit,,,,
467,VIT_10s0116g01870,126,0.0608,MATE efflux family protein,MATE,,vv50125Porters_cat_66_to_94,
468,VIT_14s0060g01940,126,0.0604,Epoxide hydrolase,E3_3_2_10,,,
469,VIT_16s0050g00100,126,0.0604,Myosin-related,MYOSINR,,vv44810Regulation_of_actin_cytoskeleton,
470,VIT_09s0002g08100,123,0.0598,Calcineurin,E3_1_3_16,,,
471,VIT_08s0058g00540,123,0.0594,IMK2 (inflorescence meristem receptor-like kinase 2),,,,
472,VIT_14s0006g00800,121,0.0586,Tubulin alpha-2 chain,K07374,,vv44145Phagosome,vv44810Regulation_of_actin_cytoskeleton
473,VIT_09s0002g05930,119,0.0576,Unknown protein,,,,
474,VIT_12s0035g01480,118,0.0575,No hit,,,,
475,VIT_08s0040g02640,117,0.0566,Serine/threonine-protein kinase AFC1,K08287,,,
476,VIT_10s0003g00560,117,0.0564,Wuschel homeobox 9,WOX9,VvHB37,vv60034HB,
477,VIT_09s0002g03620,116,0.0562,NADP-dependent malic enzyme,E1_1_1_39,,vv10620Pyruvate_metabolism,vv10710Carbon_fixation
478,VIT_17s0000g01260,116,0.0558,Squamosa promoter-binding protein 13 (SPL13),SPL13_1,,vv60055SBP,
479,VIT_00s0266g00020<br>VIT_00s0372g00020<br>VIT_00s0271g00010<br>VIT_00s0385g00020<br>VIT_00s0522g00020<br>VIT_00s0372g00060<br>VIT_00s0372g00030<br>VIT_00s0385g00010,114,0.0551,
480,VIT_18s0001g05950,113,0.0548,Cis-zeatin O-beta-D-glucosyltransferase,E2_4_1_215,,vv10908Zeatin_biosynthesis,
481,VIT_10s0003g02170<br>VIT_10s0003g02220,112,0.0542,
482,VIT_19s0014g04510,111,0.0534,S-locus protein kinase,,,,
483,VIT_08s0040g01040,110,0.0533,Serine carboxypeptidase II,,,,
484,VIT_11s0016g01160,110,0.0532,GCN5 N-acetyltransferase (GNAT),GCN5_3,,vv60082GNAT,
485,VIT_10s0003g01000,108,0.0526,Malate dehydrogenase,E1_1_1_37,,vv10020Citrate_cycle,vv10620Pyruvate_metabolism
486,VIT_14s0006g00570,108,0.0526,Unknown protein,,,,
487,VIT_01s0011g01760,108,0.0522,Lectin,,,,
488,VIT_07s0129g00990,107,0.0519,Protein kinase,,,,
489,VIT_12s0035g02210,105,0.0506,Unknown protein,,,,
490,VIT_00s0593g00010,104,0.0501,Pentatricopeptide (PPR) repeat-containing protein,,,,
491,VIT_05s0077g00450,103,0.0500,Ribosomal protein S1 30S,K02945,,vv23010Ribosome,
492,VIT_16s0050g00870,102,0.0493,Acyltransferase,E2_3_1_x,,,
493,VIT_02s0025g03920,101,0.0491,Carboxyl-terminal peptidase,,,,
494,VIT_11s0016g03250,101,0.0489,Lachrymatory factor synthase,,,,
495,VIT_17s0000g02230,101,0.0489,Jasmonate ZIM domain-containing protein 3,JAZ3_2,,vv30011Jasmonate_signaling,vv34626Plant-pathogen_interaction
496,VIT_03s0088g00280,100,0.0482,Ribosomal RNA small subunit methyltransferase E,K09761,,,
497,VIT_00s0640g00010,100,0.0482,Transcriptional corepressor LEUNIG,LEUNIG_2,,vv30009Flower_development,vv60041LUG
498,VIT_03s0038g00120,99,0.0480,Gibberellin-regulated protein 4 (GASA4),GASA4,,vv30010Gibberellin_signaling,
499,VIT_06s0004g06550,99,0.0478,DDB2 (damaged DNA-binding 2),K10140,,vv23420Nucleotide_excision_repair,vv24120Ubiquitin_mediated_proteolysis
500,VIT_18s0041g00420,97,0.0470,Patellin-5,,,,
501,VIT_03s0063g01890,96,0.0463,Ring-H2 finger protein ATL3G,,,,
502,VIT_07s0191g00090,95,0.0459,14-3-3 protein GF14 omega (GRF2),,,,
503,VIT_07s0129g01100,95,0.0459,Cyclin D,CYCD3_3,,vv44110Cell_cycle,
504,VIT_18s0001g08800,95,0.0457,Lecithine cholesterol acyltransferase-like protein,E2_3_1_43,,vv10564Glycerophospholipid_metabolism,
505,VIT_07s0151g00510,95,0.0456,GCN5 N-acetyltransferase (GNAT),GCN5_22,,vv60082GNAT,
506,VIT_14s0068g00150,94,0.0454,No hit,,,,
507,VIT_07s0031g01450,94,0.0451,Transcription termination factor mitochondrial mTERF,MTERF_18,,vv60085MTERF,
508,VIT_18s0001g09450,93,0.0448,Unknown protein,,,,
509,VIT_19s0014g03790,92,0.0447,Diacylglycerol kinase,E2_7_1_107,,vv10561Glycerolipid_metabolism,vv10564Glycerophospholipid_metabolism
510,VIT_06s0080g00040,91,0.0442,ABC transporter G member 22,ABCG22,,vv52010ABC_transporters,
511,VIT_09s0054g01220,91,0.0441,Cycloartenol synthase,E5_4_99_8,,vv10100Biosynthesis_of_steroids,
512,VIT_07s0151g00010,91,0.0437,No hit,,,,
513,VIT_01s0137g00170,90,0.0436,B-keto acyl reductase,,,,
514,VIT_07s0104g01270,86,0.0417,Kinase interacting family protein,,,,
515,VIT_00s0532g00070,86,0.0416,CRK10 (cysteine-rich RLK10); kinase,,,,
516,VIT_17s0000g03770,85,0.0411,No hit,,,,
517,VIT_11s0037g00320,84,0.0409,Serine carboxypeptidase S10,,,,
518,VIT_00s0225g00080,84,0.0406,MATE efflux family protein,MATE,,vv50125Porters_cat_66_to_94,
519,VIT_04s0044g00190,83,0.0403,Mannitol dehydrogenase,E1_1_1_67,,vv10051Fructose_and_mannose_metabolism,
520,VIT_09s0002g05700,83,0.0401,Phototropic-responsive NPH3,,,,
521,VIT_08s0056g00050,80,0.0389,Scarecrow transcription factor 23 (SCL23),SCL23_2,,vv60032GRAS,
522,VIT_07s0005g01870,78,0.0378,Unknown,,,,
523,VIT_01s0011g05200,77,0.0372,Phosphoethanolamine N-methyltransferase 1,E2_1_1_103,,vv10564Glycerophospholipid_metabolism,
524,VIT_16s0039g02500,77,0.0370,Shikimate kinase,E2_7_1_71,,vv10400Phenylalanine_tyrosine_and_tryptophan_biosynthesis,
525,VIT_15s0045g01590,76,0.0367,Eceriferum 1 (CER1 protein) Sterol desaturase,,,,
526,VIT_05s0020g01740,74,0.0359,RanGAP1 interacting protein,,,,
527,VIT_05s0102g00870,74,0.0358,R protein  PRF  disease resistance protein,K13453,,vv34627R_proteins_from_Plant-pathogen_interaction,
528,VIT_14s0006g02960,74,0.0357,KH domain containing protein,,,,
529,VIT_18s0001g02600,74,0.0356,Ribosomal protein S1  30S,K02945,,vv23010Ribosome,
530,VIT_00s0187g00050,72,0.0350,No hit,,,,
531,VIT_06s0004g06730,71,0.0346,Microsomal omega-3 fatty acid desaturase,K10257,,vv11040Biosynthesis_of_unsaturated_fatty_acids,
532,VIT_13s0067g02790,71,0.0343,Cytochrome P450  family 79  subfamily A  polypeptide 2,K12153,,vv10966Glucosinolate_biosynthesis,
533,VIT_00s0347g00120,70,0.0337,S-locus lectin protein kinase,,,,
534,VIT_05s0077g00540,69,0.0335,No hit,,,,
535,VIT_18s0117g00550,69,0.0334,Laccase,E1_10_3_2,,vv11000Single_reactions,vv50109Incompletely_characterized_transport_systems
536,VIT_14s0066g02640,68,0.0330,No hit,,,,
537,VIT_04s0023g01960,68,0.0329,Laccase (diphenol oxidase)-like protein,E1_10_3_2,,vv11000Single_reactions,vv50109Incompletely_characterized_transport_systems
538,VIT_13s0067g02870,68,0.0327,Chalcone-flavanone isomerase,E5_5_1_6,,vv10941Flavonoid_biosynthesis,
539,VIT_09s0054g01690,67,0.0325,Transcription factor,,,,
540,VIT_04s0043g00720,67,0.0324,Transketolase,E2_2_1_1,,vv10030Pentose_phosphate,vv10710Carbon_fixation
541,VIT_13s0084g00520<br>VIT_13s0084g00370,66,0.0317,
542,VIT_05s0049g01200,65,0.0315,S-locus lectin protein kinase,,,,
543,VIT_07s0005g03860,64,0.0310,Transcription termination factor mitochondrial mTERF,MTERF_21,,vv60085MTERF,
544,VIT_01s0026g01640,64,0.0308,Band 7 family,BAND7,,vv50108Accessory_factors_involved_in_transport,
545,VIT_04s0008g02670,63,0.0306,Cryptochrome DASH,CRYDASH,,vv34710Circadian_rhythm,
546,VIT_14s0036g01290,63,0.0305,Subtilisin-like proteinase AIR3,,,,
547,VIT_03s0038g03250,63,0.0304,Vestitone reductase,E1_1_1_246,,vv10943Isoflavonoid_biosynthesis,
548,VIT_17s0000g09810,63,0.0304,Pectate lyase,E4_2_2_2,,vv40006Cell_wall,
549,VIT_19s0014g04060,62,0.0302,ARK3 (Arabidopsis Receptor Kinase 3),,,,
550,VIT_02s0087g00470,62,0.0300,Anthraniloyal-CoA: methanol anthraniloyal transferase,AMAT,,vv10400Phenylalanine_tyrosine_and_tryptophan_biosynthesis,
551,VIT_05s0136g00140,61,0.0295,AarF domain containing kinase,K08869,,,
552,VIT_04s0023g02870,60,0.0291,Disease resistance protein Hcr2-5D,,,,
553,VIT_02s0241g00060,60,0.0290,Unknown protein,,,,
554,VIT_16s0039g00890,59,0.0287,Myb TKI1 (TSL-kinase  interacting  protein 1),TKI1_3,,vv60045MYBrelated,
555,VIT_18s0122g00220,59,0.0285,Phosphodiesterase/alkaline phosphatase D,E3_1_4_1,,,
556,VIT_18s0001g10120,58,0.0282,SPla/RYanodine receptor (SPRY) domain-containing protein,,,,
557,VIT_02s0012g01440,58,0.0281,Zinc finger (C3HC4-type ring finger),ZFC3HC4_215,,vv60078Other_zf-C3HC4,
558,VIT_05s0049g00010,58,0.0279,Cellulose synthase CSLG2,E2_4_1_12_CSLG2,,vv40006Cell_wall,
559,VIT_08s0007g02920,56,0.0273,ATAN11 (ANTHOCYANIN11),,,,
560,VIT_08s0007g06680,54,0.0261,PMR5 (powdery mildew resistant 5),,,,
561,VIT_14s0060g02340,54,0.0261,Heat shock protein 70,K03283,,vv23040Spliceosome,vv24141Protein_processing_in_endoplasmic_reticulum
562,VIT_18s0001g09600,54,0.0259,HOS15 (High expression of osmotically responsive genes 15),,,,
563,VIT_03s0063g00770,53,0.0257,Carboxyesterase 12; CXE12,E3_1_1_1,,,
564,VIT_01s0137g00720,53,0.0257,Lipase GDSL,,,,
565,VIT_01s0026g00080,53,0.0256,Metal-dependent phosphohydrolase HD domain-containing protein,K07023,,,
566,VIT_11s0016g05570,53,0.0256,Thylakoid lumenal 16.5 kDa protein  chloroplast precursor,,,,
567,VIT_18s0122g01400,52,0.0251,Exostosin family protein,K02366,,vv11030Glycan_structures-biosynthesis1,
568,VIT_00s0267g00050,52,0.0251,No hit,,,,
569,VIT_09s0002g02210,51,0.0246,Adhesion of calyx edges (ACE),,,,
570,VIT_19s0014g04900,51,0.0246,(-)-germacrene D synthase,E4_2_3_22,,vv10900Terpenoid_biosynthesis,
571,VIT_01s0026g01340,50,0.0243,Glutathione S-transferase 29 GSTU18,E2_5_1_18_GSTU18,,vv10480Glutathione_metabolism,
572,VIT_09s0054g00540,50,0.0242,Copia transposable element,,,,
573,VIT_19s0015g00510,49,0.0237,Pectate lyase 2,E4_2_2_2,,vv40006Cell_wall,
574,VIT_02s0025g00150,49,0.0236,PRLI-interacting factor G,,,,
575,VIT_03s0088g00470,48,0.0233,Auxin responsive SAUR protein,SAUR,,vv30003Auxin_signaling,
576,VIT_08s0007g03970,48,0.0233,Peroxiredoxin type 2,E1_11_1_15,,,
577,VIT_06s0004g01520,47,0.0229,Pentatricopeptide (PPR) repeat-containing,,,,
578,VIT_03s0038g03910,47,0.0228,ANTR2 (anion transporter 2),ANTR2,,vv50121Porters_cat_1_to_6,
579,VIT_12s0057g01060,47,0.0227,Jasmonate O-methyltransferase,E2_1_1_141,,vv10592alpha-Linolenic_acid_metabolism,
580,VIT_07s0141g00640,47,0.0226,ProT1 (PROLINE transporter 1),PROT1,,vv50123Porters_cat_18_to_29,
581,VIT_12s0035g00880,46,0.0222,Lactoylglutathione lyase,E4_4_1_5,,vv10620Pyruvate_metabolism,
582,VIT_10s0003g03190,46,0.0222,RNA recognition motif (RRM)-containing,,,,
583,VIT_03s0097g00060,46,0.0222,Arginine-tRNA-protein transferase 1,E2_3_2_8,,vv20970Aminoacyl-tRNA_biosynthesis,
584,VIT_14s0006g02290,46,0.0221,DREB sub A-4 of ERF/AP2 transcription factor,TINY_2,VvERF028,vv30008Ethylene_signaling,vv60003AP2_EREBP
585,VIT_10s0116g00820,45,0.0219,Adenosine/AMP deaminase,E3_5_4_4,,vv10230Purine_metabolism,
586,VIT_18s0001g14670,45,0.0217,Rac-like GTP-binding protein RAC1,RAC1,,vv34020Calcium_signaling_pathway,
587,VIT_01s0011g03910,44,0.0214,Protein phosphatase 2C,E3_1_3_16,,,
588,VIT_11s0016g01220,44,0.0212,Auxin-binding protein ABP19a precursor,ABP19,,vv30003Auxin_signaling,
589,VIT_07s0031g00480,44,0.0211,Protein kinase family,,,,
590,VIT_18s0001g06690,43,0.0208,Gibberellin 20 oxidase 2,E1_14_11_12,,vv10904Diterpenoid_biosynthesis,
591,VIT_12s0142g00620,43,0.0208,RIC7 (ROP-interactive crib motif-containing protein 7),,,,
592,VIT_09s0002g05560,43,0.0207,ABC transporter g family pleiotropic drug resistance 12 PDR12,ABCGPDR12,,vv52010ABC_transporters,
593,VIT_18s0001g14780,42,0.0205,Lipase 3 (EXL3) family II extracellular,,,,
594,VIT_15s0021g02110,42,0.0203,AP2 domain-containing transcription factor TINY,TINY_8,VvERF029,vv30008Ethylene_signaling,vv60003AP2_EREBP
595,VIT_00s0531g00030,42,0.0203,C2 domain containing protein,,,,
596,VIT_03s0091g01060,42,0.0202,Cyclin delta-2,CYCD1_1,,vv44110Cell_cycle,
597,VIT_02s0087g00490,42,0.0201,10-deacetylbaccatin III 10-O-acetyltransferase,E2_3_1_167,,vv10904Diterpenoid_biosynthesis,
598,VIT_06s0004g08210,41,0.0199,Receptor protein kinase,,,,
599,VIT_08s0007g05140,41,0.0199,MAP70 protein .,,,,
600,VIT_07s0255g00060,41,0.0198,Prolyl oligopeptidase family,,,,
601,VIT_12s0028g02590,41,0.0198,BZIP transcription factor,BZIPDOM_18,VvbZIP29,vv60012BZIP,
602,VIT_11s0016g03800,41,0.0197,No hit,,,,
603,VIT_04s0008g01460,40,0.0194,Unknown protein,,,,
604,VIT_00s0415g00020,39,0.0188,Endoribonuclease E-like protein,,,,
605,VIT_13s0019g02360,38,0.0184,Pyrroline-5-carboxylate synthetase,E2_7_2_11,,vv10220Urea_cycle_and_metabolism_of_amino_groups,
606,VIT_08s0007g02740,38,0.0183,IAA-amino acid hydrolase 1 (ILR1),K01463,,vv11002Auxin_biosynthesis,
607,VIT_18s0001g07020,38,0.0183,No hit,,,,
608,VIT_06s0009g02780,37,0.0179,Histone mRNA exonuclease 1,K01175,,,
609,VIT_16s0022g02370,37,0.0179,Unknown protein,,,,
610,VIT_02s0241g00040,37,0.0179,Cyclobutane pyrimidine dimer photolyase,E4_1_99_3,,,
611,VIT_17s0053g00590,37,0.0178,Kinase interacting protein,,,,
612,VIT_03s0038g03990,36,0.0175,UDP-galactose translocator,UDPGALTR,,vv50122Porters_cat_7_to_17,
613,VIT_18s0122g01180,36,0.0174,Unknown,,,,
614,VIT_11s0052g01400,36,0.0174,Ribitol kinase,E2_7_1_47,,vv10040Pentose_glucuronate_interconversion,
615,VIT_01s0137g00190,36,0.0173,CIP4 (COP1-interacting protein 4),CIP4,,vv24120Ubiquitin_mediated_proteolysis,
616,VIT_10s0071g00810<br>VIT_10s0071g00840,35,0.0170,
617,VIT_04s0023g03370,35,0.0170,Flavonone- 3-hydroxylase,E1_14_11_9,,vv10941Flavonoid_biosynthesis,
618,VIT_16s0098g01070,35,0.0170,Calmodulin-binding protein family,,,,
619,VIT_03s0017g01700,35,0.0169,Glycine cleavage system H protein  mitochondrial,E1_4_4_2,,vv10260Glycine_serine_and_threonine_metabolism,
620,VIT_04s0008g03930,35,0.0169,RD22,,,,
621,VIT_12s0178g00090,35,0.0168,Diacylglycerol kinase 1,E2_7_1_107,,vv10561Glycerolipid_metabolism,vv10564Glycerophospholipid_metabolism
622,VIT_15s0046g01950,34,0.0165,Anthocyanidine rhamnosyl-transferase,RHATR,,vv10942Anthocyanin_biosynthesis,
623,VIT_13s0064g00970,34,0.0164,F-type H+-transporting ATPase oligomycin sensitivity conferral,K02137,,vv10190Oxidative_phosphorylation,vv50131Primary_active_transporter_cat_A2_to_A4
624,VIT_03s0038g00220,33,0.0160,Purple acid phosphatase 10 ATPAP10/PAP10,E3_1_3_2,,vv10740Riboflavin_metabolism,
625,VIT_12s0028g03330,33,0.0160,Targeting protein,,,,
626,VIT_08s0007g03370,33,0.0160,Unknown protein,,,,
627,VIT_06s0009g01260,33,0.0159,Subtilisin protease C1,SBT4_13,,,
628,VIT_11s0016g02350,33,0.0159,Ubiquinone/menaquinone biosynthesis methyltransferase UbiE,K06127,,vv10130Ubiquinone_biosynthesis,
629,VIT_02s0025g04120,32,0.0155,Calmodulin binding protein,,,,
630,VIT_18s0089g00510,32,0.0154,Isopentenyltransferase 1,E2_5_1_27,,vv10908Zeatin_biosynthesis,
631,VIT_04s0023g02230,31,0.0150,S-adenosyl-L-methionine:salicylic acid carboxyl methyltransferase,SAMTBSCMT,,vv10360Phenylalanine_metabolism,
632,VIT_08s0007g04580,31,0.0150,UGT73C2 (UDP-glucosyl transferase 73C2),,,,
633,VIT_00s0361g00090,31,0.0150,Phototropic-responsive NPH3 protein,,,,
634,VIT_09s0002g03650,31,0.0150,DTA4 (downstream target of AGL15-4),,,,
635,VIT_09s0002g08270,31,0.0149,Leucine-rich repeat,,,,
636,VIT_11s0016g01490,31,0.0149,WAVY growth 2,,,,
637,VIT_18s0001g11100,30,0.0146,Serine carboxypeptidase,,,,
638,VIT_12s0028g02970,30,0.0146,MLO1,K08472,,,
639,VIT_06s0004g01310,30,0.0145,Enoyl-[acyl-carrier-protein] reductase [NADH]  chloroplast precursor,E1_3_1_9,,vv10061Fatty_acid_biosynthesis,
640,VIT_04s0069g00500,30,0.0145,Villin 2 (Fragment),K05768,,vv44810Regulation_of_actin_cytoskeleton,
641,VIT_14s0030g00650,29,0.0140,Shikimate dehydrogenase,E1_1_1_25,,vv10400Phenylalanine_tyrosine_and_tryptophan_biosynthesis,
642,VIT_03s0017g01950,28,0.0135,Pectinesterase family,E3_1_1_11,,vv40006Cell_wall,
643,VIT_02s0087g00260,28,0.0135,RPD1 (root primordium defective 1),,,,
644,VIT_00s0211g00030,28,0.0135,Symbiosis receptor kinase,,,,
645,VIT_16s0022g02170,27,0.0131,Alpha-L-fucosidase,E3_2_1_51,,vv10511N-Glycan_degradation,
646,VIT_03s0063g00350,27,0.0131,Unknown,,,,
647,VIT_07s0005g00420,27,0.0131,Zinc finger (C3HC4-type ring finger),ZFC3HC4_195,,vv60078Other_zf-C3HC4,
648,VIT_17s0000g10260,27,0.0130,AarF domain containing kinase,K08869,,,
649,VIT_01s0011g03380,26,0.0126,Dihydrolipoamide S-acetyltransferase (LTA2),E2_3_1_12,,vv10010Glycolysis,vv10252Alanine_and_aspartate_metabolism
650,VIT_02s0025g03580,26,0.0126,DNA-binding family protein,,,,
651,VIT_15s0046g01640,26,0.0125,Abl interactor protein 1 (ABIL1),,,,
652,VIT_05s0051g00140,25,0.0122,RRS1 (resistant to ralstonia solanacearum 1),RRS1,,vv34627R_proteins_from_Plant-pathogen_interaction,
653,VIT_18s0001g00470,25,0.0121,Monocopper oxidase SKS5 (SKU5 Similar 5),SKS5,,vv50109Incompletely_characterized_transport_systems,
654,VIT_09s0018g01800,25,0.0121,Acid phosphatase,E3_1_3_2,,vv10740Riboflavin_metabolism,
655,VIT_03s0038g02860,24,0.0116,Amino acid permease,AAPREL,,vv50123Porters_cat_18_to_29,
656,VIT_14s0171g00390,24,0.0116,DNA-binding storekeeper protein,STOREKEEPER_1,,vv60030GeBP,
657,VIT_05s0029g00550,24,0.0116,HEAT repeat-containing protein,,,,
658,VIT_09s0002g03180,24,0.0116,DNA repair protein,,,,
659,VIT_13s0019g05010,24,0.0115,Nodulin-like protein,,,,
660,VIT_00s0379g00050,23,0.0111,Short-chain dehydrogenase/reductase (SDR),,,,
661,VIT_08s0058g01340,23,0.0111,Leucine-rich repeat transmembrane protein kinase,,,,
662,VIT_05s0062g00260,22,0.0107,Unknown,,,,
663,VIT_06s0004g05200,22,0.0107,No hit,,,,
664,VIT_00s0323g00060,22,0.0106,Invertase/pectin methylesterase inhibitor,PMEI,,vv40006Cell_wall,
665,VIT_17s0000g09980,22,0.0106,REF6 (relative of early flowering 6),REF6,,vv30009Flower_development,vv60038Jumonji
666,VIT_08s0007g00440,22,0.0106,Alpha-expansin 6 precursor,EXPA6,,vv30003Auxin_signaling,
667,VIT_18s0001g14090,22,0.0106,Molecular chaperone DnaJ,K03686,,vv50132Primary_active_transporter_cat_A5_to_A8,
668,VIT_18s0001g12310,22,0.0106,Ovate family protein 7 OFP7,OFP7_2,,vv60086OFP,
669,VIT_06s0004g02620,21,0.0102,Phenylalanine ammonia-lyase,E4_3_1_5,,vv10350Tyrosine_metabolism,vv10360Phenylalanine_metabolism
670,VIT_16s0050g02390,21,0.0102,Plastid division protein PDV1,PDV1,,vv44110Cell_cycle,
671,VIT_02s0025g00730,21,0.0101,Pinoresinol forming dirigent protein,DIRPR,,vv10940Phenylpropanoid_biosynthesis,
672,VIT_14s0068g00170,21,0.0101,No hit,,,,
673,VIT_16s0050g00090,21,0.0101,Cytochrome B561,K08360,,vv50105Transport_electron_carriers,
674,VIT_12s0142g00640,21,0.0101,FLS2 (flagellin-sensitive 2),K13420,,vv34626Plant-pathogen_interaction,
675,VIT_01s0011g03860,21,0.0101,RKL1 (Receptor-like kinase 1),,,,
676,VIT_05s0049g01860,20,0.0097,Receptor-like protein kinase,,,,
677,VIT_07s0005g05520,20,0.0097,Pectate lyase,E4_2_2_2,,vv40006Cell_wall,
678,VIT_06s0009g01000,20,0.0096,Zinc finger (C3HC4-type ring finger) CIC7E11,CIC7E11_2,,vv60078Other_zf-C3HC4,
679,VIT_11s0016g00590,20,0.0096,Invertase/pectin methylesterase inhibitor,PMEI,,vv40006Cell_wall,
680,VIT_12s0055g00810,19,0.0092,Cationic peroxidase,E1_11_1_7,,vv10360Phenylalanine_metabolism,vv10680Methane_metabolism
681,VIT_01s0010g01160,18,0.0087,Zinc finger (DHHC type),ZFDHHC_4,,vv60079Other_zf-DHHC,
682,VIT_18s0001g09320,18,0.0087,Casein kinase II subunit alpha-2,K03097,,vv23008Ribosome_biogenesis_in_Eukaryotes,vv34710Circadian_rhythm
683,VIT_14s0128g00450,18,0.0087,Kinesin motor protein,KMOTOR,,vv44810Regulation_of_actin_cytoskeleton,
684,VIT_11s0016g03710,18,0.0087,Abl interactor protein 1 (ABIL1),,,,
685,VIT_11s0016g00880,18,0.0087,Strictosidine synthase; Soluble quinoprotein glucose dehydrogenase,E4_3_3_2,,vv10900Terpenoid_biosynthesis,vv10902Monoterpenoid_biosynthesis
686,VIT_02s0025g01240,18,0.0087,UDP-glucuronosyl/UDP-glucosyltransferase,E2_4_1_17,,vv10040Pentose_glucuronate_interconversion,vv10500Starch_and_sucrose_metabolism
687,VIT_10s0003g01490,18,0.0086,NIK3 (NSP- interacting  kinase 3),,,,
688,VIT_18s0001g00220,17,0.0082,Unknown,,,,
689,VIT_12s0028g00320,17,0.0082,LHB1B1,K08912,,vv10196Photosynthesis_antenna_proteins,vv50105Transport_electron_carriers
690,VIT_13s0019g03000,17,0.0082,Heat shock protein 17.6 kDa class I,K13993,,vv24141Protein_processing_in_endoplasmic_reticulum,
691,VIT_18s0001g00810,17,0.0082,24-methylenesterol C-methyltransferase 2,E2_1_1_143,,vv10100Biosynthesis_of_steroids,
692,VIT_08s0040g01130,17,0.0082,Serine carboxypeptidase II,,,,
693,VIT_02s0241g00120,16,0.0078,Receptor protein kinase,,,,
694,VIT_18s0122g01240,16,0.0078,Serine/threonine Protein kinase BNK1,,,,
695,VIT_10s0597g00050,16,0.0077,Heat shock transcription factor B2A,HSFB2A_3,,vv60037HSF,
696,VIT_03s0017g01740,16,0.0077,Annexin ANN3,ANN3,,vv50101Channels_and_pores,
697,VIT_05s0062g01290,16,0.0077,Armadillo/beta-catenin repeat,,,,
698,VIT_00s0187g00240,16,0.0077,SWIB complex BAF60b domain-containing protein,SWIB_5,,vv60092SWIB,
699,VIT_05s0049g00480,16,0.0077,Zinc finger (C3HC4-type ring finger),ZFC3HC4_65,,vv60078Other_zf-C3HC4,
700,VIT_15s0046g01470,16,0.0077,Unknown protein,,,,
701,VIT_18s0166g00220,15,0.0073,No hit,,,,
702,VIT_03s0038g03600,15,0.0073,Serine/threonine kinase,,,,
703,VIT_04s0008g03630,15,0.0072,Binding,,,,
704,VIT_04s0023g02880,15,0.0072,GATA transcription factor 14,GAT14,,vv60016C2C2-GATA,
705,VIT_07s0005g01890,14,0.0068,Patatin,,,,
706,VIT_01s0026g02620,14,0.0068,Expansin [Vitis labrusca x Vitis vinifera] EXPA15,EXPA15,,vv30003Auxin_signaling,
707,VIT_07s0005g01790,13,0.0063,Acyl-CoA synthetase long-chain member 2,E6_2_1_3_LACS2,,vv10071Fatty_acid_metabolism,vv44146Peroxisome
708,VIT_12s0035g01960,13,0.0063,Stichel,K02343,,vv23030DNA_replication,
709,VIT_17s0000g06930,13,0.0063,Unfertilized embryo sac 10 UNE10,UNE10_3,,vv60011BHLH,
710,VIT_04s0023g03710,13,0.0063,Myb domain protein 4,MYB4_1,MYB4B,vv60044MYB,
711,VIT_07s0005g01470,13,0.0063,Unknown protein,,,,
712,VIT_17s0000g02430,12,0.0058,Phosphoethanolamine N-methyltransferase,E2_1_1_103,,vv10564Glycerophospholipid_metabolism,
713,VIT_03s0038g04500,12,0.0058,Bifunctional dihydrofolate reductase-thymidylate synthase 1,K13998,,vv10240Pyrimidine_metabolism,vv10670One_carbon_pool_by_folate
714,VIT_06s0004g07960,12,0.0058,Glucose-6-phosphate/phosphate translocator,G6PPTR,,vv50122Porters_cat_7_to_17,
715,VIT_10s0003g03300,12,0.0058,Unknown protein,,,,
716,VIT_01s0127g00590,12,0.0058,Protein disulfide isomerase,E5_3_4_1,,,
717,VIT_09s0054g00430,12,0.0058,Unknown protein,,,,
718,VIT_05s0020g03380,12,0.0058,WNK1 (with no lysine (K) 1),WNK1,,vv34710Circadian_rhythm,
719,VIT_04s0008g03560,12,0.0058,Lactoylglutathione lyase,E4_4_1_5,,vv10620Pyruvate_metabolism,
720,VIT_13s0019g02940,12,0.0058,Cis-zeatin O-beta-D-glucosyltransferase,E2_4_1_215,,vv10908Zeatin_biosynthesis,
721,VIT_00s0522g00010<br>VIT_00s0266g00010<br>VIT_00s0372g00070<br>VIT_00s0372g00080<br>VIT_00s0572g00010<br>VIT_00s0372g00040<br>VIT_00s0847g00020<br>VIT_00s0572g00020,12,0.0058,
722,VIT_00s2525g00010,12,0.0058,Unknown,,,,
723,VIT_01s0146g00110,12,0.0058,Peptidyl-prolyl cis-trans isomerase B (cyclophilin B),K03768,,,
724,VIT_05s0062g00520,11,0.0053,UDP-glucose:flavonoid 7-O-glucosyltransferase,E2_4_1_237,,vv10941Flavonoid_biosynthesis,
725,VIT_08s0007g07820,10,0.0049,RLK902 (receptor-like kinase 902),,,,
726,VIT_05s0020g04060,10,0.0049,TIFY 4B (Protein PEAPOD 2),PEAPOD2,,vv60069ZIM,
727,VIT_06s0061g01070,10,0.0048,Oligopeptidase A,E3_4_24_70,,,
728,VIT_14s0068g00920,10,0.0048,Chalcone synthase (CHS),E2_3_1_74,,vv10941Flavonoid_biosynthesis,
729,VIT_00s0743g00030,10,0.0048,S-locus lectin protein kinase,,,,
730,VIT_08s0040g00030,10,0.0048,No hit,,,,
731,VIT_01s0010g01810,9,0.0044,Tetratricopeptide repeat (TPR)-containing,,,,
732,VIT_13s0019g00560,9,0.0044,Chaperonin GroEL,K04077,,vv23018RNA_degradation,
733,VIT_09s0002g01980,9,0.0044,Myosin-like protein XIK,MYOSINXIK,,vv44810Regulation_of_actin_cytoskeleton,
734,VIT_18s0001g09550,9,0.0044,Receptor kinase TRKe,,,,
735,VIT_10s0116g00630,9,0.0044,Unknown protein,,,,
736,VIT_14s0108g01340,9,0.0044,Pentatricopeptide (PPR) repeat,,,,
737,VIT_06s0009g01750,9,0.0044,ATP-dependent RNA helicase DOB1,K12598,,vv23018RNA_degradation,
738,VIT_03s0038g00740,9,0.0044,GC1 (GIANT chloroplast 1),GC1,,vv44110Cell_cycle,
739,VIT_16s0022g00240,9,0.0043,EIX receptor 2,,,,
740,VIT_11s0016g04970,9,0.0043,NADH-cytochrome b5 reductase,E1_6_2_2,,vv50135Primary_active_transporter_cat_D3_to_E2,
741,VIT_01s0011g06580,9,0.0043,Unknown protein,,,,
742,VIT_06s0004g00210,9,0.0043,Subtilisin protease,,,,
743,VIT_13s0064g01640,9,0.0043,Beta-primeverosidase,E3_2_1_149,,vv11000Single_reactions,
744,VIT_19s0014g02390,9,0.0043,No hit,,,,
745,VIT_19s0027g00550,8,0.0039,BTB/POZ domain-containing protein,BTBDOM_10,,vv60093TRAF,
746,VIT_04s0023g00360,7,0.0034,Unknown protein,,,,
747,VIT_07s0005g01520,7,0.0034,WRKY DNA-binding protein 35,WRKY35,VvWRKY18,vv60066WRKY,
748,VIT_17s0000g03940,7,0.0034,ferulate 5-hydroxylase,K09755,,vv10940Phenylpropanoid_biosynthesis,
749,VIT_14s0083g00910,7,0.0034,Auxin-independent growth promoter,,,,
750,VIT_03s0063g01620<br>VIT_18s0041g01380<br>VIT_07s0095g00580<br>VIT_18s0041g01570<br>VIT_09s0018g00900<br>VIT_08s0056g00360<br>VIT_04s0008g06900<br>VIT_04s0008g04820<br>VIT_00s0193g00140<br>VIT_06s0009g02050<br>VIT_09s0054g00270<br>VIT_04s0008g04840,7,0.0034,
751,VIT_15s0046g00650,7,0.0034,Wax synthase,E2_3_1_75,,vv11000Single_reactions,
752,VIT_04s0023g03280,7,0.0034,Zinc finger (Ran-binding),ZFRANBPDOM_3,,vv60080Other_zf,
753,VIT_15s0045g01360,7,0.0034,No hit,,,,
754,VIT_10s0003g03870,7,0.0034,Ornithine aminotransferase,E2_6_1_13,,vv10330Arginine_and_proline_metabolism,
755,VIT_10s0116g01830,7,0.0034,Unknown protein,,,,
756,VIT_01s0113g00300,7,0.0034,No hit,,,,
757,VIT_16s0050g01100,7,0.0034,Zinc finger (C2H2 type) family,C2H2FAM_37,,vv60017C2H2,
758,VIT_01s0026g02120,6,0.0029,Microtubule end binding protein 1 (EB1),K10436,,vv44810Regulation_of_actin_cytoskeleton,
759,VIT_05s0020g03890,6,0.0029,Kinase interacting,,,,
760,VIT_12s0134g00010,6,0.0029,Phototropic-responsive NPH3 protein,,,,
761,VIT_10s0116g00170,6,0.0029,S-locus lectin protein kinase,,,,
762,VIT_06s0061g00620,6,0.0029,Short-chain dehydrogenase carbonyl reductase 3,,,,
763,VIT_02s0012g02080,6,0.0029,No hit,,,,
764,VIT_14s0066g01730,6,0.0029,Cellulose synthase CSLC04,E2_4_1_12_CSLC04,,vv40006Cell_wall,
765,VIT_11s0052g01410,6,0.0029,Leucine Rich Repeat receptor-like kinase,,,,
766,VIT_12s0057g00560,6,0.0029,PAT1 (Phytochrome a signal transduction 1),PAT1,,vv60032GRAS,
767,VIT_01s0011g00720,6,0.0029,WRKY DNA-binding protein 57,WRKY57,VvWRKY01,vv60066WRKY,
768,VIT_13s0064g01210,6,0.0029,Zf A20 and AN1 domain-containing stress-associated protein 2,SAP2_5,,vv60077Other_zf-AN1,
769,VIT_07s0130g00020,6,0.0029,NADPH2:quinone reductase,E1_6_5_5,,vv10740Riboflavin_metabolism,
770,VIT_19s0015g01170,6,0.0029,MYB divaricata,DIVARICATA_5,,vv30009Flower_development,vv60044MYB
771,VIT_15s0045g00300,6,0.0029,Ankyrin repeat,,,,
772,VIT_10s0003g03270,6,0.0029,Inward rectifying potassium channel,SIRK,,vv30001ABA_signaling,vv50101Channels_and_pores
773,VIT_17s0000g04490,6,0.0029,Extracellular Ca2+ sensing receptor,,,,
774,VIT_16s0098g00180,6,0.0029,Ser/Thr receptor-like kinase1,,,,
775,VIT_19s0014g05160,6,0.0029,RPS2 (resistant to p. syringae 2),K13459,,vv34626Plant-pathogen_interaction,
776,VIT_10s0003g03330,6,0.0029,Receptor-like serine-threonine protein kinase,,,,
777,VIT_19s0015g02610,6,0.0029,Glutathione S-transferase 25 GSTU25,E2_5_1_18_GSTU25,,vv10480Glutathione_metabolism,
778,VIT_08s0056g00370,6,0.0029,No hit,,,,
779,VIT_13s0156g00190,6,0.0029,No hit,,,,
780,VIT_08s0007g01500,6,0.0029,DNA binding / nuclease,,,,
781,VIT_05s0077g01370,6,0.0029,Unknown protein,,,,
782,VIT_12s0059g00770,6,0.0029,Monocopper oxidase SKS5 (SKU5 Similar 5),SKS5,,vv50109Incompletely_characterized_transport_systems,
783,VIT_08s0007g05720,6,0.0029,No hit,,,,
784,VIT_09s0002g06120,6,0.0029,Biotin carboxyl carrier protein of acetyl-CoA carboxylase,E6_4_1_2,,vv10061Fatty_acid_biosynthesis,vv10620Pyruvate_metabolism
785,VIT_00s0515g00020,6,0.0029,R protein MLA10,K13475,,vv34627R_proteins_from_Plant-pathogen_interaction,
786,VIT_07s0130g00030,6,0.0029,Proteinase inhibitor se60,,,,
787,VIT_00s2263g00010,6,0.0029,No hit,,,,
788,VIT_00s1008g00020,6,0.0029,GID1C (GA insensitive DWARF1C),GID1C,,vv30010Gibberellin_signaling,
789,VIT_04s0023g03070,6,0.0029,Leucine-rich repeat family protein / extensin,EXTENSIN,,vv40006Cell_wall,
790,VIT_00s0759g00010,6,0.0029,Porphobilinogen deaminase  chloroplast precursor,E2_5_1_61,,vv10860Porphyrin_and_chlorophyll_metabolism,
791,VIT_16s0022g00890,6,0.0029,Invertase/pectin methylesterase inhibitor,PMEI,,vv40006Cell_wall,
792,VIT_15s0046g02860,6,0.0029,Riboflavin biosynthesis protein ribD,E3_5_4_26,,vv10740Riboflavin_metabolism,
793,VIT_15s0046g00480,6,0.0029,Wax synthase,E2_3_1_75,,vv11000Single_reactions,
794,VIT_15s0048g00630,6,0.0029,Protease inhibitor/seed storage/lipid transfer protein (LTP),,,,
795,VIT_19s0090g00530,6,0.0029,Geranyl diphosphate synthase small subunit,E2_5_1_1,,vv10100Biosynthesis_of_steroids,vv10900Terpenoid_biosynthesis
796,VIT_05s0049g01290,6,0.0029,Protein phosphatase 2C,E3_1_3_16,,,
797,VIT_02s0109g00350,6,0.0029,Carboxyl-terminal proteinase,,,,
798,VIT_07s0129g00070<br>VIT_07s0129g00150,6,0.0029,
799,VIT_19s0138g00100,6,0.0029,No hit,,,,
800,VIT_09s0002g05270,6,0.0029,Gibberellin 3beta-hydroxylase3,E1_14_11_15,,vv10904Diterpenoid_biosynthesis,vv30001ABA_signaling
801,VIT_16s0022g01120<br>VIT_11s0037g01390<br>VIT_16s0022g01150,6,0.0029,
802,VIT_10s0003g01580,6,0.0029,Unknown protein,,,,
803,VIT_17s0000g02410,6,0.0029,Cold-induced wall associated kinase,,,,
804,VIT_19s0014g00090,6,0.0029,Glucan endo-1 3-beta-glucosidase 4 precursor,E3_2_1_39,,vv10500Starch_and_sucrose_metabolism,
805,VIT_00s0352g00030,6,0.0029,No hit,,,,
806,VIT_11s0016g04180,6,0.0029,Coatomer protein complex  subunit beta 2,COPB2,,vv50110Protein_coat,
807,VIT_19s0015g02690,6,0.0029,Glutathione S-transferase 25 GSTU25,E2_5_1_18_GSTU25,,vv10480Glutathione_metabolism,
808,VIT_18s0001g06410,5,0.0024,Ribosomal protein 60S,,,,
809,VIT_11s0016g04410,4,0.0019,Unknown protein,,,,
810,VIT_18s0001g10810,4,0.0019,Carboxylesterase CXE,E3_1_1_1,,,
811,VIT_19s0135g00080,4,0.0019,No hit,,,,
812,VIT_15s0046g01350,4,0.0019,Tubulin gamma-2 chain,K10389,,vv44810Regulation_of_actin_cytoskeleton,
813,VIT_04s0008g00870,3,0.0015,Phosphoethanolamine/phosphocholine phosphatase,E3_1_3_75,,vv10564Glycerophospholipid_metabolism,
814,VIT_05s0049g00300,3,0.0015,1-aminocyclopropane-1-carboxylate oxidase homolog 1,E1_14_17_4,,vv10640Propanoate_metabolism,vv30008Ethylene_signaling
815,VIT_00s0285g00050<br>VIT_16s0013g01380<br>VIT_07s0104g00140,3,0.0015,
816,VIT_03s0063g02610,3,0.0015,GRP7 (cold  circadian rhythm  and RNA binding 2),GRP7,,vv50133Primary_active_transporter_cat_A9_to_A18,
817,VIT_14s0006g02840,3,0.0015,Catalytic,,,,
818,VIT_13s0106g00170,3,0.0015,Cig3,K14409,,vv23015mRNA_surveillance_pathway,vv30007Cytokinin_signaling
819,VIT_18s0001g12970,3,0.0015,Ethylene-responsive protein,ERUNK_1,,vv30008Ethylene_signaling,vv60011BHLH
820,VIT_08s0007g07240,3,0.0015,Armadillo helical,,,,
821,VIT_14s0068g00370,3,0.0015,No hit,,,,
822,VIT_14s0036g00330,3,0.0015,RPS2 (resistant to p. syringae 2),K13459,,vv34626Plant-pathogen_interaction,
823,VIT_00s0508g00020,3,0.0015,Nuclear prelamin A recognition factor; Narf,,,,
824,VIT_14s0060g00680,3,0.0015,Lipase GDSL,,,,
825,VIT_06s0080g01160,3,0.0015,Aspartyl protease,E3_4_23_x,,,
826,VIT_10s0042g00950,3,0.0015,Succinyl-CoA ligase alpha 1 subunit,E6_2_1_4,,vv10020Citrate_cycle,
827,VIT_04s0008g06230,3,0.0015,Ubiquitin family,,,,
828,VIT_19s0090g00280,3,0.0015,RNA-binding protein 45 (RBP45),RBP45,,vv50133Primary_active_transporter_cat_A9_to_A18,
829,VIT_16s0022g01810,3,0.0015,AT-hook protein 1,,,,
830,VIT_01s0011g04320,3,0.0015,Poly(A) polymerase,K14376,,vv23015mRNA_surveillance_pathway,
831,VIT_00s0586g00020,3,0.0015,Unknown protein,,,,
832,VIT_12s0028g00450,3,0.0015,Carrier protein  Mitochondrial,K03454,,vv50123Porters_cat_18_to_29,
833,VIT_15s0048g00950,3,0.0015,Glutathione S-transferase Z2 GSTZ2,E2_5_1_18_GSTZ2,,vv10480Glutathione_metabolism,
834,VIT_07s0104g00190,3,0.0015,7S globulin precursor  basic,,,,
835,VIT_08s0056g00300,3,0.0015,Unknown,,,,
836,VIT_00s0574g00030,3,0.0015,Zinc finger (C3HC4-type ring finger),ZFC3HC4_241,,vv60078Other_zf-C3HC4,
837,VIT_12s0034g00520,3,0.0015,No hit,,,,
838,VIT_13s0067g02640,3,0.0015,Alpha-galactosidase precursor,E3_2_1_22,,vv10052Galactose_metabolism,vv10561Glycerolipid_metabolism
839,VIT_08s0056g00260,3,0.0015,Harpin-induced protein,,,,
840,VIT_16s0039g01670,3,0.0015,Cinnamoyl-CoA reductase,E1_2_1_44,,vv10940Phenylpropanoid_biosynthesis,
841,VIT_09s0070g00980,3,0.0015,Unknown,,,,
842,VIT_12s0028g03190,3,0.0015,Reticulon family protein,,,,
843,VIT_06s0004g04660,3,0.0015,No hit,,,,
844,VIT_06s0004g05930,3,0.0015,Proliferating cell nuclear antigen (PCNA),K04802,,vv23030DNA_replication,vv23410Base_excision_repair
845,VIT_07s0255g00150,3,0.0015,Kinase,,,,
846,VIT_08s0056g00240,3,0.0015,Unknown protein,,,,
847,VIT_19s0014g01620,3,0.0015,Ca2+-ATPase 13 ACA13  plasma membrane,K01537,,vv34020Calcium_signaling_pathway,vv50131Primary_active_transporter_cat_A2_to_A4
848,VIT_02s0025g04000,3,0.0015,Scarecrow transcription factor 29 (SCL29),SCL28,,vv60032GRAS,
849,VIT_12s0059g01900,3,0.0015,Unknown protein,,,,
850,VIT_14s0068g00690,3,0.0015,OTU cysteine protease,,,,
851,VIT_10s0092g00360,3,0.0015,VPS2.2 SNF7,VPS2_2,,vv50111Tethering_factors,
852,VIT_04s0008g05520,3,0.0015,Unknown protein,,,,
853,VIT_14s0006g01610,3,0.0015,PMI2 (plastid movement impaired 2),,,,
854,VIT_07s0129g00060,3,0.0015,Adenylylsulfate kinase,E2_7_1_25,,vv10230Purine_metabolism,vv10450Selenoamino_acid_metabolism
855,VIT_17s0000g02660,3,0.0015,Myb domain protein 6,MYB6_2,MYBC2-L2,vv60044MYB,
856,VIT_08s0058g01260,3,0.0014,No hit,,,,
857,VIT_09s0002g00190,3,0.0014,NBS-LRR type disease resistance protein,,,,
858,VIT_18s0001g10250,3,0.0014,NAC domain containing protein 19,NAC019_2,,vv60046NAC,
859,VIT_00s0515g00040,3,0.0014,R protein MLA10,K13475,,vv34627R_proteins_from_Plant-pathogen_interaction,
860,VIT_15s0046g03540,3,0.0014,No hit,,,,
861,VIT_18s0072g01010,3,0.0014,Peptide chain release factor eRF subunit 1,K03265,,vv23015mRNA_surveillance_pathway,
862,VIT_12s0142g00550,3,0.0014,R protein L6,K13477,,vv34627R_proteins_from_Plant-pathogen_interaction,
863,VIT_02s0025g03760,3,0.0014,Myosin-related,MYOSINR,,vv44810Regulation_of_actin_cytoskeleton,
864,VIT_09s0002g03360,3,0.0014,Calmodulin binding protein,,,,
865,VIT_17s0000g07300,3,0.0014,ATP synthase gamma chain  mitochondrial (ATPC),K02136,,vv10190Oxidative_phosphorylation,vv50131Primary_active_transporter_cat_A2_to_A4
866,VIT_02s0025g04910,3,0.0014,Growth-regulating factor 5,GRF5_3,,vv60033GRF,
867,VIT_06s0004g00810,3,0.0014,Unknown protein,,,,
868,VIT_17s0000g02920,3,0.0014,Glutathione S-transferase 25 GSTU7,E2_5_1_18_GSTU7,,vv10480Glutathione_metabolism,
869,VIT_06s0004g01340,3,0.0014,Esterase/lipase/thioesterase,,,,
870,VIT_04s0008g03480,3,0.0014,Beta-carotene 15 15'-monooxygenase,E1_14_99_36,,vv10906Carotenoid_biosynthesis,
871,VIT_04s0008g06310,3,0.0014,Octicosapeptide/Phox/Bem1p (PB1) domain-containing protein,BEM1P,,vv50132Primary_active_transporter_cat_A5_to_A8,
872,VIT_06s0004g07220,3,0.0014,Indole-3-acetate beta-glucosyltransferase,E2_4_1_121,,vv11002Auxin_biosynthesis,
873,VIT_19s0090g01050,3,0.0014,Endo-beta-1 4-glucanase,E3_2_1_4,,vv40006Cell_wall,
874,VIT_00s0199g00030,3,0.0014,Ubiquitin-specific protease 16,,,,
875,VIT_08s0007g00210,3,0.0014,Unknown protein,,,,
876,VIT_00s0187g00090,3,0.0014,No hit,,,,
877,VIT_06s0004g00370,3,0.0014,Hcr2-p4.1,,,,
878,VIT_00s0332g00100,3,0.0014,No hit,,,,
879,VIT_09s0018g01340<br>VIT_09s0018g01360,3,0.0014,
880,VIT_17s0000g07530,3,0.0014,Transportin-SR,TRANSPORTINSR,,vv50112Nuclear_pore_complex,
881,VIT_00s0301g00040,3,0.0014,Glycine-rich protein,,,,
882,VIT_18s0089g01270,3,0.0014,Heat shock protein precursor 22.0 kDa class IV,K13993,,vv24141Protein_processing_in_endoplasmic_reticulum,
883,VIT_19s0090g00330,3,0.0014,1-acyl-sn-glycerol-3-phosphate acyltransferase,E2_3_1_51,,vv10561Glycerolipid_metabolism,vv10564Glycerophospholipid_metabolism
884,VIT_15s0021g02800,3,0.0014,No hit,,,,
885,VIT_12s0034g00250,3,0.0014,Aquaporin PIP1A,PIP1A,,vv50101Channels_and_pores,
886,VIT_19s0014g01470,3,0.0014,Thioredoxin TTL1 (Tetratricopetide-repeat thioredoxin-like 1),TTL1,,vv50132Primary_active_transporter_cat_A5_to_A8,
887,VIT_19s0085g00660,3,0.0014,No hit,,,,
888,VIT_00s2887g00010,3,0.0014,Syntaxin 52,K08503,,vv24130SNARE_interactions_in_vesicular_transport,
889,VIT_13s0019g01830,3,0.0014,Calmodulin binding protein,,,,
