Vv_m2,2000,1000,VIT_10s0116g01880
rank,node,Fabs,Frel,Functional-annotation,Name-EC-KeggID,Updated-name,Network1,Network2
1,VIT_10s0116g01870,2080,1.0000,MATE efflux family protein,MATE,,vv50125Porters_cat_66_to_94,
2,VIT_10s0116g01580,2076,1.0000,No hit,,,,
3,VIT_18s0001g02600,2072,0.9986,Ribosomal protein S1  30S,K02945,,vv23010Ribosome,
4,VIT_01s0010g01870,2069,0.9981,Salicylic acid-induced fragment 1 protein,,,,
5,VIT_11s0037g01400,2066,0.9981,Zinc finger (C3HC4-type ring finger),ZFC3HC4_80,,vv60078Other_zf-C3HC4,
6,VIT_11s0016g04140,2063,0.9981,No hit,,,,
7,VIT_01s0011g01890,2067,0.9971,Glutathione S-transferase  C-terminal,E2_5_1_18,,vv10480Glutathione_metabolism,
8,VIT_08s0056g01070,2057,0.9956,MATE efflux family protein,MATE,,vv50125Porters_cat_66_to_94,
9,VIT_08s0007g00920,2045,0.9946,Tropinone reductase,E1_1_1_206,,vv10220Urea_cycle_and_metabolism_of_amino_groups,
10,VIT_12s0142g00640,2059,0.9937,FLS2 (flagellin-sensitive 2),K13420,,vv34626Plant-pathogen_interaction,
11,VIT_00s0532g00050,2060,0.9928,Basic helix-loop-helix ILR3,ILR3_4,,vv11002Auxin_biosynthesis,vv60011BHLH
12,VIT_12s0059g01870,2047,0.9918,GH3-like protein,AUXINBIOSYNTHESIS_GH3,,vv11002Auxin_biosynthesis,
13,VIT_02s0025g02680,2045,0.9903,Growth-regulating factor 5,GRF5_1,,vv60033GRF,
14,VIT_13s0067g02390,2045,0.9894,Unknown,,,,
15,VIT_08s0058g01320,2047,0.9875,Unknown,,,,
16,VIT_05s0049g01010,2022,0.9873,Myb domain protein 14,MYB14_4,MYB13,vv60044MYB,
17,VIT_04s0023g00700,2024,0.9864,Serine carboxypeptidase S10,,,,
18,VIT_13s0019g02810,2038,0.9845,Glucuronosyl transferase,E2_4_1_17,,vv10040Pentose_glucuronate_interconversion,vv10500Starch_and_sucrose_metabolism
19,VIT_18s0001g12680,2015,0.9810,Unknown protein,,,,
20,VIT_19s0015g00510,2012,0.9748,Pectate lyase 2,E4_2_2_2,,vv40006Cell_wall,
21,VIT_08s0007g05400,2007,0.9710,Unknown protein,,,,
22,VIT_08s0056g01130,1982,0.9626,Mini zinc finger 2 MIF2,MIF2_2,,vv60068Zf-HD,
23,VIT_14s0066g02270,1986,0.9622,Endonuclease/exonuclease/phosphatase family protein,E3_1_30_x,,,
24,VIT_01s0182g00130,1990,0.9586,PHO1-like protein,PHO1,,vv50125Porters_cat_66_to_94,
25,VIT_12s0134g00010,1983,0.9584,Phototropic-responsive NPH3 protein,,,,
26,VIT_08s0032g00790,1974,0.9559,ABC transporter G member 4,K05680,,vv52010ABC_transporters,
27,VIT_10s0042g00190,1952,0.9531,No hit,,,,
28,VIT_10s0003g03090,1963,0.9501,3-beta hydroxysteroid dehydrogenase,E1_1_1_145,,vv10140C21-Steroid_hormone_metabolism,
29,VIT_01s0150g00240,1955,0.9481,No hit,,,,
30,VIT_19s0014g05000,1963,0.9465,Zinc finger (C2H2 type) family,C2H2FAM_16,,vv60017C2H2,
31,VIT_14s0006g01780,1941,0.9336,Copper-binding family protein,,,,
32,VIT_08s0105g00400,1916,0.9319,GT-1-like transcription factor,GT1L,,vv60062Trihelix,
33,VIT_04s0008g05520,1936,0.9312,Unknown protein,,,,
34,VIT_12s0134g00140,1912,0.9291,R-linalool synthase,E4_2_3_26,,vv10900Terpenoid_biosynthesis,
35,VIT_11s0016g00880,1922,0.9290,Strictosidine synthase; Soluble quinoprotein glucose dehydrogenase,E4_3_3_2,,vv10900Terpenoid_biosynthesis,vv10902Monoterpenoid_biosynthesis
36,VIT_09s0002g00210,1914,0.9237,Endonuclease,E3_1_30_x,,,
37,VIT_04s0008g01290,1891,0.9149,CGA1 (cytokinin-responsive GATA factor 1),CGA1,,vv30007Cytokinin_signaling,vv60016C2C2-GATA
38,VIT_18s0001g14910,1879,0.9099,Mannitol dehydrogenase,E1_1_1_67,,vv10051Fructose_and_mannose_metabolism,
39,VIT_11s0016g01780,1865,0.8992,HAB1 (homology toABI1),HAB1,,vv30001ABA_signaling,
40,VIT_06s0004g01550,1862,0.8982,Phosphoribosylanthranilate transferase,E2_4_2_18,,vv10400Phenylalanine_tyrosine_and_tryptophan_biosynthesis,
41,VIT_01s0026g02590,1858,0.8972,Calcium-binding protein CML,K13448,,vv34626Plant-pathogen_interaction,
42,VIT_07s0005g05260<br>VIT_07s0005g05230,1854,0.8935,
43,VIT_09s0002g01450,1857,0.8932,Unknown protein,,,,
44,VIT_00s1356g00010,1843,0.8908,Zinc finger (C2H2 type) family,C2H2FAM_15,,vv60017C2H2,
45,VIT_05s0020g02200,1845,0.8896,Inosine-uridine preferring nucleoside hydrolase,E3_2_2_1,,vv10230Purine_metabolism,vv10760Nicotinate_and_nicotinamide_metabolism
46,VIT_08s0058g01260,1836,0.8861,No hit,,,,
47,VIT_07s0151g00010,1822,0.8828,No hit,,,,
48,VIT_01s0150g00060,1815,0.8777,SOUL heme-binding,,,,
49,VIT_09s0002g02330,1823,0.8735,Nucleosome/chromatin assembly factor group A,,,,
50,VIT_14s0068g01880,1801,0.8646,No hit,,,,
51,VIT_13s0067g00400,1792,0.8636,Anthranilate synthase alpha 1,E4_1_3_27,,vv10400Phenylalanine_tyrosine_and_tryptophan_biosynthesis,
52,VIT_11s0016g03840,1793,0.8628,No hit,,,,
53,VIT_11s0016g01310,1773,0.8619,TT2 (transparent testa 2),TT2_5,MYBPA4,vv44110Cell_cycle,vv60044MYB
54,VIT_07s0005g05180,1776,0.8551,No hit,,,,
55,VIT_06s0004g05730,1756,0.8545,Universal stress protein (USP) family protein,,,,
56,VIT_01s0011g03080,1742,0.8411,Methionine aminopeptidase 1B  chloroplast precursor,E3_4_11_18,,,
57,VIT_12s0059g02310,1727,0.8327,PDF2 (protodermal factor2),PDF2_4,VvHB44,vv60034HB,
58,VIT_06s0004g06890,1708,0.8267,Potassium transporter (KUP1),KUP1,,vv50125Porters_cat_66_to_94,
59,VIT_11s0016g02260,1703,0.8239,Unknown,,,,
60,VIT_08s0007g09000,1702,0.8238,Glycerol-3-phosphate dehydrogenase,E1_1_1_8,,vv10564Glycerophospholipid_metabolism,
61,VIT_19s0014g00080,1692,0.8166,Steroid 5alpha-reductase,K09591,,vv10905Brassinosteroid_biosynthesis,
62,VIT_01s0026g01400,1689,0.8144,Unknown protein,,,,
63,VIT_02s0033g01380,1680,0.8143,Alternative oxidase 1D,AOX1D,,vv30001ABA_signaling,
64,VIT_17s0000g06320,1678,0.8138,Endonuclease,E3_1_30_x,,,
65,VIT_08s0040g00830,1670,0.8064,Proton-dependent oligopeptide transport (POT) family protein,POT,,vv50122Porters_cat_7_to_17,
66,VIT_17s0000g05620,1647,0.7937,Integral membrane HPP family protein,,,,
67,VIT_01s0146g00410,1628,0.7880,GEM-like protein 5,,,,
68,VIT_08s0040g02730,1627,0.7864,Exocyst subunit EXO70 H4,EXO70H4,,vv50111Tethering_factors,
69,VIT_14s0060g02390,1629,0.7832,SRC2/SRC2 (soybean gene regulated BY cold-2),,,,
70,VIT_14s0068g00400,1610,0.7800,Hydrolase  alpha/beta fold family,,,,
71,VIT_11s0016g03500,1602,0.7769,Unknown protein,,,,
72,VIT_13s0067g03890,1609,0.7758,Beta-ketoacyl-CoA synthase,E2_3_1_41,,vv10061Fatty_acid_biosynthesis,
73,VIT_12s0057g01450,1596,0.7755,Subtilisin protease,,,,
74,VIT_09s0002g05200,1590,0.7707,Phosphoribulokinase/uridine kinase,E2_7_1_48,,vv10240Pyrimidine_metabolism,
75,VIT_13s0019g02700,1581,0.7675,MEE60 (maternal effect embryo arrest 60),,,,
76,VIT_17s0000g08210,1580,0.7666,Zinc finger (C3HC4-type ring finger),ZFC3HC4_103,,vv60078Other_zf-C3HC4,
77,VIT_18s0089g01410,1565,0.7597,Purine permease 4 PUP4,PUP4,,vv50122Porters_cat_7_to_17,
78,VIT_06s0009g02010,1564,0.7570,Anthocyanin 3-O-galactosyltransferase,E2_4_1_115,,vv10942Anthocyanin_biosynthesis,
79,VIT_12s0134g00670,1565,0.7568,Anthocyanin 5-aromatic acyltransferase,E2_3_1_153,,vv10941Flavonoid_biosynthesis,vv10942Anthocyanin_biosynthesis
80,VIT_03s0038g03600,1558,0.7545,Serine/threonine kinase,,,,
81,VIT_15s0048g02510,1549,0.7519,Basic helix-loop-helix (bHLH) family,BHLHDOM_35,,vv60011BHLH,
82,VIT_13s0019g02500,1547,0.7513,No hit,,,,
83,VIT_05s0124g00100,1539,0.7453,Unknown,,,,
84,VIT_16s0039g00740,1538,0.7416,Histone-lysine N-methyltransferase ASHH3,E2_1_1_43ASHH3_1,,vv10300Lysine_biosynthesis,vv60056SET_PCG
85,VIT_05s0062g00640,1525,0.7396,UDP-glucose:flavonoid 7-O-glucosyltransferase,E2_4_1_237,,vv10941Flavonoid_biosynthesis,
86,VIT_16s0100g00480,1531,0.7385,Dihydrodipicolinate reductase,E1_3_1_26,,vv10300Lysine_biosynthesis,
87,VIT_14s0060g01050,1519,0.7374,Pentatricopeptide (PPR) repeat-containing protein,,,,
88,VIT_00s0184g00140,1509,0.7343,No hit,,,,
89,VIT_19s0014g03350,1509,0.7297,Peptidyl-prolyl cis-trans isomerase TLP38  chloroplast,K01802,,,
90,VIT_18s0001g13080,1513,0.7271,Unknown protein,,,,
91,VIT_14s0068g02010,1513,0.7260,IMP dehydrogenase/GMP reductase,E1_1_1_205,,vv10230Purine_metabolism,
92,VIT_18s0166g00220,1484,0.7162,No hit,,,,
93,VIT_01s0011g04710,1469,0.7131,Copper-binding family protein,,,,
94,VIT_18s0164g00080,1471,0.7089,Laccase,E1_10_3_2,,vv11000Single_reactions,vv50109Incompletely_characterized_transport_systems
95,VIT_08s0007g03540,1461,0.7082,Anthocyanin membrane protein 1 (Anm1),ANM1,,vv50122Porters_cat_7_to_17,
96,VIT_18s0164g00100,1453,0.7057,Laccase,E1_10_3_2,,vv11000Single_reactions,vv50109Incompletely_characterized_transport_systems
97,VIT_14s0068g00280,1465,0.7053,Unknown protein,,,,
98,VIT_16s0050g00020,1453,0.7040,Cullin-4,K10609,,vv23420Nucleotide_excision_repair,vv24120Ubiquitin_mediated_proteolysis
99,VIT_09s0002g03130,1450,0.6981,FRK1 (FLG22-induced receptor-like kinase 1),FRK1,,vv34626Plant-pathogen_interaction,
100,VIT_04s0069g01120,1435,0.6963,Acyl-activating enzyme 7,E6_2_1_3,,vv10071Fatty_acid_metabolism,vv50104Group_translocators
101,VIT_11s0016g03030,1426,0.6929,Calmodulin binding protein,,,,
102,VIT_12s0028g03480,1431,0.6883,Wax synthase,E2_3_1_75,,vv11000Single_reactions,
103,VIT_16s0013g00400,1421,0.6881,No hit,,,,
104,VIT_18s0001g12310,1422,0.6837,Ovate family protein 7 OFP7,OFP7_2,,vv60086OFP,
105,VIT_06s0080g00800,1403,0.6807,Vesicle-associated membrane protein 714,K08515,,vv24130SNARE_interactions_in_vesicular_transport,vv50101Channels_and_pores
106,VIT_03s0038g00950,1407,0.6807,Auxin-responsive SAUR9,SAUR9,,vv30003Auxin_signaling,
107,VIT_14s0030g02170,1410,0.6785,Calcium-binding EF hand,,,,
108,VIT_02s0241g00060,1401,0.6775,Unknown protein,,,,
109,VIT_18s0001g14660,1386,0.6722,P-glycoprotein 13,PGP13,,vv52010ABC_transporters,
110,VIT_07s0005g03890,1383,0.6710,Transcription termination factor mitochondrial mTERF,MTERF_24,,vv60085MTERF,
111,VIT_19s0090g00730,1368,0.6673,No hit,,,,
112,VIT_04s0008g03200,1371,0.6636,Lachrymatory factor synthase,,,,
113,VIT_06s0009g02340,1365,0.6594,Tryptophan/tyrosine permease family,TRYTYRPERM,,vv50124Porters_cat_30_to_64,
114,VIT_15s0046g03230,1360,0.6573,Disease resistance protein RGA4,,,,
115,VIT_13s0019g00320,1358,0.6567,Photosystem II protein P PsbP,K02717,,vv10195Photosynthesis,vv50135Primary_active_transporter_cat_D3_to_E2
116,VIT_08s0007g06870,1368,0.6555,Zinc finger protein 8,ZFP8,,vv60017C2H2,
117,VIT_18s0001g00690,1342,0.6493,Glutathione S-transferase 8 GSTF8,E2_5_1_18_GSTF8,,vv10480Glutathione_metabolism,
118,VIT_15s0046g01960,1335,0.6437,Hydroquinone glucosyltransferase,E2_4_1_218,,vv10500Starch_and_sucrose_metabolism,
119,VIT_05s0020g00900,1329,0.6430,P-glycoprotein 4,PGP4,,vv52010ABC_transporters,
120,VIT_02s0012g01660,1291,0.6225,ATPase PGP2 (P-glycoprotein 2),PGP2,,vv52010ABC_transporters,
121,VIT_03s0017g01930,1282,0.6214,CYP97B2,,,,
122,VIT_12s0055g00810,1286,0.6192,Cationic peroxidase,E1_11_1_7,,vv10360Phenylalanine_metabolism,vv10680Methane_metabolism
123,VIT_09s0002g09280,1266,0.6146,Cysteine peptidase,E3_4_22_x,,,
124,VIT_09s0002g07930,1261,0.6142,Arogenate dehydrogenase 1  chloroplastic,E1_3_1_43,,vv10400Phenylalanine_tyrosine_and_tryptophan_biosynthesis,
125,VIT_19s0085g00850,1270,0.6135,LEM3 (ligand-effect modulator 3),LEM3,,vv50108Accessory_factors_involved_in_transport,
126,VIT_08s0040g00040,1264,0.6118,Ubiquitin-conjugating enzyme E2 D/E,K06689,,vv24120Ubiquitin_mediated_proteolysis,vv24141Protein_processing_in_endoplasmic_reticulum
127,VIT_10s0003g00620,1260,0.6111,Lipase GDSL,,,,
128,VIT_01s0010g00850,1260,0.6096,Menaquinone biosynthesis protein,K03183,,vv10130Ubiquinone_biosynthesis,
129,VIT_07s0031g02410,1255,0.6069,Unknown protein,,,,
130,VIT_02s0025g03940,1246,0.6008,Unknown protein,,,,
131,VIT_03s0017g01440,1236,0.5980,Berberine bridge enzyme,E1_21_3_3,,vv10950Alkaloid_biosynthesis_I,
132,VIT_07s0031g00750,1247,0.5975,MATE efflux family protein,MATE,,vv50125Porters_cat_66_to_94,
133,VIT_08s0040g02970,1237,0.5970,Protein phosphatase 2C,E3_1_3_16,,,
134,VIT_19s0015g01010,1224,0.5939,Farnesyl diphosphate synthase,E2_5_1_10,,vv10100Biosynthesis_of_steroids,vv10900Terpenoid_biosynthesis
135,VIT_16s0100g00870,1214,0.5896,No hit,,,,
136,VIT_10s0003g00600,1201,0.5859,Lipase GDSL,,,,
137,VIT_06s0004g02150,1202,0.5812,No hit,,,,
138,VIT_10s0003g01370,1182,0.5727,Unknown protein,,,,
139,VIT_18s0001g01750,1178,0.5724,No hit,,,,
140,VIT_07s0031g01560,1185,0.5700,Unknown protein,,,,
141,VIT_02s0025g00720,1174,0.5682,Transmembrane protein FT27/PFT27,PFT27,,vv50109Incompletely_characterized_transport_systems,
142,VIT_17s0000g00130,1163,0.5665,SEC14 cytosolic factor,SEC14,,vv50122Porters_cat_7_to_17,
143,VIT_06s0004g06550,1173,0.5648,DDB2 (damaged DNA-binding 2),K10140,,vv23420Nucleotide_excision_repair,vv24120Ubiquitin_mediated_proteolysis
144,VIT_09s0018g01650,1153,0.5605,Wrinkled1 (AP2/ERBP),WRINKLED1_1,VvAP2-06,vv30008Ethylene_signaling,vv60003AP2_EREBP
145,VIT_10s0116g00680,1161,0.5568,PDF2 (protodermal factor2),PDF2_2,VvHB35,vv60034HB,
146,VIT_03s0017g02220,1130,0.5483,Hydrolase  alpha/beta fold family protein,,,,
147,VIT_13s0084g00110,1126,0.5445,ABC transporter I member 8,ABCI8,,vv52010ABC_transporters,
148,VIT_08s0007g08960,1124,0.5443,Ca2+-transporting ATPase type 2 isoform 4,K01537,,vv34020Calcium_signaling_pathway,vv50131Primary_active_transporter_cat_A2_to_A4
149,VIT_11s0016g04350,1133,0.5434,Methyltransferase Met-10+ like family protein,K07055,,,
150,VIT_16s0050g01810,1122,0.5433,F-box protein,,,,
151,VIT_19s0027g00450,1117,0.5409,Pentatricopeptide (PPR) repeat-containing protein,,,,
152,VIT_18s0122g01240,1115,0.5407,Serine/threonine Protein kinase BNK1,,,,
153,VIT_00s0207g00010,1120,0.5400,Anthranilate N-benzoyltransferase protein 1,E2_3_1_144,,vv10400Phenylalanine_tyrosine_and_tryptophan_biosynthesis,
154,VIT_14s0030g02050,1120,0.5390,Auxin-induced protein PCNT115,AUXREG,,vv30003Auxin_signaling,
155,VIT_18s0164g00170<br>VIT_18s0164g00110,1112,0.5364,
156,VIT_14s0066g00400,1104,0.5346,Chalcone isomerase,E5_5_1_6,,vv10941Flavonoid_biosynthesis,
157,VIT_11s0016g03250,1095,0.5321,Lachrymatory factor synthase,,,,
158,VIT_04s0043g01010,1109,0.5319,Violaxanthin de-epoxidase,E1_10_99_3,,vv10906Carotenoid_biosynthesis,
159,VIT_14s0006g03100,1089,0.5297,No hit,,,,
160,VIT_01s0026g01640,1087,0.5284,Band 7 family,BAND7,,vv50108Accessory_factors_involved_in_transport,
161,VIT_18s0041g00430,1097,0.5251,Patellin-1,,,,
162,VIT_11s0037g01290,1087,0.5226,No hit,,,,
163,VIT_18s0001g10870,1076,0.5206,Patatin,,,,
164,VIT_18s0001g04180,1068,0.5174,Auxin response factor ARF17,ARF17,,vv30003Auxin_signaling,vv60004ARF
165,VIT_15s0046g02620,1064,0.5165,Beta-amylase 9 BMY9,E3_2_1_2,,vv10500Starch_and_sucrose_metabolism,
166,VIT_19s0015g01170,1070,0.5134,MYB divaricata,DIVARICATA_5,,vv30009Flower_development,vv60044MYB
167,VIT_10s0042g00350,1057,0.5126,No hit,,,,
168,VIT_18s0122g01250,1054,0.5089,No hit,,,,
169,VIT_03s0038g04210,1050,0.5085,Phototropin-2,K08282,,vv50101Channels_and_pores,
170,VIT_06s0004g01460<br>VIT_06s0004g01450,1037,0.5019,
171,VIT_18s0001g05950,1030,0.4990,Cis-zeatin O-beta-D-glucosyltransferase,E2_4_1_215,,vv10908Zeatin_biosynthesis,
172,VIT_13s0067g02910,1028,0.4973,Non-specific lipid-transfer protein,,,,
173,VIT_06s0009g01990,1028,0.4959,Anthocyanin 3-O-galactosyltransferase,E2_4_1_115,,vv10942Anthocyanin_biosynthesis,
174,VIT_01s0011g01900,1019,0.4947,Glutathione S-transferase  C-terminal,E2_5_1_18,,vv10480Glutathione_metabolism,
175,VIT_09s0002g06750,1021,0.4944,ERF/AP2 transcription factor sub B-6 SHINE,SHINE1_1,VvERF042,vv30008Ethylene_signaling,vv60003AP2_EREBP
176,VIT_01s0127g00340,1019,0.4939,Unknown,,,,
177,VIT_11s0016g00040,1018,0.4887,BRI1 (brassinosteroid insensitive 1),BRI1,,vv30005Brassinosteroids_signaling,
178,VIT_09s0002g04170,1006,0.4860,Acyl-CoA synthetases (Acyl-activating enzyme 13),E6_2_1_3,,vv10071Fatty_acid_metabolism,vv50104Group_translocators
179,VIT_10s0003g00780,1005,0.4860,Glutamate receptor 3.4,GLR3_4,,vv50101Channels_and_pores,
180,VIT_16s0022g02480,1003,0.4855,TCP family transcription factor TCP9,TCP9_3,,vv60061TCP,
181,VIT_17s0000g04680,1003,0.4843,Signal peptide peptidase SPPA,,,,
182,VIT_17s0000g06930,993,0.4818,Unfertilized embryo sac 10 UNE10,UNE10_3,,vv60011BHLH,
183,VIT_06s0009g01280,986,0.4791,No hit,,,,
184,VIT_13s0019g02880,982,0.4769,UDP-glucoronosyl/UDP-glucosyl transferase,,,,
185,VIT_17s0000g08990,989,0.4766,Alliinase,E4_4_1_4,,vv10272Cysteine_metabolism,
186,VIT_13s0074g00460,993,0.4760,No hit,,,,
187,VIT_06s0061g01540,986,0.4756,KCBP- interacting  protein kinase,,,,
188,VIT_12s0057g00590,986,0.4752,Vacuolar protein sorting 11 (VPS11),VPS11,,vv50111Tethering_factors,
189,VIT_06s0004g01770,972,0.4748,Acetyl-CoA carboxylase  biotin carboxylase,E6_4_1_2,,vv10061Fatty_acid_biosynthesis,vv10620Pyruvate_metabolism
190,VIT_05s0077g01030,984,0.4742,Unknown,,,,
191,VIT_18s0164g00040,981,0.4725,Unknown protein,,,,
192,VIT_04s0008g03230,970,0.4711,Unknown protein,,,,
193,VIT_03s0063g01730,953,0.4555,Viral-response family protein-like,,,,
194,VIT_11s0016g00120,930,0.4486,Omega-6 fatty acid desaturase  chloroplast (FAD6) (FADC),K10255,,vv11040Biosynthesis_of_unsaturated_fatty_acids,
195,VIT_18s0001g03470,922,0.4474,Flavonol synthase,E1_14_11_23,,vv10941Flavonoid_biosynthesis,
196,VIT_08s0058g00510,922,0.4463,MATE efflux family protein,MATE,,vv50125Porters_cat_66_to_94,
197,VIT_17s0000g09060,915,0.4433,Unknown,,,,
198,VIT_06s0004g07360,913,0.4408,Protein phosphatase 2C,E3_1_3_16,,,
199,VIT_09s0002g05270,910,0.4400,Gibberellin 3beta-hydroxylase3,E1_14_11_15,,vv10904Diterpenoid_biosynthesis,vv30001ABA_signaling
200,VIT_07s0129g00470,906,0.4394,Unknown protein,,,,
201,VIT_03s0091g01100,913,0.4381,Unknown protein,,,,
202,VIT_07s0104g00610,904,0.4373,Glutamine synthetase,E6_3_1_2,,vv10251Glutamate_metabolism,vv10550Peptidoglycan_biosynthesis
203,VIT_08s0056g00800,897,0.4354,Myb domain protein 60,MYB60,MYB60,vv60044MYB,
204,VIT_07s0129g00380,890,0.4327,Phototropic-responsive NPH3,BTBNPH3_1,,vv60093TRAF,
205,VIT_14s0066g01210,890,0.4322,Carbonic anhydrase  chloroplast precursor,E4_2_1_1,,vv10910Nitrogen_metabolism,vv50124Porters_cat_30_to_64
206,VIT_00s0475g00020,884,0.4285,Zinc finger (C3HC4-type ring finger),,,,
207,VIT_14s0066g00310,875,0.4239,Unknown protein,,,,
208,VIT_18s0001g09550,869,0.4184,Receptor kinase TRKe,,,,
209,VIT_13s0067g02340,863,0.4147,Proton-dependent oligopeptide transport (POT) family protein,POT,,vv50122Porters_cat_7_to_17,
210,VIT_18s0001g14990,857,0.4130,Dual-specific kinase DSK1,,,,
211,VIT_06s0009g01920,852,0.4128,No hit,,,,
212,VIT_09s0018g00400,854,0.4082,Unknown protein,,,,
213,VIT_01s0026g02600,839,0.4049,Myb domain protein 105,MYB105_2,MYB165,vv60044MYB,
214,VIT_04s0008g03560,835,0.4026,Lactoylglutathione lyase,E4_4_1_5,,vv10620Pyruvate_metabolism,
215,VIT_11s0016g02210,830,0.4021,GATA transcription factor 24,GAT24,,vv60016C2C2-GATA,
216,VIT_14s0006g01610,831,0.4013,PMI2 (plastid movement impaired 2),,,,
217,VIT_05s0102g00370,815,0.3960,Receptor protein kinase (ACR4),,,,
218,VIT_05s0020g02460,812,0.3919,Cobalt ion transporter,K02008,,vv52010ABC_transporters,
219,VIT_09s0054g01340,808,0.3915,Beta-amyrin synthase,E5_4_99_BAS,,vv10900Terpenoid_biosynthesis,
220,VIT_14s0128g00050,798,0.3868,Thylakoid lumenal 18.3 kDa protein,,,,
221,VIT_03s0063g00410,797,0.3843,Alpha-amylase,E3_2_1_1,,vv10500Starch_and_sucrose_metabolism,
222,VIT_07s0129g00680,775,0.3744,Pentatricopeptide (PPR) repeat-containing protein,,,,
223,VIT_17s0000g00120,777,0.3737,Exostosin,K02366,,vv11030Glycan_structures-biosynthesis1,
224,VIT_03s0110g00100,770,0.3722,CYP86A8,,,,
225,VIT_00s1450g00010,760,0.3657,Protease Do-like 5,,,,
226,VIT_04s0043g00560,753,0.3632,DD1A protein,,,,
227,VIT_15s0046g03240,747,0.3617,Unknown protein,,,,
228,VIT_02s0012g00660,745,0.3594,Calcium-binding EF-hand,,,,
229,VIT_00s0216g00030,737,0.3560,Nuclear transport factor 2 (NTF2),NTF2,,vv50133Primary_active_transporter_cat_A9_to_A18,
230,VIT_14s0108g01080,728,0.3534,Myb domain protein 106,MYB106_2,MYB141,vv60044MYB,
231,VIT_13s0084g00670,728,0.3524,Unknown protein,,,,
232,VIT_15s0021g00990,726,0.3497,LOL3 (LSD ONE like 3),LOL3,,,
233,VIT_00s0286g00130,721,0.3475,S-locus lectin protein kinase,,,,
234,VIT_12s0034g01580,711,0.3453,R protein MLA10,K13475,,vv34627R_proteins_from_Plant-pathogen_interaction,
235,VIT_13s0019g00260,709,0.3448,Photosystem II reaction center PsbP,K02717,,vv10195Photosynthesis,vv50135Primary_active_transporter_cat_D3_to_E2
236,VIT_06s0004g00280,712,0.3443,Ent-kaurenoic acid 13-hydroxylase,E1_14_13_79,,vv10904Diterpenoid_biosynthesis,
237,VIT_08s0007g02770,708,0.3404,IAA-amino acid hydrolase 1 (ILR1),K01463,,vv11002Auxin_biosynthesis,
238,VIT_01s0011g05850,706,0.3401,SEC14 cytosolic factor,SEC14,,vv50122Porters_cat_7_to_17,
239,VIT_11s0016g01700,700,0.3382,Unknown protein,,,,
240,VIT_03s0038g00740,686,0.3309,GC1 (GIANT chloroplast 1),GC1,,vv44110Cell_cycle,
241,VIT_17s0000g00500,681,0.3301,Serine C-palmitoyltransferase,E2_3_1_50,,vv10600Sphingolipid_metabolism,
242,VIT_09s0070g00260,674,0.3281,No hit,,,,
243,VIT_07s0005g06410,675,0.3248,High-affinity K+ transporter 1 (HKT1),HKT1,,vv50124Porters_cat_30_to_64,
244,VIT_09s0018g01010,664,0.3220,No hit,,,,
245,VIT_13s0073g00140,664,0.3197,Ovate family protein 13 OFP13,OFP13_2,,vv60086OFP,
246,VIT_11s0016g02120,659,0.3185,Density-regulated protein DRP1,,,,
247,VIT_12s0028g00960,656,0.3160,Phytoene synthase  chloroplast precursor,E2_5_1_32,,vv10100Biosynthesis_of_steroids,vv10900Terpenoid_biosynthesis
248,VIT_04s0008g05490,657,0.3156,L-ascorbate peroxidase.,E1_11_1_11,,vv10053Ascorbate_and_aldarate_metabolism,
249,VIT_15s0048g02880,647,0.3138,Ubiquitin thiolesterase,,,,
250,VIT_04s0044g01540,646,0.3134,UDP-glucuronic acid:anthocyanin glucuronosyltransferase,E2_4_1_236,,vv10941Flavonoid_biosynthesis,
251,VIT_01s0026g00480,649,0.3131,Nodulin,,,,
252,VIT_02s0025g04550,650,0.3123,Glucose-methanol-choline (GMC) oxidoreductase,E1_1_99_1,,vv10260Glycine_serine_and_threonine_metabolism,
253,VIT_02s0033g01340,636,0.3075,Unknown protein,,,,
254,VIT_03s0017g01570,634,0.3075,FAD-binding domain-containing protein,,,,
255,VIT_04s0008g01030,634,0.3072,Unknown protein,,,,
256,VIT_14s0030g00430,633,0.3064,Unknown protein,,,,
257,VIT_05s0020g02970,632,0.3062,RANGAP2 (RAN GTPASE activating protein 2),K14319_2,,vv23013RNA_transport,vv50112Nuclear_pore_complex
258,VIT_04s0023g01550,619,0.3000,Unknown,,,,
259,VIT_01s0026g01690,622,0.2995,Ethylene-responsive transcription factor WRINKLED 1,WRINKLED1_4,VvAP2-08,vv30008Ethylene_signaling,vv60003AP2_EREBP
260,VIT_11s0016g04080,619,0.2989,Multiprotein-bridging factor 1c MBF1C,MBF1C_1,,vv30008Ethylene_signaling,vv60043MBF1
261,VIT_08s0007g00700,616,0.2973,PCS1 (promotion of cell survival1) peptidase,,,,
262,VIT_12s0057g01260,611,0.2933,Unknown protein,,,,
263,VIT_06s0004g03030,597,0.2911,Nuclear transcription factor Y subunit B related,NFYBREL_2,,vv60021CCAAT,
264,VIT_00s0587g00010,599,0.2902,Replication factor A 1  rfa1,K07466,,vv23030DNA_replication,vv23420Nucleotide_excision_repair
265,VIT_14s0030g01340,601,0.2902,Beta-ketoacyl-CoA synthase,E2_3_1_41,,vv10061Fatty_acid_biosynthesis,
266,VIT_13s0067g01590,600,0.2897,Lectin protein kinase,,,,
267,VIT_00s0264g00060,596,0.2881,Unknown,,,,
268,VIT_07s0129g00670,581,0.2814,Zinc finger protein 4,ZFP4_4,,vv60017C2H2,
269,VIT_18s0001g11790,582,0.2808,Inositol polyphosphate 5-phosphatase,E3_1_3_56,,vv10562Inositol_phosphate_metabolism,vv34070Phosphatidylinositol_signaling_system
270,VIT_18s0001g01660,577,0.2793,NADH dehydrogenase I subunit M,K05584,,vv10190Oxidative_phosphorylation,vv50134Primary_active_transporter_cat_D1
271,VIT_02s0012g02030,578,0.2782,Homeobox-7,VVHB7_1,VvHB09,vv60034HB,
272,VIT_01s0010g03580,568,0.2752,Asynaptic 1 ASY1,ASY1,,vv44110Cell_cycle,
273,VIT_14s0030g01440,566,0.2745,EDR1 (Enhanced disease resistance 1),,,,
274,VIT_18s0001g08690,566,0.2745,Unknown,,,,
275,VIT_06s0061g01550,568,0.2736,No hit,,,,
276,VIT_19s0090g00400,562,0.2716,Zinc finger (C3HC4-type ring finger),ZFC3HC4_83,,vv60078Other_zf-C3HC4,
277,VIT_17s0000g03940,562,0.2706,ferulate 5-hydroxylase,K09755,,vv10940Phenylpropanoid_biosynthesis,
278,VIT_13s0074g00390,558,0.2687,CYP77A2,,,,
279,VIT_06s0080g00970,557,0.2682,NAC domain-containing protein 40,NAC040,VvNAC67,vv60046NAC,
280,VIT_18s0001g10060,552,0.2673,LRX1 (leucine-rich repeat/extensin 1),EXTENSIN,,vv40006Cell_wall,
281,VIT_00s0218g00100,547,0.2648,Metal transporter Nramp6,NRAMP6,,vv50124Porters_cat_30_to_64,
282,VIT_07s0005g00100,546,0.2628,LPA1 (LOW PSII accumulation1),,,,
283,VIT_07s0031g01370,533,0.2581,flavonoid 3-monooxygenase,E1_14_13_21,,vv10941Flavonoid_biosynthesis,
284,VIT_16s0098g01510,534,0.2580,Histone-lysine N-methyltransferase ATXR6,E2_1_1_43ATXR6,,vv10300Lysine_biosynthesis,vv60048PHD
285,VIT_14s0108g01340,532,0.2573,Pentatricopeptide (PPR) repeat,,,,
286,VIT_19s0085g01150,530,0.2570,Isocitrate dehydrogenase  chloroplast precursor,E1_1_1_42,,vv10020Citrate_cycle,vv10720Reductive_carboxylate_cycle
287,VIT_09s0002g05830,528,0.2567,RPS5 (resistant to p. syringae 5),K13460,,vv34627R_proteins_from_Plant-pathogen_interaction,
288,VIT_05s0051g00330,528,0.2552,F-box domain containing protein,,,,
289,VIT_08s0058g00800,525,0.2544,Wound-induced protein WI12,,,,
290,VIT_15s0048g02680,528,0.2541,Calmodulin-binding region IQD17,,,,
291,VIT_04s0008g05440,523,0.2520,Ethylene-responsive transcription factor SHINE 3,SHINE3_1,VvERF044,vv30008Ethylene_signaling,vv60003AP2_EREBP
292,VIT_05s0094g00390,523,0.2520,Unknown protein,,,,
293,VIT_06s0004g03310,524,0.2512,Hydrolase  alpha/beta fold,,,,
294,VIT_08s0007g06250,521,0.2501,Strubbelig receptor family 2,,,,
295,VIT_13s0073g00430,515,0.2495,BZIP transcription factor,BZIPDOM_1,,vv60012BZIP,
296,VIT_08s0032g00050,511,0.2469,Acyl-activating enzyme 15,E6_2_1_3_AAE15,,vv10071Fatty_acid_metabolism,vv50104Group_translocators
297,VIT_05s0077g00450,508,0.2458,Ribosomal protein S1 30S,K02945,,vv23010Ribosome,
298,VIT_00s0207g00250,511,0.2457,No hit,,,,
299,VIT_07s0151g01000,507,0.2450,Photosystem I reaction center subunit II (PSAD),K02692,,vv10195Photosynthesis,vv50105Transport_electron_carriers
300,VIT_04s0008g02250,502,0.2415,Beta-ketoacyl-CoA synthase,E2_3_1_41,,vv10061Fatty_acid_biosynthesis,
301,VIT_19s0027g01650,489,0.2370,Unknown,,,,
302,VIT_17s0000g03780,491,0.2365,No hit,,,,
303,VIT_08s0007g04580,482,0.2339,UGT73C2 (UDP-glucosyl transferase 73C2),,,,
304,VIT_18s0001g01210,485,0.2334,Senescence-inducible chloroplast stay-green protein 2,,,,
305,VIT_12s0028g02930,475,0.2322,Isoflavone methyltransferase/ Orcinol O-methyltransferase 1 oomt1,E2_1_1_46,,vv10943Isoflavonoid_biosynthesis,
306,VIT_12s0059g00460,476,0.2307,No hit,,,,
307,VIT_06s0004g01510,476,0.2303,Lipoxygenase (LOX2),E1_13_11_12,,vv10592alpha-Linolenic_acid_metabolism,
308,VIT_18s0122g01080,475,0.2284,Calcium ion binding protein,,,,
309,VIT_01s0026g01970,468,0.2282,RNA-binding region RNP-1 (RNA recognition motif),,,,
310,VIT_19s0014g05010,465,0.2261,Unknown protein,,,,
311,VIT_19s0015g00290,467,0.2254,No hit,,,,
312,VIT_18s0001g01160,464,0.2247,Alcohol dehydrogenase,E1_1_1_1,,vv10010Glycolysis,vv10071Fatty_acid_metabolism
313,VIT_11s0016g04540,464,0.2239,ABC transporter G member 22,ABCG22,,vv52010ABC_transporters,
314,VIT_12s0035g01080,462,0.2234,Carotenoid isomerase 1  chloroplast precursor,K09835,,vv10906Carotenoid_biosynthesis,
315,VIT_08s0007g03360,461,0.2231,EMB1345 (embryo defective 1345),,,,
316,VIT_08s0007g00200,463,0.2231,Ankyrin repeat,K10380,,vv50108Accessory_factors_involved_in_transport,
317,VIT_05s0020g02680,461,0.2222,Zinc finger (C3HC4-type ring finger),ZFC3HC4_220,,vv60078Other_zf-C3HC4,
318,VIT_10s0003g02160,457,0.2215,Trehalose-phosphatase,E2_4_1_15,,vv10500Starch_and_sucrose_metabolism,
319,VIT_06s0004g02190,455,0.2202,Armadillo/beta-catenin repeat,,,,
320,VIT_06s0004g05480,447,0.2173,Translation initiation factor eIF-3 subunit 3,K03247,,vv23013RNA_transport,
321,VIT_06s0004g04590,445,0.2151,Epsin N-terminal homology (ENTH) domain-containing,ENTH,,vv50110Protein_coat,
322,VIT_17s0000g06460,443,0.2139,Zinc finger (C3HC4-type ring finger),ZFC3HC4_177,,vv60078Other_zf-C3HC4,
323,VIT_01s0011g03330,441,0.2119,Unknown protein,,,,
324,VIT_09s0002g02210,439,0.2111,Adhesion of calyx edges (ACE),,,,
325,VIT_09s0070g00780,435,0.2101,No hit,,,,
326,VIT_08s0007g00630,431,0.2099,No hit,,,,
327,VIT_08s0007g03230,436,0.2095,Unknown protein,,,,
328,VIT_17s0000g06270,430,0.2093,Malate dehydrogenase precursor,E1_1_1_37,,vv10020Citrate_cycle,vv10620Pyruvate_metabolism
329,VIT_14s0068g01520,428,0.2087,Double-stranded RNA-binding (DsRBD) domain-containing protein,,,,
330,VIT_02s0025g03640,429,0.2079,Cu2+-exporting ATPase HMA5 (heavy metal ATPase 5),K01533_HMA5,,vv50131Primary_active_transporter_cat_A2_to_A4,
331,VIT_01s0182g00050,428,0.2072,ribulose-1 5 bisphosphate carboxylase oxygenase large subunit N-methyltransferase,E2_1_1_127_1,,vv60056SET_PCG,
332,VIT_10s0597g00050,429,0.2070,Heat shock transcription factor B2A,HSFB2A_3,,vv60037HSF,
333,VIT_18s0001g15450,431,0.2069,Alcohol dehydrogenase 3,E1_1_1_1,,vv10010Glycolysis,vv10071Fatty_acid_metabolism
334,VIT_00s1205g00020,426,0.2065,Trehalose-phosphate synthase 1,E2_4_1_15,,vv10500Starch_and_sucrose_metabolism,
335,VIT_18s0001g10600,426,0.2052,Unknown,,,,
336,VIT_07s0104g01120,419,0.2012,Rac GTPase activating protein,RHOGAP,,vv50109Incompletely_characterized_transport_systems,
337,VIT_19s0177g00270,409,0.1984,Molecular chaperone DnaJ,K03686,,vv50132Primary_active_transporter_cat_A5_to_A8,
338,VIT_08s0058g01230,407,0.1980,Non-specific lipid-transfer protein,,,,
339,VIT_03s0088g00280,410,0.1978,Ribosomal RNA small subunit methyltransferase E,K09761,,,
340,VIT_18s0041g00420,403,0.1959,Patellin-5,,,,
341,VIT_00s0227g00150,406,0.1950,Unknown protein,,,,
342,VIT_03s0063g00550,402,0.1949,Fw2.2 ORFX,,,,
343,VIT_17s0000g06130,401,0.1941,Glutathione S-transferase 9 GSTU9,E2_5_1_18_GSTU9,,vv10480Glutathione_metabolism,
344,VIT_03s0017g02300,399,0.1932,Unknown protein,,,,
345,VIT_10s0116g01210,396,0.1919,Aspartyl protease,E3_4_23_40,,,
346,VIT_01s0011g02800,399,0.1916,RIC7 (ROP-interactive crib motif-containing protein 7),,,,
347,VIT_06s0004g01520,399,0.1915,Pentatricopeptide (PPR) repeat-containing,,,,
348,VIT_07s0104g00800,398,0.1908,Indole-3-acetic acid-amido synthetase GH3.6,AUXINBIOSYNTHESIS_GH3,,vv11002Auxin_biosynthesis,
349,VIT_10s0003g00980,392,0.1902,Unknown protein,,,,
350,VIT_02s0025g02180,394,0.1894,No hit,,,,
351,VIT_02s0033g00230,392,0.1889,Unknown protein,,,,
352,VIT_12s0055g00780,387,0.1876,VPS20.2 SNF7,VPS20_2,,vv50111Tethering_factors,
353,VIT_19s0015g00740,390,0.1872,Prefoldin,,,,
354,VIT_13s0019g02090,384,0.1859,Thylakoid lumenal 15 kDa protein 1,,,,
355,VIT_13s0019g01520,383,0.1853,Protease inhibitor/seed storage/lipid transfer protein (LTP),,,,
356,VIT_12s0134g00640,376,0.1820,Anthocyanidin 3-O-glucoside-6''-O-malonyltransferase,E2_3_1_171,,vv10942Anthocyanin_biosynthesis,
357,VIT_03s0038g02540,375,0.1812,Aborted microspores AMS,AMS_3,,vv60011BHLH,
358,VIT_14s0060g00850,373,0.1801,Thylakoid lumenal 21.5 kDa protein  chloroplast precursor,,,,
359,VIT_06s0004g08180,373,0.1794,Translation initiation factor eIF-2 beta subunit,K03238,,vv23013RNA_transport,
360,VIT_14s0128g00210,366,0.1772,Xyloglucanase inhibitor,,,,
361,VIT_11s0052g01600,365,0.1769,UDP-glucose flavonoid 3-O-glucosyltransferase 7,E2_4_1_91,,vv10941Flavonoid_biosynthesis,
362,VIT_14s0060g01300,367,0.1763,Universal stress protein (USP) family protein,,,,
363,VIT_14s0066g01730,360,0.1742,Cellulose synthase CSLC04,E2_4_1_12_CSLC04,,vv40006Cell_wall,
364,VIT_08s0007g00570,360,0.1732,WRKY DNA-binding protein 49,WRKY49,VvWRKY27,vv60066WRKY,
365,VIT_18s0001g10830,358,0.1731,Patatin,,,,
366,VIT_11s0016g01320,355,0.1717,Myb domain protein 13,MYB13,MYBPA2,vv60044MYB,
367,VIT_07s0005g03870,353,0.1704,Transcription termination factor mitochondrial mTERF,MTERF_22,,vv60085MTERF,
368,VIT_13s0084g00270,351,0.1696,Unknown protein,,,,
369,VIT_07s0005g00510,352,0.1693,Monoglyceride lipase,E3_1_1_23,,vv10561Glycerolipid_metabolism,
370,VIT_15s0046g00710,349,0.1682,Wax synthase,E2_3_1_75,,vv11000Single_reactions,
371,VIT_13s0019g02860,343,0.1667,UDP-glucoronosyl and UDP-glucosyl transferase,,,,
372,VIT_11s0016g03120,341,0.1646,TRNA/rRNA methyltransferase (SpoU),K02533,,,
373,VIT_01s0137g00070,342,0.1645,B-keto acyl reductase,,,,
374,VIT_18s0001g02200,337,0.1630,8-oxoguanine-DNA glycosylase (OGG1),K03660,,vv23410Base_excision_repair,
375,VIT_11s0052g01140,335,0.1619,Membrane protein,,,,
376,VIT_06s0004g01250,338,0.1613,Omega-6 fatty acid desaturase  endoplasmic reticulum (FAD2),K10256,,vv11040Biosynthesis_of_unsaturated_fatty_acids,
377,VIT_00s0965g00010,333,0.1611,Magnesium-chelatase subunit chlD  chloroplast precursor,E6_6_1_1,,vv10860Porphyrin_and_chlorophyll_metabolism,
378,VIT_09s0002g00790,333,0.1606,Beta-ketoacyl-ACP synthase II,E2_3_1_41,,vv10061Fatty_acid_biosynthesis,
379,VIT_07s0005g01790,332,0.1601,Acyl-CoA synthetase long-chain member 2,E6_2_1_3_LACS2,,vv10071Fatty_acid_metabolism,vv44146Peroxisome
380,VIT_12s0057g01030,330,0.1599,Glucose-6-phosphate 1-dehydrogenase 2  chloroplast precursor,E1_1_1_49,,vv10030Pentose_phosphate,vv10480Glutathione_metabolism
381,VIT_16s0039g00010,327,0.1584,ABC transporter G member 7,ABCG7,,vv52010ABC_transporters,
382,VIT_03s0038g03850,322,0.1562,PGPS/NH21,,,,
383,VIT_11s0016g01890,323,0.1561,Telomere repeat binding factor 1,TRB1_4,,vv60045MYBrelated,
384,VIT_13s0019g04260,322,0.1559,Monoglyceride lipase,E3_1_1_23,,vv10561Glycerolipid_metabolism,
385,VIT_19s0090g00710,317,0.1515,No hit,,,,
386,VIT_02s0025g02630,308,0.1501,Lipase GDSL,,,,
387,VIT_17s0000g00030,307,0.1486,Substrate carrier family mitochondrial,K03454,,vv50123Porters_cat_18_to_29,
388,VIT_10s0042g01030,307,0.1478,Carrier protein  Mitochondrial,K03454,,vv50123Porters_cat_18_to_29,
389,VIT_03s0097g00300,301,0.1458,Myosin-like protein XIK,MYOSINXIK,,vv44810Regulation_of_actin_cytoskeleton,
390,VIT_00s0145g00060,299,0.1455,No hit,,,,
391,VIT_07s0151g00110<br>VIT_07s0151g00190<br>VIT_07s0151g00250,302,0.1451,
392,VIT_12s0055g00820,299,0.1445,Serine carboxypeptidase II,,,,
393,VIT_18s0001g11620,294,0.1420,WAK receptor protein kinase,,,,
394,VIT_07s0005g00110,290,0.1413,Rapid ALkalinization Factor RALFL11,,,,
395,VIT_00s0220g00110,290,0.1408,Acetolactate synthase small subunit,E2_2_1_6,,vv10290Valine_leucine_and_isoleucine_biosynthesis,vv10650Butanoate_metabolism
396,VIT_16s0039g02930,289,0.1404,Unknown,,,,
397,VIT_03s0017g01400,289,0.1399,Adhesive/proline-rich protein,,,,
398,VIT_14s0006g00330,290,0.1396,No hit,,,,
399,VIT_14s0083g00630,289,0.1386,F-box domain containing protein,,,,
400,VIT_19s0090g01750,285,0.1378,Unknown protein,,,,
401,VIT_06s0004g00230,275,0.1329,WRKY DNA-binding protein 48,WRKY48_2,VvWRKY15,vv60066WRKY,
402,VIT_07s0005g06520,273,0.1323,No hit,,,,
403,VIT_11s0052g00800,272,0.1315,Protein kinase family,,,,
404,VIT_16s0098g01740,270,0.1310,Unknown protein,,,,
405,VIT_08s0032g01150,272,0.1308,Syntaxin 1B/2/3/4,K08486,,vv24130SNARE_interactions_in_vesicular_transport,vv50101Channels_and_pores
406,VIT_16s0098g01620,266,0.1289,Synbindin TRAPPC1,TRAPPC1,,vv50110Protein_coat,
407,VIT_07s0129g00710,263,0.1282,CYP81E1 Isoflavone 2'-hydroxylase,E1_14_13_89,,vv10943Isoflavonoid_biosynthesis,
408,VIT_18s0001g09710,263,0.1279,MRG,,,,
409,VIT_09s0002g03990,259,0.1255,Unknown protein,,,,
410,VIT_10s0071g00850,251,0.1211,Binding,,,,
411,VIT_06s0004g02750,251,0.1210,Auxin response factor 16,ARF16,,vv30003Auxin_signaling,vv60004ARF
412,VIT_08s0032g01000,251,0.1209,No hit,,,,
413,VIT_15s0021g02660,249,0.1197,F-box domain containing protein,,,,
414,VIT_13s0047g00510,247,0.1197,DNA gyrase subunit A,K02469,,,
415,VIT_14s0083g01200,244,0.1187,Nitrilase,E3_5_5_1,,vv10910Nitrogen_metabolism,vv11002Auxin_biosynthesis
416,VIT_06s0080g00680,242,0.1180,No hit,,,,
417,VIT_01s0010g02830,246,0.1180,No hit,,,,
418,VIT_03s0088g00070,244,0.1176,No hit,,,,
419,VIT_14s0060g01080,242,0.1176,ferroportin,FERROPORTIN,,vv50109Incompletely_characterized_transport_systems,
420,VIT_07s0129g00140,243,0.1173,Adenylylsulfate kinase,E2_7_1_25,,vv10230Purine_metabolism,vv10450Selenoamino_acid_metabolism
421,VIT_09s0054g01440,244,0.1172,Beta-amyrin synthase,E5_4_99_BAS,,vv10900Terpenoid_biosynthesis,
422,VIT_01s0011g01730,241,0.1172,ATPP2-A9 (Phloem protein 2-A9),,,,
423,VIT_14s0006g02990,241,0.1167,3-ketoacyl-CoA synthase,,,,
424,VIT_08s0032g00400,238,0.1152,Unknown,,,,
425,VIT_14s0066g00300,226,0.1098,Unknown,,,,
426,VIT_05s0020g02900,228,0.1097,Substrate carrier  Mitochondrial,K03454,,vv44146Peroxisome,vv50123Porters_cat_18_to_29
427,VIT_00s0214g00150,222,0.1079,F-box protein PP2-B1 (Protein phloem protein 2-like B1),,,,
428,VIT_07s0095g00790,222,0.1067,Homeodomain GLABROUS12,HDG12_1,,vv60034HB,
429,VIT_04s0008g04480,217,0.1049,Zinc finger (C3HC4-type ring finger),ZFC3HC4_124,,vv60078Other_zf-C3HC4,
430,VIT_00s0456g00020,216,0.1047,S-locus lectin protein kinase,,,,
431,VIT_01s0127g00860,212,0.1029,Aborted microspores AMS,AMS_1,,vv60011BHLH,
432,VIT_00s0179g00060,214,0.1028,Ankyrin,K10380,,,
433,VIT_14s0108g00910,209,0.1014,No hit,,,,
434,VIT_16s0013g00890,209,0.1009,Ethylene-responsive element binding factor,ERF1A,VvERF077,vv30008Ethylene_signaling,vv60003AP2_EREBP
435,VIT_08s0007g02000,206,0.1007,Glycerol-3-phosphate acyltransferase 8,E2_3_1_15,,vv10561Glycerolipid_metabolism,vv10564Glycerophospholipid_metabolism
436,VIT_16s0022g00840,207,0.0999,Invertase/pectin methylesterase inhibitor,PMEI,,vv40006Cell_wall,
437,VIT_03s0017g00920,200,0.0966,R protein  PRF  disease resistance protein,K13453,,vv34627R_proteins_from_Plant-pathogen_interaction,
438,VIT_18s0001g04600,199,0.0961,Glutaredoxin,,,,
439,VIT_11s0016g02340,196,0.0954,Cytidine deaminase,E3_5_4_5,,vv10240Pyrimidine_metabolism,
440,VIT_08s0007g02740,193,0.0929,IAA-amino acid hydrolase 1 (ILR1),K01463,,vv11002Auxin_biosynthesis,
441,VIT_01s0011g02860,190,0.0917,CHUP1 (chloroplast unusual positioning 1),CHUP1,,vv44810Regulation_of_actin_cytoskeleton,
442,VIT_05s0102g00880,187,0.0906,Strictosidine synthase,E4_3_3_2,,vv10900Terpenoid_biosynthesis,vv10902Monoterpenoid_biosynthesis
443,VIT_16s0022g02310,185,0.0891,Gibberellin 3-beta-dioxygenase.,E1_14_11_15,,vv10904Diterpenoid_biosynthesis,vv30001ABA_signaling
444,VIT_10s0071g01140,182,0.0881,Unknown protein,,,,
445,VIT_04s0008g02560,179,0.0870,AarF domain containing kinase,K08869,,,
446,VIT_17s0000g00330,181,0.0869,Inducer of CBF expression 1 ICE1,ICE1_3,,vv60011BHLH,
447,VIT_00s0762g00030,178,0.0863,S-locus lectin protein kinase,,,,
448,VIT_08s0058g01270,178,0.0859,Zinc finger (C3HC4-type ring finger),ZFC3HC4_94,,vv60078Other_zf-C3HC4,
449,VIT_11s0052g00440,177,0.0855,PIN1 auxin transport protein,PIN1,,vv50004Auxin_transport,vv50125Porters_cat_66_to_94
450,VIT_15s0024g00660,176,0.0849,Esterase,,,,
451,VIT_19s0027g01300,176,0.0847,Polygalacturonase PGA3,E3_2_1_15,,vv40006Cell_wall,
452,VIT_11s0065g00720,174,0.0844,Serine carboxypeptidase S10,,,,
453,VIT_11s0016g00420,170,0.0823,RED,,,,
454,VIT_01s0011g03490,171,0.0819,3-ketoacyl-CoA synthase,,,,
455,VIT_18s0001g06400,168,0.0818,No hit,,,,
456,VIT_19s0090g01840,168,0.0814,No hit,,,,
457,VIT_12s0059g00220,168,0.0807,Epoxide hydrolase,E3_3_2_10,,,
458,VIT_01s0026g00570,166,0.0805,Bet v I allergen,,,,
459,VIT_05s0094g00820,166,0.0798,Unknown protein,,,,
460,VIT_08s0007g07240,165,0.0793,Armadillo helical,,,,
461,VIT_19s0014g02290,163,0.0785,Ribosomal protein L11 methyltransferase,K02867,,vv23010Ribosome,
462,VIT_16s0098g01180,162,0.0780,Aldo/keto reductase,E1_1_1_21,,vv10040Pentose_glucuronate_interconversion,vv10051Fructose_and_mannose_metabolism
463,VIT_18s0001g09320,161,0.0776,Casein kinase II subunit alpha-2,K03097,,vv23008Ribosome_biogenesis_in_Eukaryotes,vv34710Circadian_rhythm
464,VIT_00s0988g00010,160,0.0774,CF9,,,,
465,VIT_10s0092g00050,158,0.0765,Ribosomal protein L17,K02879,,vv23010Ribosome,
466,VIT_17s0000g04450,159,0.0764,Phospholipid-transporting ATPase,K01530,,vv50131Primary_active_transporter_cat_A2_to_A4,
467,VIT_11s0016g03790,157,0.0759,No hit,,,,
468,VIT_12s0028g00480,157,0.0757,No hit,,,,
469,VIT_14s0060g01780,155,0.0752,Unknown protein,,,,
470,VIT_11s0016g03710,154,0.0750,Abl interactor protein 1 (ABIL1),,,,
471,VIT_08s0058g00350,154,0.0738,OAS high accumulation 1 OSH1,,,,
472,VIT_19s0015g01870,151,0.0729,WRKY DNA-binding protein 2,WRKY2_1,VvWRKY57,vv60066WRKY,
473,VIT_14s0171g00320,151,0.0726,Kelch repeat-containing protein,,,,
474,VIT_18s0001g11710,150,0.0724,Photosystem II PsbO protein,K02716,,vv10195Photosynthesis,vv50113Thylakoid_targeting_pathway
475,VIT_01s0146g00110,147,0.0713,Peptidyl-prolyl cis-trans isomerase B (cyclophilin B),K03768,,,
476,VIT_07s0005g03090,148,0.0712,Cyclin-dependent protein kinase CDT1A,CDT1A,,vv44110Cell_cycle,
477,VIT_11s0016g03070,144,0.0697,Hexokinase-2,E2_7_1_1,,vv10010Glycolysis,vv10051Fructose_and_mannose_metabolism
478,VIT_02s0025g04370,142,0.0691,S-N-methylcoclaurine 3'-hydroxylase,E1_14_13_71,,vv10950Alkaloid_biosynthesis_I,
479,VIT_08s0007g01660,142,0.0685,Chaperone protein dnaJ-related,K03686,,vv50132Primary_active_transporter_cat_A5_to_A8,
480,VIT_15s0045g00470,142,0.0685,Unknown,,,,
481,VIT_18s0001g12000,141,0.0677,Geranylgeranyl pyrophosphate synthetase 1  chloroplast precursor,E2_5_1_29,,vv10100Biosynthesis_of_steroids,vv10900Terpenoid_biosynthesis
482,VIT_14s0066g00890,135,0.0650,Cytochrome c oxidase subunit Vc,COX5C,,vv10190Oxidative_phosphorylation,
483,VIT_01s0011g04910,132,0.0642,Serine carboxypeptidase CPVL precursor,,,,
484,VIT_06s0061g00240,133,0.0639,ABC transporter G member 7,ABCG7,,vv52010ABC_transporters,
485,VIT_01s0010g03280,132,0.0636,Kinesin 4 motor protein,K10395,,vv44810Regulation_of_actin_cytoskeleton,
486,VIT_11s0065g00980,129,0.0625,Replication factor A 1  rfa1,K07466,,vv23030DNA_replication,vv23420Nucleotide_excision_repair
487,VIT_03s0038g00410,130,0.0622,Enhanced disease susceptibility 5 EDS5,EDS5,,vv30011Jasmonate_signaling,vv50125Porters_cat_66_to_94
488,VIT_02s0033g00880,127,0.0613,Ribosomal protein L8 (RPL8C) 60S,K02938,,vv23010Ribosome,
489,VIT_07s0005g04690,126,0.0610,7S globulin precursor  basic,,,,
490,VIT_16s0050g01440,126,0.0608,Unknown protein,,,,
491,VIT_17s0000g00930,126,0.0607,Unknown protein,,,,
492,VIT_03s0063g01880,121,0.0585,Acyl-CoA synthetase long-chain member 2,E6_2_1_3_LACS2,,vv10071Fatty_acid_metabolism,vv44146Peroxisome
493,VIT_00s0286g00100,120,0.0577,S-locus protein kinase,,,,
494,VIT_04s0008g01450,117,0.0562,Cyclopropane-fatty-acyl-phospholipid synthase,E2_1_1_79,,vv10271Methionine_metabolism,
495,VIT_12s0057g01000,116,0.0561,Unknown protein,,,,
496,VIT_06s0004g03210,116,0.0560,Unknown,,,,
497,VIT_05s0049g01450,116,0.0558,No hit,,,,
498,VIT_00s0225g00060,113,0.0550,MATE efflux family protein,MATE,,vv50125Porters_cat_66_to_94,
499,VIT_14s0128g00030,113,0.0546,Unknown protein,,,,
500,VIT_13s0067g02170,112,0.0544,Unknown protein,,,,
501,VIT_19s0027g01100,111,0.0540,No hit,,,,
502,VIT_01s0026g00700,111,0.0538,RNA recognition motif (RRM)-containing protein,,,,
503,VIT_14s0060g01940,111,0.0537,Epoxide hydrolase,E3_3_2_10,,,
504,VIT_16s0022g01710,111,0.0536,Ser/Thr receptor-like kinase1,,,,
505,VIT_04s0008g00880,109,0.0528,Homeobox gene 1,VVH1,VvHB12,vv60034HB,
506,VIT_07s0095g00710,107,0.0521,Bystin,,,,
507,VIT_16s0022g00830,108,0.0520,Pectin methylesterase inhibitor,PMEI,,vv40006Cell_wall,
508,VIT_00s2377g00010,107,0.0518,Unknown protein,,,,
509,VIT_06s0009g00970,107,0.0518,Thylakoid lumenal P17.1 protein,,,,
510,VIT_07s0005g04700,107,0.0516,Dihydroneopterin aldolase,E4_1_2_25,,vv10790Folate_biosynthesis,
511,VIT_11s0016g00130,103,0.0501,Omega-6 fatty acid desaturase  chloroplast (FAD6) (FADC),K10255,,vv11040Biosynthesis_of_unsaturated_fatty_acids,
512,VIT_14s0006g02840,101,0.0489,Catalytic,,,,
513,VIT_06s0004g07670,100,0.0486,Unknown protein,,,,
514,VIT_05s0020g00920,100,0.0485,Hydroxyproline-rich glycoprotein,HRGP,,vv40006Cell_wall,
515,VIT_03s0091g01140,100,0.0484,Meprin and TRAF homology domain-containing protein,,,,
516,VIT_04s0008g06300,99,0.0482,Leucine-rich repeat family,,,,
517,VIT_06s0004g03540,99,0.0481,MAPK (MPK3),MPK3,,vv30008Ethylene_signaling,vv34626Plant-pathogen_interaction
518,VIT_18s0001g10080,99,0.0480,Unknown protein,,,,
519,VIT_11s0118g00030,99,0.0479,Exostosin family protein,K02366,,vv11030Glycan_structures-biosynthesis1,
520,VIT_18s0001g00630,99,0.0476,No hit,,,,
521,VIT_18s0001g08800,97,0.0471,Lecithine cholesterol acyltransferase-like protein,E2_3_1_43,,vv10564Glycerophospholipid_metabolism,
522,VIT_04s0008g03590,96,0.0466,Phosphorylase,E2_4_1_1,,vv10500Starch_and_sucrose_metabolism,
523,VIT_12s0059g00240,95,0.0462,Epoxide hydrolase,E3_3_2_10,,,
524,VIT_06s0004g08290,95,0.0459,KH domain-containing protein,,,,
525,VIT_04s0023g00720,94,0.0455,Unknown protein,,,,
526,VIT_16s0022g02090,94,0.0455,Embryo-specific 3,,,,
527,VIT_01s0011g01760,93,0.0453,Lectin,,,,
528,VIT_18s0001g11810,92,0.0445,BEL1 homeobox 2 protein (BLH2) (SAWTOOTH 1),BLH2_2,,vv60034HB,
529,VIT_00s0187g00210,91,0.0441,Rho GDP-dissociation inhibitor 2,,,,
530,VIT_17s0000g10060,91,0.0440,Lipase GDSL,,,,
531,VIT_10s0003g04470,91,0.0440,Glutathione S-conjugate ABC transporter (MRP2),MRP2,,vv52010ABC_transporters,
532,VIT_10s0003g05750,90,0.0434,CYP89H3,,,,
533,VIT_16s0098g01730,88,0.0429,RWP-RK domain-containing protein,RWPRKDOM_6,,vv60052RWP-RK,
534,VIT_12s0035g01880,89,0.0429,Zinc finger homeobox 21,ZFHB21_3,,vv60068Zf-HD,
535,VIT_15s0046g01980,88,0.0427,UDP-glucosyltransferase,E2_4_1_81,,vv10941Flavonoid_biosynthesis,
536,VIT_03s0091g01200,88,0.0422,Sinapoylglucose:malate sinapoyltransferase (SNG1),E2_3_1_92,,vv10940Phenylpropanoid_biosynthesis,
537,VIT_13s0067g00730,87,0.0420,Carboxylic ester hydrolase,E3_1_1_1,,,
538,VIT_06s0009g03390,87,0.0419,No hit,,,,
539,VIT_11s0037g00330,87,0.0419,Unknown protein,,,,
540,VIT_15s0021g01690,86,0.0417,Calcium-binding protein,,,,
541,VIT_06s0061g00230,85,0.0410,ABC transporter G member 7,ABCG7,,vv52010ABC_transporters,
542,VIT_00s1674g00010,83,0.0400,4-nitrophenylphosphatase,E3_1_3_18,,vv10630Glyoxylate_and_dicarboxylate_metabolism,
543,VIT_09s0002g08590,80,0.0386,Pentatricopeptide (PPR) repeat-containing protein,,,,
544,VIT_16s0022g01490<br>VIT_00s2215g00010<br>VIT_16s0022g01520,79,0.0383,
545,VIT_02s0109g00440,78,0.0375,No hit,,,,
546,VIT_14s0030g02150,77,0.0372,Calmodulin,K02183,,vv34020Calcium_signaling_pathway,vv34626Plant-pathogen_interaction
547,VIT_01s0011g01880,77,0.0371,Unknown protein,,,,
548,VIT_14s0030g00420,76,0.0366,Inosine-uridine preferring nucleoside hydrolase family protein,E3_2_2_1,,vv10230Purine_metabolism,vv10760Nicotinate_and_nicotinamide_metabolism
549,VIT_13s0064g00740,75,0.0364,Lysine decarboxylase - like protein,E4_1_1_18,,vv10300Lysine_biosynthesis,
550,VIT_17s0000g01550,75,0.0360,AAA-type ATPase,FHAAAA_1,,vv60028FHA,
551,VIT_02s0025g01470,74,0.0358,Unknown protein,,,,
552,VIT_06s0004g00260,74,0.0358,Shoot1 protein,,,,
553,VIT_13s0064g01110,74,0.0357,No hit,,,,
554,VIT_03s0038g01330,73,0.0354,Anthranilate N-benzoyltransferase protein 1,E2_3_1_144,,vv10400Phenylalanine_tyrosine_and_tryptophan_biosynthesis,
555,VIT_07s0151g00650,73,0.0353,ABI3-interacting protein 2,AIP2,,vv30001ABA_signaling,
556,VIT_14s0108g00190,72,0.0348,Aldose 1-epimerase,E5_1_3_3,,vv10010Glycolysis,
557,VIT_14s0030g02090,71,0.0343,Calcium-transporting ATPase 12 ACA12,K01537,,vv34020Calcium_signaling_pathway,vv50131Primary_active_transporter_cat_A2_to_A4
558,VIT_13s0047g00390,71,0.0342,3-hydroxyisobutyryl-CoA hydrolase,E3_1_2_4,,vv10280Valine_leucine_and_isoleucine_degradation,vv10410Beta-alanine_metabolism
559,VIT_12s0028g03780,70,0.0338,Riboflavin synthase alpha chain,E2_5_1_9,,vv10740Riboflavin_metabolism,
560,VIT_08s0007g07140,69,0.0334,Esterase/lipase/thioesterase family protein,,,,
561,VIT_15s0045g01270,68,0.0330,No hit,,,,
562,VIT_14s0060g01000,66,0.0319,Werner Syndrome exonuclease (WEX),K01146,,,
563,VIT_05s0136g00140,66,0.0318,AarF domain containing kinase,K08869,,,
564,VIT_02s0236g00160,65,0.0315,Serine/threonine Phosphatase 7,,,,
565,VIT_07s0141g00040,65,0.0314,Protein phosphatase 2C,E3_1_3_16,,,
566,VIT_01s0011g01740,65,0.0313,Lectin,,,,
567,VIT_08s0105g00360,63,0.0306,PHD finger protein alfin,ALFINDOM2,,vv60002Alfin-like,
568,VIT_04s0044g01430,63,0.0306,Unknown protein,,,,
569,VIT_19s0014g01900,63,0.0304,Protein transport protein Sec24,K14007,,vv24141Protein_processing_in_endoplasmic_reticulum,vv50110Protein_coat
570,VIT_17s0000g06280,63,0.0303,Geranylgeranyl reductase,CHLP,,vv10100Biosynthesis_of_steroids,
571,VIT_00s0820g00020,62,0.0301,Anthocyanidine rhamnosyl-transferase,RHATR,,vv10942Anthocyanin_biosynthesis,
572,VIT_01s0011g03310,62,0.0301,Unknown protein,,,,
573,VIT_17s0000g05850,62,0.0300,ATATH1 (ABC2 homolog1),ATH1,,vv52010ABC_transporters,
574,VIT_04s0008g03650,61,0.0295,Embryonic flower 1,EMFL1,,vv30009Flower_development,
575,VIT_09s0002g06310,60,0.0291,No hit,,,,
576,VIT_03s0038g03810,60,0.0290,Serine/threonine Protein kinase BNK1,,,,
577,VIT_17s0000g02530,59,0.0286,Peptidyl-prolyl cis-trans isomerase FKBP-type,K01802,,,
578,VIT_09s0054g01690,59,0.0285,Transcription factor,,,,
579,VIT_14s0066g01000,57,0.0276,Phosphate/phosphoenolpyruvate translocator,PPTLREL,,vv50122Porters_cat_7_to_17,
580,VIT_13s0067g00450,56,0.0271,Pleckstriny (PH) domain-containing protein,,,,
581,VIT_07s0005g03880,55,0.0267,Transcription termination factor mitochondrial mTERF,MTERF_23,,vv60085MTERF,
582,VIT_03s0088g01150,55,0.0266,Squalene monooxygenase,E1_14_99_7,,vv10100Biosynthesis_of_steroids,vv10900Terpenoid_biosynthesis
583,VIT_00s0456g00040<br>VIT_00s0374g00030,55,0.0266,
584,VIT_02s0025g04930,55,0.0266,CDI3/OZS1/RCD3/SLAC1 (slow anion channel-associated 1),SLAC1,,vv50122Porters_cat_7_to_17,
585,VIT_03s0017g01330,55,0.0265,1 4-dihydroxy-2-naphthoate octaprenyltransferase,K02548,,vv10130Ubiquinone_biosynthesis,
586,VIT_07s0031g00520,55,0.0265,Unknown protein,,,,
587,VIT_02s0012g01250,54,0.0262,Carnitine/acylcarnitine carrier  Mitochondrial,BOU,,vv50123Porters_cat_18_to_29,
588,VIT_01s0137g00530,54,0.0261,Unknown,,,,
589,VIT_12s0059g02420,53,0.0257,Peroxidase ATP11A (gb|X98802).,E1_11_1_7,,vv10360Phenylalanine_metabolism,vv10680Methane_metabolism
590,VIT_12s0059g00940,53,0.0256,Cellulose synthase CSLB04,E2_4_1_12_CSLB04,,vv40006Cell_wall,
591,VIT_19s0014g03510,52,0.0253,ARF GTPase activator  ARF-GAP Domain 5,AGD5,,vv50110Protein_coat,
592,VIT_12s0034g02160,52,0.0252,Importin beta-2,K14293_2,,vv23013RNA_transport,vv50109Incompletely_characterized_transport_systems
593,VIT_18s0001g12010,51,0.0249,RUB1 conjugating enzyme,K10579,,vv24120Ubiquitin_mediated_proteolysis,vv30003Auxin_signaling
594,VIT_01s0011g06600,51,0.0247,Glutamate decarboxylase,E4_1_1_15,,vv10251Glutamate_metabolism,vv10252Alanine_and_aspartate_metabolism
595,VIT_02s0025g04410,51,0.0247,Beta-ketoacyl-CoA synthase,E2_3_1_41,,vv10061Fatty_acid_biosynthesis,
596,VIT_11s0103g00760,50,0.0241,CIA2 (chloroplast import apparatus 2),CIA2,,vv60070Orphans_CCT,
597,VIT_09s0002g03030,50,0.0241,FRK1 (FLG22-induced receptor-like kinase 1),FRK1,,vv34626Plant-pathogen_interaction,
598,VIT_15s0046g02940,48,0.0232,Barwin endoglucanase,,,,
599,VIT_11s0016g05570,46,0.0223,Thylakoid lumenal 16.5 kDa protein  chloroplast precursor,,,,
600,VIT_08s0056g01690,46,0.0223,LrgB-like family protein,,,,
601,VIT_04s0023g01750,46,0.0222,TVLP1,,,,
602,VIT_14s0068g00150,45,0.0220,No hit,,,,
603,VIT_06s0004g00400,45,0.0216,Lysyl-tRNA synthetase,E6_1_1_6,,vv10300Lysine_biosynthesis,vv20970Aminoacyl-tRNA_biosynthesis
604,VIT_01s0010g03740,44,0.0214,Transcription termination factor mitochondrial mTERF,MTERF_4,,vv60085MTERF,
605,VIT_13s0064g00160,44,0.0213,Unknown protein,,,,
606,VIT_17s0000g04120,44,0.0213,Histone deacetylase HDA15,HDA15,,vv44110Cell_cycle,
607,VIT_05s0094g01190,44,0.0213,flavonoid 3-monooxygenase,E1_14_13_21,,vv10941Flavonoid_biosynthesis,
608,VIT_11s0016g04600,44,0.0212,Myb family,MYBGE_14,,vv60029G2-like,
609,VIT_06s0061g00010,44,0.0212,Magnesium-chelatase subunit chlD  chloroplast precursor,E6_6_1_1,,vv10860Porphyrin_and_chlorophyll_metabolism,
610,VIT_12s0059g00640,43,0.0210,Beta-1 3-galactosyltransferase sqv-2,K07820,,vv10602Glycosphingolipid_biosynthesis,
611,VIT_01s0010g01740,43,0.0209,Tobamovirus multiplication 1 homolog 3,,,,
612,VIT_15s0024g00920,43,0.0208,NFD4 (nuclear fusion defective 4),,,,
613,VIT_15s0048g00550,43,0.0208,Abnormal floral organs,AFO_2,,vv60019C2C2-YABBY,
614,VIT_10s0116g00410,43,0.0208,Gibberellin 2-beta-dioxygenase 7,E1_14_11_13,,vv10904Diterpenoid_biosynthesis,
615,VIT_04s0069g00890,42,0.0205,Structural maintenance of chromosomes SMC3,K06669,,vv44110Cell_cycle,
616,VIT_15s0048g02600,41,0.0200,Starch synthase,E2_4_1_21,,vv10500Starch_and_sucrose_metabolism,
617,VIT_04s0023g01020,41,0.0198,BEL1 homeobox 2 protein (BLH2) (SAWTOOTH 1),BLH2_1,VvHB17,vv60034HB,
618,VIT_12s0028g01150,41,0.0198,Transparent testa 12 protein,TT12,,vv50125Porters_cat_66_to_94,
619,VIT_02s0012g01180,41,0.0198,Unknown protein,,,,
620,VIT_07s0141g01050,40,0.0194,No hit,,,,
621,VIT_02s0025g04920,40,0.0194,Phosphate translocator protein2  Plastidic,PTL2,,vv50122Porters_cat_7_to_17,
622,VIT_17s0000g01450,40,0.0194,Exocyst subunit EXO70 F1,EXO70F1,,vv50111Tethering_factors,
623,VIT_04s0008g01500,39,0.0190,Heat shock protein 17.6 kDa class II,K13993,,vv24141Protein_processing_in_endoplasmic_reticulum,
624,VIT_18s0041g02160,39,0.0188,Lipase GDSL,,,,
625,VIT_11s0037g01020,39,0.0188,Tetratricopeptide repeat (TPR)-containing,,,,
626,VIT_19s0014g01680,38,0.0183,TCP family transcription factor TCP3,TCP3,,vv60061TCP,
627,VIT_12s0035g00320,37,0.0180,Phosphomethylpyrimidine kinase/thiamin-phosphate pyrophosphorylase,E2_7_4_7,,vv10730Thiamine_metabolism,
628,VIT_10s0092g00500,37,0.0178,CYP71D10,,,,
629,VIT_08s0056g00300,36,0.0174,Unknown,,,,
630,VIT_18s0041g01190,36,0.0173,No hit,,,,
631,VIT_11s0016g00790,35,0.0170,Small nuclear ribonucleoprotein LSM1,K12620,,vv23018RNA_degradation,
632,VIT_00s0780g00010,35,0.0169,6-phosphofructokinase 2,E2_7_1_90,,vv10051Fructose_and_mannose_metabolism,
633,VIT_18s0001g07020,35,0.0169,No hit,,,,
634,VIT_00s1663g00010,34,0.0164,No hit,,,,
635,VIT_03s0091g00230,33,0.0159,Unknown protein,,,,
636,VIT_11s0149g00320,32,0.0155,Chitinase,E3_2_1_14,,vv10530Aminosugars_metabolism,
637,VIT_18s0041g01820,32,0.0154,Taxane 13-alpha-hydroxylase,E1_14_13_77,,vv10904Diterpenoid_biosynthesis,
638,VIT_07s0005g00520,31,0.0150,Protein translocase ATOEP16-4,TIM17,,vv50132Primary_active_transporter_cat_A5_to_A8,
639,VIT_08s0040g02960,31,0.0150,Unknown,,,,
640,VIT_10s0071g00830,31,0.0149,Binding,,,,
641,VIT_18s0001g15600,31,0.0149,Vacuolar protein sorting 45,VPS45,,vv24130SNARE_interactions_in_vesicular_transport,
642,VIT_02s0025g02690,30,0.0145,Calmodulin-binding protein,,,,
643,VIT_12s0028g03150,30,0.0145,Cap-binding protein CBP20,K12883,,vv23013RNA_transport,vv23015mRNA_surveillance_pathway
644,VIT_00s0194g00320,29,0.0141,No hit,,,,
645,VIT_12s0059g01280,29,0.0140,Nucleobase-ascorbate transporter 1 (NAT1),NAT1,,vv50124Porters_cat_30_to_64,
646,VIT_12s0134g00090,29,0.0140,R-linalool synthase,E4_2_3_26,,vv10900Terpenoid_biosynthesis,
647,VIT_03s0017g02360,29,0.0140,AarF domain containing kinase,K08869,,,
648,VIT_15s0024g00910,28,0.0136,NFD4 (nuclear fusion defective 4),,,,
649,VIT_07s0005g06210,28,0.0136,RPM1 (resistance to p. syringae pv maculicola 1),K13457,,vv34626Plant-pathogen_interaction,
650,VIT_11s0016g01490,28,0.0135,WAVY growth 2,,,,
651,VIT_06s0004g04660,28,0.0135,No hit,,,,
652,VIT_07s0005g01380,28,0.0135,Histidine kinase homolog CKI1,CKI1,,vv30007Cytokinin_signaling,
653,VIT_00s0484g00020,28,0.0135,Receptor kinase ARK3,,,,
654,VIT_15s0046g02930,27,0.0131,DNA-binding protein,,,,
655,VIT_18s0001g07380,27,0.0130,DNA-binding protein,,,,
656,VIT_00s0214g00070,27,0.0130,ABC transporter C member 9,K05033,,vv52010ABC_transporters,
657,VIT_07s0129g00070<br>VIT_07s0129g00150,26,0.0126,
658,VIT_00s2769g00010,26,0.0125,Unknown,,,,
659,VIT_08s0007g03370,26,0.0125,Unknown protein,,,,
660,VIT_13s0067g00200,25,0.0122,No hit,,,,
661,VIT_04s0023g01600,25,0.0121,Membrane protein,,,,
662,VIT_11s0016g01300,25,0.0120,TT2 (transparent testa 2),TT2_4,MYBPAR,vv44110Cell_cycle,vv60044MYB
663,VIT_13s0019g04090,24,0.0117,Ubiquitin-conjugating enzyme E2 C,K06688,,vv24120Ubiquitin_mediated_proteolysis,
664,VIT_07s0104g01140,24,0.0117,No hit,,,,
665,VIT_14s0006g02490,24,0.0117,ATP binding protein,,,,
666,VIT_11s0118g00530,24,0.0117,Unknown,,,,
667,VIT_03s0017g02230,24,0.0116,Hydrolase  alpha/beta fold,,,,
668,VIT_00s1364g00010,24,0.0116,Isochorismatase hydrolase,E3_3_2_1,,vv10130Ubiquinone_biosynthesis,
669,VIT_08s0007g06860,24,0.0116,Pinene synthase,E4_2_3_14,,vv10902Monoterpenoid_biosynthesis,
670,VIT_08s0007g06600,24,0.0116,Lectin protein kinase,,,,
671,VIT_18s0041g02240,23,0.0111,ATATH7 (ABC2 homolog7),ATH7,,vv52010ABC_transporters,
672,VIT_00s0264g00040,23,0.0111,Prolyl 4-hydroxylase  alpha subunit,E1_14_11_2,,vv10330Arginine_and_proline_metabolismis,
673,VIT_13s0019g02050,23,0.0111,Ribulose bisphosphate carboxylase/oxygenase activase  chloroplast,,,,
674,VIT_07s0031g01550,23,0.0111,No hit,,,,
675,VIT_18s0041g01220,22,0.0107,GCN5 N-acetyltransferase (GNAT),GCN5_14,,vv60082GNAT,
676,VIT_18s0157g00210,22,0.0106,Inositol-1 4 5-trisphosphate 5-Phosphatase,E3_1_3_56,,vv10562Inositol_phosphate_metabolism,vv34070Phosphatidylinositol_signaling_system
677,VIT_01s0010g00820,22,0.0106,2-oxoglutarate decarboxylase,E4_1_1_71,,vv10251Glutamate_metabolism,
678,VIT_10s0003g00680,22,0.0106,Glutamate receptor protein,GLR2_7,,vv50101Channels_and_pores,
679,VIT_04s0008g03930,22,0.0105,RD22,,,,
680,VIT_06s0004g06820,21,0.0102,Unknown protein,,,,
681,VIT_05s0029g00050,21,0.0102,BHLH transcription factor FMA (FAMA),FAMA,,vv60011BHLH,
682,VIT_04s0069g01010,21,0.0101,Harpin-induced protein,,,,
683,VIT_11s0118g00430,21,0.0101,No hit,,,,
684,VIT_19s0090g01190,20,0.0097,Chaperone GrpE type 2,K03687,,vv50132Primary_active_transporter_cat_A5_to_A8,
685,VIT_19s0090g00700,20,0.0097,No hit,,,,
686,VIT_02s0025g02220,19,0.0092,No hit,,,,
687,VIT_08s0040g01360,19,0.0092,Histidyl-tRNA synthetase,E6_1_1_21,,vv10340Histidine_metabolism,vv20970Aminoacyl-tRNA_biosynthesis
688,VIT_04s0043g00700,19,0.0092,PTAC3 (plastid transcriptionally active3),PTAC3,,,
689,VIT_14s0060g00100,19,0.0092,Phytochrome A (PHYA),PHYA,,vv34710Circadian_rhythm,
690,VIT_03s0063g00670,19,0.0092,Cyclin-dependent kinase inhibitor ICK5,ICK5,,vv44110Cell_cycle,
691,VIT_18s0001g12300,19,0.0092,Unknown protein,,,,
692,VIT_16s0013g00260,19,0.0091,Superoxide dismutase  Fe-Mn family,K04564,,vv44146Peroxisome,
693,VIT_12s0034g01080,18,0.0087,3-isopropylmalate dehydrogenase 2  chloroplast precursor,E1_1_1_85,,vv10290Valine_leucine_and_isoleucine_biosynthesis,
694,VIT_00s0586g00020,18,0.0087,Unknown protein,,,,
695,VIT_13s0064g01100,18,0.0087,No hit,,,,
696,VIT_00s2752g00010,18,0.0087,DWARF1/DIMINUTO,E1_3_1_72,,vv10100Biosynthesis_of_steroids,
697,VIT_14s0068g01440,18,0.0087,Beta-ketoacyl-CoA synthase,E2_3_1_41,,vv10061Fatty_acid_biosynthesis,
698,VIT_17s0000g05370,18,0.0087,MYC ZCW32 (bigpetal  bigpetalub),ZCW32_1,,vv60011BHLH,
699,VIT_04s0008g03720,18,0.0087,Vacuolar sorting-associated protein (Vps27),VPS27,,vv50111Tethering_factors,
700,VIT_01s0010g01500,18,0.0087,MADS-box agamous-like 62,AGL62_6,,vv60042MADS,
701,VIT_17s0000g08790,17,0.0082,EMB2759 (embryo defective 2759),,,,
702,VIT_13s0067g02940,17,0.0082,Amidohydrolase 3,,,,
703,VIT_11s0016g05230,17,0.0082,Allyl alcohol dehydrogenase,,,,
704,VIT_00s0337g00030,16,0.0078,Nodulin family protein,,,,
705,VIT_11s0016g02350,16,0.0078,Ubiquinone/menaquinone biosynthesis methyltransferase UbiE,K06127,,vv10130Ubiquinone_biosynthesis,
706,VIT_01s0011g06650,16,0.0077,Beta-Ig-H3/fasciclin,,,,
707,VIT_04s0044g01620,16,0.0077,RGLG1 (ring Domain LIGASE1),RGLG1,,vv50004Auxin_transport,
708,VIT_11s0016g04150,16,0.0077,Sulfate transporter 3.4,SULTR3_4,,vv50124Porters_cat_30_to_64,
709,VIT_11s0052g00750,16,0.0077,Serine carboxypeptidase 1 precursor,,,,
710,VIT_18s0001g01130,15,0.0073,Alpha-expansin 1 precursor,EXPA1,,vv30003Auxin_signaling,
711,VIT_03s0038g01020,15,0.0073,Metalloprotease,,,,
712,VIT_03s0088g01190,15,0.0073,Malate dehydrogenase  glyoxysomal precursor,E1_1_1_37,,vv10020Citrate_cycle,vv10620Pyruvate_metabolism
713,VIT_06s0004g07700,15,0.0073,Basic helix-loop-helix (bHLH) family,BHLHDOM_5,,vv60011BHLH,
714,VIT_05s0062g01180,15,0.0073,Importin beta-2,K14293_2,,vv23013RNA_transport,vv50109Incompletely_characterized_transport_systems
715,VIT_12s0059g00710,14,0.0068,Metalloendopeptidase,,,,
716,VIT_08s0056g00030,14,0.0068,Diadenosine 5' 5'''-P1 P4-tetraphosphate hydrolase,E3_6_1_17,,vv10230Purine_metabolism,vv10240Pyrimidine_metabolism
717,VIT_11s0052g00610,14,0.0068,Homogenitisate geranylgeranyl transferase,K09833,,vv10100Biosynthesis_of_steroids,
718,VIT_05s0020g01430,14,0.0068,Vesicle-associated membrane protein 72,K08511,,vv24130SNARE_interactions_in_vesicular_transport,vv50101Channels_and_pores
719,VIT_01s0010g02740,14,0.0068,4-coumarate-CoA ligase,E6_2_1_12,,vv10940Phenylpropanoid_biosynthesis,vv50104Group_translocators
720,VIT_18s0001g14930,14,0.0067,Unknown protein,,,,
721,VIT_11s0118g00180,14,0.0067,HHP1 (heptahelical protein 1),,,,
722,VIT_14s0128g00160,13,0.0063,Protein kinase CDG1,,,,
723,VIT_04s0008g03520,13,0.0063,Ring-H2 finger protein ATL4J,VVL4J_2,,vv60078Other_zf-C3HC4,
724,VIT_01s0011g05290,13,0.0063,Inorganic carbon transport protein,INCARBTR,,,
725,VIT_13s0067g03470,13,0.0063,Glutathione S-transferase GSTO1,E2_5_1_18_GSTO1,,vv10480Glutathione_metabolism,
726,VIT_18s0072g01000,13,0.0063,Dihydrolipoamide S-acetyltransferase,E2_3_1_12,,vv10010Glycolysis,vv10252Alanine_and_aspartate_metabolism
727,VIT_09s0002g03050,13,0.0063,Lipase GDSL,,,,
728,VIT_18s0041g00330,13,0.0063,ATP-dependent protease La (LON) domain-containing protein,E3_4_21_53,,,
729,VIT_15s0046g00630,13,0.0063,Wax synthase,E2_3_1_75,,vv11000Single_reactions,
730,VIT_01s0011g04520,13,0.0062,Programmed cell death 6-interacting protein,K12200,,vv50111Tethering_factors,
731,VIT_04s0008g03420,12,0.0058,Exostosin family protein,K02366,,vv11030Glycan_structures-biosynthesis1,
732,VIT_04s0008g05110,12,0.0058,Unknown,,,,
733,VIT_04s0008g03440,12,0.0058,Exosome complex exonuclease RRP46,K12590,,vv23018RNA_degradation,
734,VIT_15s0048g02080,12,0.0058,Signal recognition particle receptor protein  chloroplast (FTSY),K03110,,vv23060Protein_export,vv50113Thylakoid_targeting_pathway
735,VIT_11s0016g05190,12,0.0058,Phosphate translocator-related,PTLREL,,vv50122Porters_cat_7_to_17,
736,VIT_18s0001g01320,12,0.0058,Wall-associated receptor kinase 5,,,,
737,VIT_08s0056g00250,12,0.0058,Harpin-induced 1,,,,
738,VIT_10s0116g00970,12,0.0058,Leucyl tRNA synthetase,E6_1_1_4,,vv10290Valine_leucine_and_isoleucine_biosynthesis,vv20970Aminoacyl-tRNA_biosynthesis
739,VIT_16s0039g01330,12,0.0058,Receptor kinase homolog LRK10,,,,
740,VIT_10s0003g01770,12,0.0058,Heat shock transcription factor A4A,HSFA4A_1,,vv60037HSF,
741,VIT_18s0001g04290,12,0.0058,No hit,,,,
742,VIT_03s0038g03480,11,0.0053,Auxin-induced SAUR,SAUR,,vv30003Auxin_signaling,
743,VIT_06s0061g01510,11,0.0053,Histone deacetylase 9,HDA9,,vv44110Cell_cycle,
744,VIT_06s0009g01760,11,0.0053,F-box protein / WD-40 repeat,FBW3,,,
745,VIT_00s0759g00010,10,0.0049,Porphobilinogen deaminase  chloroplast precursor,E2_5_1_61,,vv10860Porphyrin_and_chlorophyll_metabolism,
746,VIT_14s0068g00290,10,0.0049,RPK1 (receptor-like protein kinase 1),,,,
747,VIT_01s0026g02030,10,0.0049,Basic helix-loop-helix (bHLH) family,BHLHDOM_59,,vv60011BHLH,
748,VIT_11s0052g01220,10,0.0049,Xyloglucan endotransglycosylase 6,E2_4_1_207,,vv40006Cell_wall,
749,VIT_14s0030g00470,10,0.0048,Stress regulated protein isoform 3,,,,
750,VIT_02s0025g02090,10,0.0048,Kinesin light chain,K10407,,vv44810Regulation_of_actin_cytoskeleton,
751,VIT_00s0399g00020,10,0.0048,Protease inhibitor/seed storage/lipid transfer protein (LTP),,,,
752,VIT_06s0004g03360,10,0.0048,Carbamoyl phosphate synthase large subunit,E6_3_5_5,,vv10240Pyrimidine_metabolism,vv10251Glutamate_metabolism
753,VIT_13s0074g00210,10,0.0048,Pyruvate kinase,E2_7_1_40,,vv10010Glycolysis,vv10230Purine_metabolism
754,VIT_09s0002g02980,10,0.0048,FRK1 (FLG22-induced receptor-like kinase 1),FRK1,,vv34626Plant-pathogen_interaction,
755,VIT_19s0015g00650,10,0.0048,Sun protein fmu,K03500,,,
756,VIT_13s0073g00600,10,0.0048,Receptor-like kinase 17,,,,
757,VIT_07s0031g00450,9,0.0044,Basic helix-loop-helix protein SPATULA,SPATULA_2,,vv60011BHLH,
758,VIT_17s0000g01260,9,0.0044,Squamosa promoter-binding protein 13 (SPL13),SPL13_1,,vv60055SBP,
759,VIT_06s0080g01200,9,0.0044,Harpin-induced family protein,,,,
760,VIT_03s0038g00090,9,0.0044,Epoxide hydrolase-like protein,E3_3_2_10,,,
761,VIT_06s0009g01410,9,0.0044,No hit,,,,
762,VIT_12s0028g01320,9,0.0044,Unknown protein,,,,
763,VIT_02s0025g04620,9,0.0044,Phospholipase D beta 1,PLDB1,,vv10564Glycerophospholipid_metabolism,vv10565Ether_lipid_metabolism
764,VIT_06s0004g06140,9,0.0044,Ribosomal protein L4,K02926,,vv23010Ribosome,
765,VIT_04s0023g02810,9,0.0044,Aldehyde dehydrogenase 3B1,E1_2_1_3,vv10561Glycerolipid_metabolism,vv10010Glycolysis,vv10071Fatty_acid_metabolism
766,VIT_10s0003g02570,9,0.0044,ABC transporter B member 14,ABCB14,,vv52010ABC_transporters,
767,VIT_00s0179g00300,9,0.0044,MPBQ/MSBQ methyltransferase 2,K12502,,vv10100Biosynthesis_of_steroids,
768,VIT_18s0001g04020,9,0.0044,TIR-NBS-LRR disease resistance,,,,
769,VIT_12s0057g00490,9,0.0044,No hit,,,,
770,VIT_18s0001g04890,9,0.0044,Low affinity sulphate transporter,AST68,,vv50124Porters_cat_30_to_64,
771,VIT_17s0000g10380,9,0.0044,Ribosomal protein S14 (Clone MCH1) 40S,K02955,,vv23010Ribosome,
772,VIT_18s0001g01820,9,0.0044,NAC domain-containing protein 17,NAC017,VvNAC15,vv60046NAC,
773,VIT_04s0008g05410,9,0.0043,Serine hydrolase [Vitis vinifera],E4_3_1_18,,vv10260Glycine_serine_and_threonine_metabolism,
774,VIT_15s0048g01860,9,0.0043,No hit,,VvERF041,,
775,VIT_08s0040g00300,9,0.0043,No hit,,,,
776,VIT_01s0127g00900,9,0.0043,No hit,,,,
777,VIT_03s0017g01640,9,0.0043,Cysteine--tRNA ligase.,E6_1_1_16,,vv10272Cysteine_metabolism,vv20970Aminoacyl-tRNA_biosynthesis
778,VIT_11s0037g00510,9,0.0043,Heat shock protein 70,K03283,,vv23040Spliceosome,vv24141Protein_processing_in_endoplasmic_reticulum
779,VIT_15s0021g00840,9,0.0043,Disease resistance family protein,,,,
780,VIT_12s0142g00620,9,0.0043,RIC7 (ROP-interactive crib motif-containing protein 7),,,,
781,VIT_01s0244g00010,9,0.0043,Basic helix-loop-helix (bHLH) family,BHLHDOM_53,,vv60011BHLH,
782,VIT_04s0008g00470,9,0.0043,Early nodulin Enod93 protein,,,,
783,VIT_11s0016g04270,7,0.0034,Hydrolase  alpha/beta fold,,,,
784,VIT_06s0004g01470,7,0.0034,Lipoxygenase LOX1,E1_13_11_12,,vv10592alpha-Linolenic_acid_metabolism,
785,VIT_17s0119g00280,7,0.0034,Alpha-amylase/subtilisin inhibitor,E3_2_1_1,,vv10500Starch_and_sucrose_metabolism,
786,VIT_10s0003g03540,7,0.0034,Lupeol synthase,E5_4_99_8,,vv10100Biosynthesis_of_steroids,
787,VIT_08s0056g00740,7,0.0034,Unknown protein,,,,
788,VIT_19s0135g00060,7,0.0034,Glyoxalase II,E3_1_2_6,,vv10620Pyruvate_metabolism,
789,VIT_00s1348g00010,7,0.0034,Ternary complex factor MIP1,,,,
790,VIT_02s0012g02540,7,0.0034,Chlororespiratory reduction 4 (CRR4),,,,
791,VIT_10s0042g01130,7,0.0034,Zinc finger (C3HC4-type ring finger),ZFC3HC4_114,,vv60078Other_zf-C3HC4,
792,VIT_05s0020g02600,6,0.0029,Serine incorporator 3,,,,
793,VIT_08s0040g03070,6,0.0029,TTG2 (transparent testa GLABRA 2),TTG2,VvWRKY26,vv44110Cell_cycle,vv60066WRKY
794,VIT_05s0077g01010,6,0.0029,HCF107 (high chlorophyll fluorescent 107),,,,
795,VIT_00s0299g00070,6,0.0029,Unknown protein,,,,
796,VIT_06s0080g00760,6,0.0029,Unknown protein,,,,
797,VIT_00s0301g00060,6,0.0029,No hit,,,,
798,VIT_14s0030g01550,6,0.0029,Cysteine synthase 7  cytosolic,E2_5_1_47,,vv10272Cysteine_metabolism,vv10450Selenoamino_acid_metabolism
799,VIT_18s0122g00130,6,0.0029,Zinc finger (C3HC4-type ring finger),ZFC3HC4_211,,vv60078Other_zf-C3HC4,
800,VIT_16s0050g02100,6,0.0029,Disease resistance,,,,
801,VIT_18s0089g01270,6,0.0029,Heat shock protein precursor 22.0 kDa class IV,K13993,,vv24141Protein_processing_in_endoplasmic_reticulum,
802,VIT_11s0016g05670,6,0.0029,RabGAP/TBC domain-containing protein,,,,
803,VIT_16s0098g01160,6,0.0029,Subtilisin protease,SBT3_5,,vv50101Channels_and_pores,
804,VIT_05s0049g01930,6,0.0029,RNA-binding protein cp29,CP29,,vv50133Primary_active_transporter_cat_A9_to_A18,
805,VIT_14s0066g01380,6,0.0029,Calcium homeostasis regulator CHoR1,CHOR1,,,
806,VIT_04s0008g05330,6,0.0029,DEAD  box  RNA helicase RH15,K12812,,vv23013RNA_transport,vv23015mRNA_surveillance_pathway
807,VIT_09s0002g07500,6,0.0029,Hydrolase  alpha/beta fold,,,,
808,VIT_12s0055g00900,6,0.0029,RAE1 RNA export 1 homolog,K14298,,vv23013RNA_transport,vv50109Incompletely_characterized_transport_systems
809,VIT_11s0052g00410,6,0.0029,Allyl alcohol dehydrogenase,,,,
810,VIT_01s0010g02030,6,0.0029,Gamma-thionin precursor,,,,
811,VIT_15s0048g02830,6,0.0029,Rac GTPase activating protein,RHOGAP,,vv50109Incompletely_characterized_transport_systems,
812,VIT_19s0027g01680,6,0.0029,Tetratricopeptide helical,,,,
813,VIT_11s0016g02580,6,0.0029,MAPK activating protein-like,,,,
814,VIT_18s0001g10050,6,0.0029,LRX1 (leucine-rich repeat/extensin 1),EXTENSIN,,vv40006Cell_wall,
815,VIT_13s0019g04870,6,0.0029,Unknown protein,,,,
816,VIT_05s0077g02100,6,0.0029,Senescence-associated protein,,,,
817,VIT_14s0006g00910,6,0.0029,ATA15 protein,,,,
818,VIT_14s0219g00280,6,0.0029,Glycerol-3-phosphate dehydrogenase (NAD+),E1_1_1_8,,vv10564Glycerophospholipid_metabolism,
819,VIT_05s0020g01140,6,0.0029,Ribosomal protein L18,K02881,,vv23010Ribosome,
820,VIT_05s0051g00910,6,0.0029,Unknown protein,,,,
821,VIT_18s0001g00090,6,0.0029,Seed maturation protein PM23,,,,
822,VIT_01s0026g01370,6,0.0029,Glutathione S-transferase 29 GSTU18,E2_5_1_18_GSTU18,,vv10480Glutathione_metabolism,
823,VIT_00s0333g00050,6,0.0029,DIR1 (defective IN induced resistance 1),,,,
824,VIT_13s0019g02360,6,0.0029,Pyrroline-5-carboxylate synthetase,E2_7_2_11,,vv10220Urea_cycle_and_metabolism_of_amino_groups,
825,VIT_11s0037g00490,6,0.0029,Translation initiation factor eIF-4F,K03260,,vv23013RNA_transport,
826,VIT_15s0048g00620,6,0.0029,No hit,,,,
827,VIT_18s0001g15710,6,0.0029,Electron carrier/ oxidoreductase,,,,
828,VIT_07s0129g00400,6,0.0029,Ribonuclease III,E3_1_26_3,,,
829,VIT_18s0122g00530,6,0.0029,FAR1-related sequence 5,FRS5_10,,vv60071Orphans_far-red,
830,VIT_13s0019g01260,6,0.0029,Enoyl reductase,K10258,,vv11040Biosynthesis_of_unsaturated_fatty_acids,
831,VIT_06s0004g04470,6,0.0029,Heat shock protein 70,K03283,,vv23040Spliceosome,vv24141Protein_processing_in_endoplasmic_reticulum
832,VIT_00s2776g00010,6,0.0029,S-locus lectin protein kinase,,,,
833,VIT_09s0002g01010,6,0.0029,Aldehyde dehydrogenase family 7 member A1,E1_2_1_3,vv10561Glycerolipid_metabolism,vv10010Glycolysis,vv10071Fatty_acid_metabolism
834,VIT_03s0091g00680,6,0.0029,NPY2 (naked pins in yuc mutants 2),,,,
835,VIT_15s0046g03190,6,0.0029,Myb domain protein 17,MYB17_2,MYB17A,vv60044MYB,
836,VIT_15s0046g00310,6,0.0029,Transcription factor TINY,ERF023,VvERF015,vv30008Ethylene_signaling,vv60003AP2_EREBP
837,VIT_19s0027g01310,6,0.0029,Polygalacturonase GH28,E3_2_1_15,,vv40006Cell_wall,
838,VIT_10s0003g00420,6,0.0029,Auxin response factor 3,ARF3_2,,vv30003Auxin_signaling,vv60004ARF
839,VIT_00s0349g00020,5,0.0024,Unknown protein,,,,
840,VIT_14s0066g02590,4,0.0020,Nitrate transporter NRT1-5,POT,,vv50122Porters_cat_7_to_17,
841,VIT_04s0008g05100,4,0.0019,Cytochrome c oxidase subunit Vb,K02265,,vv10190Oxidative_phosphorylation,vv50135Primary_active_transporter_cat_D3_to_E2
842,VIT_14s0066g01220,4,0.0019,ATMYB66/WER/WER1 (WEREWOLF 1),WEREWOLF_7,MYB156,vv44110Cell_cycle,vv60044MYB
843,VIT_18s0001g09980,4,0.0019,Unknown protein,,,,
844,VIT_04s0023g02230,3,0.0015,S-adenosyl-L-methionine:salicylic acid carboxyl methyltransferase,SAMTBSCMT,,vv10360Phenylalanine_metabolism,
845,VIT_06s0080g00810,3,0.0015,Lycopene beta cyclase (LYC),K06443,,vv10906Carotenoid_biosynthesis,
846,VIT_07s0005g00590,3,0.0015,Deoxyribodipyrimidine photolyase,E4_1_99_3,,,
847,VIT_02s0025g03330,3,0.0015,H(+)-ATPase 4 AHA4,K01535,,vv10190Oxidative_phosphorylation,vv50131Primary_active_transporter_cat_A2_to_A4
848,VIT_08s0040g02600,3,0.0015,F-box protein,,,,
849,VIT_05s0020g02610,3,0.0015,Hemolysin,K06442,,vv50109Incompletely_characterized_transport_systems,
850,VIT_13s0156g00450,3,0.0015,R protein disease resistance protein,RPROT,,vv34627R_proteins_from_Plant-pathogen_interaction,
851,VIT_01s0011g00530,3,0.0015,Ureide permease 2 (AtUPS2),UPS2,,vv50122Porters_cat_7_to_17,
852,VIT_17s0000g05120,3,0.0015,ABC transporter B member 7,K05662,,vv52010ABC_transporters,
853,VIT_08s0032g01020,3,0.0015,MD-2 lipid recognition domain-containing protein,,,,
854,VIT_15s0048g02720,3,0.0015,fatty acid elongase,E2_3_1_41,,vv10061Fatty_acid_biosynthesis,
855,VIT_14s0128g00180,3,0.0015,Zinc finger (C3HC4-type ring finger),ZFC3HC4_209,,vv60078Other_zf-C3HC4,
856,VIT_19s0014g01700,3,0.0015,Unknown,,,,
857,VIT_01s0127g00380,3,0.0015,Pyrrolidone-carboxylate peptidase,E3_4_19_3,,,
858,VIT_06s0004g00730,3,0.0015,Ubiquitin-conjugating enzyme E2 D/E,K06689,,vv24120Ubiquitin_mediated_proteolysis,vv24141Protein_processing_in_endoplasmic_reticulum
859,VIT_07s0031g01520,3,0.0015,No hit,,,,
860,VIT_15s0046g01470,3,0.0015,Unknown protein,,,,
861,VIT_09s0054g00410,3,0.0015,Unknown,,,,
862,VIT_07s0104g00090,3,0.0015,Transparent testa 8 TT8,TT8,,vv60011BHLH,
863,VIT_09s0002g04400,3,0.0015,PHD zinc finger protein,,,,
864,VIT_09s0002g01770,3,0.0015,N-myristoyl transferase,E2_3_1_97,,vv10062Fatty_acid_elongation_in_mitochondria,
865,VIT_07s0129g00590,3,0.0015,Armadillo/beta-catenin repeat protein / U-box domain-containing,,,,
866,VIT_11s0052g00040,3,0.0015,Macrophage migration inhibitory factor,,,,
867,VIT_00s0214g00060,3,0.0015,F-box protein PP2-B2,,,,
868,VIT_01s0127g00150,3,0.0015,Menaquinone biosynthesis methyltransferase ubiE,K03183,,vv10130Ubiquinone_biosynthesis,
869,VIT_01s0026g00080,3,0.0015,Metal-dependent phosphohydrolase HD domain-containing protein,K07023,,,
870,VIT_03s0097g00060,3,0.0015,Arginine-tRNA-protein transferase 1,E2_3_2_8,,vv20970Aminoacyl-tRNA_biosynthesis,
871,VIT_12s0142g00240,3,0.0015,PDF1 (protodermal factor1),PDF1_1,,,
872,VIT_05s0029g00630,3,0.0015,Unknown,,,,
873,VIT_18s0001g07770,3,0.0015,Unknown protein,,,,
874,VIT_09s0018g01280,3,0.0015,Ribulose bisphosphate carboxylase/oxygenase activase 2,,,,
875,VIT_19s0090g00890,3,0.0015,No hit,,,,
876,VIT_06s0004g06170,3,0.0015,Thylakoid soluble phosphoprotein,,,,
877,VIT_02s0087g00630,3,0.0015,Alcohol oxidase,E1_1_3_13,,vv10680Methane_metabolism,
878,VIT_00s0245g00050,3,0.0015,Oleoyl-acyl carrier protein thioesterase  chloroplast precursor,E3_1_2_14,,vv10061Fatty_acid_biosynthesis,
879,VIT_03s0097g00660,3,0.0015,Zinc finger (C3HC4-type ring finger),ZFC3HC4_151,,vv60078Other_zf-C3HC4,
880,VIT_08s0040g03040,3,0.0015,Glutathione S-transferase GSTO1,E2_5_1_18_GSTO1,,vv10480Glutathione_metabolism,
881,VIT_18s0001g02730,3,0.0015,Unknown,,,,
882,VIT_04s0008g00080,3,0.0015,No hit,,,,
883,VIT_09s0054g00720,3,0.0015,Tetratricopeptide repeat (TPR)-containing,,,,
884,VIT_06s0004g06730,3,0.0015,Microsomal omega-3 fatty acid desaturase,K10257,,vv11040Biosynthesis_of_unsaturated_fatty_acids,
885,VIT_00s0194g00190,3,0.0015,No hit,,,,
886,VIT_08s0007g01740,3,0.0015,Cysteine peptidase,E3_4_22_x,,,
887,VIT_09s0002g06120,3,0.0015,Biotin carboxyl carrier protein of acetyl-CoA carboxylase,E6_4_1_2,,vv10061Fatty_acid_biosynthesis,vv10620Pyruvate_metabolism
888,VIT_13s0139g00060,3,0.0015,No hit,,,,
889,VIT_09s0002g03710,3,0.0015,Unknown protein,,,,
890,VIT_14s0006g00380,3,0.0015,Nicastrin,K06171,,,
891,VIT_03s0091g00310,3,0.0015,Indole-3-acetic acid-amido synthetase GH3.8,AUXINBIOSYNTHESIS_GH3,,vv11002Auxin_biosynthesis,
892,VIT_00s0253g00070,3,0.0015,Unknown,,,,
893,VIT_11s0016g05590,3,0.0015,Axial regulator YABBY5,YABBY5,,vv60019C2C2-YABBY,
894,VIT_18s0089g01030,3,0.0015,Ethylene-responsive transcription factor,TINY_10,VvERF017,vv30008Ethylene_signaling,vv60003AP2_EREBP
895,VIT_18s0001g14790,3,0.0015,Lipase 3 (EXL3) family II extracellular,,,,
896,VIT_16s0022g00570,3,0.0015,No hit,,,,
897,VIT_07s0095g00510,3,0.0015,No hit,,,,
898,VIT_12s0059g02480,3,0.0015,CYCP2;1 (cyclin p2;1),CYCP2_1,,vv44110Cell_cycle,
899,VIT_13s0064g01740<br>VIT_13s0064g01750,3,0.0014,
900,VIT_18s0001g13300,3,0.0014,Unknown,,,,
901,VIT_11s0016g03830,3,0.0014,Protein kinase,,,,
902,VIT_08s0007g05160,3,0.0014,Flavonoid 3' 5'-hydroxylase,E1_14_13_88,,vv10941Flavonoid_biosynthesis,
903,VIT_04s0023g01950,3,0.0014,TUBBY like protein 2 TLP2,TLP2,,vv60063TUB,
904,VIT_07s0104g01160,3,0.0014,Substrate carrier   Mitochondrial,K03454,,vv50123Porters_cat_18_to_29,
905,VIT_00s0187g00040,3,0.0014,Cystatin,,,,
906,VIT_14s0030g00960,3,0.0014,R protein MLA10,K13475,,vv34627R_proteins_from_Plant-pathogen_interaction,
907,VIT_04s0069g00630,3,0.0014,Glutamate receptor 2.8,GLR2_8,,vv50101Channels_and_pores,
908,VIT_03s0038g01790,3,0.0014,Basic helix-loop-helix (bHLH) family,BHLHDOM_38,,vv60011BHLH,
909,VIT_10s0003g03040,3,0.0014,Unknown,,,,
910,VIT_16s0022g01860,3,0.0014,Cleavage and polyadenylation specificity factor subunit 1,K14401,,vv23015mRNA_surveillance_pathway,
911,VIT_18s0001g05580,3,0.0014,Unknown protein,,,,
912,VIT_14s0006g01830,3,0.0014,Methionyl-tRNA formyltransferase,E2_1_2_9,,vv10271Methionine_metabolism,vv10670One_carbon_pool_by_folate
913,VIT_06s0009g01420,3,0.0014,Protease inhibitor/seed storage/lipid transfer protein (LTP),,,,
914,VIT_16s0013g00860,3,0.0014,Embryonic flower 2 (EMF2),EMF2,,vv30009Flower_development,
915,VIT_18s0041g01150,3,0.0014,Lectin protein kinase,,,,
916,VIT_08s0007g05550,3,0.0014,Protein kinase,,,,
917,VIT_02s0025g02520,3,0.0014,Unknown protein,,,,
918,VIT_12s0028g02970,3,0.0014,MLO1,K08472,,,
919,VIT_10s0092g00370,3,0.0014,CYP71D7,E1_14_13_73,,vv10902Monoterpenoid_biosynthesis,
920,VIT_03s0017g01490,3,0.0014,Berberine bridge enzyme,E1_21_3_3,,vv10950Alkaloid_biosynthesis_I,
921,VIT_18s0001g10670,3,0.0014,EF hand,,,,
922,VIT_10s0003g02120,3,0.0014,Lipase GDSL,,,,
923,VIT_14s0068g02160,3,0.0014,Ribosomal protein S21,K02970,,vv23010Ribosome,
