Vv_m2,2000,1000,VIT_12s0059g01590
rank,node,Fabs,Frel,Functional-annotation,Name-EC-KeggID,Updated-name,Network1,Network2
1,VIT_09s0002g03620,2070,1.0000,NADP-dependent malic enzyme,E1_1_1_39,,vv10620Pyruvate_metabolism,vv10710Carbon_fixation
2,VIT_03s0063g01880,2063,1.0000,Acyl-CoA synthetase long-chain member 2,E6_2_1_3_LACS2,,vv10071Fatty_acid_metabolism,vv44146Peroxisome
3,VIT_09s0018g01650,2086,1.0000,Wrinkled1 (AP2/ERBP),WRINKLED1_1,VvAP2-06,vv30008Ethylene_signaling,vv60003AP2_EREBP
4,VIT_04s0008g05440,2070,1.0000,Ethylene-responsive transcription factor SHINE 3,SHINE3_1,VvERF044,vv30008Ethylene_signaling,vv60003AP2_EREBP
5,VIT_04s0008g03950,2057,1.0000,RD22,,,,
6,VIT_08s0058g01210,2055,0.9995,Non-specific lipid transfer protein LTP1,LTP1,,,
7,VIT_11s0016g04540,2071,0.9986,ABC transporter G member 22,ABCG22,,vv52010ABC_transporters,
8,VIT_00s1314g00010,2063,0.9981,Basic helix-loop-helix (bHLH) family,BHLHDOM_89,,vv60011BHLH,
9,VIT_05s0049g01400,2056,0.9981,Alcohol oxidase,E1_1_3_13,,vv10680Methane_metabolism,
10,VIT_07s0255g00060,2070,0.9947,Prolyl oligopeptidase family,,,,
11,VIT_02s0012g01660,2059,0.9947,ATPase PGP2 (P-glycoprotein 2),PGP2,,vv52010ABC_transporters,
12,VIT_12s0059g01830,2050,0.9942,Unknown,,,,
13,VIT_09s0002g06750,2061,0.9909,ERF/AP2 transcription factor sub B-6 SHINE,SHINE1_1,VvERF042,vv30008Ethylene_signaling,vv60003AP2_EREBP
14,VIT_00s0207g00010,2041,0.9903,Anthranilate N-benzoyltransferase protein 1,E2_3_1_144,,vv10400Phenylalanine_tyrosine_and_tryptophan_biosynthesis,
15,VIT_08s0007g03990,2041,0.9869,Cellulose synthase CSLA09,E2_4_1_12_CSLA09,,vv40006Cell_wall,
16,VIT_14s0219g00280,2044,0.9860,Glycerol-3-phosphate dehydrogenase (NAD+),E1_1_1_8,,vv10564Glycerophospholipid_metabolism,
17,VIT_03s0038g01830,2034,0.9859,Proline-rich protein 4,,,,
18,VIT_06s0061g00240,2030,0.9826,ABC transporter G member 7,ABCG7,,vv52010ABC_transporters,
19,VIT_04s0008g02520,2039,0.9817,ATP binding protein,,,,
20,VIT_00s0399g00020,2017,0.9796,Protease inhibitor/seed storage/lipid transfer protein (LTP),,,,
21,VIT_10s0003g00620,2017,0.9758,Lipase GDSL,,,,
22,VIT_09s0002g03140,2012,0.9758,Lipase GDSL,,,,
23,VIT_01s0026g00570,2001,0.9704,Bet v I allergen,,,,
24,VIT_13s0067g00730,1990,0.9651,Carboxylic ester hydrolase,E3_1_1_1,,,
25,VIT_00s0267g00030,1984,0.9543,Unknown,,,,
26,VIT_14s0006g02990,1980,0.9542,3-ketoacyl-CoA synthase,,,,
27,VIT_08s0040g02250,1956,0.9532,No hit,,,,
28,VIT_16s0050g00830,1946,0.9516,Beta-ketoacyl-CoA synthase,E2_3_1_41,,vv10061Fatty_acid_biosynthesis,
29,VIT_14s0108g00150,1971,0.9467,Calmodulin-binding region IQD28,IQD28,,,
30,VIT_02s0087g00630,1967,0.9452,Alcohol oxidase,E1_1_3_13,,vv10680Methane_metabolism,
31,VIT_11s0016g05340,1958,0.9427,Ethylene-responsive transcription factor SHINE 3,SHINE3_2,VvERF043,vv30008Ethylene_signaling,vv60003AP2_EREBP
32,VIT_08s0007g01750,1941,0.9350,Acetyl co-enzyme A carboxylase carboxyltransferase alpha subunit,E6_4_1_2,,vv10061Fatty_acid_biosynthesis,vv10620Pyruvate_metabolism
33,VIT_08s0007g02000,1936,0.9312,Glycerol-3-phosphate acyltransferase 8,E2_3_1_15,,vv10561Glycerolipid_metabolism,vv10564Glycerophospholipid_metabolism
34,VIT_03s0088g01150,1923,0.9294,Squalene monooxygenase,E1_14_99_7,,vv10100Biosynthesis_of_steroids,vv10900Terpenoid_biosynthesis
35,VIT_00s0286g00130,1927,0.9269,S-locus lectin protein kinase,,,,
36,VIT_13s0019g01690,1904,0.9252,Ubiquitin-specific protease 24 (UBP24),,,,
37,VIT_05s0029g00480,1890,0.9211,Eceriferum 2 (CER2),,,,
38,VIT_19s0090g00710,1905,0.9207,No hit,,,,
39,VIT_02s0012g00180,1901,0.9192,Serine protease,,,,
40,VIT_02s0025g04550,1893,0.9180,Glucose-methanol-choline (GMC) oxidoreductase,E1_1_99_1,,vv10260Glycine_serine_and_threonine_metabolism,
41,VIT_07s0031g01680,1887,0.9147,CYP86A1,,,,
42,VIT_03s0038g01410,1877,0.9116,Aquaporin PIP PIP1A,PIP1A,,vv50101Channels_and_pores,
43,VIT_09s0054g01220,1879,0.9104,Cycloartenol synthase,E5_4_99_8,,vv10100Biosynthesis_of_steroids,
44,VIT_15s0048g03000,1873,0.9031,GTPase RABA3,K07976,,,
45,VIT_00s0181g00200<br>VIT_00s0181g00180,1854,0.8974,
46,VIT_02s0025g02620,1850,0.8959,BDG1 (BODYGUARD1) hydrolase,,,,
47,VIT_15s0046g00500,1835,0.8895,Wax synthase,E2_3_1_75,,vv11000Single_reactions,
48,VIT_18s0041g02470,1799,0.8729,Disease resistance protein (TIR-NBS-LRR class),,,,
49,VIT_14s0006g02530,1799,0.8682,Non-specific lipid-transfer protein 2 (LTP 2),,,,
50,VIT_14s0066g00300,1786,0.8649,Unknown,,,,
51,VIT_17s0000g00130,1774,0.8603,SEC14 cytosolic factor,SEC14,,vv50122Porters_cat_7_to_17,
52,VIT_05s0049g00300,1766,0.8569,1-aminocyclopropane-1-carboxylate oxidase homolog 1,E1_14_17_4,,vv10640Propanoate_metabolism,vv30008Ethylene_signaling
53,VIT_10s0003g01010,1760,0.8519,Lipase GDSL,,,,
54,VIT_01s0137g00170,1771,0.8519,B-keto acyl reductase,,,,
55,VIT_11s0065g00130,1764,0.8505,Taxane 10-beta-hydroxylase,E1_14_13_76,,vv10904Diterpenoid_biosynthesis,
56,VIT_10s0003g01860,1746,0.8488,RKF1 (receptor-like kinase in flowers 1),,,,
57,VIT_08s0007g05350,1761,0.8458,Haloacid dehalogenase hydrolase,E3_1_3_18,,vv10630Glyoxylate_and_dicarboxylate_metabolism,
58,VIT_00s0218g00220,1746,0.8447,UDP-glucoronosyl/UDP-glucosyl transferase,,,,
59,VIT_07s0005g01670,1752,0.8395,No hit,,,,
60,VIT_01s0137g00180,1739,0.8389,B-keto acyl reductase,,,,
61,VIT_01s0137g00410,1722,0.8347,CYP86A2,,,,
62,VIT_08s0007g09000,1741,0.8318,Glycerol-3-phosphate dehydrogenase,E1_1_1_8,,vv10564Glycerophospholipid_metabolism,
63,VIT_13s0074g00390,1703,0.8251,CYP77A2,,,,
64,VIT_18s0001g14910,1715,0.8249,Mannitol dehydrogenase,E1_1_1_67,,vv10051Fructose_and_mannose_metabolism,
65,VIT_08s0040g03400,1696,0.8213,Short-chain dehydrogenase/reductase,,,,
66,VIT_04s0008g04170,1675,0.8139,Unknown,,,,
67,VIT_04s0023g02810,1668,0.8121,Aldehyde dehydrogenase 3B1,E1_2_1_3,vv10561Glycerolipid_metabolism,vv10010Glycolysis,vv10071Fatty_acid_metabolism
68,VIT_18s0122g00590,1671,0.8116,DNA-binding protein,,,,
69,VIT_18s0072g01000,1678,0.8091,Dihydrolipoamide S-acetyltransferase,E2_3_1_12,,vv10010Glycolysis,vv10252Alanine_and_aspartate_metabolism
70,VIT_12s0059g01870,1632,0.7854,GH3-like protein,AUXINBIOSYNTHESIS_GH3,,vv11002Auxin_biosynthesis,
71,VIT_02s0033g01020,1609,0.7841,Anthraniloyal-CoA: methanol anthraniloyal transferase,AMAT,,vv10400Phenylalanine_tyrosine_and_tryptophan_biosynthesis,
72,VIT_13s0067g02390,1611,0.7801,Unknown,,,,
73,VIT_18s0001g14660,1612,0.7795,P-glycoprotein 13,PGP13,,vv52010ABC_transporters,
74,VIT_06s0004g01550,1605,0.7724,Phosphoribosylanthranilate transferase,E2_4_2_18,,vv10400Phenylalanine_tyrosine_and_tryptophan_biosynthesis,
75,VIT_15s0046g03240,1596,0.7666,Unknown protein,,,,
76,VIT_13s0067g03890,1595,0.7665,Beta-ketoacyl-CoA synthase,E2_3_1_41,,vv10061Fatty_acid_biosynthesis,
77,VIT_02s0033g01000,1593,0.7659,Anthraniloyal-CoA: methanol anthraniloyal transferase,AMAT,,vv10400Phenylalanine_tyrosine_and_tryptophan_biosynthesis,
78,VIT_00s0218g00100,1573,0.7632,Metal transporter Nramp6,NRAMP6,,vv50124Porters_cat_30_to_64,
79,VIT_08s0007g00530,1567,0.7603,3-beta hydroxysteroid dehydrogenase/isomerase protein,E1_1_1_145,,vv10140C21-Steroid_hormone_metabolism,
80,VIT_14s0060g00900,1563,0.7569,Unknown protein,,,,
81,VIT_07s0005g03680,1555,0.7549,CCR4-NOT complex subunit CAF16,K12608,,vv23018RNA_degradation,vv52010ABC_transporters
82,VIT_07s0205g00180,1561,0.7545,Basic helix-loop-helix (bHLH) family,BHLHDOM_30,,vv60011BHLH,
83,VIT_04s0008g06300,1552,0.7494,Leucine-rich repeat family,,,,
84,VIT_19s0014g04900,1542,0.7453,(-)-germacrene D synthase,E4_2_3_22,,vv10900Terpenoid_biosynthesis,
85,VIT_18s0072g00580<br>VIT_11s0065g00040,1539,0.7438,
86,VIT_04s0008g00860,1530,0.7420,Ndr family protein,,,,
87,VIT_17s0000g10260,1514,0.7342,AarF domain containing kinase,K08869,,,
88,VIT_11s0016g00330,1504,0.7319,Pectinesterase family,E3_1_1_11,,vv40006Cell_wall,
89,VIT_10s0071g00270,1512,0.7315,Abscisic acid-insensitive protein 3 (ABI3),ABI3_1,,vv30001ABA_signaling,vv30003Auxin_signaling
90,VIT_02s0087g00470,1500,0.7239,Anthraniloyal-CoA: methanol anthraniloyal transferase,AMAT,,vv10400Phenylalanine_tyrosine_and_tryptophan_biosynthesis,
91,VIT_18s0122g00220,1489,0.7190,Phosphodiesterase/alkaline phosphatase D,E3_1_4_1,,,
92,VIT_00s0160g00220,1470,0.7143,Unknown protein,,,,
93,VIT_01s0011g00790,1477,0.7111,DnaJ homolog  subfamily C  member 2 gonidia forming protein GlsA,K09522_1,,vv50132Primary_active_transporter_cat_A5_to_A8,vv60045MYBrelated
94,VIT_09s0018g01780,1470,0.7105,ACT domain repeat 1 (ACR1) uridylyltransferase,,,,
95,VIT_15s0048g00550,1477,0.7084,Abnormal floral organs,AFO_2,,vv60019C2C2-YABBY,
96,VIT_00s0203g00220,1461,0.7048,S-locus lectin protein kinase,,,,
97,VIT_14s0060g01090,1462,0.7046,LNG1 (LONGIFOLIA1),,,,
98,VIT_14s0030g01950,1465,0.7037,Transferase,,,,
99,VIT_05s0051g00230,1459,0.7028,R protein L6,K13477,,vv34627R_proteins_from_Plant-pathogen_interaction,
100,VIT_00s0225g00080,1473,0.7018,MATE efflux family protein,MATE,,vv50125Porters_cat_66_to_94,
101,VIT_14s0066g00400,1442,0.6990,Chalcone isomerase,E5_5_1_6,,vv10941Flavonoid_biosynthesis,
102,VIT_19s0015g00300,1441,0.6971,KCO1 (two pore K channel),K05389_KCO1,,vv50101Channels_and_pores,
103,VIT_17s0000g10060,1434,0.6944,Lipase GDSL,,,,
104,VIT_18s0001g11120,1407,0.6850,Ternary complex factor MIP1,,,,
105,VIT_11s0052g00410,1407,0.6847,Allyl alcohol dehydrogenase,,,,
106,VIT_12s0134g00650,1417,0.6832,Anthocyanin 5-aromatic acyltransferase,E2_3_1_153,,vv10941Flavonoid_biosynthesis,vv10942Anthocyanin_biosynthesis
107,VIT_18s0122g01280,1414,0.6801,Niemann-Pick C1 protein precursor,NPC1,,vv50121Porters_cat_1_to_6,
108,VIT_19s0090g00660,1409,0.6774,Lipase GDSL,,,,
109,VIT_00s0561g00010,1379,0.6675,Unknown,,,,
110,VIT_09s0002g05110,1376,0.6647,EMB2753,,,,
111,VIT_05s0049g01200,1367,0.6633,S-locus lectin protein kinase,,,,
112,VIT_00s2776g00010,1370,0.6625,S-locus lectin protein kinase,,,,
113,VIT_06s0061g00230,1364,0.6564,ABC transporter G member 7,ABCG7,,vv52010ABC_transporters,
114,VIT_00s0593g00010,1360,0.6529,Pentatricopeptide (PPR) repeat-containing protein,,,,
115,VIT_19s0015g00740,1337,0.6509,Prefoldin,,,,
116,VIT_18s0001g08110,1333,0.6465,Glutamyl-tRNA reductase  chloroplast precursor,E1_2_1_70,,vv10860Porphyrin_and_chlorophyll_metabolism,
117,VIT_04s0008g03600,1329,0.6448,Tocopherol cyclase,K09834,,vv10100Biosynthesis_of_steroids,
118,VIT_02s0025g01240,1329,0.6445,UDP-glucuronosyl/UDP-glucosyltransferase,E2_4_1_17,,vv10040Pentose_glucuronate_interconversion,vv10500Starch_and_sucrose_metabolism
119,VIT_13s0019g03390,1314,0.6342,Unknown protein,,,,
120,VIT_10s0003g01940,1310,0.6325,RKF1 (receptor-like kinase in flowers 1),,,,
121,VIT_01s0011g00080,1305,0.6317,Universal stress protein (USP) family protein,,,,
122,VIT_13s0019g04260,1308,0.6316,Monoglyceride lipase,E3_1_1_23,,vv10561Glycerolipid_metabolism,
123,VIT_00s2480g00010,1305,0.6307,No hit,,,,
124,VIT_14s0006g02290,1297,0.6281,DREB sub A-4 of ERF/AP2 transcription factor,TINY_2,VvERF028,vv30008Ethylene_signaling,vv60003AP2_EREBP
125,VIT_14s0068g00140,1291,0.6258,No hit,,,,
126,VIT_13s0067g00400,1290,0.6232,Anthranilate synthase alpha 1,E4_1_3_27,,vv10400Phenylalanine_tyrosine_and_tryptophan_biosynthesis,
127,VIT_17s0000g02410,1287,0.6202,Cold-induced wall associated kinase,,,,
128,VIT_02s0025g03320,1283,0.6177,CYP86A2,,,,
129,VIT_11s0037g01210,1269,0.6142,Eceriferum 1 (CER1 protein) Sterol desaturase,,,,
130,VIT_02s0025g02630,1270,0.6129,Lipase GDSL,,,,
131,VIT_15s0021g02510,1261,0.6124,GATA transcription factor 2,GATA2,,vv60016C2C2-GATA,
132,VIT_18s0075g00570,1267,0.6118,Emb1381 (embryo defective 1381),,,,
133,VIT_00s0313g00040,1249,0.6069,PAS2 (PASTICCINO 2),K10703,,vv11040Biosynthesis_of_unsaturated_fatty_acids,
134,VIT_01s0137g00780,1227,0.5930,Unknown protein,,,,
135,VIT_06s0004g07100,1225,0.5929,Translation initiation factor eIF-2 alpha subunit,K03237,,vv23013RNA_transport,
136,VIT_15s0046g00510,1209,0.5860,Wax synthase,E2_3_1_75,,vv11000Single_reactions,
137,VIT_12s0028g02370,1213,0.5818,Methyltransferase type 11,,,,
138,VIT_08s0040g02820,1202,0.5790,Unknown protein,,,,
139,VIT_02s0033g01050,1203,0.5786,Anthraniloyal-CoA: methanol anthraniloyal transferase,AMAT,,vv10400Phenylalanine_tyrosine_and_tryptophan_biosynthesis,
140,VIT_18s0166g00080,1193,0.5749,ABC transporter G member 4,K05680,,vv52010ABC_transporters,
141,VIT_16s0013g00700,1184,0.5720,Multidrug resistance-associated protein 3,MRP3,,vv52010ABC_transporters,
142,VIT_11s0016g01310,1180,0.5703,TT2 (transparent testa 2),TT2_5,MYBPA4,vv44110Cell_cycle,vv60044MYB
143,VIT_12s0057g00640,1160,0.5609,Pentatricopeptide (PPR) repeat-containing,,,,
144,VIT_14s0068g00160,1152,0.5549,No hit,,,,
145,VIT_11s0016g03880,1141,0.5517,Receptor protein kinase PERK1,,,,
146,VIT_09s0018g01340<br>VIT_09s0018g01360,1133,0.5471,
147,VIT_09s0002g04170,1126,0.5463,Acyl-CoA synthetases (Acyl-activating enzyme 13),E6_2_1_3,,vv10071Fatty_acid_metabolism,vv50104Group_translocators
148,VIT_00s0532g00070,1125,0.5453,CRK10 (cysteine-rich RLK10); kinase,,,,
149,VIT_04s0008g02920,1094,0.5321,Desiccation protein PCC13-62 precursor,,,,
150,VIT_04s0008g04470,1092,0.5304,Zinc finger  SWIM-type,ZFSWIM_8,,vv60074Orphans_zf-SWIM,
151,VIT_04s0023g01130,1080,0.5235,E3 ubiquitin-protein ligase RNF5,K10666_155,,vv24141Protein_processing_in_endoplasmic_reticulum,vv60078Other_zf-C3HC4
152,VIT_02s0025g03150,1070,0.5177,Nuclear pore complex protein Nup98-Nup96,K14297,,vv23013RNA_transport,vv50109Incompletely_characterized_transport_systems
153,VIT_08s0007g05250,1072,0.5176,Cig3,K14409,,vv23015mRNA_surveillance_pathway,vv30007Cytokinin_signaling
154,VIT_07s0005g01890,1070,0.5167,Patatin,,,,
155,VIT_06s0080g00760,1066,0.5165,Unknown protein,,,,
156,VIT_19s0090g00730,1066,0.5137,No hit,,,,
157,VIT_18s0001g06920,1050,0.5075,TRNA-guanine transglycosylase,E2_4_2_29,,vv10230Purine_metabolism,
158,VIT_05s0020g01820,1039,0.4995,Integral membrane family protein UPF0497,,,,
159,VIT_05s0102g00370,1032,0.4995,Receptor protein kinase (ACR4),,,,
160,VIT_01s0127g00220,1029,0.4978,PMR5 (powdery mildew resistant 5),,,,
161,VIT_16s0039g01670,1029,0.4969,Cinnamoyl-CoA reductase,E1_2_1_44,,vv10940Phenylpropanoid_biosynthesis,
162,VIT_04s0008g03930,1009,0.4889,RD22,,,,
163,VIT_01s0010g02370,1007,0.4841,Signal recognition particle subunit 72 SRP72,K03108,,vv23060Protein_export,vv50132Primary_active_transporter_cat_A5_to_A8
164,VIT_04s0023g01830,1006,0.4834,U3 small nucleolar RNA-associated protein 22,K14544,,vv23008Ribosome_biogenesis_in_Eukaryotes,
165,VIT_18s0001g14090,999,0.4812,Molecular chaperone DnaJ,K03686,,vv50132Primary_active_transporter_cat_A5_to_A8,
166,VIT_01s0026g00080,988,0.4761,Metal-dependent phosphohydrolase HD domain-containing protein,K07023,,,
167,VIT_09s0002g06770,975,0.4731,Unknown protein,,,,
168,VIT_00s0361g00090,971,0.4691,Phototropic-responsive NPH3 protein,,,,
169,VIT_13s0019g02880,957,0.4657,UDP-glucoronosyl/UDP-glucosyl transferase,,,,
170,VIT_18s0001g13080,954,0.4651,Unknown protein,,,,
171,VIT_13s0067g02910,954,0.4604,Non-specific lipid-transfer protein,,,,
172,VIT_00s0384g00020,941,0.4592,Basic helix-loop-helix (bHLH) family,BHLHDOM_93,,vv60011BHLH,
173,VIT_18s0001g11710,946,0.4586,Photosystem II PsbO protein,K02716,,vv10195Photosynthesis,vv50113Thylakoid_targeting_pathway
174,VIT_09s0002g03050,941,0.4570,Lipase GDSL,,,,
175,VIT_05s0020g04540,940,0.4563,Beta-ketoacyl-CoA synthase,E2_3_1_41,,vv10061Fatty_acid_biosynthesis,
176,VIT_18s0041g00100,930,0.4499,Unknown protein,,,,
177,VIT_00s0271g00030<br>VIT_00s0271g00060,919,0.4468,
178,VIT_04s0069g01120,918,0.4441,Acyl-activating enzyme 7,E6_2_1_3,,vv10071Fatty_acid_metabolism,vv50104Group_translocators
179,VIT_02s0025g02550,904,0.4418,Late embryogenesis abundant protein,,,,
180,VIT_15s0046g02400,912,0.4399,Glycerol-3-phosphate acyltransferase 8,E2_3_1_15,,vv10561Glycerolipid_metabolism,vv10564Glycerophospholipid_metabolism
181,VIT_01s0011g00420,909,0.4362,RPK1 (receptor-like protein kinase 1),,,,
182,VIT_13s0019g05230,894,0.4342,NAC domain-containing protein50,NAC050,VvNAC21,vv60046NAC,
183,VIT_14s0066g01540,895,0.4301,Serine/threonine kinase SYMRK,,,,
184,VIT_05s0020g01110,884,0.4285,Pectinacetylesterase,PAE,,vv40006Cell_wall,
185,VIT_01s0010g01870,872,0.4239,Salicylic acid-induced fragment 1 protein,,,,
186,VIT_08s0040g01130,878,0.4237,Serine carboxypeptidase II,,,,
187,VIT_05s0062g00520,872,0.4225,UDP-glucose:flavonoid 7-O-glucosyltransferase,E2_4_1_237,,vv10941Flavonoid_biosynthesis,
188,VIT_11s0016g00630,869,0.4212,DEAD-box ATP-dependent RNA helicase 17,RH17,,vv23040Spliceosome,vv50133Primary_active_transporter_cat_A9_to_A18
189,VIT_09s0002g05180,869,0.4196,No hit,,,,
190,VIT_15s0046g02410,859,0.4132,Aquaporin TMP-C,TMPC,,vv50101Channels_and_pores,
191,VIT_12s0028g03960,859,0.4130,Ankyrin repeat protein family,K10380,,vv50108Accessory_factors_involved_in_transport,
192,VIT_06s0004g03020,851,0.4127,Beta-galactosidase,E3_2_1_23,,vv10052Galactose_metabolism,vv10511N-Glycan_degradation
193,VIT_07s0141g00240,857,0.4122,NADH dehydrogenase (ubiquinone) flavoprotein 2,K03943,,vv10190Oxidative_phosphorylation,vv50134Primary_active_transporter_cat_D1
194,VIT_01s0150g00120,850,0.4116,Ethylene-responsive transcription factor ERF114,ERF114_2,VvERF112,vv30008Ethylene_signaling,vv60003AP2_EREBP
195,VIT_04s0008g05050,851,0.4107,Pentatricopeptide (PPR) repeat-containing protein,,,,
196,VIT_00s0225g00070,847,0.4106,MATE efflux family protein,MATE,,vv50125Porters_cat_66_to_94,
197,VIT_06s0009g01120,833,0.4011,Pentatricopeptide (PPR) repeat,,,,
198,VIT_19s0015g00510,826,0.3992,Pectate lyase 2,E4_2_2_2,,vv40006Cell_wall,
199,VIT_05s0062g00430,825,0.3976,UDP-glucose:flavonoid 7-O-glucosyltransferase,E2_4_1_237,,vv10941Flavonoid_biosynthesis,
200,VIT_01s0137g00510,819,0.3972,CYP71B10,CYP71B10,,vv10940Phenylpropanoid_biosynthesis,
201,VIT_17s0000g08620,819,0.3968,U3 small nucleolar RNA-associated protein MPP10,K14559,,vv23008Ribosome_biogenesis_in_Eukaryotes,
202,VIT_03s0038g03250,822,0.3967,Vestitone reductase,E1_1_1_246,,vv10943Isoflavonoid_biosynthesis,
203,VIT_11s0016g00580,814,0.3923,Unknown,,,,
204,VIT_09s0002g03130,811,0.3912,FRK1 (FLG22-induced receptor-like kinase 1),FRK1,,vv34626Plant-pathogen_interaction,
205,VIT_14s0030g00220,806,0.3903,Sugar transporter ERD6-like 5,ERD6L5,,vv50121Porters_cat_1_to_6,
206,VIT_18s0075g00700,798,0.3863,Laccase,E1_10_3_2,,vv11000Single_reactions,vv50109Incompletely_characterized_transport_systems
207,VIT_06s0004g01260,787,0.3795,U-box protein,,,,
208,VIT_00s0347g00120,779,0.3793,S-locus lectin protein kinase,,,,
209,VIT_14s0068g00170,781,0.3775,No hit,,,,
210,VIT_10s0003g00600,779,0.3769,Lipase GDSL,,,,
211,VIT_14s0030g01490<br>VIT_14s0030g01520,783,0.3755,
212,VIT_08s0105g00570,774,0.3741,Adenosine/AMP deaminase active site,E3_5_4_4,,vv10230Purine_metabolism,
213,VIT_18s0072g01170,772,0.3735,Phosphoribosylanthranilate transferase,E2_4_2_18,,vv10400Phenylalanine_tyrosine_and_tryptophan_biosynthesis,
214,VIT_15s0046g01640,769,0.3733,Abl interactor protein 1 (ABIL1),,,,
215,VIT_05s0077g01670,773,0.3732,Major cherry allergen Pru av 1.0202,,,,
216,VIT_16s0039g00010,773,0.3731,ABC transporter G member 7,ABCG7,,vv52010ABC_transporters,
217,VIT_03s0038g03720,768,0.3699,fertility restorer,,,,
218,VIT_07s0005g01790,767,0.3695,Acyl-CoA synthetase long-chain member 2,E6_2_1_3_LACS2,,vv10071Fatty_acid_metabolism,vv44146Peroxisome
219,VIT_05s0020g03130,758,0.3687,Plastocyanin domain-containing protein,K02638,,vv10195Photosynthesis,vv50113Thylakoid_targeting_pathway
220,VIT_11s0016g00290,760,0.3680,Pectinesterase PME3,E3_1_1_11,,vv40006Cell_wall,
221,VIT_03s0038g02020,759,0.3665,Amidase,E3_5_1_4,,vv10220Urea_cycle_and_metabolism_of_amino_groups,vv10360Phenylalanine_metabolism
222,VIT_09s0002g06990,758,0.3664,Phosphatidic acid phosphatase / PAP2,E3_1_3_4,,vv10561Glycerolipid_metabolism,vv10564Glycerophospholipid_metabolism
223,VIT_11s0016g01320,757,0.3657,Myb domain protein 13,MYB13,MYBPA2,vv60044MYB,
224,VIT_01s0010g02740,749,0.3617,4-coumarate-CoA ligase,E6_2_1_12,,vv10940Phenylpropanoid_biosynthesis,vv50104Group_translocators
225,VIT_06s0061g00840,731,0.3543,PHD finger transcription factor,PHDFG_16,,vv60048PHD,
226,VIT_14s0060g02330,730,0.3518,Actin binding formin homology 1,FH2,,vv44810Regulation_of_actin_cytoskeleton,
227,VIT_19s0014g04930,726,0.3514,Germacrene-D synthase,E4_2_3_22,,vv10900Terpenoid_biosynthesis,
228,VIT_16s0100g00670,724,0.3506,Homeodomain GLABROUS1,HDG1_2,VvHB55,vv60034HB,
229,VIT_09s0002g01650,725,0.3489,5'-nucleotidase surE,E3_1_3_5,,vv10230Purine_metabolism,vv10240Pyrimidine_metabolism
230,VIT_07s0005g00270,715,0.3476,Unknown protein,,,,
231,VIT_14s0006g02570,720,0.3470,Protease inhibitor/seed storage/lipid transfer protein (LTP),,,,
232,VIT_19s0015g02690,720,0.3468,Glutathione S-transferase 25 GSTU25,E2_5_1_18_GSTU25,,vv10480Glutathione_metabolism,
233,VIT_10s0003g03750,714,0.3453,9-cis-epoxycarotenoid dioxygenase 2,E1_13_11_51,,vv10906Carotenoid_biosynthesis,vv11013ABA_biosynthesis
234,VIT_06s0061g00620,714,0.3451,Short-chain dehydrogenase carbonyl reductase 3,,,,
235,VIT_16s0098g01890,709,0.3435,Phosphatidylinositol 3- and 4-kinase / ubiquitin,,,,
236,VIT_08s0007g02700,709,0.3412,Secoisolariciresinol dehydrogenase,SIRD,,vv10940Phenylpropanoid_biosynthesis,
237,VIT_14s0068g02230,702,0.3403,No hit,,,,
238,VIT_09s0002g04890,698,0.3402,R protein  PRF  disease resistance protein,K13453,,vv34627R_proteins_from_Plant-pathogen_interaction,
239,VIT_01s0026g01140,700,0.3387,ZCW32 (BIGPETAL  BIGPETALUB),ZCW32_2,,vv60011BHLH,
240,VIT_04s0008g02670,692,0.3354,Cryptochrome DASH,CRYDASH,,vv34710Circadian_rhythm,
241,VIT_14s0128g00700,693,0.3345,EMB2261 (embryo defective 2261),,,,
242,VIT_13s0064g01660,686,0.3327,Prunasin hydrolase isoform PHA precursor,E3_2_1_118,,vv10460Cyanoamino_acid_metabolism,
243,VIT_13s0019g01260,687,0.3316,Enoyl reductase,K10258,,vv11040Biosynthesis_of_unsaturated_fatty_acids,
244,VIT_00s0226g00030,680,0.3299,Peroxidase,E1_11_1_7,,vv10360Phenylalanine_metabolism,vv10680Methane_metabolism
245,VIT_04s0044g00070,686,0.3296,RAB GDP dissociation inhibitor 1 ATGD1,,,,
246,VIT_04s0008g04460,679,0.3295,Molybdate transporter 1,MOT1,,vv50124Porters_cat_30_to_64,
247,VIT_07s0005g00860,681,0.3285,U3 snoRNP-associated helicase Ecm16,ECM16,,,
248,VIT_00s0409g00050,677,0.3269,Receptor-like serine-threonine protein kinase,,,,
249,VIT_00s2397g00010<br>VIT_16s0050g02690<br>VIT_00s0258g00120<br>VIT_00s1944g00010<br>VIT_00s2304g00010,672,0.3265,
250,VIT_17s0000g07530,675,0.3259,Transportin-SR,TRANSPORTINSR,,vv50112Nuclear_pore_complex,
251,VIT_11s0016g04660,661,0.3192,Pentatricopeptide (PPR) repeat-containing,,,,
252,VIT_14s0060g02370,660,0.3173,DegP protease,E3_4_21_107,,,
253,VIT_11s0016g02050,647,0.3147,Nucleosome assembly protein (NAP1),,,,
254,VIT_14s0066g02270,647,0.3123,Endonuclease/exonuclease/phosphatase family protein,E3_1_30_x,,,
255,VIT_06s0004g03310,631,0.3060,Hydrolase  alpha/beta fold,,,,
256,VIT_00s0245g00050,635,0.3054,Oleoyl-acyl carrier protein thioesterase  chloroplast precursor,E3_1_2_14,,vv10061Fatty_acid_biosynthesis,
257,VIT_04s0023g01170,627,0.3042,Unknown protein,,,,
258,VIT_17s0000g05000,629,0.3037,SEPALLATA1,SEPALLATA1_1,,vv30009Flower_development,vv60042MADS
259,VIT_01s0011g02330,627,0.3036,Unknown protein,,,,
260,VIT_05s0094g00820,624,0.3010,Unknown protein,,,,
261,VIT_03s0063g01890,613,0.2980,Ring-H2 finger protein ATL3G,,,,
262,VIT_12s0034g01140,614,0.2978,Plastocyanin domain-containing protein,K02638,,vv10195Photosynthesis,vv50113Thylakoid_targeting_pathway
263,VIT_15s0046g00520,612,0.2969,Wax synthase,E2_3_1_75,,vv11000Single_reactions,
264,VIT_13s0106g00250,608,0.2936,Carboxylic ester hydrolase,E3_1_1_1,,,
265,VIT_14s0083g00540,603,0.2929,Plant adhesion molecule 1 (PAM1),,,,
266,VIT_01s0010g02220,604,0.2924,Zinc finger (C3HC4-type ring finger),ZFC3HC4_200,,vv60078Other_zf-C3HC4,
267,VIT_11s0065g00170,608,0.2923,Squamosa promoter-binding protein 2 (SPL2),SPL2_3,,vv60055SBP,
268,VIT_10s0003g02280,598,0.2897,SRG1 (senescence-related gene 1) oxidoreductase,,,,
269,VIT_11s0065g00360,600,0.2894,Acetyl-CoA carboxylase  biotin carboxylase subunit (CAC2),E6_4_1_2,,vv10061Fatty_acid_biosynthesis,vv10620Pyruvate_metabolism
270,VIT_19s0090g01050,597,0.2890,Endo-beta-1 4-glucanase,E3_2_1_4,,vv40006Cell_wall,
271,VIT_05s0077g00670,594,0.2877,Unknown protein,,,,
272,VIT_18s0122g00840,593,0.2855,EMB2261 (embryo defective 2261),,,,
273,VIT_08s0056g01070,591,0.2836,MATE efflux family protein,MATE,,vv50125Porters_cat_66_to_94,
274,VIT_00s0347g00060<br>VIT_00s0762g00020<br>VIT_00s0347g00080<br>VIT_00s0743g00010,581,0.2815,
275,VIT_03s0038g02860,576,0.2779,Amino acid permease,AAPREL,,vv50123Porters_cat_18_to_29,
276,VIT_02s0087g00100,576,0.2776,Ankyrin repeat family,K10380,,vv50108Accessory_factors_involved_in_transport,
277,VIT_06s0009g01410,567,0.2756,No hit,,,,
278,VIT_09s0002g00300,553,0.2665,APUM23 (Arabidopsis PUMILIO 23),,,,
279,VIT_00s0245g00010,544,0.2633,Integral membrane protein,,,,
280,VIT_14s0060g01810,547,0.2629,Unknown protein,,,,
281,VIT_19s0014g03650,545,0.2623,No hit,,,,
282,VIT_01s0010g00710,540,0.2615,Armadillo/beta-catenin repeat protein / U-box domain-containing protein ,,,,
283,VIT_05s0049g02360,542,0.2603,DEAD/DEAH box helicase (RH10),RH10,,vv23040Spliceosome,vv50133Primary_active_transporter_cat_A9_to_A18
284,VIT_06s0004g06570,538,0.2598,Calcium/proton exchanger CAX3,K07300_CAX3,,vv50123Porters_cat_18_to_29,
285,VIT_02s0012g00580,532,0.2583,Ankyrin protein kinase,,,,
286,VIT_04s0008g02870,530,0.2568,Transcription factor,TRIHELIXDOM_12,,vv60062Trihelix,
287,VIT_01s0146g00280,528,0.2563,NAC domain-containing protein 83,NAC083_4,VvNAC01,vv60046NAC,
288,VIT_08s0056g00800,532,0.2559,Myb domain protein 60,MYB60,MYB60,vv60044MYB,
289,VIT_03s0088g00270,519,0.2527,No hit,,,,
290,VIT_14s0006g00910,522,0.2527,ATA15 protein,,,,
291,VIT_00s0245g00030,509,0.2455,Integral membrane family protein,,,,
292,VIT_06s0009g03390,501,0.2433,No hit,,,,
293,VIT_03s0063g02610,500,0.2421,GRP7 (cold  circadian rhythm  and RNA binding 2),GRP7,,vv50133Primary_active_transporter_cat_A9_to_A18,
294,VIT_12s0057g01060,503,0.2421,Jasmonate O-methyltransferase,E2_1_1_141,,vv10592alpha-Linolenic_acid_metabolism,
295,VIT_17s0000g02700,501,0.2420,Alpha-dioxygenase 2,K10529,,vv10592alpha-Linolenic_acid_metabolism,
296,VIT_10s0003g05420,496,0.2390,S-2-hydroxy-acid oxidase  peroxisomal,E1_1_3_15,,vv10630Glyoxylate_and_dicarboxylate_metabolism,
297,VIT_18s0001g14390,486,0.2359,Transducin protein,,,,
298,VIT_13s0067g02790,482,0.2325,Cytochrome P450  family 79  subfamily A  polypeptide 2,K12153,,vv10966Glucosinolate_biosynthesis,
299,VIT_18s0001g11100,482,0.2320,Serine carboxypeptidase,,,,
300,VIT_06s0009g02780,475,0.2291,Histone mRNA exonuclease 1,K01175,,,
301,VIT_18s0001g02720,463,0.2231,fatty acid elongation1 (FAE1),,,,
302,VIT_05s0077g00450,460,0.2229,Ribosomal protein S1 30S,K02945,,vv23010Ribosome,
303,VIT_18s0001g07640,457,0.2215,Eceriferum 2 (CER2),,,,
304,VIT_11s0118g00180,457,0.2213,HHP1 (heptahelical protein 1),,,,
305,VIT_15s0048g02720,458,0.2213,fatty acid elongase,E2_3_1_41,,vv10061Fatty_acid_biosynthesis,
306,VIT_12s0035g00640,454,0.2195,Ubiquitin-like domain containing CTD phosphatase 1,,,,
307,VIT_14s0030g01650,444,0.2152,Unknown protein,,,,
308,VIT_14s0006g02690,442,0.2149,Delta 7-sterol-C5-desaturase (STE1),K00258,,vv10902Monoterpenoid_biosynthesis,
309,VIT_12s0059g00110<br>VIT_12s0059g00080<br>VIT_12s0059g00100,445,0.2147,
310,VIT_17s0000g05370,445,0.2137,MYC ZCW32 (bigpetal  bigpetalub),ZCW32_1,,vv60011BHLH,
311,VIT_14s0108g01080,438,0.2125,Myb domain protein 106,MYB106_2,MYB141,vv60044MYB,
312,VIT_10s0116g01580,437,0.2116,No hit,,,,
313,VIT_16s0100g01110,437,0.2116,Resveratrol synthase (RS1),E2_3_1_95,,vv10940Phenylpropanoid_biosynthesis,
314,VIT_05s0049g01810,430,0.2085,No hit,,,,
315,VIT_14s0006g01340,430,0.2083,Myb domain protein 113,MYB113_1,MYBA5,vv60044MYB,
316,VIT_04s0023g00490,431,0.2078,Auxin responsive SAUR protein,SAUR,,vv30003Auxin_signaling,
317,VIT_06s0004g01460<br>VIT_06s0004g01450,430,0.2071,
318,VIT_14s0066g02410,426,0.2070,Betaine-aldehyde dehydrogenase,E1_2_1_8,,vv10260Glycine_serine_and_threonine_metabolism,vv50101Channels_and_pores
319,VIT_13s0064g01760,427,0.2068,Amygdalin hydrolase isoform AH I,E3_2_1_117,,vv10460Cyanoamino_acid_metabolism,
320,VIT_02s0025g04410,429,0.2066,Beta-ketoacyl-CoA synthase,E2_3_1_41,,vv10061Fatty_acid_biosynthesis,
321,VIT_08s0007g08110,426,0.2062,1-acyl-sn-glycerol-3-phosphate acyltransferase,E2_3_1_51,,vv10561Glycerolipid_metabolism,vv10564Glycerophospholipid_metabolism
322,VIT_14s0060g01460,424,0.2048,Pentatricopeptide (PPR) repeat-containing protein,,,,
323,VIT_03s0038g04500,422,0.2042,Bifunctional dihydrofolate reductase-thymidylate synthase 1,K13998,,vv10240Pyrimidine_metabolism,vv10670One_carbon_pool_by_folate
324,VIT_00s0762g00030,421,0.2030,S-locus lectin protein kinase,,,,
325,VIT_15s0048g01590,418,0.2007,CYP76B1,,,,
326,VIT_01s0137g00240,416,0.1997,Pectate lyase,E4_2_2_2,,vv40006Cell_wall,
327,VIT_18s0001g01210,403,0.1963,Senescence-inducible chloroplast stay-green protein 2,,,,
328,VIT_10s0042g01010,403,0.1956,CYP714A1,,,,
329,VIT_08s0007g01420,402,0.1948,Glutathione S-transferase 8 GSTU8,E2_5_1_18_GSTU8,,vv10480Glutathione_metabolism,
330,VIT_11s0052g01410,402,0.1943,Leucine Rich Repeat receptor-like kinase,,,,
331,VIT_18s0117g00550,400,0.1943,Laccase,E1_10_3_2,,vv11000Single_reactions,vv50109Incompletely_characterized_transport_systems
332,VIT_02s0033g01210,401,0.1931,Cyclops,,,,
333,VIT_09s0002g06780,393,0.1920,Unknown protein,,,,
334,VIT_07s0104g01410,396,0.1920,OTU cysteine protease,,,,
335,VIT_11s0037g01400,395,0.1916,Zinc finger (C3HC4-type ring finger),ZFC3HC4_80,,vv60078Other_zf-C3HC4,
336,VIT_10s0116g01850,392,0.1901,Unknown protein,,,,
337,VIT_08s0040g01040,392,0.1895,Serine carboxypeptidase II,,,,
338,VIT_11s0016g01160,392,0.1891,GCN5 N-acetyltransferase (GNAT),GCN5_3,,vv60082GNAT,
339,VIT_06s0004g03210,386,0.1868,Unknown,,,,
340,VIT_05s0020g03600,387,0.1867,CDPK adapter protein 1,,,,
341,VIT_04s0008g02250,389,0.1865,Beta-ketoacyl-CoA synthase,E2_3_1_41,,vv10061Fatty_acid_biosynthesis,
342,VIT_09s0002g02980,383,0.1847,FRK1 (FLG22-induced receptor-like kinase 1),FRK1,,vv34626Plant-pathogen_interaction,
343,VIT_14s0036g00330,381,0.1843,RPS2 (resistant to p. syringae 2),K13459,,vv34626Plant-pathogen_interaction,
344,VIT_16s0098g01560,378,0.1832,Glucan endo-1 3-beta-D-glucosidase,E3_2_1_39,,vv10500Starch_and_sucrose_metabolism,
345,VIT_02s0087g00490,378,0.1831,10-deacetylbaccatin III 10-O-acetyltransferase,E2_3_1_167,,vv10904Diterpenoid_biosynthesis,
346,VIT_01s0127g00720,380,0.1829,Carbonic anhydrase  beta,E4_2_1_1,,vv10910Nitrogen_metabolism,vv50124Porters_cat_30_to_64
347,VIT_11s0016g03800,380,0.1828,No hit,,,,
348,VIT_02s0025g01730,378,0.1827,3-oxoacyl-[acyl-carrier-protein] synthase,E2_3_1_41,,vv10061Fatty_acid_biosynthesis,
349,VIT_07s0151g00010,376,0.1820,No hit,,,,
350,VIT_04s0043g00560,374,0.1809,DD1A protein,,,,
351,VIT_18s0072g01010,369,0.1794,Peptide chain release factor eRF subunit 1,K03265,,vv23015mRNA_surveillance_pathway,
352,VIT_01s0137g00190,371,0.1791,CIP4 (COP1-interacting protein 4),CIP4,,vv24120Ubiquitin_mediated_proteolysis,
353,VIT_05s0020g04440,368,0.1785,Unknown protein,,,,
354,VIT_10s0071g00230,366,0.1767,HcrVf1 protein,,,,
355,VIT_18s0001g14760,359,0.1733,Lipase 3 (EXL3) family II extracellular,,,,
356,VIT_10s0003g02120,357,0.1721,Lipase GDSL,,,,
357,VIT_14s0006g02550,355,0.1706,Non-specific lipid-transfer protein 2 (LTP 2),,,,
358,VIT_11s0016g04950,345,0.1675,NAD+ diphosphatase,K03426,,vv44146Peroxisome,
359,VIT_04s0008g01260,345,0.1663,Zinc transporter ZIP4,ZIP4,,vv50121Porters_cat_1_to_6,
360,VIT_02s0033g00540,343,0.1659,No hit,,,,
361,VIT_00s0978g00020,345,0.1656,Unknown protein,,,,
362,VIT_03s0063g02650,343,0.1652,Hydrolase  alpha/beta fold,,,,
363,VIT_04s0008g00710,341,0.1652,Unknown,,,,
364,VIT_08s0056g01280,341,0.1651,MIF4G domain-containing protein,,,,
365,VIT_13s0019g02940,341,0.1646,Cis-zeatin O-beta-D-glucosyltransferase,E2_4_1_215,,vv10908Zeatin_biosynthesis,
366,VIT_17s0000g06190,339,0.1633,Myb domain protein 94,MYB94_2,MYB30A,vv60044MYB,
367,VIT_01s0026g02040,331,0.1597,No hit,,,,
368,VIT_18s0001g00400,330,0.1597,Laccase,E1_10_3_2,,vv11000Single_reactions,vv50109Incompletely_characterized_transport_systems
369,VIT_08s0007g00200,330,0.1593,Ankyrin repeat,K10380,,vv50108Accessory_factors_involved_in_transport,
370,VIT_17s0000g03430,327,0.1574,Adaptor-related protein complex 3  delta 1 sub,AP3D1,,vv50110Protein_coat,
371,VIT_05s0049g00010,326,0.1573,Cellulose synthase CSLG2,E2_4_1_12_CSLG2,,vv40006Cell_wall,
372,VIT_13s0067g02060,323,0.1568,Biotin/lipoyl attachment domain-containing protein,E6_4_1_2,,vv10061Fatty_acid_biosynthesis,vv10620Pyruvate_metabolism
373,VIT_11s0037g00320,323,0.1566,Serine carboxypeptidase S10,,,,
374,VIT_19s0014g01760,321,0.1551,Glutamate receptor 2.8,GLR2_8,,vv50101Channels_and_pores,
375,VIT_09s0002g05560,320,0.1550,ABC transporter g family pleiotropic drug resistance 12 PDR12,ABCGPDR12,,vv52010ABC_transporters,
376,VIT_06s0004g05230,319,0.1544,Plastid transcriptionally active18,PTAC16,,vv50133Primary_active_transporter_cat_A9_to_A18,
377,VIT_14s0068g00840,318,0.1538,RBR1 (retinoblastoma-related 1),RBR1_1,,vv44110Cell_cycle,vv60051RB
378,VIT_11s0016g04480,315,0.1527,Acyl ACP-thioesterase,E3_1_2_14,,vv10061Fatty_acid_biosynthesis,
379,VIT_14s0060g02200,311,0.1505,Phospholipid/glycerol acyltransferase,E2_3_1_51,,vv10561Glycerolipid_metabolism,vv10564Glycerophospholipid_metabolism
380,VIT_11s0037g01410,308,0.1501,XBAT32 (XB3 ortholog 2 in Arabidopsis thaliana 32),XBAT32,,vv50108Accessory_factors_involved_in_transport,
381,VIT_17s0000g02920,307,0.1477,Glutathione S-transferase 25 GSTU7,E2_5_1_18_GSTU7,,vv10480Glutathione_metabolism,
382,VIT_05s0062g00830,305,0.1472,Ribosomal protein S1,K02945,,vv23010Ribosome,
383,VIT_06s0004g01750,305,0.1471,Polygalacturonase inhibitor protein,PGIP,,,
384,VIT_14s0060g01510,297,0.1433,Importin alpha,IMPALPHA,,vv50109Incompletely_characterized_transport_systems,vv50112Nuclear_pore_complex
385,VIT_18s0001g05790,298,0.1429,Unknown protein,,,,
386,VIT_18s0001g06690,293,0.1413,Gibberellin 20 oxidase 2,E1_14_11_12,,vv10904Diterpenoid_biosynthesis,
387,VIT_09s0002g03180,290,0.1405,DNA repair protein,,,,
388,VIT_11s0016g01290,288,0.1389,CYP72A1,K13400,,vv10902Monoterpenoid_biosynthesis,
389,VIT_18s0001g14790,286,0.1388,Lipase 3 (EXL3) family II extracellular,,,,
390,VIT_04s0044g01790,284,0.1371,Ribosome assembly protein 1,K14536,,vv23008Ribosome_biogenesis_in_Eukaryotes,
391,VIT_12s0028g01850,282,0.1363,Receptor kinase TRKe,,,,
392,VIT_18s0001g00470,283,0.1359,Monocopper oxidase SKS5 (SKU5 Similar 5),SKS5,,vv50109Incompletely_characterized_transport_systems,
393,VIT_15s0021g02300,279,0.1346,Squamosa promoter-binding protein 8 (SPL8),SPL8,,vv60055SBP,
394,VIT_15s0021g01680,279,0.1344,Pentatricopeptide repeat-containing protein,,,,
395,VIT_01s0011g00900,278,0.1341,Pentatricopeptide (PPR) repeat-containing protein,,,,
396,VIT_14s0171g00390,276,0.1337,DNA-binding storekeeper protein,STOREKEEPER_1,,vv60030GeBP,
397,VIT_19s0014g04090<br>VIT_10s0071g00450<br>VIT_10s0071g00440<br>VIT_19s0015g02410<br>VIT_19s0014g04160,275,0.1332,
398,VIT_18s0001g00570,273,0.1314,Pentatricopeptide (PPR) repeat-containing,,,,
399,VIT_10s0116g01040,269,0.1290,Stigma-specific Stig1,,,,
400,VIT_08s0007g02970,267,0.1287,Unknown protein,,,,
401,VIT_12s0028g01630,267,0.1287,S-receptor kinase,,,,
402,VIT_11s0052g01810,260,0.1258,Protein kinase,,,,
403,VIT_18s0041g01480,260,0.1257,No hit,,,,
404,VIT_06s0004g02640,258,0.1248,Receptor protein kinase PERK1,,,,
405,VIT_07s0031g01810,258,0.1246,Unknown protein,,,,
406,VIT_09s0002g04860,257,0.1234,GTPase activating protein,,,,
407,VIT_13s0019g02460,251,0.1217,Proton-dependent oligopeptide transport (POT) family protein,POT,VvHB45,vv50122Porters_cat_7_to_17,
408,VIT_00s0499g00030,243,0.1178,Stearoyl-CoA 9-desaturase,E1_14_19_1,,vv11040Biosynthesis_of_unsaturated_fatty_acids,
409,VIT_15s0024g00780,242,0.1173,No hit,,,,
410,VIT_00s1613g00010,243,0.1172,Syntaxin 52,K08503,,vv24130SNARE_interactions_in_vesicular_transport,
411,VIT_06s0009g01420,241,0.1165,Protease inhibitor/seed storage/lipid transfer protein (LTP),,,,
412,VIT_11s0052g00800,240,0.1160,Protein kinase family,,,,
413,VIT_09s0002g00410,239,0.1158,No hit,,,,
414,VIT_16s0098g00410,239,0.1155,Receptor kinase homolog LRK10,,,,
415,VIT_03s0017g01280,227,0.1099,ABC transporter G member 7,ABCG7,,vv52010ABC_transporters,
416,VIT_14s0060g01850,224,0.1088,Unknown,,,,
417,VIT_09s0002g06060,226,0.1088,U3 small nucleolar RNA-associated protein 5,K14546,,vv23008Ribosome_biogenesis_in_Eukaryotes,
418,VIT_04s0008g01960,224,0.1086,Copper-transporting ATPase PAA2,K01533_PAA2,,vv50131Primary_active_transporter_cat_A2_to_A4,
419,VIT_05s0062g00820,224,0.1074,Unknown protein,,,,
420,VIT_10s0092g00150,220,0.1064,Patatin protein 3,,,,
421,VIT_07s0031g00830,215,0.1041,Patatin-like protein 1,,,,
422,VIT_03s0063g01450,214,0.1036,VRN1 (reduced vernalization response 1),VRN1_1,,vv30009Flower_development,vv60001ABI3VP1
423,VIT_16s0022g02080,214,0.1033,Exostosin family protein,K02366,,vv11030Glycan_structures-biosynthesis1,
424,VIT_07s0005g06050,211,0.1018,Homeobox-1,VVHB1_5,,vv60034HB,
425,VIT_13s0019g05070,210,0.1017,Nodulin family protein,,,,
426,VIT_09s0070g00980,208,0.1004,Unknown,,,,
427,VIT_08s0007g00890,206,0.0998,Tropinone reductase,E1_1_1_206,,vv10220Urea_cycle_and_metabolism_of_amino_groups,
428,VIT_18s0001g11090,207,0.0993,Uroporphyrinogen-III synthase,E4_2_1_75,,vv10860Porphyrin_and_chlorophyll_metabolism,
429,VIT_17s0000g03070,205,0.0991,R protein MLA10,K13475,,vv34627R_proteins_from_Plant-pathogen_interaction,
430,VIT_06s0009g00580,202,0.0975,Receptor protein kinase,,,,
431,VIT_17s0000g03940,194,0.0940,ferulate 5-hydroxylase,K09755,,vv10940Phenylpropanoid_biosynthesis,
432,VIT_08s0040g00910,193,0.0936,CAM  interacting  protein 111,CIP111,,vv50133Primary_active_transporter_cat_A9_to_A18,
433,VIT_16s0050g00870,190,0.0922,Acyltransferase,E2_3_1_x,,,
434,VIT_17s0000g00230,190,0.0914,WD-40 repeat,,,,
435,VIT_11s0016g03250,188,0.0910,Lachrymatory factor synthase,,,,
436,VIT_12s0035g01990,187,0.0903,Intron maturase  type II,,,,
437,VIT_03s0063g02490,184,0.0895,Glucan endo-1 3-beta-glucosidase 7 precursor,E3_2_1_39,,vv10500Starch_and_sucrose_metabolism,
438,VIT_13s0064g00160,183,0.0881,Unknown protein,,,,
439,VIT_02s0012g00890,179,0.0865,Unknown protein,,,,
440,VIT_18s0001g12000,179,0.0861,Geranylgeranyl pyrophosphate synthetase 1  chloroplast precursor,E2_5_1_29,,vv10100Biosynthesis_of_steroids,vv10900Terpenoid_biosynthesis
441,VIT_12s0178g00200,177,0.0853,Actin beta/gamma 1,K05692,,vv44810Regulation_of_actin_cytoskeleton,
442,VIT_02s0012g02030,177,0.0848,Homeobox-7,VVHB7_1,VvHB09,vv60034HB,
443,VIT_12s0059g00230,173,0.0835,Epoxide hydrolase 2,E3_3_2_10,,,
444,VIT_03s0063g00350,172,0.0829,Unknown,,,,
445,VIT_19s0085g00510,170,0.0820,DEAD box RNA helicase (RH10),RH10,,vv23040Spliceosome,vv50133Primary_active_transporter_cat_A9_to_A18
446,VIT_01s0011g05200,169,0.0819,Phosphoethanolamine N-methyltransferase 1,E2_1_1_103,,vv10564Glycerophospholipid_metabolism,
447,VIT_09s0002g07250,168,0.0818,No hit,,,,
448,VIT_01s0026g01750,167,0.0811,Pentatricopeptide (PPR) repeat-containing,,,,
449,VIT_06s0004g07220,166,0.0802,Indole-3-acetate beta-glucosyltransferase,E2_4_1_121,,vv11002Auxin_biosynthesis,
450,VIT_00s0267g00050,162,0.0786,No hit,,,,
451,VIT_13s0019g02090,162,0.0784,Thylakoid lumenal 15 kDa protein 1,,,,
452,VIT_04s0023g01720,161,0.0780,SEC14 cytosolic factor  putative,SEC14,,vv50122Porters_cat_7_to_17,
453,VIT_01s0010g02670,156,0.0755,3-oxoacyl-[acyl-carrier-protein] reductase  chloroplast,E1_1_1_100,,vv10061Fatty_acid_biosynthesis,vv11040Biosynthesis_of_unsaturated_fatty_acids
454,VIT_11s0037g01350,155,0.0751,Ankyrin,K10380,,,
455,VIT_13s0019g05290,153,0.0738,Acyl-CoA binding,,,,
456,VIT_18s0001g01760,153,0.0737,PISTILLATA (PI) floral homeotic protein,PISTILLATA_1,,vv30009Flower_development,vv60042MADS
457,VIT_19s0014g04920,150,0.0727,(-)-germacrene D synthase,E4_2_3_22,,vv10900Terpenoid_biosynthesis,
458,VIT_02s0012g03050,149,0.0721,AAA-type ATPase,,,,
459,VIT_15s0046g00320,146,0.0705,Myc2 bHLH protein,MYC2_2,,vv30011Jasmonate_signaling,vv34626Plant-pathogen_interaction
460,VIT_15s0021g02320,145,0.0702,ABC transporter G member 7,ABCG7,,vv52010ABC_transporters,
461,VIT_02s0025g00750,145,0.0702,Pinoresinol forming dirigent protein,DIRPR,,vv10940Phenylpropanoid_biosynthesis,
462,VIT_00s0540g00010,141,0.0684,ARK3 (Arabidopsis Receptor Kinase 3),,,,
463,VIT_08s0105g00300,141,0.0682,Phospholipase C,E3_1_4_3,,vv10260Glycine_serine_and_threonine_metabolism,vv10562Inositol_phosphate_metabolism
464,VIT_01s0010g02840,140,0.0680,Chaperone BCS1 mitochondrial,K08900,,,
465,VIT_01s0011g05250,139,0.0668,Senescence-associated protein,,,,
466,VIT_10s0003g01850,138,0.0663,RKF1 (receptor-like kinase in flowers 1),,,,
467,VIT_00s0160g00350,136,0.0661,Pentatricopeptide repeat-containing protein,,,,
468,VIT_05s0029g00550,136,0.0656,HEAT repeat-containing protein,,,,
469,VIT_08s0007g05460,135,0.0652,Pentatricopeptide (PPR) repeat-containing protein,,,,
470,VIT_15s0046g01960,133,0.0641,Hydroquinone glucosyltransferase,E2_4_1_218,,vv10500Starch_and_sucrose_metabolism,
471,VIT_06s0004g05120,133,0.0640,ARR1 typeB,ARR1_3,,vv30007Cytokinin_signaling,vv60006ARR-B
472,VIT_16s0022g02060,130,0.0630,K+ efflux antiporter (KEA5),KEA5,,vv50124Porters_cat_30_to_64,
473,VIT_19s0014g02670,129,0.0624,Protein kinase CRK1 CRK1 protein(Cdc2-related kinase 1),,,,
474,VIT_18s0001g03230,128,0.0619,Aminoacylase/ metallopeptidase,E3_5_1_14,,vv10220Urea_cycle_and_metabolism_of_amino_groups,
475,VIT_18s0001g13260,126,0.0609,ATP-dependent protease La (LON) domain-containing protein,E3_4_21_53,,,
476,VIT_18s0001g10060,125,0.0606,LRX1 (leucine-rich repeat/extensin 1),EXTENSIN,,vv40006Cell_wall,
477,VIT_05s0029g01410,123,0.0596,No hit,,,,
478,VIT_17s0000g00280,122,0.0590,Magnesium-protoporphyrin O-methyltransferase,E2_1_1_11,,vv10860Porphyrin_and_chlorophyll_metabolism,
479,VIT_17s0000g03910,121,0.0587,flavonoid 3-monooxygenase,E1_14_13_21,,vv10941Flavonoid_biosynthesis,
480,VIT_00s0582g00030,121,0.0585,Syntaxin-51,,,,
481,VIT_17s0000g05310,120,0.0580,Pre-mRNA cleavage complex II protein Clp1,,,,
482,VIT_17s0000g09070,119,0.0576,Histone deacetylase HDA6,K06067_HDAC6,,vv30011Jasmonate_signaling,vv44110Cell_cycle
483,VIT_07s0005g02190,118,0.0574,Zinc finger (C2H2 type) family,C2H2FAM_36,,vv60017C2H2,
484,VIT_02s0025g05170,118,0.0569,Unknown protein,,,,
485,VIT_18s0001g08800,116,0.0562,Lecithine cholesterol acyltransferase-like protein,E2_3_1_43,,vv10564Glycerophospholipid_metabolism,
486,VIT_14s0108g01020,116,0.0560,Alpha-expansin 1 precursor,EXPA1,,vv30003Auxin_signaling,
487,VIT_13s0019g03310,115,0.0555,Transposon protein,,,,
488,VIT_05s0102g00880,111,0.0539,Strictosidine synthase,E4_3_3_2,,vv10900Terpenoid_biosynthesis,vv10902Monoterpenoid_biosynthesis
489,VIT_17s0000g02830,109,0.0529,R protein MLA10,K13475,,vv34627R_proteins_from_Plant-pathogen_interaction,
490,VIT_18s0041g00270,109,0.0527,R protein  PRF  disease resistance protein,K13453,,vv34627R_proteins_from_Plant-pathogen_interaction,
491,VIT_18s0001g15310,108,0.0523,Thioredoxin M-type,,,,
492,VIT_14s0068g02150,107,0.0516,Kelch repeat-containing F-box family protein,,,,
493,VIT_06s0004g06890,106,0.0512,Potassium transporter (KUP1),KUP1,,vv50125Porters_cat_66_to_94,
494,VIT_00s2839g00010,106,0.0512,No hit,,,,
495,VIT_02s0012g01350,103,0.0500,No hit,,,,
496,VIT_18s0001g03240,102,0.0494,DREB sub A-5 of ERF/AP2 transcription factor,ERF012,VvERF008,vv30008Ethylene_signaling,vv60003AP2_EREBP
497,VIT_15s0048g00940,102,0.0490,ATP-dependent DNA helicase 2 subunit 2,K10885,,vv23450Non_homologous_end_joining,
498,VIT_02s0109g00380,101,0.0489,Stress response suppressor 1,STRS1,,vv23040Spliceosome,vv50133Primary_active_transporter_cat_A9_to_A18
499,VIT_07s0031g00650,98,0.0477,Defective chloroplasts and leaves protein / DCL protein,,,,
500,VIT_02s0025g01190,99,0.0477,Extra-large G-protein (XLG1),,,,
501,VIT_16s0098g01740,98,0.0472,Unknown protein,,,,
502,VIT_07s0005g02410,97,0.0468,Peptidyl-prolyl cis-trans isomerase  chloroplast ROC4 (rotamase CyP 4),ROC4,,,
503,VIT_05s0049g01760,96,0.0464,Proton gradient regulation 5 (PGR5),PGR5,,,
504,VIT_14s0006g01290,95,0.0459,Myb domain protein 113,MYB113_2,MYBA6,vv60044MYB,
505,VIT_05s0077g00530,95,0.0459,Unknown protein,,,,
506,VIT_08s0007g03370,94,0.0455,Unknown protein,,,,
507,VIT_09s0002g02220,93,0.0450,Protein kinase CDG1,,,,
508,VIT_18s0089g00300<br>VIT_18s0089g00260,93,0.0449,
509,VIT_05s0094g01470,92,0.0447,Poly(ADP-ribose) like glycohydrolase,E3_2_1_143,,,
510,VIT_13s0074g00660,91,0.0439,ABC transporter G member 22,ABCG22,,vv52010ABC_transporters,
511,VIT_05s0020g03570,89,0.0430,LOI1 (lovastatin insensitive 1); binding,,,,
512,VIT_19s0014g00090,89,0.0427,Glucan endo-1 3-beta-glucosidase 4 precursor,E3_2_1_39,,vv10500Starch_and_sucrose_metabolism,
513,VIT_02s0025g02640,88,0.0426,Unknown protein,,,,
514,VIT_11s0016g02490,87,0.0424,Ndr family protein,,,,
515,VIT_13s0019g05010,87,0.0421,Nodulin-like protein,,,,
516,VIT_10s0116g00480,86,0.0415,WNK kinase 6,,,,
517,VIT_08s0105g00450,86,0.0414,Transducin protein,,,,
518,VIT_10s0071g00030,85,0.0411,Strictosidine synthase,E4_3_3_2,,vv10900Terpenoid_biosynthesis,vv10902Monoterpenoid_biosynthesis
519,VIT_19s0014g01400,84,0.0405,Agenet domain-containing protein,,,,
520,VIT_08s0007g00570,83,0.0403,WRKY DNA-binding protein 49,WRKY49,VvWRKY27,vv60066WRKY,
521,VIT_00s0340g00040,83,0.0403,Beta-hexosaminidase beta chain precursor,E3_2_1_52,,vv10511N-Glycan_degradation,vv10530Aminosugars_metabolism
522,VIT_07s0104g00190,83,0.0399,7S globulin precursor  basic,,,,
523,VIT_11s0037g00290,79,0.0382,Plastocyanin domain-containing protein,K02638,,vv10195Photosynthesis,vv50113Thylakoid_targeting_pathway
524,VIT_19s0085g01200,79,0.0381,CTP synthase,E6_3_4_2,,vv10240Pyrimidine_metabolism,
525,VIT_04s0008g01850,78,0.0379,Trihelix DNA-binding protein (GT2),GT2_2,,vv60062Trihelix,
526,VIT_00s0522g00010<br>VIT_00s0266g00010<br>VIT_00s0372g00070<br>VIT_00s0372g00080<br>VIT_00s0572g00010<br>VIT_00s0372g00040<br>VIT_00s0847g00020<br>VIT_00s0572g00020,77,0.0373,
527,VIT_13s0139g00230,77,0.0372,R protein disease resistance protein,RPROT,,vv34627R_proteins_from_Plant-pathogen_interaction,
528,VIT_08s0007g07180,77,0.0371,Translation initiation factor eIF-3 subunit 8,K03252,,vv23013RNA_transport,
529,VIT_00s0211g00030,77,0.0370,Symbiosis receptor kinase,,,,
530,VIT_08s0007g03710,74,0.0356,ABC transporter G member 22,ABCG22,,vv52010ABC_transporters,
531,VIT_10s0042g00320,73,0.0350,Myosin-like protein XIH,MYOSINXIH,,vv44810Regulation_of_actin_cytoskeleton,
532,VIT_05s0020g00640,73,0.0350,Methyltransferase,,,,
533,VIT_08s0007g07240,72,0.0348,Armadillo helical,,,,
534,VIT_06s0009g01750,72,0.0347,ATP-dependent RNA helicase DOB1,K12598,,vv23018RNA_degradation,
535,VIT_15s0048g01160,69,0.0336,Phospholipase D beta 1,PLDB1,,vv10564Glycerophospholipid_metabolism,vv10565Ether_lipid_metabolism
536,VIT_13s0019g03210,69,0.0334,Lectin-like protein,,,,
537,VIT_10s0003g00780,69,0.0333,Glutamate receptor 3.4,GLR3_4,,vv50101Channels_and_pores,
538,VIT_00s0227g00060,68,0.0329,WD-40 repeat protein,,,,
539,VIT_15s0046g01350,67,0.0324,Tubulin gamma-2 chain,K10389,,vv44810Regulation_of_actin_cytoskeleton,
540,VIT_11s0037g00890,66,0.0321,Glutamine amidotransferase class-I domain-containing protein,K08681,,vv10750Vitamin_B6_metabolism,
541,VIT_18s0001g10050,65,0.0316,LRX1 (leucine-rich repeat/extensin 1),EXTENSIN,,vv40006Cell_wall,
542,VIT_05s0077g01710,65,0.0314,U3 small nucleolar RNA-associated protein 5,K14546,,vv23008Ribosome_biogenesis_in_Eukaryotes,
543,VIT_16s0100g01000,65,0.0314,Stilbene synthase 4,E2_3_1_95,,vv10940Phenylpropanoid_biosynthesis,
544,VIT_05s0049g01980,65,0.0313,3-isopropylmalate dehydratase large subunit 2,E4_2_1_33,,vv10290Valine_leucine_and_isoleucine_biosynthesis,
545,VIT_14s0060g01830,65,0.0313,Unknown protein,,,,
546,VIT_18s0001g12240,64,0.0309,Peptide chain release factor eRF subunit 1,K03265,,vv23015mRNA_surveillance_pathway,
547,VIT_18s0001g07300,64,0.0308,MADS box interactor,,,,
548,VIT_09s0002g02490,63,0.0306,Dof zinc finger protein 1,ADOF1,,vv60015C2C2-DOF,
549,VIT_07s0005g04400,63,0.0303,Photosystem II reaction centre W (PsbW),K08903,,vv10195Photosynthesis,vv50135Primary_active_transporter_cat_D3_to_E2
550,VIT_01s0011g00640,62,0.0299,Hcr2-0B,,,,
551,VIT_12s0059g02310,61,0.0296,PDF2 (protodermal factor2),PDF2_4,VvHB44,vv60034HB,
552,VIT_06s0004g08180,60,0.0289,Translation initiation factor eIF-2 beta subunit,K03238,,vv23013RNA_transport,
553,VIT_12s0059g00190,60,0.0289,Beta-expansin (EXPB3),EXPB3,,vv30003Auxin_signaling,
554,VIT_17s0000g03580,60,0.0289,BEE3 (BR Enhanced expression 3),BEE3,,vv60011BHLH,
555,VIT_10s0116g01840,59,0.0286,No hit,,,,
556,VIT_08s0040g01070,59,0.0285,Serine carboxypeptidase S10,,,,
557,VIT_13s0067g01180,58,0.0281,Leaf senescence related,,,,
558,VIT_08s0056g00260,58,0.0280,Harpin-induced protein,,,,
559,VIT_01s0010g03730,58,0.0280,F-box domain containing protein,,,,
560,VIT_08s0007g02280,58,0.0280,Phospholipase C,E3_1_4_3,,vv10260Glycine_serine_and_threonine_metabolism,vv10562Inositol_phosphate_metabolism
561,VIT_18s0001g14540,58,0.0279,DEAD-box ATP-dependent RNA helicase 28,K03732,,vv23040Spliceosome,vv50133Primary_active_transporter_cat_A9_to_A18
562,VIT_06s0004g06000,57,0.0276,Rename pre-mRNA-splicing factor RBM22/SLT11,K12872_1,,vv23040Spliceosome,vv60018C3H
563,VIT_01s0011g05120,57,0.0276,Major latex,,,,
564,VIT_04s0008g01290,57,0.0276,CGA1 (cytokinin-responsive GATA factor 1),CGA1,,vv30007Cytokinin_signaling,vv60016C2C2-GATA
565,VIT_00s0187g00180,57,0.0275,No hit,,,,
566,VIT_01s0011g03210,57,0.0274,Aspartyl protease,E3_4_23_x,,,
567,VIT_06s0061g01070,57,0.0273,Oligopeptidase A,E3_4_24_70,,,
568,VIT_14s0068g00040,56,0.0271,No hit,,,,
569,VIT_10s0003g03330,55,0.0266,Receptor-like serine-threonine protein kinase,,,,
570,VIT_11s0065g00370,55,0.0266,Senescence-associated protein,,,,
571,VIT_13s0073g00140,53,0.0259,Ovate family protein 13 OFP13,OFP13_2,,vv60086OFP,
572,VIT_03s0088g00070,53,0.0257,No hit,,,,
573,VIT_19s0014g00160,52,0.0252,LHCII type I CAB-1,K08912,,vv10196Photosynthesis_antenna_proteins,vv50105Transport_electron_carriers
574,VIT_18s0001g15230,52,0.0252,Unknown,,,,
575,VIT_15s0046g02460,52,0.0251,Growth-on protein GRO11,,,,
576,VIT_00s0301g00110,52,0.0250,Bifunctional nuclease,,,,
577,VIT_03s0063g00260,51,0.0247,Hydrogenobyrinic acid a c-diamide synthase,E6_3_5_9,,vv50101Channels_and_pores,
578,VIT_06s0004g04800,51,0.0247,Triosephosphate isomerase  cytosolic,E5_3_1_1,,vv10010Glycolysis,vv10051Fructose_and_mannose_metabolism
579,VIT_11s0016g00860,49,0.0236,Strictosidine synthase; Quinoprotein amine dehydrogenase  beta chain,E4_3_3_2,,vv10900Terpenoid_biosynthesis,vv10902Monoterpenoid_biosynthesis
580,VIT_00s0386g00050,48,0.0233,Xyloglucan endotransglucosylase/hydrolase precursor,E2_4_1_207,,vv40006Cell_wall,
581,VIT_17s0000g05110,48,0.0232,CYP78A4,,,,
582,VIT_18s0001g06010,48,0.0232,Hydrolase  alpha/beta fold,,,,
583,VIT_18s0001g14940,48,0.0231,Pentatricopeptide (PPR) repeat-containing,,,,
584,VIT_07s0005g05520,47,0.0229,Pectate lyase,E4_2_2_2,,vv40006Cell_wall,
585,VIT_04s0044g00190,47,0.0226,Mannitol dehydrogenase,E1_1_1_67,,vv10051Fructose_and_mannose_metabolism,
586,VIT_08s0040g01940,47,0.0226,Zinc finger (C3HC4-type ring finger),ZFC3HC4_154,,vv60078Other_zf-C3HC4,
587,VIT_05s0051g00280,47,0.0225,TIR-NBS-TIR type disease resistance protein,,,,
588,VIT_19s0027g00860,46,0.0224,NAC domain-containing protein 42,NAC042_2,VvNAC31,vv60046NAC,
589,VIT_00s0253g00010,46,0.0223,Pyruvate decarboxylase 1 [Vitis vinifera],E4_1_1_1,,vv10010Glycolysis,
590,VIT_08s0007g07090,46,0.0222,Sphingosine-1-phosphate phosphatase,K04716,,vv10600Sphingolipid_metabolism,
591,VIT_12s0034g02290,45,0.0218,CC-NBS-LRR class,,,,
592,VIT_12s0035g00880,45,0.0217,Lactoylglutathione lyase,E4_4_1_5,,vv10620Pyruvate_metabolism,
593,VIT_19s0014g02230,44,0.0210,Ribosomal protein S20  Chloroplast 30S,K02968,,vv23010Ribosome,
594,VIT_14s0036g00290,43,0.0209,R protein disease resistance protein,RPROT,,vv34627R_proteins_from_Plant-pathogen_interaction,
595,VIT_14s0060g00680,43,0.0208,Lipase GDSL,,,,
596,VIT_18s0001g10470,43,0.0208,Protein kinase MK6,,,,
597,VIT_03s0038g01280,43,0.0208,Auxin responsive SAUR protein,SAUR,,vv30003Auxin_signaling,
598,VIT_05s0136g00140,43,0.0208,AarF domain containing kinase,K08869,,,
599,VIT_11s0016g04840,42,0.0203,Avr9/Cf-9 rapidly elicited protein 11,,,,
600,VIT_03s0038g01960,42,0.0203,Proline-rich family protein,,,,
601,VIT_12s0028g03570,42,0.0203,SPA3 (SPA1-related 3),SPA3,,vv24120Ubiquitin_mediated_proteolysis,vv50133Primary_active_transporter_cat_A9_to_A18
602,VIT_19s0085g00380,42,0.0201,Phosphoglycerate kinase,E2_7_2_3,,vv10010Glycolysis,vv10710Carbon_fixation
603,VIT_05s0124g00530,41,0.0200,Ankyrin protein kinase,,,,
604,VIT_10s0071g00430,41,0.0198,GRAM domain-containing protein / ABA-responsive,,,,
605,VIT_15s0024g01910,41,0.0198,No hit,,,,
606,VIT_18s0001g01250,41,0.0197,Senescence-inducible chloroplast stay-green protein 2,,,,
607,VIT_00s0532g00050,40,0.0195,Basic helix-loop-helix ILR3,ILR3_4,,vv11002Auxin_biosynthesis,vv60011BHLH
608,VIT_08s0105g00430,40,0.0194,Omega-3 fatty acid desaturase  chloroplast precursor,K10257,,vv11040Biosynthesis_of_unsaturated_fatty_acids,
609,VIT_15s0046g01790,40,0.0193,ARID/BRIGHT DNA-binding domain-containing protein / ELM2,ARID_4,,vv60005ARID,
610,VIT_05s0077g00600,40,0.0192,Pentatricopeptide (PPR) repeat-containing protein,,,,
611,VIT_19s0014g03190,39,0.0189,Unknown protein,,,,
612,VIT_06s0004g06700,39,0.0189,ATP-dependent Clp protease ClpB protein,K03695,,vv50109Incompletely_characterized_transport_systems,
613,VIT_16s0050g02390,39,0.0189,Plastid division protein PDV1,PDV1,,vv44110Cell_cycle,
614,VIT_06s0004g00950,39,0.0188,HUB2 (histone mono-ubiquitination 2),HUB2,,vv60078Other_zf-C3HC4,
615,VIT_14s0108g01660,38,0.0184,Biotin carboxyl carrier protein of acetyl-CoA carboxylase,E6_4_1_2,,vv10061Fatty_acid_biosynthesis,vv10620Pyruvate_metabolism
616,VIT_17s0000g06280,38,0.0183,Geranylgeranyl reductase,CHLP,,vv10100Biosynthesis_of_steroids,
617,VIT_14s0068g00230,38,0.0183,Spiral 1 like 2,SP1L2,,vv44810Regulation_of_actin_cytoskeleton,
618,VIT_09s0002g03940,37,0.0179,AP2/EREBP transcription factor,TINY2_1,VvERF034,vv30008Ethylene_signaling,vv60003AP2_EREBP
619,VIT_01s0026g01630,37,0.0179,Unknown protein,,,,
620,VIT_17s0053g00710,37,0.0179,Calcium-dependent protein kinase,,,,
621,VIT_11s0052g00730,37,0.0178,Adagio protein 1,ZTL,,vv34710Circadian_rhythm,
622,VIT_11s0016g02350,37,0.0178,Ubiquinone/menaquinone biosynthesis methyltransferase UbiE,K06127,,vv10130Ubiquinone_biosynthesis,
623,VIT_12s0055g00810,36,0.0176,Cationic peroxidase,E1_11_1_7,,vv10360Phenylalanine_metabolism,vv10680Methane_metabolism
624,VIT_10s0042g00220<br>VIT_10s0042g00440<br>VIT_10s0042g01390,36,0.0174,
625,VIT_09s0002g03360,36,0.0174,Calmodulin binding protein,,,,
626,VIT_09s0002g06810,36,0.0173,Binding,,,,
627,VIT_15s0021g00530,35,0.0170,Unknown protein,,,,
628,VIT_10s0003g04040,35,0.0169,Mitochondrial transcription termination factor,MTERF_17,,vv60085MTERF,
629,VIT_18s0001g09870,35,0.0169,Carbohydrate esterase,,,,
630,VIT_03s0063g02660,35,0.0169,DNA-3-methyladenine glycosylase II,K01247,,vv23410Base_excision_repair,
631,VIT_15s0046g03520,34,0.0164,Phosphomannomutase,E5_4_2_8,,vv10051Fructose_and_mannose_metabolism,
632,VIT_01s0011g02610,34,0.0164,No hit,,,,
633,VIT_11s0206g00100,33,0.0160,Unknown protein,,,,
634,VIT_08s0007g05990,33,0.0159,Beta 1-3 glucanase,E3_2_1_6,,,
635,VIT_18s0001g05550,32,0.0156,Splicing factor  arginine/serine-rich 2,K12891,,vv23040Spliceosome,
636,VIT_09s0096g00880<br>VIT_00s0606g00010,32,0.0155,
637,VIT_06s0004g00260,32,0.0155,Shoot1 protein,,,,
638,VIT_14s0006g01020,32,0.0155,THO complex subunit 4,K12881,,vv23013RNA_transport,vv23015mRNA_surveillance_pathway
639,VIT_17s0000g09270,32,0.0155,MATE efflux family protein,MATE,,vv50125Porters_cat_66_to_94,
640,VIT_17s0000g03990,31,0.0150,Aspartyl protease,E3_4_23_x,,,
641,VIT_14s0128g00160,31,0.0150,Protein kinase CDG1,,,,
642,VIT_10s0116g01560,31,0.0150,U3 small nucleolar RNA-associated protein 6,K14557,,vv23008Ribosome_biogenesis_in_Eukaryotes,
643,VIT_05s0094g01560,30,0.0146,RIO kinase 2,K07179,,vv23008Ribosome_biogenesis_in_Eukaryotes,
644,VIT_06s0004g01510,30,0.0145,Lipoxygenase (LOX2),E1_13_11_12,,vv10592alpha-Linolenic_acid_metabolism,
645,VIT_19s0014g03790,30,0.0145,Diacylglycerol kinase,E2_7_1_107,,vv10561Glycerolipid_metabolism,vv10564Glycerophospholipid_metabolism
646,VIT_18s0001g10440,29,0.0140,THO complex subunit 5,K13174,,vv23013RNA_transport,
647,VIT_09s0002g02330,29,0.0140,Nucleosome/chromatin assembly factor group A,,,,
648,VIT_04s0023g03710,28,0.0136,Myb domain protein 4,MYB4_1,MYB4B,vv60044MYB,
649,VIT_15s0046g02420,28,0.0136,Aquaporin TMP-C,TMPC,,vv50101Channels_and_pores,
650,VIT_02s0025g02250,28,0.0135,Dof zinc finger protein DOF4.6,DOF4_6_2,,vv60015C2C2-DOF,
651,VIT_16s0022g00890,28,0.0135,Invertase/pectin methylesterase inhibitor,PMEI,,vv40006Cell_wall,
652,VIT_19s0085g00480,28,0.0135,No hit,,,,
653,VIT_08s0007g05330,27,0.0132,EDA7 (embryo sac development arrest 7),,,,
654,VIT_14s0128g00210,27,0.0131,Xyloglucanase inhibitor,,,,
655,VIT_07s0104g01320,27,0.0131,Transport inhibitor response 1,TIR1,,vv30003Auxin_signaling,
656,VIT_10s0003g01960,27,0.0131,RKF1 (receptor-like kinase in flowers 1),,,,
657,VIT_16s0013g01130,27,0.0130,No hit,,,,
658,VIT_18s0122g00950,27,0.0129,Unknown protein,,,,
659,VIT_13s0067g01000,26,0.0126,PHD finger protein alfin,ALFINDOM1,,vv60002Alfin-like,
660,VIT_04s0008g04230,25,0.0121,ABC transporter G member 22,ABCG22,,vv52010ABC_transporters,
661,VIT_12s0059g00140,25,0.0121,Ankyrin repeat protein,,,,
662,VIT_03s0038g04210,25,0.0121,Phototropin-2,K08282,,vv50101Channels_and_pores,
663,VIT_09s0002g06120,25,0.0121,Biotin carboxyl carrier protein of acetyl-CoA carboxylase,E6_4_1_2,,vv10061Fatty_acid_biosynthesis,vv10620Pyruvate_metabolism
664,VIT_04s0008g02860,25,0.0121,Cation transport protein chaC,K07232,,vv50109Incompletely_characterized_transport_systems,
665,VIT_17s0000g09040,24,0.0116,Pentatricopeptide (PPR) repeat,,,,
666,VIT_13s0047g00340,23,0.0112,Ethylene-responsive transcription factor WRINKLED 1,WRINKLED1_3,VvAP2-20,vv30008Ethylene_signaling,vv60003AP2_EREBP
667,VIT_08s0058g01230,23,0.0112,Non-specific lipid-transfer protein,,,,
668,VIT_13s0073g00570,23,0.0112,Cyclin B2;4,CYCB2_4,,vv44110Cell_cycle,
669,VIT_12s0028g03400,23,0.0112,No hit,,,,
670,VIT_15s0048g01410,23,0.0111,NTMC2T4/NTMC2TYPE4; NTMC2T4/NTMC2TYPE4,NTMC2T4,,vv50109Incompletely_characterized_transport_systems,
671,VIT_14s0006g02320,22,0.0107,Nuclear transcription factor Y subunit C-4,NFYC4,,vv60021CCAAT,
672,VIT_00s0266g00020<br>VIT_00s0372g00020<br>VIT_00s0271g00010<br>VIT_00s0385g00020<br>VIT_00s0522g00020<br>VIT_00s0372g00060<br>VIT_00s0372g00030<br>VIT_00s0385g00010,22,0.0106,
673,VIT_05s0124g00410,21,0.0102,UBX domain-containing protein,,,,
674,VIT_14s0066g01000,21,0.0102,Phosphate/phosphoenolpyruvate translocator,PPTLREL,,vv50122Porters_cat_7_to_17,
675,VIT_04s0008g02140,21,0.0102,EMB2261 (embryo defective 2261),,,,
676,VIT_11s0037g00230,21,0.0102,Cyclic nucleotide gated channel 5,K05391_CNGC5,,vv34626Plant-pathogen_interaction,vv50101Channels_and_pores
677,VIT_08s0007g05170,21,0.0101,TGA-type basic leucine zipper protein AHBP-1b,AHBP1B_3,VvbZIP27,vv30011Jasmonate_signaling,vv60012BZIP
678,VIT_18s0001g11160,21,0.0101,Unknown protein,,,,
679,VIT_13s0106g00290,20,0.0097,Histone deacetylase HDA14,HDA14,,vv44110Cell_cycle,
680,VIT_06s0009g02740,20,0.0097,Pentatricopeptide (PPR) repeat-containing protein,,,,
681,VIT_15s0048g01990,20,0.0097,Methyltransferase dehydration-responsive,,,,
682,VIT_05s0077g02300,20,0.0097,UDP-glucuronic acid decarboxylase 2,E4_1_1_35,,vv10500Starch_and_sucrose_metabolism,vv10520Nucleotide_sugars_metabolism
683,VIT_10s0071g01150,20,0.0096,Katanin p80 (WD repeat containing) subunit B 1,KATANINP80B1,,vv44810Regulation_of_actin_cytoskeleton,
684,VIT_12s0055g00970,20,0.0096,Pentatricopeptide repeat,,,,
685,VIT_06s0009g00480,20,0.0096,Aluminium-tolerance ALMT1,ALMT1,,vv50125Porters_cat_66_to_94,
686,VIT_00s0347g00050,20,0.0096,Ser/Thr receptor-like kinase1,,,,
687,VIT_05s0020g01100,19,0.0092,Myb domain protein 61,MYB61_3,MYB146,vv60044MYB,
688,VIT_09s0002g08560,19,0.0092,Unknown protein,,,,
689,VIT_08s0007g02020,19,0.0092,Proton-dependent oligopeptide transport (POT) family protein,POT,,vv50122Porters_cat_7_to_17,
690,VIT_15s0021g01350,19,0.0092,Transducin family protein / WD-40 repeat,,,,
691,VIT_18s0001g06840,19,0.0092,Peroxidase GvPx2b class III,E1_11_1_7,,vv10360Phenylalanine_metabolism,vv10680Methane_metabolism
692,VIT_19s0027g00420,19,0.0092,No hit,,,,
693,VIT_15s0046g02180,19,0.0091,Pentatricopeptide (PPR) repeat-containing protein,,,,
694,VIT_14s0066g00860,18,0.0088,Pentatricopeptide (PPR) repeat,,,,
695,VIT_06s0009g02640,18,0.0088,Hydroxymethylglutaryl-CoA lyase,E4_1_3_4,,vv10072Synthesis_and_degradation_of_ketone_bodies,vv10280Valine_leucine_and_isoleucine_degradation
696,VIT_00s0341g00050,18,0.0087,ATMYB66/WER/WER1 (WEREWOLF 1),WEREWOLF_3,MYBPAL1,vv44110Cell_cycle,vv60044MYB
697,VIT_00s0194g00340,18,0.0087,No hit,,,,
698,VIT_00s0226g00100,18,0.0087,Regulator of chromosome condensation (RCC1),RCC1,,vv50112Nuclear_pore_complex,
699,VIT_19s0085g00660,18,0.0087,No hit,,,,
700,VIT_08s0007g03310,18,0.0087,Unknown,,,,
701,VIT_18s0001g14810,18,0.0087,Lipase 3 (EXL3) family II extracellular,,,,
702,VIT_02s0025g04620,18,0.0086,Phospholipase D beta 1,PLDB1,,vv10564Glycerophospholipid_metabolism,vv10565Ether_lipid_metabolism
703,VIT_14s0128g00510<br>VIT_14s0128g00550,17,0.0082,
704,VIT_07s0104g01640,17,0.0082,Nuclear transcription factor Y subunit B-5,NFYB5_2,,vv60021CCAAT,
705,VIT_02s0087g00400,17,0.0082,Pectinacetylesterase,PAE,,vv40006Cell_wall,
706,VIT_13s0074g00510,17,0.0082,ATP-dependent RNA helicase,,,,
707,VIT_00s0225g00090,17,0.0081,Copper amine oxidase,E1_4_3_4,,vv10220Urea_cycle_and_metabolism_of_amino_groups,vv10340Histidine_metabolism
708,VIT_12s0034g02570,16,0.0077,Leucine Rich Repeat receptor-like kinase,,,,
709,VIT_14s0060g02760,16,0.0077,Germin-like protein 3 [Vitis vinifera],,,,
710,VIT_15s0048g01220,16,0.0077,CRS2-associated factor 1,,,,
711,VIT_03s0063g01920,16,0.0077,Pentatricopeptide (PPR) repeat,,,,
712,VIT_15s0046g02390,16,0.0077,ANTR2 (anion transporter 2),ANTR2,,vv50121Porters_cat_1_to_6,
713,VIT_05s0049g01380,15,0.0073,MIF4G domain-containing protein,,,,
714,VIT_09s0002g05700,15,0.0073,Phototropic-responsive NPH3,,,,
715,VIT_00s0194g00210<br>VIT_00s0194g00250,15,0.0073,
716,VIT_14s0083g00920,15,0.0073,No hit,,,,
717,VIT_13s0074g00520,15,0.0073,ATP-dependent RNA helicase,,,,
718,VIT_12s0121g00180,15,0.0073,Diacylglycerol kinase,E2_7_1_107,,vv10561Glycerolipid_metabolism,vv10564Glycerophospholipid_metabolism
719,VIT_18s0122g00780,15,0.0072,Inorganic phosphate transporter,PHT1_9,,vv50121Porters_cat_1_to_6,
720,VIT_01s0127g00420,15,0.0072,Naphthoate synthase,E4_1_3_36,,vv10130Ubiquinone_biosynthesis,
721,VIT_15s0107g00380,14,0.0068,Basic helix-loop-helix (bHLH) family,BHLHDOM_10,,vv60011BHLH,
722,VIT_12s0059g02600,14,0.0067,Receptor protein kinase RK20-1,,,,
723,VIT_05s0051g00160,14,0.0067,TIR-NBS-TIR type disease resistance protein,,,,
724,VIT_18s0001g05950,13,0.0063,Cis-zeatin O-beta-D-glucosyltransferase,E2_4_1_215,,vv10908Zeatin_biosynthesis,
725,VIT_13s0067g01590,13,0.0063,Lectin protein kinase,,,,
726,VIT_02s0012g01870,13,0.0063,No hit,,,,
727,VIT_13s0084g00520<br>VIT_13s0084g00370,13,0.0063,
728,VIT_02s0241g00040,13,0.0063,Cyclobutane pyrimidine dimer photolyase,E4_1_99_3,,,
729,VIT_17s0000g06110,13,0.0063,Glutathione S-transferase 9 GSTU9,E2_5_1_18_GSTU9,,vv10480Glutathione_metabolism,
730,VIT_08s0007g02800,12,0.0058,Pro-X carboxypeptidase Lysosomal,E3_4_16_2,,,
731,VIT_11s0016g01400,12,0.0058,PSBX (photosystem II subunit X),K02722,,vv10195Photosynthesis,
732,VIT_12s0028g00320,12,0.0058,LHB1B1,K08912,,vv10196Photosynthesis_antenna_proteins,vv50105Transport_electron_carriers
733,VIT_07s0005g02220,12,0.0058,LHCII type I CAB-1,K08912,,vv10196Photosynthesis_antenna_proteins,vv50105Transport_electron_carriers
734,VIT_12s0057g00970,12,0.0058,Pentatricopeptide (PPR) repeat-containing,,,,
735,VIT_03s0017g02280,12,0.0058,Myb family,MYBGE_22,,vv60029G2-like,
736,VIT_05s0049g00310,12,0.0058,E8 protein,E8,,vv30008Ethylene_signaling,
737,VIT_06s0004g07750,12,0.0058,TPA: class III peroxidase 40,E1_11_1_7,,vv10360Phenylalanine_metabolism,vv10680Methane_metabolism
738,VIT_04s0008g02510,12,0.0058,Receptor kinase homolog LRK10,,,,
739,VIT_03s0063g01910,12,0.0058,Integral membrane protein,,,,
740,VIT_07s0005g00420,12,0.0058,Zinc finger (C3HC4-type ring finger),ZFC3HC4_195,,vv60078Other_zf-C3HC4,
741,VIT_07s0005g06090,12,0.0058,Pore-forming toxin-like protein Hfr-2,HFR2,,vv50101Channels_and_pores,
742,VIT_08s0007g00730,12,0.0058,U3 small nucleolar RNA-associated protein 21,K14554,,vv23008Ribosome_biogenesis_in_Eukaryotes,
743,VIT_07s0031g01270,12,0.0058,Ring-H2 finger A2A,RHA2A,,vv60078Other_zf-C3HC4,
744,VIT_11s0052g01600,12,0.0058,UDP-glucose flavonoid 3-O-glucosyltransferase 7,E2_4_1_91,,vv10941Flavonoid_biosynthesis,
745,VIT_07s0031g01120,12,0.0058,Ascorbate oxidase,E1_10_3_3,,vv10053Ascorbate_and_aldarate_metabolism,vv50109Incompletely_characterized_transport_systems
746,VIT_09s0054g01770,12,0.0058,Oxidoreductase/ transcriptional repressor,,,,
747,VIT_08s0007g03150,12,0.0058,Pentatricopeptide (PPR) repeat-containing protein,,,,
748,VIT_15s0046g00310,12,0.0058,Transcription factor TINY,ERF023,VvERF015,vv30008Ethylene_signaling,vv60003AP2_EREBP
749,VIT_13s0074g00420,12,0.0058,Unknown,,,,
750,VIT_00s0456g00040<br>VIT_00s0374g00030,12,0.0058,
751,VIT_08s0007g08090,12,0.0058,DNA-directed RNA polymerase I subunit A1,K02999,,vv23020RNA_polymerase,
752,VIT_10s0071g00280,12,0.0058,No hit,,,,
753,VIT_09s0054g01370,11,0.0053,Beta-amyrin synthase,E5_4_99_BAS,,vv10900Terpenoid_biosynthesis,
754,VIT_13s0156g00190,10,0.0049,No hit,,,,
755,VIT_08s0007g06680,10,0.0048,PMR5 (powdery mildew resistant 5),,,,
756,VIT_17s0000g06880,10,0.0048,Heparanase protein 2 precursor,E3_2_1_31,,vv10040Pentose_glucuronate_interconversion,vv10500Starch_and_sucrose_metabolism
757,VIT_12s0028g01450,10,0.0048,S-receptor kinase,,,,
758,VIT_05s0020g04680,10,0.0048,Auxin-induced protein 22D,IAA22D_2,,vv30003Auxin_signaling,vv60008AUXIAA
759,VIT_00s0173g00260,10,0.0048,ATP binding,,,,
760,VIT_08s0040g02940,10,0.0048,Pentatricopeptide (PPR) repeat-containing protein,,,,
761,VIT_07s0005g00450,10,0.0048,Unknown protein,,,,
762,VIT_02s0012g00660,10,0.0048,Calcium-binding EF-hand,,,,
763,VIT_04s0023g02700,10,0.0048,Thioredoxin H,,,,
764,VIT_04s0023g03650,10,0.0048,Galactose mutarotase-like,E5_1_3_3,,vv10010Glycolysis,
765,VIT_00s0211g00150,10,0.0048,MADS-box agamous-like 21,AGL21_7,,vv60042MADS,
766,VIT_18s0001g09640,10,0.0048,No hit,,,,
767,VIT_13s0084g00650,9,0.0044,Protein arginine N-methyltransferase 3,K00599,,vv10340Histidine_metabolism,vv10350Tyrosine_metabolism
768,VIT_18s0001g11750,9,0.0044,Ribosomal protein S9,K02996,,vv23010Ribosome,
769,VIT_18s0075g00800,9,0.0044,TIR-NBS disease resistance,,,,
770,VIT_03s0038g00110,9,0.0044,Nucleolar protein 4 NOP4,K14573,,vv23008Ribosome_biogenesis_in_Eukaryotes,
771,VIT_11s0065g01040<br>VIT_11s0065g01160,9,0.0044,
772,VIT_06s0009g01460,9,0.0044,Homoserine dehydrogenase,E1_1_1_3,,vv10260Glycine_serine_and_threonine_metabolism,vv10300Lysine_biosynthesis
773,VIT_10s0003g02500,9,0.0044,Malate dehydrogenase  cytoplasmic 1,E1_1_1_37,,vv10020Citrate_cycle,vv10620Pyruvate_metabolism
774,VIT_00s0762g00010,9,0.0044,S-locus lectin protein kinase family,,,,
775,VIT_15s0048g01660,9,0.0044,Unknown protein,,,,
776,VIT_18s0001g14040,9,0.0044,Endo-1 4-beta-glucanase,E3_2_1_4,,vv40006Cell_wall,
777,VIT_08s0007g02170,9,0.0043,Yippee,,,,
778,VIT_13s0106g00780,9,0.0043,Hydrolase  alpha/beta fold,,,,
779,VIT_13s0019g02810,9,0.0043,Glucuronosyl transferase,E2_4_1_17,,vv10040Pentose_glucuronate_interconversion,vv10500Starch_and_sucrose_metabolism
780,VIT_12s0055g01240,9,0.0043,P-glycoprotein 11,PGP11,,vv52010ABC_transporters,
781,VIT_13s0074g00450,9,0.0043,DEMETER protein (DME),,,,
782,VIT_11s0206g00050<br>VIT_11s0149g00410,9,0.0043,
783,VIT_07s0141g00200<br>VIT_12s0121g00010,9,0.0043,
784,VIT_12s0034g02560,9,0.0043,DNA (cytosine-5)-methyltransferase (ATHIM),E2_1_1_37,,vv10271Methionine_metabolism,
785,VIT_07s0031g01420,9,0.0043,ATATH13,ATH13,,vv52010ABC_transporters,
786,VIT_00s0337g00010,7,0.0034,Salt tolerance protein 2,,,,
787,VIT_08s0007g08680,7,0.0034,Unknown protein,,,,
788,VIT_12s0035g00270,7,0.0034,ferredoxin  chloroplast (PETF),K02639,,vv10195Photosynthesis,
789,VIT_06s0004g07920,7,0.0034,WNK5 (Arabidopsis WNK kinase 5),,,,
790,VIT_03s0038g03990,6,0.0029,UDP-galactose translocator,UDPGALTR,,vv50122Porters_cat_7_to_17,
791,VIT_18s0089g00510,6,0.0029,Isopentenyltransferase 1,E2_5_1_27,,vv10908Zeatin_biosynthesis,
792,VIT_05s0020g01980,6,0.0029,Acyl carrier protein  mitochondrial 3,K02078,,vv50134Primary_active_transporter_cat_D1,
793,VIT_00s0413g00010,6,0.0029,Laccase (diphenol oxidase) family protein,E1_10_3_2,,vv11000Single_reactions,vv50109Incompletely_characterized_transport_systems
794,VIT_13s0019g02870,6,0.0029,No hit,,,,
795,VIT_15s0046g02380,6,0.0029,CYP86A8,,,,
796,VIT_01s0150g00300,6,0.0029,Indole-3-acetic acid amido synthetase,AUXINBIOSYNTHESIS_GH3,,vv11002Auxin_biosynthesis,
797,VIT_00s1881g00010,6,0.0029,No hit,,,,
798,VIT_11s0016g00560,6,0.0029,Peroxiredoxin bcp,E1_11_1_15,,,
799,VIT_03s0038g03560,6,0.0029,CAO (CHAOS); chromatin binding,CPSRP43,,vv50113Thylakoid_targeting_pathway,
800,VIT_03s0017g01730,6,0.0029,ABC protein 6 non-intrinsic,K09015,,vv52010ABC_transporters,
801,VIT_13s0067g01440,6,0.0029,Pentatricopeptide (PPR) repeat-containing protein,,,,
802,VIT_14s0081g00120,6,0.0029,fertility restorer,,,,
803,VIT_05s0020g00470,6,0.0029,DEAD box RNA helicase 1,DRH1,,vv23040Spliceosome,vv50133Primary_active_transporter_cat_A9_to_A18
804,VIT_15s0021g02800,6,0.0029,No hit,,,,
805,VIT_08s0007g01500,6,0.0029,DNA binding / nuclease,,,,
806,VIT_12s0059g00670,6,0.0029,NADP-dependent oxidoreductase,E1_6_5_5,,,
807,VIT_18s0001g09700,6,0.0029,F-box protein GID2,,,,
808,VIT_09s0002g08270,6,0.0029,Leucine-rich repeat,,,,
809,VIT_15s0046g03730,6,0.0029,Digalactosyldiacylglycerol synthase,E2_4_1_184,,vv10561Glycerolipid_metabolism,
810,VIT_11s0016g02670,6,0.0029,Unknown protein,,,,
811,VIT_00s0516g00010,6,0.0029,Unknown,,,,
812,VIT_15s0046g02110,6,0.0029,Late embryogenesis abundant protein Lea14-A,,,,
813,VIT_04s0023g01300,4,0.0019,Aminopeptidase P,E3_4_11_9,,,
814,VIT_12s0134g00620,4,0.0019,Anthocyanidin 3-O-glucoside-6''-O-malonyltransferase,E2_3_1_171,,vv10942Anthocyanin_biosynthesis,
815,VIT_18s0072g01080,4,0.0019,DnaJ homolog  subfamily C  member 8,K09528,,vv50132Primary_active_transporter_cat_A5_to_A8,
816,VIT_15s0046g02370,4,0.0019,Unknown protein,,,,
817,VIT_18s0041g00420,4,0.0019,Patellin-5,,,,
818,VIT_14s0060g00510,4,0.0019,TPA: class III peroxidase 70 precursor,E1_11_1_7,,vv10360Phenylalanine_metabolism,vv10680Methane_metabolism
819,VIT_19s0027g00550,3,0.0015,BTB/POZ domain-containing protein,BTBDOM_10,,vv60093TRAF,
820,VIT_14s0068g00290,3,0.0015,RPK1 (receptor-like protein kinase 1),,,,
821,VIT_01s0010g03600,3,0.0015,Rubber elongation factor (REF),,,,
822,VIT_13s0074g00040,3,0.0015,Phytol kinase 2  chloroplast precursor,VTE5,,vv10860Porphyrin_and_chlorophyll_metabolism,
823,VIT_06s0004g03490,3,0.0015,Nuclear transcription factor Y subunit B related,NFYBREL_5,,vv60021CCAAT,
824,VIT_12s0035g01890,3,0.0015,RNA recognition motif (RRM)-containing,,,,
825,VIT_03s0038g03520,3,0.0015,Auxin-induced SAUR,SAUR,,vv30003Auxin_signaling,
826,VIT_17s0000g03150,3,0.0015,No hit,,,,
827,VIT_07s0104g00820,3,0.0015,Bystin,,,,
828,VIT_04s0044g00010,3,0.0015,Unknown,,,,
829,VIT_04s0023g02260,3,0.0015,S-adenosyl-L-methionine:salicylic acid carboxyl methyltransferase,SAMTBSCMT,,vv10360Phenylalanine_metabolism,
830,VIT_14s0066g01380,3,0.0015,Calcium homeostasis regulator CHoR1,CHOR1,,,
831,VIT_08s0007g04360,3,0.0015,Argonaute protein,,,,
832,VIT_08s0007g05360,3,0.0015,Strictosidine synthase,E4_3_3_2,,vv10900Terpenoid_biosynthesis,vv10902Monoterpenoid_biosynthesis
833,VIT_13s0106g00810,3,0.0015,No hit,,,,
834,VIT_08s0040g00620,3,0.0015,Unknown protein,,,,
835,VIT_18s0157g00140,3,0.0015,Alliin lyase,E4_4_1_4,,vv10272Cysteine_metabolism,
836,VIT_14s0128g00710,3,0.0015,Mannosylglycoprotein endo-beta-mannosidase,E3_2_1_78,,vv10051Fructose_and_mannose_metabolism,
837,VIT_15s0021g00730,3,0.0015,No hit,,,,
838,VIT_14s0060g02750<br>VIT_14s0128g00970<br>VIT_14s0128g00990<br>VIT_14s0128g00980<br>VIT_14s0128g01010<br>VIT_14s0128g01030<br>VIT_14s0128g01020<br>VIT_14s0128g01040,3,0.0015,
839,VIT_01s0137g00700,3,0.0015,Lipase GDSL,,,,
840,VIT_09s0002g04220,3,0.0015,Ras-related protein Rab-7A,K07897,,vv44145Phagosome,
841,VIT_12s0028g00310,3,0.0015,Protein kinase family,,,,
842,VIT_02s0012g01680,3,0.0015,Trehalose phosphatase 5,E3_1_3_12,,vv10500Starch_and_sucrose_metabolism,
843,VIT_05s0124g00520,3,0.0015,No hit,,,,
844,VIT_10s0003g04990,3,0.0015,feronia receptor-like kinase,,,,
845,VIT_10s0003g00330,3,0.0015,HSL1 (HAESA-like 1),,,,
846,VIT_17s0000g02010,3,0.0015,Atypical receptor kinase MARK,,,,
847,VIT_08s0040g03230,3,0.0015,Unknown protein,,,,
848,VIT_02s0012g01670,3,0.0015,R-mandelonitrile lyase isoform 1 precursor,E4_1_2_10,,vv10460Cyanoamino_acid_metabolism,
849,VIT_05s0062g01320,3,0.0015,Chitinase,E3_2_1_14,,vv10530Aminosugars_metabolism,
850,VIT_16s0100g00280,3,0.0015,EMB2758 (embryo defective 2758),,,,
851,VIT_05s0020g04850,3,0.0015,H1flk,,,,
852,VIT_03s0063g00670,3,0.0015,Cyclin-dependent kinase inhibitor ICK5,ICK5,,vv44110Cell_cycle,
853,VIT_14s0006g00570,3,0.0015,Unknown protein,,,,
854,VIT_08s0007g06290,3,0.0015,Mitochondrial transcription termination factor-related,MTERF_27,,vv60085MTERF,
855,VIT_09s0054g00430,3,0.0015,Unknown protein,,,,
856,VIT_05s0077g01400,3,0.0015,FAR1-related sequence 11,FRS11_2,,vv60071Orphans_far-red,
857,VIT_09s0002g07190,3,0.0015,5-hydroxyisobutyryl-coenzyme A hydrolase,E3_1_2_4,,vv10280Valine_leucine_and_isoleucine_degradation,vv10410Beta-alanine_metabolism
858,VIT_16s0039g02790,3,0.0015,No hit,,,,
859,VIT_16s0039g01110,3,0.0015,Phenylalanin ammonia-lyase [Vitis vinifera],E4_3_1_5,,vv10350Tyrosine_metabolism,vv10360Phenylalanine_metabolism
860,VIT_00s1351g00010,3,0.0015,Polyadenylate-binding protein 2,K14396,,vv23015mRNA_surveillance_pathway,
861,VIT_05s0020g04480,3,0.0015,Pyruvate kinase,E2_7_1_40,,vv10010Glycolysis,vv10230Purine_metabolism
862,VIT_08s0040g02230,3,0.0015,Unknown protein,,,,
863,VIT_01s0026g02530,3,0.0014,Beta-1 3-galactosyltransferase,K07819,,vv10602Glycosphingolipid_biosynthesis,
864,VIT_11s0149g00360,3,0.0014,No hit,,,,
865,VIT_16s0100g01040,3,0.0014,Stilbene synthase - grape,E2_3_1_95,,vv10940Phenylpropanoid_biosynthesis,
866,VIT_19s0015g02080,3,0.0014,(-)-germacrene D synthase,E4_2_3_22,,vv10900Terpenoid_biosynthesis,
867,VIT_18s0001g10480,3,0.0014,Unknown protein,,,,
868,VIT_06s0009g01040,3,0.0014,No hit,,,,
869,VIT_06s0004g02190,3,0.0014,Armadillo/beta-catenin repeat,,,,
870,VIT_01s0010g00550,3,0.0014,Prolyl oligopeptidase,E3_4_21_26,,,
871,VIT_04s0008g05640,3,0.0014,Protease inhibitor/seed storage/lipid transfer protein (LTP),,,,
872,VIT_13s0067g02870,3,0.0014,Chalcone-flavanone isomerase,E5_5_1_6,,vv10941Flavonoid_biosynthesis,
873,VIT_11s0065g00790<br>VIT_00s0188g00040<br>VIT_00s0279g00110,3,0.0014,
874,VIT_16s0050g02630,3,0.0014,FtsH protease that is localized to the chloroplast,K03798,,vv50133Primary_active_transporter_cat_A9_to_A18,
875,VIT_19s0014g01470,3,0.0014,Thioredoxin TTL1 (Tetratricopetide-repeat thioredoxin-like 1),TTL1,,vv50132Primary_active_transporter_cat_A5_to_A8,
876,VIT_07s0005g01520,3,0.0014,WRKY DNA-binding protein 35,WRKY35,VvWRKY18,vv60066WRKY,
877,VIT_09s0018g02110,3,0.0014,Unknown protein,,,,
878,VIT_09s0002g01740,3,0.0014,Casein kinase 1,K02218,,vv23008Ribosome_biogenesis_in_Eukaryotes,
879,VIT_11s0052g00550,3,0.0014,PTAC9 (plastid transcriptionally active9)OSB2,PTAC9,,,
880,VIT_01s0010g03950,3,0.0014,Pentatricopeptide (PPR) repeat-containing protein,,,,
881,VIT_19s0090g00180,3,0.0014,5-alpha-taxadienol-10-beta-hydroxylase,E1_14_13_76,,vv10904Diterpenoid_biosynthesis,
882,VIT_02s0025g01380,3,0.0014,Endo-1 4-beta-glucanase,E3_2_1_4,,vv40006Cell_wall,
883,VIT_06s0004g07960,3,0.0014,Glucose-6-phosphate/phosphate translocator,G6PPTR,,vv50122Porters_cat_7_to_17,
884,VIT_10s0003g04350,3,0.0014,Photosystem I subunit X (PSAK),K02698,,vv10195Photosynthesis,vv50105Transport_electron_carriers
885,VIT_14s0083g00380,3,0.0014,Unknown,,,,
886,VIT_00s0211g00040,3,0.0014,Nodulation receptor kinase,,,,
887,VIT_10s0003g03960,3,0.0014,Unknown protein,,,,
888,VIT_03s0038g00140,3,0.0014,Unknown protein,,,,
889,VIT_02s0025g03760,3,0.0014,Myosin-related,MYOSINR,,vv44810Regulation_of_actin_cytoskeleton,
890,VIT_14s0068g00330,3,0.0014,PTF1 (plastid transcription factor 1) TCP13,PTF1,,vv60061TCP,
891,VIT_00s0349g00020,3,0.0014,Unknown protein,,,,
892,VIT_07s0104g00800,3,0.0014,Indole-3-acetic acid-amido synthetase GH3.6,AUXINBIOSYNTHESIS_GH3,,vv11002Auxin_biosynthesis,
893,VIT_09s0002g00490,3,0.0014,Lipase GDSL 5,,,,
894,VIT_08s0007g06390,3,0.0014,Enoyl-[acyl-carrier-protein] reductase [NADH]  chloroplast precursor,E1_3_1_9,,vv10061Fatty_acid_biosynthesis,
895,VIT_00s0125g00410,3,0.0014,Phospholipid-transporting ATPase,K01530,,vv50131Primary_active_transporter_cat_A2_to_A4,
896,VIT_00s0531g00030,3,0.0014,C2 domain containing protein,,,,
897,VIT_04s0008g05520,3,0.0014,Unknown protein,,,,
898,VIT_16s0098g01860,3,0.0014,ClpX  ATPase regulatory subunit,,,,
899,VIT_16s0100g01150,3,0.0014,Stilbene synthase [Vitis vinifera],E2_3_1_95,,vv10940Phenylpropanoid_biosynthesis,
900,VIT_15s0048g02980,3,0.0014,Unknown protein,,,,
901,VIT_05s0029g01430,3,0.0014,Ankyrin,K10380,,vv50108Accessory_factors_involved_in_transport,
902,VIT_06s0004g01480,3,0.0014,Lipoxygenase LOX1,E1_13_11_12,,vv10592alpha-Linolenic_acid_metabolism,
903,VIT_11s0016g04530,3,0.0014,Unknown protein,,,,
904,VIT_16s0039g00210,3,0.0014,Pentatricopeptide (PPR) repeat-containing,,,,
905,VIT_15s0046g01820,3,0.0014,Ring-H2 finger B1A,RHB1A,,vv60078Other_zf-C3HC4,
