Vv_m2,2000,1000,VIT_13s0019g04260
rank,node,Fabs,Frel,Functional-annotation,Name-EC-KeggID,Updated-name,Network1,Network2
1,VIT_11s0016g00580,2066,1.0000,Unknown,,,,
2,VIT_00s0207g00010,2068,0.9976,Anthranilate N-benzoyltransferase protein 1,E2_3_1_144,,vv10400Phenylalanine_tyrosine_and_tryptophan_biosynthesis,
3,VIT_02s0012g01670,2046,0.9942,R-mandelonitrile lyase isoform 1 precursor,E4_1_2_10,,vv10460Cyanoamino_acid_metabolism,
4,VIT_14s0108g01080,2065,0.9933,Myb domain protein 106,MYB106_2,MYB141,vv60044MYB,
5,VIT_03s0063g01890,2052,0.9932,Ring-H2 finger protein ATL3G,,,,
6,VIT_16s0050g00870,2042,0.9917,Acyltransferase,E2_3_1_x,,,
7,VIT_08s0056g00800,2032,0.9893,Myb domain protein 60,MYB60,MYB60,vv60044MYB,
8,VIT_16s0050g00830,2038,0.9869,Beta-ketoacyl-CoA synthase,E2_3_1_41,,vv10061Fatty_acid_biosynthesis,
9,VIT_14s0066g00400,2025,0.9835,Chalcone isomerase,E5_5_1_6,,vv10941Flavonoid_biosynthesis,
10,VIT_15s0046g02400,2031,0.9821,Glycerol-3-phosphate acyltransferase 8,E2_3_1_15,,vv10561Glycerolipid_metabolism,vv10564Glycerophospholipid_metabolism
11,VIT_07s0104g00090,2029,0.9816,Transparent testa 8 TT8,TT8,,vv60011BHLH,
12,VIT_02s0025g04630,2022,0.9806,Homeodomain transcription factor (KNAT7),KNAT7,VvHB08,vv60034HB,
13,VIT_07s0031g01680,2041,0.9803,CYP86A1,,,,
14,VIT_18s0072g01000,2026,0.9797,Dihydrolipoamide S-acetyltransferase,E2_3_1_12,,vv10010Glycolysis,vv10252Alanine_and_aspartate_metabolism
15,VIT_09s0002g03940,2036,0.9784,AP2/EREBP transcription factor,TINY2_1,VvERF034,vv30008Ethylene_signaling,vv60003AP2_EREBP
16,VIT_04s0023g01590,2018,0.9782,No hit,,,,
17,VIT_17s0000g10060,2025,0.9778,Lipase GDSL,,,,
18,VIT_04s0008g05440,2015,0.9767,Ethylene-responsive transcription factor SHINE 3,SHINE3_1,VvERF044,vv30008Ethylene_signaling,vv60003AP2_EREBP
19,VIT_13s0067g00730,2012,0.9762,Carboxylic ester hydrolase,E3_1_1_1,,,
20,VIT_02s0033g00240,2022,0.9721,Glucosyltransferase twi1,,,,
21,VIT_02s0025g04410,2005,0.9700,Beta-ketoacyl-CoA synthase,E2_3_1_41,,vv10061Fatty_acid_biosynthesis,
22,VIT_18s0001g12000,2002,0.9690,Geranylgeranyl pyrophosphate synthetase 1  chloroplast precursor,E2_5_1_29,,vv10100Biosynthesis_of_steroids,vv10900Terpenoid_biosynthesis
23,VIT_08s0007g00570,2003,0.9686,WRKY DNA-binding protein 49,WRKY49,VvWRKY27,vv60066WRKY,
24,VIT_13s0019g02880,1984,0.9622,UDP-glucoronosyl/UDP-glucosyl transferase,,,,
25,VIT_06s0004g06520,1992,0.9614,Ammonium transporter 1  member 1 (AMT1.1),AMT1_1,,vv50101Channels_and_pores,
26,VIT_09s0002g06750,1950,0.9457,ERF/AP2 transcription factor sub B-6 SHINE,SHINE1_1,VvERF042,vv30008Ethylene_signaling,vv60003AP2_EREBP
27,VIT_13s0064g01050,1945,0.9451,ADP ATP carrier protein 1,K05863,,vv50123Porters_cat_18_to_29,
28,VIT_02s0025g04550,1956,0.9449,Glucose-methanol-choline (GMC) oxidoreductase,E1_1_99_1,,vv10260Glycine_serine_and_threonine_metabolism,
29,VIT_09s0002g06990,1959,0.9432,Phosphatidic acid phosphatase / PAP2,E3_1_3_4,,vv10561Glycerolipid_metabolism,vv10564Glycerophospholipid_metabolism
30,VIT_13s0064g00160,1942,0.9413,Unknown protein,,,,
31,VIT_03s0038g03810,1948,0.9397,Serine/threonine Protein kinase BNK1,,,,
32,VIT_05s0020g02590,1922,0.9317,Pentatricopeptide (PPR) repeat-containing protein,,,,
33,VIT_00s0516g00010,1924,0.9290,Unknown,,,,
34,VIT_10s0003g02500,1909,0.9249,Malate dehydrogenase  cytoplasmic 1,E1_1_1_37,,vv10020Citrate_cycle,vv10620Pyruvate_metabolism
35,VIT_18s0001g15260,1872,0.9057,Myb domain protein 52,MYB52_1,MYB170,vv60044MYB,
36,VIT_15s0046g00850<br>VIT_19s0138g00070<br>VIT_05s0062g01300,1852,0.9003,
37,VIT_18s0001g14910,1857,0.8915,Mannitol dehydrogenase,E1_1_1_67,,vv10051Fructose_and_mannose_metabolism,
38,VIT_12s0055g00820,1826,0.8851,Serine carboxypeptidase II,,,,
39,VIT_14s0171g00390,1826,0.8826,DNA-binding storekeeper protein,STOREKEEPER_1,,vv60030GeBP,
40,VIT_01s0010g02740,1829,0.8823,4-coumarate-CoA ligase,E6_2_1_12,,vv10940Phenylpropanoid_biosynthesis,vv50104Group_translocators
41,VIT_18s0001g13260,1812,0.8783,ATP-dependent protease La (LON) domain-containing protein,E3_4_21_53,,,
42,VIT_04s0008g02920,1788,0.8675,Desiccation protein PCC13-62 precursor,,,,
43,VIT_06s0009g02640,1774,0.8578,Hydroxymethylglutaryl-CoA lyase,E4_1_3_4,,vv10072Synthesis_and_degradation_of_ketone_bodies,vv10280Valine_leucine_and_isoleucine_degradation
44,VIT_10s0003g05420,1763,0.8558,S-2-hydroxy-acid oxidase  peroxisomal,E1_1_3_15,,vv10630Glyoxylate_and_dicarboxylate_metabolism,
45,VIT_10s0003g03330,1756,0.8533,Receptor-like serine-threonine protein kinase,,,,
46,VIT_07s0005g00450,1759,0.8531,Unknown protein,,,,
47,VIT_11s0052g00800,1754,0.8506,Protein kinase family,,,,
48,VIT_00s0286g00130,1751,0.8504,S-locus lectin protein kinase,,,,
49,VIT_18s0001g14660,1758,0.8468,P-glycoprotein 13,PGP13,,vv52010ABC_transporters,
50,VIT_06s0004g01780,1743,0.8445,Serine/threonine-protein kinase OXI1,,,,
51,VIT_04s0023g00020,1729,0.8377,No hit,,,,
52,VIT_18s0122g01400,1729,0.8353,Exostosin family protein,K02366,,vv11030Glycan_structures-biosynthesis1,
53,VIT_08s0007g06680,1713,0.8344,PMR5 (powdery mildew resistant 5),,,,
54,VIT_10s0003g03530,1711,0.8322,Lupeol synthase,E5_4_99_8,,vv10100Biosynthesis_of_steroids,
55,VIT_00s2197g00010,1721,0.8274,Gibberellin 20-oxidase,E1_14_11_12,,vv10904Diterpenoid_biosynthesis,
56,VIT_13s0074g00390,1700,0.8256,CYP77A2,,,,
57,VIT_08s0007g09000,1707,0.8242,Glycerol-3-phosphate dehydrogenase,E1_1_1_8,,vv10564Glycerophospholipid_metabolism,
58,VIT_18s0001g06640,1701,0.8205,Zinc finger (C3HC4-type ring finger),ZFC3HC4_60,,vv60078Other_zf-C3HC4,
59,VIT_03s0038g00480,1691,0.8201,GATA transcription factor 25,GAT25_1,,vv60016C2C2-GATA,
60,VIT_18s0072g01260,1674,0.8126,No hit,,,,
61,VIT_15s0046g01960,1667,0.8053,Hydroquinone glucosyltransferase,E2_4_1_218,,vv10500Starch_and_sucrose_metabolism,
62,VIT_08s0058g00530,1671,0.8053,Unknown protein,,,,
63,VIT_09s0002g07250,1670,0.8048,No hit,,,,
64,VIT_19s0014g04010,1652,0.8039,No hit,,,,
65,VIT_05s0049g01450,1642,0.7955,No hit,,,,
66,VIT_02s0012g01680,1626,0.7928,Trehalose phosphatase 5,E3_1_3_12,,vv10500Starch_and_sucrose_metabolism,
67,VIT_00s0399g00010,1616,0.7807,Unknown,,,,
68,VIT_08s0007g00700,1607,0.7778,PCS1 (promotion of cell survival1) peptidase,,,,
69,VIT_11s0118g00180,1598,0.7694,HHP1 (heptahelical protein 1),,,,
70,VIT_10s0003g00620,1593,0.7677,Lipase GDSL,,,,
71,VIT_07s0130g00340<br>VIT_07s0130g00320,1585,0.7642,
72,VIT_06s0004g06340,1587,0.7637,flavodoxin-like quinone reductase 1,FQR1,,vv30003Auxin_signaling,
73,VIT_02s0087g00630,1577,0.7629,Alcohol oxidase,E1_1_3_13,,vv10680Methane_metabolism,
74,VIT_00s2397g00010<br>VIT_16s0050g02690<br>VIT_00s0258g00120<br>VIT_00s1944g00010<br>VIT_00s2304g00010,1576,0.7614,
75,VIT_02s0025g03320,1567,0.7599,CYP86A2,,,,
76,VIT_14s0081g00140,1576,0.7592,Pentatricopeptide (PPR) repeat-containing,,,,
77,VIT_18s0001g01200,1563,0.7540,No hit,,,,
78,VIT_03s0110g00100,1555,0.7530,CYP86A8,,,,
79,VIT_09s0002g05730,1568,0.7520,Esterase,,,,
80,VIT_00s0399g00020,1551,0.7500,Protease inhibitor/seed storage/lipid transfer protein (LTP),,,,
81,VIT_17s0000g09270,1554,0.7496,MATE efflux family protein,MATE,,vv50125Porters_cat_66_to_94,
82,VIT_14s0083g00720,1555,0.7490,Pentatricopeptide (PPR) repeat-containing,,,,
83,VIT_02s0025g02600,1536,0.7431,Glyoxal oxidase,,,,
84,VIT_04s0044g01770,1548,0.7428,Serine/threonine protein phosphatase (PP7),E3_1_3_16,,,
85,VIT_13s0064g00960,1524,0.7402,Myb domain protein 46,MYB46,MYB186,vv60044MYB,
86,VIT_15s0021g02110,1522,0.7388,AP2 domain-containing transcription factor TINY,TINY_8,VvERF029,vv30008Ethylene_signaling,vv60003AP2_EREBP
87,VIT_02s0025g02620,1527,0.7373,BDG1 (BODYGUARD1) hydrolase,,,,
88,VIT_15s0046g02860,1517,0.7357,Riboflavin biosynthesis protein ribD,E3_5_4_26,,vv10740Riboflavin_metabolism,
89,VIT_00s0317g00160,1512,0.7318,Chalcone and stilbene synthases,E2_3_1_74,,vv10941Flavonoid_biosynthesis,
90,VIT_14s0066g00300,1504,0.7305,Unknown,,,,
91,VIT_10s0071g00280,1501,0.7283,No hit,,,,
92,VIT_02s0012g01180,1500,0.7250,Unknown protein,,,,
93,VIT_18s0001g07640,1490,0.7188,Eceriferum 2 (CER2),,,,
94,VIT_03s0017g00640,1469,0.7135,Oxoglutarate/malate translocator DIT2.1,DIT2_1,,vv50124Porters_cat_30_to_64,
95,VIT_15s0046g02070,1455,0.7067,Zinc finger (C3HC4-type ring finger),ZFC3HC4_27,,vv60078Other_zf-C3HC4,
96,VIT_03s0088g01150,1456,0.7013,Squalene monooxygenase,E1_14_99_7,,vv10100Biosynthesis_of_steroids,vv10900Terpenoid_biosynthesis
97,VIT_15s0046g00500,1442,0.7010,Wax synthase,E2_3_1_75,,vv11000Single_reactions,
98,VIT_08s0056g00560,1451,0.7006,Alphavirus core protein,,,,
99,VIT_14s0068g01710,1435,0.6926,Metal-nicotianamine transporter YSL6,YSL6,,vv50125Porters_cat_66_to_94,
100,VIT_05s0049g01900,1438,0.6923,Pentatricopeptide (PPR) repeat-containing,,,,
101,VIT_04s0008g04440,1419,0.6885,No hit,,,,
102,VIT_08s0007g01290,1430,0.6882,BEL1-like homeodomain protein 9 LSN (LARSON),LARSON_2,VvHB30,vv60034HB,
103,VIT_14s0006g02530,1411,0.6800,Non-specific lipid-transfer protein 2 (LTP 2),,,,
104,VIT_09s0002g03140,1405,0.6774,Lipase GDSL,,,,
105,VIT_01s0137g00180,1400,0.6770,B-keto acyl reductase,,,,
106,VIT_10s0003g05690,1396,0.6767,Ribulose bisphosphate carboxylase  large chain,E4_1_1_39,,vv10710Carbon_fixation,
107,VIT_14s0030g00730,1390,0.6741,Vesicle-associated membrane protein 27 VAP27-2,VAP27_2,,vv50109Incompletely_characterized_transport_systems,
108,VIT_06s0009g01420,1393,0.6733,Protease inhibitor/seed storage/lipid transfer protein (LTP),,,,
109,VIT_00s0499g00030,1399,0.6729,Stearoyl-CoA 9-desaturase,E1_14_19_1,,vv11040Biosynthesis_of_unsaturated_fatty_acids,
110,VIT_08s0007g00730,1379,0.6688,U3 small nucleolar RNA-associated protein 21,K14554,,vv23008Ribosome_biogenesis_in_Eukaryotes,
111,VIT_02s0012g01660,1377,0.6678,ATPase PGP2 (P-glycoprotein 2),PGP2,,vv52010ABC_transporters,
112,VIT_06s0004g05070,1374,0.6654,Zinc transporter (ZIP2),ZIP2,,vv50121Porters_cat_1_to_6,
113,VIT_18s0001g01750,1375,0.6627,No hit,,,,
114,VIT_16s0013g00670,1366,0.6621,TIR-NBS-LRR-TIR disease resistance protein,,,,
115,VIT_05s0124g00100,1361,0.6578,Unknown,,,,
116,VIT_06s0009g02780,1357,0.6540,Histone mRNA exonuclease 1,K01175,,,
117,VIT_02s0025g01190,1347,0.6501,Extra-large G-protein (XLG1),,,,
118,VIT_11s0016g00330,1337,0.6468,Pectinesterase family,E3_1_1_11,,vv40006Cell_wall,
119,VIT_02s0025g00670,1331,0.6446,CAAX amino terminal protease,,,,
120,VIT_06s0009g01750,1327,0.6445,ATP-dependent RNA helicase DOB1,K12598,,vv23018RNA_degradation,
121,VIT_05s0102g00370,1325,0.6435,Receptor protein kinase (ACR4),,,,
122,VIT_14s0030g00080,1322,0.6380,No hit,,,,
123,VIT_14s0128g00160,1307,0.6345,Protein kinase CDG1,,,,
124,VIT_11s0016g05050,1314,0.6339,Kelch repeat-containing F-box protein,,,,
125,VIT_09s0002g03050,1315,0.6325,Lipase GDSL,,,,
126,VIT_14s0066g02440,1298,0.6295,Glycosyl transferase family 14 protein,,,,
127,VIT_13s0084g00740,1303,0.6295,No hit,,,,
128,VIT_12s0035g00300,1303,0.6295,Carbohydrate transmembrane transporter SFP1,SFP1,,vv50121Porters_cat_1_to_6,
129,VIT_14s0006g00570,1290,0.6277,Unknown protein,,,,
130,VIT_09s0002g05620,1296,0.6237,Unknown protein,,,,
131,VIT_07s0031g00750,1289,0.6209,MATE efflux family protein,MATE,,vv50125Porters_cat_66_to_94,
132,VIT_03s0038g02050,1283,0.6204,Dirigent protein pDIR7,,,,
133,VIT_09s0002g05000,1274,0.6167,R protein disease resistance protein,RPROT,,vv34627R_proteins_from_Plant-pathogen_interaction,
134,VIT_12s0059g01590,1270,0.6129,Lipase GDSL,,,,
135,VIT_13s0067g02610,1265,0.6117,Unknown,,,,
136,VIT_19s0085g00560,1265,0.6114,Pentatricopeptide (PPR) repeat-containing,,,,
137,VIT_18s0041g00710,1261,0.6104,UDP-glucose: anthocyanidin 5 3-O-glucosyltransferase,RHGT1,,vv10942Anthocyanin_biosynthesis,
138,VIT_12s0028g00450,1261,0.6101,Carrier protein  Mitochondrial,K03454,,vv50123Porters_cat_18_to_29,
139,VIT_09s0054g01370,1256,0.6097,Beta-amyrin synthase,E5_4_99_BAS,,vv10900Terpenoid_biosynthesis,
140,VIT_04s0023g02840,1258,0.6063,Leucine-rich repeat disease resistance protein,,,,
141,VIT_14s0066g02640,1242,0.5980,No hit,,,,
142,VIT_13s0067g02390,1236,0.5968,Unknown,,,,
143,VIT_19s0090g00530,1215,0.5915,Geranyl diphosphate synthase small subunit,E2_5_1_1,,vv10100Biosynthesis_of_steroids,vv10900Terpenoid_biosynthesis
144,VIT_15s0021g01150,1221,0.5896,Calcium-dependent protein kinase-related,,,,
145,VIT_04s0008g02050,1212,0.5875,Hydrolase  alpha/beta fold,,,,
146,VIT_13s0320g00040,1221,0.5873,Glycosyl hydrolase family 20 protein,,,,
147,VIT_02s0087g00400,1215,0.5841,Pectinacetylesterase,PAE,,vv40006Cell_wall,
148,VIT_17s0000g08210,1202,0.5798,Zinc finger (C3HC4-type ring finger),ZFC3HC4_103,,vv60078Other_zf-C3HC4,
149,VIT_11s0016g05070,1178,0.5746,Choline/ethanolamine kinase,K14156,,vv10260Glycine_serine_and_threonine_metabolism,vv10564Glycerophospholipid_metabolism
150,VIT_18s0001g08800,1191,0.5734,Lecithine cholesterol acyltransferase-like protein,E2_3_1_43,,vv10564Glycerophospholipid_metabolism,
151,VIT_03s0063g01880,1180,0.5712,Acyl-CoA synthetase long-chain member 2,E6_2_1_3_LACS2,,vv10071Fatty_acid_metabolism,vv44146Peroxisome
152,VIT_03s0038g01830,1188,0.5706,Proline-rich protein 4,,,,
153,VIT_13s0019g01520,1175,0.5690,Protease inhibitor/seed storage/lipid transfer protein (LTP),,,,
154,VIT_10s0116g01820,1173,0.5686,Unknown protein,,,,
155,VIT_14s0060g01940,1170,0.5666,Epoxide hydrolase,E3_3_2_10,,,
156,VIT_00s0186g00090,1168,0.5643,Zinc finger (C3HC4-type ring finger),ZFC3HC4_5,,vv60078Other_zf-C3HC4,
157,VIT_09s0002g06280,1162,0.5627,Aspartate-glutamate racemase,E5_1_1_13,,vv10252Alanine_and_aspartate_metabolism,
158,VIT_10s0003g04720,1159,0.5626,Splicing factor 45,K12840,,vv23040Spliceosome,
159,VIT_05s0029g00550,1162,0.5611,HEAT repeat-containing protein,,,,
160,VIT_17s0000g07210,1150,0.5566,flavonoid 3'-hydroxylase [Vitis vinifera],E1_14_13_21,,vv10941Flavonoid_biosynthesis,
161,VIT_04s0008g03630,1151,0.5560,Binding,,,,
162,VIT_03s0017g01730,1138,0.5503,ABC protein 6 non-intrinsic,K09015,,vv52010ABC_transporters,
163,VIT_01s0011g05320,1145,0.5484,Thaumatin,,,,
164,VIT_15s0046g01640,1135,0.5457,Abl interactor protein 1 (ABIL1),,,,
165,VIT_05s0029g00510,1118,0.5388,Aquaporin PIP PIP1A,PIP1A,,vv50101Channels_and_pores,
166,VIT_15s0021g02450,1115,0.5363,Elongation factor G,K02355,,,
167,VIT_04s0008g05070,1108,0.5353,Pentatricopeptide (PPR) repeat-containing,,,,
168,VIT_17s0000g02410,1102,0.5347,Cold-induced wall associated kinase,,,,
169,VIT_05s0020g04440,1108,0.5345,Unknown protein,,,,
170,VIT_07s0151g00850,1109,0.5324,Unknown,,,,
171,VIT_03s0091g00680,1086,0.5290,NPY2 (naked pins in yuc mutants 2),,,,
172,VIT_05s0049g00890,1088,0.5271,Serine/threonine-protein phosphatase PP1,K06269,,vv10500Starch_and_sucrose_metabolism,
173,VIT_12s0059g00190,1084,0.5249,Beta-expansin (EXPB3),EXPB3,,vv30003Auxin_signaling,
174,VIT_13s0106g00730,1078,0.5230,YIP1,YIP1,,vv50110Protein_coat,
175,VIT_17s0000g03750,1073,0.5209,Chitin elicitor-binding CEBIP LysM domain-containing,K13473,,vv34626Plant-pathogen_interaction,
176,VIT_06s0009g01410,1068,0.5200,No hit,,,,
177,VIT_07s0005g01670,1050,0.5087,No hit,,,,
178,VIT_15s0046g03240,1047,0.5075,Unknown protein,,,,
179,VIT_08s0007g07090,1050,0.5058,Sphingosine-1-phosphate phosphatase,K04716,,vv10600Sphingolipid_metabolism,
180,VIT_13s0019g01260,1031,0.5019,Enoyl reductase,K10258,,vv11040Biosynthesis_of_unsaturated_fatty_acids,
181,VIT_05s0020g01980,1050,0.5012,Acyl carrier protein  mitochondrial 3,K02078,,vv50134Primary_active_transporter_cat_D1,
182,VIT_05s0051g00980,1035,0.5005,No hit,,,,
183,VIT_01s0137g00410,1039,0.5000,CYP86A2,,,,
184,VIT_06s0080g00760,1027,0.4954,Unknown protein,,,,
185,VIT_03s0038g04500,1019,0.4951,Bifunctional dihydrofolate reductase-thymidylate synthase 1,K13998,,vv10240Pyrimidine_metabolism,vv10670One_carbon_pool_by_folate
186,VIT_13s0019g02810,1014,0.4949,Glucuronosyl transferase,E2_4_1_17,,vv10040Pentose_glucuronate_interconversion,vv10500Starch_and_sucrose_metabolism
187,VIT_12s0059g02720,1023,0.4932,Pinene synthase,E4_2_3_14,,vv10902Monoterpenoid_biosynthesis,
188,VIT_19s0090g00710,1014,0.4884,No hit,,,,
189,VIT_08s0058g01270,1003,0.4824,Zinc finger (C3HC4-type ring finger),ZFC3HC4_94,,vv60078Other_zf-C3HC4,
190,VIT_13s0067g02870,982,0.4737,Chalcone-flavanone isomerase,E5_5_1_6,,vv10941Flavonoid_biosynthesis,
191,VIT_04s0043g00560,980,0.4730,DD1A protein,,,,
192,VIT_19s0014g00250,981,0.4725,Bile acid:sodium symporter,K03453,,vv50123Porters_cat_18_to_29,
193,VIT_06s0004g07850,975,0.4703,Unknown protein,,,,
194,VIT_18s0166g00220,966,0.4669,No hit,,,,
195,VIT_15s0048g02890,955,0.4638,Ubiquitin family,,,,
196,VIT_04s0023g01300,958,0.4632,Aminopeptidase P,E3_4_11_9,,,
197,VIT_19s0014g00380,964,0.4628,Integral membrane protein,,,,
198,VIT_14s0068g02230,960,0.4615,No hit,,,,
199,VIT_01s0010g03860,944,0.4556,Unknown,,,,
200,VIT_03s0038g02380,940,0.4550,RAC G-protein Rac1,RAC1,,vv34020Calcium_signaling_pathway,
201,VIT_08s0040g00900,939,0.4549,Myb family,MYBGE_13,,vv60029G2-like,
202,VIT_00s0271g00070,934,0.4506,Pentatricopeptide (PPR) repeat-containing protein,,,,
203,VIT_15s0021g01140,918,0.4456,Calcium-dependent protein kinase-related,,,,
204,VIT_17s0000g10260,924,0.4453,AarF domain containing kinase,K08869,,,
205,VIT_09s0002g02490,910,0.4405,Dof zinc finger protein 1,ADOF1,,vv60015C2C2-DOF,
206,VIT_15s0024g00910,902,0.4362,NFD4 (nuclear fusion defective 4),,,,
207,VIT_14s0006g02550,894,0.4338,Non-specific lipid-transfer protein 2 (LTP 2),,,,
208,VIT_08s0007g04920,896,0.4335,Zinc finger (C3HC4-type ring finger),ZFC3HC4_118,,vv60078Other_zf-C3HC4,
209,VIT_10s0116g00350,894,0.4333,Unknown protein,,,,
210,VIT_18s0075g00080,898,0.4309,Anaphase-promoting complex component APC1,K03348,,vv24120Ubiquitin_mediated_proteolysis,vv44110Cell_cycle
211,VIT_12s0028g03760,896,0.4297,UPF0497 family,,,,
212,VIT_05s0062g00920,886,0.4284,No hit,,,,
213,VIT_08s0007g00080,883,0.4266,CUE domain containing protein,,,,
214,VIT_04s0069g01120,888,0.4263,Acyl-activating enzyme 7,E6_2_1_3,,vv10071Fatty_acid_metabolism,vv50104Group_translocators
215,VIT_10s0003g05490,879,0.4230,Toprim domain-containing protein,,,,
216,VIT_00s0593g00010,873,0.4221,Pentatricopeptide (PPR) repeat-containing protein,,,,
217,VIT_13s0106g00780,868,0.4203,Hydrolase  alpha/beta fold,,,,
218,VIT_12s0059g01830,857,0.4124,Unknown,,,,
219,VIT_16s0022g02080,850,0.4112,Exostosin family protein,K02366,,vv11030Glycan_structures-biosynthesis1,
220,VIT_05s0062g00520,852,0.4110,UDP-glucose:flavonoid 7-O-glucosyltransferase,E2_4_1_237,,vv10941Flavonoid_biosynthesis,
221,VIT_17s0000g06280,847,0.4098,Geranylgeranyl reductase,CHLP,,vv10100Biosynthesis_of_steroids,
222,VIT_08s0007g06390,844,0.4081,Enoyl-[acyl-carrier-protein] reductase [NADH]  chloroplast precursor,E1_3_1_9,,vv10061Fatty_acid_biosynthesis,
223,VIT_13s0084g00800,843,0.4067,Transcription factor,TRIHELIXDOM_7,,vv60062Trihelix,
224,VIT_13s0084g00180,836,0.4050,DNA-directed RNA polymerase III subunit C2,K03021,,vv23020RNA_polymerase,
225,VIT_16s0039g02040,844,0.4048,4-coumarate-CoA ligase 3,E6_2_1_12,,vv10940Phenylpropanoid_biosynthesis,vv50104Group_translocators
226,VIT_18s0075g00700,829,0.4032,Laccase,E1_10_3_2,,vv11000Single_reactions,vv50109Incompletely_characterized_transport_systems
227,VIT_12s0055g00450,834,0.4027,Unknown protein,,,,
228,VIT_09s0018g01650,820,0.4022,Wrinkled1 (AP2/ERBP),WRINKLED1_1,VvAP2-06,vv30008Ethylene_signaling,vv60003AP2_EREBP
229,VIT_13s0019g03150,841,0.4018,Membrane protein,,,,
230,VIT_00s0341g00010,832,0.4014,Dual specificity protein phosphatase,,,,
231,VIT_01s0011g01250,828,0.3985,No hit,,,,
232,VIT_06s0004g01550,822,0.3973,Phosphoribosylanthranilate transferase,E2_4_2_18,,vv10400Phenylalanine_tyrosine_and_tryptophan_biosynthesis,
233,VIT_07s0031g01280,810,0.3959,Zinc finger (C3HC4-type ring finger),ZFC3HC4_46,,vv60078Other_zf-C3HC4,
234,VIT_05s0102g00460,824,0.3954,RPD1 (root primordium defective 1),,,,
235,VIT_19s0027g01810,813,0.3933,Invertase/pectin methylesterase inhibitor,PMEI,,vv40006Cell_wall,
236,VIT_06s0004g06690,811,0.3927,Ribosomal protein S18 30S,K02963,,vv23010Ribosome,
237,VIT_01s0011g01100,813,0.3911,Pentatricopeptide (PPR) repeat-containing protein,,,,
238,VIT_00s0173g00150,813,0.3909,No hit,,,,
239,VIT_14s0083g00320,796,0.3862,Cinnamoyl-CoA reductase,E1_2_1_44,,vv10940Phenylpropanoid_biosynthesis,
240,VIT_10s0042g00820,787,0.3806,Transparent testa16,TT16_2,,vv60042MADS,
241,VIT_05s0051g00370,785,0.3785,No hit,,,,
242,VIT_06s0009g00230,779,0.3760,Unknown protein,,,,
243,VIT_13s0084g00140,766,0.3715,Zinc finger (C3HC4-type ring finger),ZFC3HC4_50,,vv60078Other_zf-C3HC4,
244,VIT_14s0006g02960,766,0.3683,KH domain containing protein,,,,
245,VIT_12s0055g00810,755,0.3663,Cationic peroxidase,E1_11_1_7,,vv10360Phenylalanine_metabolism,vv10680Methane_metabolism
246,VIT_18s0001g14310,755,0.3646,Flavonone- 3-hydroxylase,E1_14_11_9,,vv10941Flavonoid_biosynthesis,
247,VIT_19s0090g00730,756,0.3628,No hit,,,,
248,VIT_10s0116g01840,755,0.3619,No hit,,,,
249,VIT_09s0002g06580,744,0.3598,Glycosyl hydrolase family 28 protein,,,,
250,VIT_00s0225g00070,744,0.3587,MATE efflux family protein,MATE,,vv50125Porters_cat_66_to_94,
251,VIT_18s0001g04180,746,0.3587,Auxin response factor ARF17,ARF17,,vv30003Auxin_signaling,vv60004ARF
252,VIT_03s0088g00340<br>VIT_03s0091g00010,732,0.3560,
253,VIT_01s0011g01300,735,0.3554,Polygalacturonase QRT3,E3_2_1_15,,vv40006Cell_wall,
254,VIT_10s0003g00600,730,0.3551,Lipase GDSL,,,,
255,VIT_09s0002g00790,727,0.3533,Beta-ketoacyl-ACP synthase II,E2_3_1_41,,vv10061Fatty_acid_biosynthesis,
256,VIT_16s0039g01670,728,0.3512,Cinnamoyl-CoA reductase,E1_2_1_44,,vv10940Phenylpropanoid_biosynthesis,
257,VIT_01s0026g00570,725,0.3504,Bet v I allergen,,,,
258,VIT_07s0255g00060,724,0.3501,Prolyl oligopeptidase family,,,,
259,VIT_04s0008g04560,725,0.3491,Pentatricopeptide (PPR) repeat-containing,,,,
260,VIT_18s0001g07920,717,0.3472,Pentatricopeptide (PPR) repeat-containing,,,,
261,VIT_13s0067g02910,717,0.3469,Non-specific lipid-transfer protein,,,,
262,VIT_16s0050g00230,720,0.3462,Zinc knuckle,ZFC2HC,,,
263,VIT_09s0002g02540,704,0.3393,RWD domain containing 1,,,,
264,VIT_01s0010g02350,700,0.3375,Protein phosphatase 2 (formerly 2A)  regulatory subunit B',K11584,,vv23015mRNA_surveillance_pathway,
265,VIT_15s0046g02380,693,0.3351,CYP86A8,,,,
266,VIT_13s0067g03470,692,0.3332,Glutathione S-transferase GSTO1,E2_5_1_18_GSTO1,,vv10480Glutathione_metabolism,
267,VIT_02s0012g00180,688,0.3325,Serine protease,,,,
268,VIT_05s0049g00480,684,0.3308,Zinc finger (C3HC4-type ring finger),ZFC3HC4_65,,vv60078Other_zf-C3HC4,
269,VIT_08s0007g01990,672,0.3251,Potassium channel tetramerisation domain-containing protein,KCTREL,,vv50101Channels_and_pores,
270,VIT_11s0016g04540,675,0.3244,ABC transporter G member 22,ABCG22,,vv52010ABC_transporters,
271,VIT_05s0077g01330,673,0.3232,Unknown,,,,
272,VIT_04s0008g03950,668,0.3219,RD22,,,,
273,VIT_18s0001g10580,659,0.3190,Glycosyl transferase family 8 protein,,,,
274,VIT_07s0031g00520,661,0.3173,Unknown protein,,,,
275,VIT_00s0762g00010,655,0.3149,S-locus lectin protein kinase family,,,,
276,VIT_18s0001g07150,656,0.3146,Serine/threonine-protein kinase,,,,
277,VIT_03s0038g02540,650,0.3140,Aborted microspores AMS,AMS_3,,vv60011BHLH,
278,VIT_07s0005g01180,656,0.3137,Unknown protein,,,,
279,VIT_14s0219g00280,643,0.3124,Glycerol-3-phosphate dehydrogenase (NAD+),E1_1_1_8,,vv10564Glycerophospholipid_metabolism,
280,VIT_12s0035g00590,642,0.3104,Pentatricopeptide (PPR) repeat-containing protein,,,,
281,VIT_02s0025g01730,642,0.3092,3-oxoacyl-[acyl-carrier-protein] synthase,E2_3_1_41,,vv10061Fatty_acid_biosynthesis,
282,VIT_07s0005g02370,642,0.3092,Germin-like protein 2 [Vitis vinifera],,,,
283,VIT_11s0016g03070,637,0.3092,Hexokinase-2,E2_7_1_1,,vv10010Glycolysis,vv10051Fructose_and_mannose_metabolism
284,VIT_01s0137g00170,633,0.3074,B-keto acyl reductase,,,,
285,VIT_10s0071g00270,634,0.3072,Abscisic acid-insensitive protein 3 (ABI3),ABI3_1,,vv30001ABA_signaling,vv30003Auxin_signaling
286,VIT_12s0059g02710,640,0.3059,Pinene synthase,E4_2_3_14,,vv10902Monoterpenoid_biosynthesis,
287,VIT_04s0023g02460,629,0.3043,Transducin protein,,,,
288,VIT_13s0106g00570<br>VIT_14s0036g00790<br>VIT_17s0000g02780,627,0.3022,
289,VIT_12s0059g00640,627,0.3013,Beta-1 3-galactosyltransferase sqv-2,K07820,,vv10602Glycosphingolipid_biosynthesis,
290,VIT_06s0004g01770,624,0.3004,Acetyl-CoA carboxylase  biotin carboxylase,E6_4_1_2,,vv10061Fatty_acid_biosynthesis,vv10620Pyruvate_metabolism
291,VIT_19s0015g01170,617,0.2979,MYB divaricata,DIVARICATA_5,,vv30009Flower_development,vv60044MYB
292,VIT_19s0014g02670,613,0.2961,Protein kinase CRK1 CRK1 protein(Cdc2-related kinase 1),,,,
293,VIT_16s0022g00720,612,0.2957,Endo-1 4-beta-glucanase,E3_2_1_4,,vv40006Cell_wall,
294,VIT_00s0225g00080,608,0.2954,MATE efflux family protein,MATE,,vv50125Porters_cat_66_to_94,
295,VIT_07s0129g00070<br>VIT_07s0129g00150,596,0.2892,
296,VIT_17s0000g08420,595,0.2888,Unknown protein,,,,
297,VIT_03s0038g03550,596,0.2886,Unknown protein,,,,
298,VIT_02s0109g00380,588,0.2884,Stress response suppressor 1,STRS1,,vv23040Spliceosome,vv50133Primary_active_transporter_cat_A9_to_A18
299,VIT_17s0000g02450,599,0.2878,Tubulin beta-6,K07375,,vv44145Phagosome,vv44810Regulation_of_actin_cytoskeleton
300,VIT_18s0001g10050,596,0.2872,LRX1 (leucine-rich repeat/extensin 1),EXTENSIN,,vv40006Cell_wall,
301,VIT_06s0004g02730,593,0.2861,Unknown protein,,,,
302,VIT_14s0068g00660,589,0.2851,ATAN11 (ANTHOCYANIN11),,,,
303,VIT_12s0028g02400,584,0.2821,Leaf senescence protein,,,,
304,VIT_01s0010g03400,581,0.2795,Exostosin,K02366,,vv11030Glycan_structures-biosynthesis1,
305,VIT_12s0034g00010,575,0.2782,No hit,,,,
306,VIT_18s0001g07110,572,0.2775,No hit,,,,
307,VIT_04s0008g02250,572,0.2775,Beta-ketoacyl-CoA synthase,E2_3_1_41,,vv10061Fatty_acid_biosynthesis,
308,VIT_04s0044g01540,572,0.2775,UDP-glucuronic acid:anthocyanin glucuronosyltransferase,E2_4_1_236,,vv10941Flavonoid_biosynthesis,
309,VIT_14s0128g00400,574,0.2772,Ras homolog gene family  member T1,K07870,,,
310,VIT_10s0042g00560,569,0.2743,Unknown protein,,,,
311,VIT_02s0033g01210,567,0.2743,Cyclops,,,,
312,VIT_01s0010g01810,567,0.2736,Tetratricopeptide repeat (TPR)-containing,,,,
313,VIT_12s0057g01570,566,0.2733,No hit,,,,
314,VIT_07s0031g00830,560,0.2728,Patatin-like protein 1,,,,
315,VIT_03s0038g01410,560,0.2703,Aquaporin PIP PIP1A,PIP1A,,vv50101Channels_and_pores,
316,VIT_13s0064g00120,555,0.2699,Receptor Like Protein 35,,,,
317,VIT_01s0244g00180,558,0.2696,CTV.20,,,,
318,VIT_06s0004g01340,557,0.2690,Esterase/lipase/thioesterase,,,,
319,VIT_07s0005g05270,555,0.2685,RNA polymerase beta subunit [Vitis vinifera],K03043,,vv23020RNA_polymerase,
320,VIT_18s0122g00220,546,0.2631,Phosphodiesterase/alkaline phosphatase D,E3_1_4_1,,,
321,VIT_18s0001g13150,536,0.2602,BEL1 homeotic protein 3,BLH3,VvHB68,vv60034HB,
322,VIT_19s0090g01080,538,0.2599,ERF/AP2 transcription factor sub B-1(ATERF-3),ERF3_1,VvERF062,vv30008Ethylene_signaling,vv60003AP2_EREBP
323,VIT_05s0020g03720,533,0.2596,RNA pol II accessory factor Cdc73,,,,
324,VIT_05s0051g00140,536,0.2588,RRS1 (resistant to ralstonia solanacearum 1),RRS1,,vv34627R_proteins_from_Plant-pathogen_interaction,
325,VIT_05s0029g00630,530,0.2575,Unknown,,,,
326,VIT_01s0137g00820,530,0.2574,Phototropic-responsive NPH3,,,,
327,VIT_12s0057g00560,521,0.2529,PAT1 (Phytochrome a signal transduction 1),PAT1,,vv60032GRAS,
328,VIT_15s0048g01330,523,0.2522,Glyoxylate reductase,E1_1_1_26,,vv10630Glyoxylate_and_dicarboxylate_metabolism,
329,VIT_05s0049g01690,521,0.2519,Pentatricopeptide repeat-containing protein,,,,
330,VIT_04s0044g00190,511,0.2471,Mannitol dehydrogenase,E1_1_1_67,,vv10051Fructose_and_mannose_metabolism,
331,VIT_03s0017g01660,506,0.2455,Scarecrow transcription factor 23 (SCL23),SCL23_3,,vv60032GRAS,
332,VIT_07s0005g01290,502,0.2439,DnaJ homolog  subfamily C  member 7,K09527,,vv50132Primary_active_transporter_cat_A5_to_A8,
333,VIT_18s0122g01180,499,0.2412,Unknown,,,,
334,VIT_15s0048g02450,499,0.2407,Caffeate 3-O-methyltransferase 1,E2_1_1_68,,vv10940Phenylpropanoid_biosynthesis,
335,VIT_12s0028g01150,495,0.2382,Transparent testa 12 protein,TT12,,vv50125Porters_cat_66_to_94,
336,VIT_08s0007g01470,492,0.2380,Copper transporter 3,COPT3,,vv50101Channels_and_pores,
337,VIT_02s0025g00580,490,0.2377,Glycoside hydrolase  family 5,,,,
338,VIT_00s0972g00010,487,0.2362,N-acetylglucosaminyltransferase,K02366,,vv11030Glycan_structures-biosynthesis1,
339,VIT_09s0054g00800,486,0.2354,Unknown protein,,,,
340,VIT_08s0007g02000,485,0.2351,Glycerol-3-phosphate acyltransferase 8,E2_3_1_15,,vv10561Glycerolipid_metabolism,vv10564Glycerophospholipid_metabolism
341,VIT_14s0108g00910,486,0.2339,No hit,,,,
342,VIT_16s0022g00900,486,0.2338,No hit,,,,
343,VIT_01s0011g00890,485,0.2336,Pentatricopeptide (PPR) repeat-containing,,,,
344,VIT_10s0003g01940,480,0.2314,RKF1 (receptor-like kinase in flowers 1),,,,
345,VIT_00s0361g00090,475,0.2306,Phototropic-responsive NPH3 protein,,,,
346,VIT_09s0096g00220,475,0.2298,No hit,,,,
347,VIT_16s0022g01210,473,0.2292,Myb domain protein 85,MYB85_2,MYB191,vv60044MYB,
348,VIT_13s0064g00140,473,0.2288,R protein disease resistance protein,RPROT,,vv34627R_proteins_from_Plant-pathogen_interaction,
349,VIT_08s0056g00600,470,0.2278,No hit,,,,
350,VIT_08s0105g00400,468,0.2267,GT-1-like transcription factor,GT1L,,vv60062Trihelix,
351,VIT_00s2525g00010,468,0.2255,Unknown,,,,
352,VIT_00s0456g00040<br>VIT_00s0374g00030,466,0.2252,
353,VIT_09s0002g05560,464,0.2244,ABC transporter g family pleiotropic drug resistance 12 PDR12,ABCGPDR12,,vv52010ABC_transporters,
354,VIT_02s0025g03710,464,0.2244,DTA2 (downstream target of AGL15 2),,,,
355,VIT_18s0072g00580<br>VIT_11s0065g00040,462,0.2224,
356,VIT_13s0019g02630,462,0.2221,Photosystem II PsbA,K02703,,vv10195Photosynthesis,vv50135Primary_active_transporter_cat_D3_to_E2
357,VIT_08s0007g05110,456,0.2214,No hit,,,,
358,VIT_07s0005g05660,458,0.2209,F-box/kelch-repeat protein,,,,
359,VIT_18s0001g05860,455,0.2207,Transparent testa 1,TT1,,vv60017C2H2,
360,VIT_11s0016g01300,447,0.2179,TT2 (transparent testa 2),TT2_4,MYBPAR,vv44110Cell_cycle,vv60044MYB
361,VIT_19s0015g00460,450,0.2168,TRNA-splicing endonuclease positive effector,,,,
362,VIT_16s0039g01220,446,0.2161,C2 domain-containing protein,,,,
363,VIT_02s0087g00280,441,0.2138,Glycosyl transferase family 1 protein,,,,
364,VIT_04s0023g02810,439,0.2120,Aldehyde dehydrogenase 3B1,E1_2_1_3,vv10561Glycerolipid_metabolism,vv10010Glycolysis,vv10071Fatty_acid_metabolism
365,VIT_14s0060g01090,440,0.2119,LNG1 (LONGIFOLIA1),,,,
366,VIT_06s0004g03180,433,0.2100,Zinc finger (FYVE type),SIZ1_1,,vv30009Flower_development,vv60048PHD
367,VIT_15s0046g01410,432,0.2097,Unknown protein,,,,
368,VIT_11s0016g05060,427,0.2060,Choline/ethanolamine kinase,K14156,,vv10260Glycine_serine_and_threonine_metabolism,vv10564Glycerophospholipid_metabolism
369,VIT_13s0067g02570,423,0.2042,Potassium transporter 2,KUP2,,vv50125Porters_cat_66_to_94,
370,VIT_17s0000g00950,417,0.2026,Hydroxycinnamoyl-CoA quinate hydroxycinnamoyltransferase,E2_3_1_99,,vv10940Phenylpropanoid_biosynthesis,
371,VIT_03s0038g03620,418,0.2025,Rho guanyl-nucleotide exchange factor ROPGEF1,ROPGEF1,,,
372,VIT_18s0001g10870,416,0.2014,Patatin,,,,
373,VIT_13s0067g03050,412,0.1986,Leucine-rich repeat transmembrane protein kinase,,,,
374,VIT_00s0227g00060,412,0.1985,WD-40 repeat protein,,,,
375,VIT_14s0006g02990,409,0.1976,3-ketoacyl-CoA synthase,,,,
376,VIT_18s0072g00120,405,0.1972,Light stress-responsive one-helix protein (OHP2),,,,
377,VIT_08s0040g00520,405,0.1945,Leucine-rich repeat protein kinase,,,,
378,VIT_14s0030g01900,401,0.1940,Ribose-5-phosphate isomerase,E5_3_1_6,,vv10030Pentose_phosphate,vv10710Carbon_fixation
379,VIT_10s0116g01770,401,0.1936,Met-10+ like family protein,,,,
380,VIT_11s0037g01400,398,0.1935,Zinc finger (C3HC4-type ring finger),ZFC3HC4_80,,vv60078Other_zf-C3HC4,
381,VIT_08s0007g02920,394,0.1913,ATAN11 (ANTHOCYANIN11),,,,
382,VIT_10s0116g01810,392,0.1897,Unknown protein,,,,
383,VIT_08s0007g08680,387,0.1875,Unknown protein,,,,
384,VIT_02s0025g05020,381,0.1848,No hit,,,,
385,VIT_13s0067g03890,377,0.1830,Beta-ketoacyl-CoA synthase,E2_3_1_41,,vv10061Fatty_acid_biosynthesis,
386,VIT_00s0270g00050,373,0.1809,Unknown protein,,,,
387,VIT_00s0313g00040,370,0.1797,PAS2 (PASTICCINO 2),K10703,,vv11040Biosynthesis_of_unsaturated_fatty_acids,
388,VIT_18s0122g01240,369,0.1790,Serine/threonine Protein kinase BNK1,,,,
389,VIT_13s0067g02380,370,0.1786,Lateral organ boundaries Domain 15,LBD15_2,,vv60007AS2,
390,VIT_05s0029g00450,369,0.1783,Pentatricopeptide (PPR) repeat-containing protein,,,,
391,VIT_11s0016g01340,369,0.1772,Unknown protein,,,,
392,VIT_00s0179g00300,367,0.1772,MPBQ/MSBQ methyltransferase 2,K12502,,vv10100Biosynthesis_of_steroids,
393,VIT_00s0540g00040<br>VIT_11s0149g00300,363,0.1763,
394,VIT_05s0020g03850,364,0.1757,Pentatricopeptide (PPR) repeat-containing protein,,,,
395,VIT_01s0011g00910,362,0.1755,Unknown protein,,,,
396,VIT_07s0104g01410,362,0.1747,OTU cysteine protease,,,,
397,VIT_05s0062g00430,355,0.1713,UDP-glucose:flavonoid 7-O-glucosyltransferase,E2_4_1_237,,vv10941Flavonoid_biosynthesis,
398,VIT_10s0042g00130,350,0.1690,Pentatricopeptide (PPR) repeat,,,,
399,VIT_10s0092g00480,342,0.1658,CYP71D10p,E1_14_13_73,,vv10902Monoterpenoid_biosynthesis,
400,VIT_00s0192g00140,340,0.1652,No hit,,,,
401,VIT_08s0007g03370,339,0.1648,Unknown protein,,,,
402,VIT_13s0067g01180,342,0.1644,Leaf senescence related,,,,
403,VIT_16s0050g01110,340,0.1639,Polygalacturonase GH28,E3_2_1_15,,vv40006Cell_wall,
404,VIT_04s0044g01030,334,0.1615,Pectinesterase family,E3_1_1_11,,vv40006Cell_wall,
405,VIT_06s0004g06370,335,0.1612,UDP-glucose: anthocyanidin 5 3-O-glucosyltransferase,RHGT1,,vv10942Anthocyanin_biosynthesis,
406,VIT_08s0040g02820,333,0.1608,Unknown protein,,,,
407,VIT_00s0183g00070,332,0.1603,No hit,,,,
408,VIT_08s0007g05160,327,0.1589,Flavonoid 3' 5'-hydroxylase,E1_14_13_88,,vv10941Flavonoid_biosynthesis,
409,VIT_11s0016g05340,331,0.1587,Ethylene-responsive transcription factor SHINE 3,SHINE3_2,VvERF043,vv30008Ethylene_signaling,vv60003AP2_EREBP
410,VIT_08s0056g01070,322,0.1565,MATE efflux family protein,MATE,,vv50125Porters_cat_66_to_94,
411,VIT_08s0056g01520,323,0.1554,Acetylglucosaminyltransferase,E2_4_1_223,,vv11030Glycan_structures-biosynthesis1,
412,VIT_13s0067g01900,320,0.1553,ATP-dependent RNA helicase RH18,RH18,,vv23040Spliceosome,vv50133Primary_active_transporter_cat_A9_to_A18
413,VIT_12s0035g01480,320,0.1553,No hit,,,,
414,VIT_08s0058g00190,321,0.1552,No hit,,,,
415,VIT_07s0005g02000,319,0.1550,ADP-ribosylation factor A1B,ARFA1B,,vv50110Protein_coat,
416,VIT_17s0000g02920,320,0.1550,Glutathione S-transferase 25 GSTU7,E2_5_1_18_GSTU7,,vv10480Glutathione_metabolism,
417,VIT_03s0110g00300,318,0.1548,Copper transporter 4,COPT4,,vv50101Channels_and_pores,
418,VIT_03s0063g00580,321,0.1547,Rad54,K10875,,vv23440Homologous_recombination,vv60058SNF2
419,VIT_06s0004g03830,319,0.1536,Chitinase 1,E3_2_1_14,,vv10530Aminosugars_metabolism,
420,VIT_08s0007g01620,315,0.1530,Lectin,,,,
421,VIT_16s0039g01510,313,0.1519,Calcium-dependent protein kinase-related,,,,
422,VIT_10s0116g01870,307,0.1488,MATE efflux family protein,MATE,,vv50125Porters_cat_66_to_94,
423,VIT_03s0038g02120,306,0.1482,Armadillo/beta-catenin repeat,,,,
424,VIT_17s0053g00780,306,0.1480,Homeodomain GLABROUS11,HDG11_1,VvHB60,vv60034HB,
425,VIT_18s0001g09260,300,0.1453,Unknown protein,,,,
426,VIT_03s0088g00270,300,0.1444,No hit,,,,
427,VIT_19s0085g00480,295,0.1438,No hit,,,,
428,VIT_18s0001g11160,294,0.1432,Unknown protein,,,,
429,VIT_08s0040g01010,293,0.1429,Isopentenyltransferase,E2_5_1_27,,vv10908Zeatin_biosynthesis,
430,VIT_17s0000g03800,295,0.1426,Unknown protein,,,,
431,VIT_14s0030g00670,295,0.1423,Dehydroquinate dehydratase,E4_2_1_10,,vv10400Phenylalanine_tyrosine_and_tryptophan_biosynthesis,
432,VIT_13s0064g01860,295,0.1418,No hit,,,,
433,VIT_02s0025g01940,291,0.1417,Cellulose synthase CSLG3,E2_4_1_12_CSLG3,,vv40006Cell_wall,
434,VIT_01s0150g00120,289,0.1401,Ethylene-responsive transcription factor ERF114,ERF114_2,VvERF112,vv30008Ethylene_signaling,vv60003AP2_EREBP
435,VIT_14s0128g00210,288,0.1397,Xyloglucanase inhibitor,,,,
436,VIT_19s0093g00120,288,0.1395,No hit,,,,
437,VIT_15s0046g02410,289,0.1391,Aquaporin TMP-C,TMPC,,vv50101Channels_and_pores,
438,VIT_13s0074g00370,289,0.1389,Zinc finger (C3HC4-type ring finger),ZFC3HC4_89,,vv60078Other_zf-C3HC4,
439,VIT_10s0116g01880,283,0.1370,MATE efflux family protein,MATE,,vv50125Porters_cat_66_to_94,
440,VIT_04s0044g00070,283,0.1368,RAB GDP dissociation inhibitor 1 ATGD1,,,,
441,VIT_02s0025g02390,283,0.1368,Oligopeptide transporter OPT7,OPT7,,vv50125Porters_cat_66_to_94,
442,VIT_00s2246g00010,282,0.1364,No hit,,,,
443,VIT_00s0269g00020<br>VIT_00s0174g00110,280,0.1362,
444,VIT_18s0001g00690,280,0.1359,Glutathione S-transferase 8 GSTF8,E2_5_1_18_GSTF8,,vv10480Glutathione_metabolism,
445,VIT_10s0003g02960,279,0.1358,Glycosyl hydrolase family 17 protein,,,,
446,VIT_15s0046g00510,283,0.1357,Wax synthase,E2_3_1_75,,vv11000Single_reactions,
447,VIT_03s0038g03160<br>VIT_03s0038g03140,280,0.1353,
448,VIT_11s0078g00220,277,0.1339,Preprotein translocase secA,K03070,,vv23060Protein_export,vv50113Thylakoid_targeting_pathway
449,VIT_02s0012g01440,274,0.1333,Zinc finger (C3HC4-type ring finger),ZFC3HC4_215,,vv60078Other_zf-C3HC4,
450,VIT_18s0001g06810,269,0.1303,Transcriptional regulator,K07735,,,
451,VIT_07s0031g01890,267,0.1290,No hit,,,,
452,VIT_14s0030g00010,266,0.1285,Unknown protein,,,,
453,VIT_09s0054g00690,266,0.1282,Vacuolar processing enzyme alpha,,,,
454,VIT_05s0020g00970,264,0.1265,Thioesterase family,,,,
455,VIT_13s0064g00870,260,0.1265,FRA10AC1,,,,
456,VIT_14s0030g01950,259,0.1261,Transferase,,,,
457,VIT_06s0009g00960,260,0.1257,Ubiquitin-specific protease 12 (UBP12),,,,
458,VIT_13s0074g00510,260,0.1255,ATP-dependent RNA helicase,,,,
459,VIT_16s0039g00010,261,0.1252,ABC transporter G member 7,ABCG7,,vv52010ABC_transporters,
460,VIT_16s0148g00270,258,0.1249,No hit,,,,
461,VIT_01s0011g01060,255,0.1234,RNA recognition motif (RRM)-containing protein,,,,
462,VIT_08s0056g00260,254,0.1231,Harpin-induced protein,,,,
463,VIT_00s1355g00010,249,0.1206,ATP-dependent Clp protease proteolytic subunit (ClpP4),E3_4_21_92,,,
464,VIT_05s0049g01810,250,0.1204,No hit,,,,
465,VIT_07s0005g00250,245,0.1182,P23 co-chaperone,VVP23,,vv50110Protein_coat,
466,VIT_07s0031g02440,240,0.1161,Amino acid permease 3,AAP3,,vv50123Porters_cat_18_to_29,
467,VIT_01s0137g00420,238,0.1147,Proteasome 20S beta subunit B (PBB2) (PRCFC),K02739a,,vv23050Proteasome,
468,VIT_14s0108g01330,236,0.1140,Chorismate mutase  chloroplast (CM1),E5_4_99_5,,vv10400Phenylalanine_tyrosine_and_tryptophan_biosynthesis,
469,VIT_06s0004g06740,230,0.1117,No hit,,,,
470,VIT_14s0068g00170,231,0.1112,No hit,,,,
471,VIT_08s0007g04690,230,0.1106,U3 small nucleolar RNA-associated protein 12,K14556,,vv23008Ribosome_biogenesis_in_Eukaryotes,
472,VIT_03s0091g00760,225,0.1084,Interferon-related developmental regulator family,,,,
473,VIT_11s0103g00210,223,0.1077,F-box family protein,,,,
474,VIT_05s0102g00880,223,0.1076,Strictosidine synthase,E4_3_3_2,,vv10900Terpenoid_biosynthesis,vv10902Monoterpenoid_biosynthesis
475,VIT_07s0005g04790,221,0.1068,Myosin-like protein XIB,MYOSINXIB,,vv44810Regulation_of_actin_cytoskeleton,
476,VIT_06s0004g00310,220,0.1065,Hcr2-p4.1,,,,
477,VIT_18s0001g11100,219,0.1059,Serine carboxypeptidase,,,,
478,VIT_18s0001g00220,217,0.1047,Unknown,,,,
479,VIT_06s0009g03390,213,0.1041,No hit,,,,
480,VIT_08s0058g00280,213,0.1030,Lectin protein kinase,,,,
481,VIT_18s0001g07010,208,0.1004,Glutathione S-transferase GSTU8,E2_5_1_18_GSTU8,,vv10480Glutathione_metabolism,
482,VIT_08s0058g01030,207,0.0998,Saposin B domain-containing protein,SAPB,,vv50101Channels_and_pores,
483,VIT_12s0134g00450,206,0.0997,S-locus lectin protein kinase,,,,
484,VIT_03s0063g00670,204,0.0987,Cyclin-dependent kinase inhibitor ICK5,ICK5,,vv44110Cell_cycle,
485,VIT_15s0024g00960<br>VIT_05s0094g00980<br>VIT_19s0014g03980<br>VIT_14s0036g00820,203,0.0982,
486,VIT_13s0064g00150,204,0.0979,No hit,,,,
487,VIT_12s0059g01870,202,0.0979,GH3-like protein,AUXINBIOSYNTHESIS_GH3,,vv11002Auxin_biosynthesis,
488,VIT_14s0128g00890,201,0.0977,SNF4 (Sucrose NonFermenting 4),,,,
489,VIT_16s0050g02100,200,0.0972,Disease resistance,,,,
490,VIT_14s0068g00310,199,0.0962,Nuclear transport factor 2 (NTF2),NTF2,,vv50133Primary_active_transporter_cat_A9_to_A18,
491,VIT_02s0025g02630,200,0.0956,Lipase GDSL,,,,
492,VIT_04s0023g02880,194,0.0945,GATA transcription factor 14,GAT14,,vv60016C2C2-GATA,
493,VIT_04s0043g00490,195,0.0945,No hit,,,,
494,VIT_05s0049g01630,195,0.0941,Pectate lyase,E4_2_2_2,,vv40006Cell_wall,
495,VIT_15s0046g00310,193,0.0930,Transcription factor TINY,ERF023,VvERF015,vv30008Ethylene_signaling,vv60003AP2_EREBP
496,VIT_03s0063g01720,190,0.0921,S-N-methylcoclaurine 3'-hydroxylase,E1_14_13_71,,vv10950Alkaloid_biosynthesis_I,
497,VIT_06s0004g07640,190,0.0921,Pentatricopeptide (PPR) repeat-containing protein,,,,
498,VIT_05s0049g02040,187,0.0907,No hit,,,,
499,VIT_00s0641g00030,186,0.0906,No hit,,,,
500,VIT_08s0105g00570,186,0.0902,Adenosine/AMP deaminase active site,E3_5_4_4,,vv10230Purine_metabolism,
501,VIT_19s0085g00900,187,0.0901,Unknown protein,,,,
502,VIT_02s0012g01250,186,0.0899,Carnitine/acylcarnitine carrier  Mitochondrial,BOU,,vv50123Porters_cat_18_to_29,
503,VIT_05s0020g02900,185,0.0895,Substrate carrier  Mitochondrial,K03454,,vv44146Peroxisome,vv50123Porters_cat_18_to_29
504,VIT_03s0038g03560,185,0.0894,CAO (CHAOS); chromatin binding,CPSRP43,,vv50113Thylakoid_targeting_pathway,
505,VIT_00s0340g00040,185,0.0894,Beta-hexosaminidase beta chain precursor,E3_2_1_52,,vv10511N-Glycan_degradation,vv10530Aminosugars_metabolism
506,VIT_07s0005g04180,184,0.0892,Glutathione S-transferase,E2_5_1_18,,vv10480Glutathione_metabolism,
507,VIT_13s0019g01940,185,0.0891,Laccase,E1_10_3_2,,vv11000Single_reactions,vv50109Incompletely_characterized_transport_systems
508,VIT_02s0025g02680,182,0.0879,Growth-regulating factor 5,GRF5_1,,vv60033GRF,
509,VIT_07s0005g00680,180,0.0869,Exocyst complex subunit Sec15B,SEC15B,,vv50111Tethering_factors,
510,VIT_08s0007g03680,180,0.0865,Unknown,,,,
511,VIT_03s0038g02860,178,0.0862,Amino acid permease,AAPREL,,vv50123Porters_cat_18_to_29,
512,VIT_15s0046g00650,177,0.0856,Wax synthase,E2_3_1_75,,vv11000Single_reactions,
513,VIT_07s0031g01270,176,0.0852,Ring-H2 finger A2A,RHA2A,,vv60078Other_zf-C3HC4,
514,VIT_16s0039g02540,175,0.0845,Rubredoxin,C00340,,vv10071Fatty_acid_metabolism,
515,VIT_04s0008g00860,173,0.0837,Ndr family protein,,,,
516,VIT_08s0056g01280,171,0.0826,MIF4G domain-containing protein,,,,
517,VIT_02s0087g00610,172,0.0825,Unknown protein,,,,
518,VIT_01s0026g00690,169,0.0820,RNase H domain-containing protein,K01163,,,
519,VIT_18s0041g01930,168,0.0812,Pentatricopeptide (PPR) repeat-containing protein,,,,
520,VIT_18s0001g04690,166,0.0802,Sesquiterpene cyclase,E4_2_3_9,,vv10900Terpenoid_biosynthesis,
521,VIT_12s0059g02750,164,0.0794,Eukaryotic translation initiation factor-related,,,,
522,VIT_11s0016g02050,167,0.0794,Nucleosome assembly protein (NAP1),,,,
523,VIT_15s0021g00520,163,0.0793,Transposon protein,,,,
524,VIT_09s0002g01670,162,0.0785,Myb domain protein 26,MYB26,MYB26,vv60044MYB,
525,VIT_06s0004g03980,163,0.0783,Ankyrin,K10380,,vv50108Accessory_factors_involved_in_transport,
526,VIT_05s0077g01670,159,0.0774,Major cherry allergen Pru av 1.0202,,,,
527,VIT_05s0020g01790,157,0.0763,Triacylglycerol lipase.,E3_1_1_3,,vv10561Glycerolipid_metabolism,
528,VIT_01s0011g03210,157,0.0761,Aspartyl protease,E3_4_23_x,,,
529,VIT_12s0034g00250,157,0.0758,Aquaporin PIP1A,PIP1A,,vv50101Channels_and_pores,
530,VIT_13s0067g01680,155,0.0749,Unknown protein,,,,
531,VIT_02s0025g04920,154,0.0748,Phosphate translocator protein2  Plastidic,PTL2,,vv50122Porters_cat_7_to_17,
532,VIT_04s0008g04880,154,0.0746,Indole-3-acetic acid-amido synthetase GH3.1,AUXINBIOSYNTHESIS_GH3,,vv11002Auxin_biosynthesis,
533,VIT_10s0116g01170<br>VIT_00s0342g00040<br>VIT_16s0039g00770,153,0.0742,
534,VIT_18s0157g00140,151,0.0731,Alliin lyase,E4_4_1_4,,vv10272Cysteine_metabolism,
535,VIT_03s0063g00410,150,0.0725,Alpha-amylase,E3_2_1_1,,vv10500Starch_and_sucrose_metabolism,
536,VIT_16s0050g02550,150,0.0724,Pentatricopeptide (PPR) repeat,,,,
537,VIT_04s0008g06310,149,0.0721,Octicosapeptide/Phox/Bem1p (PB1) domain-containing protein,BEM1P,,vv50132Primary_active_transporter_cat_A5_to_A8,
538,VIT_00s0665g00020,149,0.0720,Carrier protein  Mitochondrial,K03454,,vv50123Porters_cat_18_to_29,
539,VIT_11s0016g00230,148,0.0718,Proteasome 26S AAA-ATPase subunit (RPT1a),K03061,,vv23050Proteasome,
540,VIT_00s0415g00020,148,0.0716,Endoribonuclease E-like protein,,,,
541,VIT_14s0066g02270,146,0.0707,Endonuclease/exonuclease/phosphatase family protein,E3_1_30_x,,,
542,VIT_00s0216g00020,145,0.0697,Glycosyl transferase family 8 protein,,,,
543,VIT_00s0183g00050,144,0.0695,No hit,,,,
544,VIT_00s0374g00040,144,0.0694,S-locus lectin protein kinase,,,,
545,VIT_05s0029g00480,144,0.0694,Eceriferum 2 (CER2),,,,
546,VIT_17s0000g09810,142,0.0685,Pectate lyase,E4_2_2_2,,vv40006Cell_wall,
547,VIT_12s0057g00590,135,0.0651,Vacuolar protein sorting 11 (VPS11),VPS11,,vv50111Tethering_factors,
548,VIT_06s0004g00500,134,0.0648,Armadillo helical,,,,
549,VIT_16s0022g02170,132,0.0641,Alpha-L-fucosidase,E3_2_1_51,,vv10511N-Glycan_degradation,
550,VIT_14s0006g02570,131,0.0628,Protease inhibitor/seed storage/lipid transfer protein (LTP),,,,
551,VIT_05s0051g00770,130,0.0628,No hit,,,,
552,VIT_11s0016g04630,130,0.0626,GAI protein.,GAI1_4,,vv30009Flower_development,vv30010Gibberellin_signaling
553,VIT_04s0023g00560,129,0.0622,Auxin responsive SAUR protein,SAUR,,vv30003Auxin_signaling,
554,VIT_18s0041g00100,126,0.0608,Unknown protein,,,,
555,VIT_09s0002g04890,126,0.0608,R protein  PRF  disease resistance protein,K13453,,vv34627R_proteins_from_Plant-pathogen_interaction,
556,VIT_12s0134g00670,125,0.0604,Anthocyanin 5-aromatic acyltransferase,E2_3_1_153,,vv10941Flavonoid_biosynthesis,vv10942Anthocyanin_biosynthesis
557,VIT_03s0091g00040,126,0.0604,Limonoid UDP-glucosyltransferase,E2_4_1_120,,vv10940Phenylpropanoid_biosynthesis,
558,VIT_17s0000g01890,123,0.0595,Myb domain protein 52,MYB52_2,MYB169,vv60044MYB,
559,VIT_18s0001g14290,122,0.0590,Invertase-like protein,E3_2_1_26,,vv10052Galactose_metabolism,vv10500Starch_and_sucrose_metabolism
560,VIT_13s0067g01580,120,0.0579,Anthocyaninless2 (ANL2),ANL2_4,,vv60034HB,
561,VIT_04s0008g06300,120,0.0578,Leucine-rich repeat family,,,,
562,VIT_13s0067g01110,119,0.0575,N-(5phosphoribosyl)anthranilate isomerase (PRAI),E5_3_1_24,,vv10400Phenylalanine_tyrosine_and_tryptophan_biosynthesis,
563,VIT_12s0028g02320,119,0.0575,Pentatricopeptide (PPR) repeat-containing,,,,
564,VIT_15s0046g02620,119,0.0574,Beta-amylase 9 BMY9,E3_2_1_2,,vv10500Starch_and_sucrose_metabolism,
565,VIT_12s0028g03610,117,0.0569,Cellulase,E3_2_1_4,,vv40006Cell_wall,
566,VIT_12s0059g01450,116,0.0559,Zinc finger CCCH domain-containing protein ZFN-like 4,ZFNL4,,vv60018C3H,
567,VIT_11s0065g00130,114,0.0554,Taxane 10-beta-hydroxylase,E1_14_13_76,,vv10904Diterpenoid_biosynthesis,
568,VIT_00s0225g00060,115,0.0554,MATE efflux family protein,MATE,,vv50125Porters_cat_66_to_94,
569,VIT_01s0026g00650,114,0.0550,DNA polymerase lambda subunit,K03512,,vv23030DNA_replication,vv23410Base_excision_repair
570,VIT_10s0405g00040,108,0.0525,Auxin-responsive protein,AUXREG,,vv30003Auxin_signaling,
571,VIT_10s0071g00410<br>VIT_03s0091g00940<br>VIT_10s0071g00490,109,0.0524,
572,VIT_19s0014g03720,109,0.0524,Unknown protein,,,,
573,VIT_18s0001g10470,108,0.0524,Protein kinase MK6,,,,
574,VIT_06s0061g00230,108,0.0520,ABC transporter G member 7,ABCG7,,vv52010ABC_transporters,
575,VIT_10s0003g01770,108,0.0520,Heat shock transcription factor A4A,HSFA4A_1,,vv60037HSF,
576,VIT_07s0104g01790,107,0.0517,Autophagy 18 ATG18d,ATG18,,vv44140Regulation_of_autophagy,
577,VIT_10s0003g03750,107,0.0517,9-cis-epoxycarotenoid dioxygenase 2,E1_13_11_51,,vv10906Carotenoid_biosynthesis,vv11013ABA_biosynthesis
578,VIT_07s0005g03350,106,0.0513,Malate dehydrogenase  cytosolic,E1_1_1_37,,vv10020Citrate_cycle,vv10620Pyruvate_metabolism
579,VIT_16s0098g00190,106,0.0513,Receptor kinase homolog LRK10,,,,
580,VIT_06s0004g06140,103,0.0501,Ribosomal protein L4,K02926,,vv23010Ribosome,
581,VIT_05s0077g02180,104,0.0500,Chalcone reductase,CHALR,,vv10941Flavonoid_biosynthesis,
582,VIT_14s0068g02010,104,0.0500,IMP dehydrogenase/GMP reductase,E1_1_1_205,,vv10230Purine_metabolism,
583,VIT_09s0018g02010,103,0.0499,EXO70-G1 protein,EXO70G1,,vv50111Tethering_factors,
584,VIT_10s0003g03560,103,0.0496,Beta-amyrin synthase,E5_4_99_BAS,,vv10900Terpenoid_biosynthesis,
585,VIT_05s0020g04060,102,0.0496,TIFY 4B (Protein PEAPOD 2),PEAPOD2,,vv60069ZIM,
586,VIT_17s0000g01700,102,0.0495,Leucine-rich repeat transmembrane protein kinase,,,,
587,VIT_09s0018g01890,101,0.0490,No hit,,,,
588,VIT_03s0038g04210,101,0.0489,Phototropin-2,K08282,,vv50101Channels_and_pores,
589,VIT_14s0068g00600,100,0.0484,Alpha-expansin 19,EXPA19,,vv30003Auxin_signaling,
590,VIT_10s0116g01710,99,0.0479,Galactosyltransferase family protein,E2_4_x_x,,,
591,VIT_01s0011g01560,99,0.0479,Transparent testa16,TT16_4,,vv60042MADS,
592,VIT_04s0023g01900,98,0.0475,AAA-type ATPase,,,,
593,VIT_04s0008g05300,96,0.0466,Phosphate translocator,PTLREL,,vv50122Porters_cat_7_to_17,
594,VIT_19s0014g03370,96,0.0460,Methyltransferase type 11,,,,
595,VIT_07s0005g03750,95,0.0459,RIC7 (ROP-interactive crib motif-containing protein 7),,,,
596,VIT_18s0001g10830,95,0.0459,Patatin,,,,
597,VIT_09s0002g00590,94,0.0454,Phosphoinositide phosphatase,E3_1_3_36,,vv10562Inositol_phosphate_metabolism,vv34070Phosphatidylinositol_signaling_system
598,VIT_14s0081g00770,93,0.0452,R protein disease resistance protein,RPROT,,vv34627R_proteins_from_Plant-pathogen_interaction,
599,VIT_05s0077g02240,91,0.0442,Replication factor A 1  rfa1,K07466,,vv23030DNA_replication,vv23420Nucleotide_excision_repair
600,VIT_18s0001g15610,91,0.0439,Unknown,,,,
601,VIT_01s0010g02780,91,0.0438,ATP-dependent RNA helicase,SPLH3,,vv23040Spliceosome,
602,VIT_01s0010g01870,89,0.0430,Salicylic acid-induced fragment 1 protein,,,,
603,VIT_02s0025g00560,89,0.0429,Glycoside hydrolase  family 5,,,,
604,VIT_13s0067g03740,88,0.0426,Pinene synthase,E4_2_3_14,,vv10902Monoterpenoid_biosynthesis,
605,VIT_18s0089g01250,88,0.0424,U4/U6.U5 tri-snRNP-associated protein 2,K12847,,vv23040Spliceosome,
606,VIT_07s0005g03570,87,0.0422,Arabinose-5-phosphate isomerase,E5_3_1_13,,vv10540Lipopolysaccharide_biosynthesis,
607,VIT_02s0025g04380,87,0.0421,ATPP2-A13,,,,
608,VIT_09s0018g01920,86,0.0419,Exocyst complex component EXO84 B,EXO84B,,vv50111Tethering_factors,
609,VIT_06s0004g03730,86,0.0415,DNA-directed RNA polymerase III subunit C1,K03018,,vv23020RNA_polymerase,
610,VIT_12s0028g01240,86,0.0414,fanconi anemia  complementation group D2,,,,
611,VIT_09s0070g00240,86,0.0413,Cinnamoyl-CoA reductase,E1_2_1_44,,vv10940Phenylpropanoid_biosynthesis,
612,VIT_00s0199g00030,86,0.0413,Ubiquitin-specific protease 16,,,,
613,VIT_14s0066g00310,84,0.0407,Unknown protein,,,,
614,VIT_08s0007g08180,81,0.0391,Unknown protein,,,,
615,VIT_06s0004g03310,81,0.0390,Hydrolase  alpha/beta fold,,,,
616,VIT_07s0104g01640,79,0.0380,Nuclear transcription factor Y subunit B-5,NFYB5_2,,vv60021CCAAT,
617,VIT_07s0031g00480,78,0.0378,Protein kinase family,,,,
618,VIT_05s0020g01900,78,0.0377,No hit,,,,
619,VIT_10s0116g00360,75,0.0361,Pyrophosphate-dependent phosphofructokinase beta subunit,E2_7_1_11,,vv10010Glycolysis,vv10030Pentose_phosphate
620,VIT_18s0001g14620,74,0.0359,Ribosomal protein S16,K02959,,vv23010Ribosome,
621,VIT_11s0118g00210,72,0.0349,Nodulation receptor kinase,,,,
622,VIT_02s0012g00150,72,0.0347,NAK-type protein kinase,,,,
623,VIT_03s0091g01140,71,0.0343,Meprin and TRAF homology domain-containing protein,,,,
624,VIT_07s0005g02480,70,0.0340,Myb domain protein 61,MYB61_1,MYB55A,vv60044MYB,
625,VIT_00s0160g00220,70,0.0339,Unknown protein,,,,
626,VIT_10s0003g02120,70,0.0338,Lipase GDSL,,,,
627,VIT_13s0067g00400,70,0.0338,Anthranilate synthase alpha 1,E4_1_3_27,,vv10400Phenylalanine_tyrosine_and_tryptophan_biosynthesis,
628,VIT_12s0142g00570,69,0.0334,R protein disease resistance protein,RPROT,,vv34627R_proteins_from_Plant-pathogen_interaction,
629,VIT_04s0044g01980,68,0.0329,Unknown protein,,,,
630,VIT_00s0252g00070,68,0.0329,Translation initiation factor eIF-3 subunit 5,K03249,,vv23013RNA_transport,
631,VIT_06s0061g01550,67,0.0327,No hit,,,,
632,VIT_10s0003g01010,65,0.0317,Lipase GDSL,,,,
633,VIT_07s0151g00960,65,0.0315,WD repeat domain 5,WDR5,,vv50133Primary_active_transporter_cat_A9_to_A18,
634,VIT_19s0014g00180,65,0.0314,Ribokinase,E2_7_1_15,,vv10030Pentose_phosphate,
635,VIT_06s0004g07920,64,0.0311,WNK5 (Arabidopsis WNK kinase 5),,,,
636,VIT_05s0049g00310,63,0.0303,E8 protein,E8,,vv30008Ethylene_signaling,
637,VIT_17s0000g03770,62,0.0300,No hit,,,,
638,VIT_00s0245g00050,62,0.0300,Oleoyl-acyl carrier protein thioesterase  chloroplast precursor,E3_1_2_14,,vv10061Fatty_acid_biosynthesis,
639,VIT_05s0020g01820,60,0.0290,Integral membrane family protein UPF0497,,,,
640,VIT_01s0010g00710,59,0.0286,Armadillo/beta-catenin repeat protein / U-box domain-containing protein ,,,,
641,VIT_18s0001g11860,59,0.0285,Polygalacturonate 4-alpha-galacturonosyltransferase,E2_4_1_43,,vv40006Cell_wall,
642,VIT_13s0019g04360,59,0.0284,GCN5 N-acetyltransferase (GNAT),GCN5_6,,vv60082GNAT,
643,VIT_15s0024g00920,59,0.0284,NFD4 (nuclear fusion defective 4),,,,
644,VIT_17s0000g01810,58,0.0281,Cyclin-dependent kinase G-2,CDKG2,,vv44110Cell_cycle,
645,VIT_07s0005g02620,58,0.0280,Aminoacyl-tRNA ligase  Multifunctional,E6_1_1_15,,vv10330Arginine_and_proline_metabolism,vv20970Aminoacyl-tRNA_biosynthesis
646,VIT_07s0005g00830,57,0.0277,Subtilisin protease,,,,
647,VIT_12s0059g02660,57,0.0276,No hit,,,,
648,VIT_04s0008g03930,56,0.0273,RD22,,,,
649,VIT_00s0207g00250,56,0.0271,No hit,,,,
650,VIT_00s0322g00030,56,0.0271,Alpha-6-galactosyltransferase,E2_4_2_39,,vv40006Cell_wall,
651,VIT_10s0116g00860,56,0.0270,Cardiolipin synthase,K06131,,vv10564Glycerophospholipid_metabolism,
652,VIT_03s0091g01170,55,0.0265,Meprin and TRAF homology domain-containing protein,,,,
653,VIT_15s0107g00380,55,0.0265,Basic helix-loop-helix (bHLH) family,BHLHDOM_10,,vv60011BHLH,
654,VIT_09s0002g04070,55,0.0264,Unknown protein,,,,
655,VIT_19s0015g01980,54,0.0263,Unknown,,,,
656,VIT_10s0003g00190,54,0.0262,DNA-binding protein,,,,
657,VIT_00s0189g00040,54,0.0261,No hit,,,,
658,VIT_05s0102g00940,53,0.0257,R protein  PRF  disease resistance protein,K13453,,vv34627R_proteins_from_Plant-pathogen_interaction,
659,VIT_09s0054g01220,52,0.0251,Cycloartenol synthase,E5_4_99_8,,vv10100Biosynthesis_of_steroids,
660,VIT_00s0187g00030,51,0.0247,Lysine-ketoglutarate reductase,E1_5_1_10,,vv10300Lysine_biosynthesis,
661,VIT_12s0035g00880,50,0.0243,Lactoylglutathione lyase,E4_4_1_5,,vv10620Pyruvate_metabolism,
662,VIT_18s0001g09020,50,0.0243,Exo70 exocyst complex subunit G1,EXO70G1,,vv50111Tethering_factors,
663,VIT_04s0043g00250,49,0.0238,Nonsense-mediated mRNA decay NMD3,K07562,,vv23008Ribosome_biogenesis_in_Eukaryotes,vv23013RNA_transport
664,VIT_14s0108g00740,49,0.0237,GASA4,GASA4,,vv30010Gibberellin_signaling,
665,VIT_08s0007g03120,48,0.0231,Auxin responsive SAUR protein,SAUR,,vv30003Auxin_signaling,
666,VIT_17s0000g00130,47,0.0228,SEC14 cytosolic factor,SEC14,,vv50122Porters_cat_7_to_17,
667,VIT_18s0001g13400,47,0.0228,Papain cysteine proteinase isoform I,E3_4_22_2,,,
668,VIT_16s0098g00200,47,0.0226,Receptor serine/threonine kinase PR5K,,,,
669,VIT_04s0023g01600,47,0.0226,Membrane protein,,,,
670,VIT_11s0065g00840,46,0.0222,EIF4-gamma/eIF5/eIF2-epsilon domain-containing protein,K03240,,,
671,VIT_07s0005g01790,46,0.0222,Acyl-CoA synthetase long-chain member 2,E6_2_1_3_LACS2,,vv10071Fatty_acid_metabolism,vv44146Peroxisome
672,VIT_15s0048g02720,45,0.0217,fatty acid elongase,E2_3_1_41,,vv10061Fatty_acid_biosynthesis,
673,VIT_07s0031g00010,44,0.0213,Exonuclease,E3_1_13_1,,,
674,VIT_18s0041g00270,44,0.0213,R protein  PRF  disease resistance protein,K13453,,vv34627R_proteins_from_Plant-pathogen_interaction,
675,VIT_19s0015g02850,43,0.0208,No hit,,,,
676,VIT_06s0004g07420,43,0.0208,Unknown protein,,,,
677,VIT_03s0088g00260,43,0.0208,Serine carboxypeptidase S10,,,,
678,VIT_08s0007g07240,43,0.0208,Armadillo helical,,,,
679,VIT_14s0060g00900,43,0.0207,Unknown protein,,,,
680,VIT_14s0128g00420,42,0.0203,Glycosyl transferase family 8 protein,,,,
681,VIT_01s0011g00720,42,0.0203,WRKY DNA-binding protein 57,WRKY57,VvWRKY01,vv60066WRKY,
682,VIT_06s0004g06090,41,0.0201,Diphenol oxidase,E1_10_3_1,,vv10350Tyrosine_metabolism,vv50109Incompletely_characterized_transport_systems
683,VIT_04s0044g01700,41,0.0199,RNA polymerase I specific transcription initiation factor RRN3,RRN3,,,
684,VIT_15s0021g01390,41,0.0199,Uclacyanin 3,UCC3,,,
685,VIT_02s0154g00220,41,0.0197,Zinc finger (C2H2 type) family,C2H2FAM_17,,vv60017C2H2,
686,VIT_18s0001g14540,41,0.0197,DEAD-box ATP-dependent RNA helicase 28,K03732,,vv23040Spliceosome,vv50133Primary_active_transporter_cat_A9_to_A18
687,VIT_18s0041g01320,40,0.0192,No hit,,,,
688,VIT_03s0180g00140,39,0.0189,Acetyl xylan esterase AxeA,,,,
689,VIT_18s0001g11120,39,0.0189,Ternary complex factor MIP1,,,,
690,VIT_01s0150g00180,39,0.0188,Exostosin,K02366,,vv11030Glycan_structures-biosynthesis1,
691,VIT_07s0151g00420,38,0.0184,1-acylglycerone phosphate reductase,E1_1_1_101,,vv10564Glycerophospholipid_metabolism,vv10565Ether_lipid_metabolism
692,VIT_11s0016g00590,38,0.0183,Invertase/pectin methylesterase inhibitor,PMEI,,vv40006Cell_wall,
693,VIT_19s0027g00320,38,0.0181,Unknown,,,,
694,VIT_15s0046g00280,37,0.0179,Unknown,,,,
695,VIT_06s0009g00850,37,0.0178,Strictosidine synthase,E4_3_3_2,,vv10900Terpenoid_biosynthesis,vv10902Monoterpenoid_biosynthesis
696,VIT_19s0015g02580,37,0.0178,Unknown,,,,
697,VIT_12s0059g00230,36,0.0175,Epoxide hydrolase 2,E3_3_2_10,,,
698,VIT_01s0026g01180,36,0.0175,No hit,,,,
699,VIT_06s0009g00580,36,0.0174,Receptor protein kinase,,,,
700,VIT_13s0156g00450,35,0.0171,R protein disease resistance protein,RPROT,,vv34627R_proteins_from_Plant-pathogen_interaction,
701,VIT_00s0541g00010,35,0.0170,Unknown,,,,
702,VIT_12s0059g01770,35,0.0170,Caffeic acid O-methyltransferase,E2_1_1_68,,vv10940Phenylpropanoid_biosynthesis,
703,VIT_02s0025g03760,35,0.0169,Myosin-related,MYOSINR,,vv44810Regulation_of_actin_cytoskeleton,
704,VIT_07s0031g01750,35,0.0169,N-acetyltransferase 10,K14521,,vv23008Ribosome_biogenesis_in_Eukaryotes,
705,VIT_04s0008g04230,34,0.0165,ABC transporter G member 22,ABCG22,,vv52010ABC_transporters,
706,VIT_08s0007g06860,34,0.0164,Pinene synthase,E4_2_3_14,,vv10902Monoterpenoid_biosynthesis,
707,VIT_17s0000g00280,33,0.0160,Magnesium-protoporphyrin O-methyltransferase,E2_1_1_11,,vv10860Porphyrin_and_chlorophyll_metabolism,
708,VIT_00s0267g00030,33,0.0160,Unknown,,,,
709,VIT_18s0001g14860,33,0.0159,SKP1,K03094,,vv24120Ubiquitin_mediated_proteolysis,vv24141Protein_processing_in_endoplasmic_reticulum
710,VIT_17s0000g04450,32,0.0156,Phospholipid-transporting ATPase,K01530,,vv50131Primary_active_transporter_cat_A2_to_A4,
711,VIT_07s0031g02700,32,0.0155,Amidase,E3_5_1_4,,vv10220Urea_cycle_and_metabolism_of_amino_groups,vv10360Phenylalanine_metabolism
712,VIT_13s0084g00600,32,0.0155,DNA-directed RNA polymerase I subunit A2,K03002,,vv23020RNA_polymerase,
713,VIT_02s0025g00550,32,0.0154,Unknown protein,,,,
714,VIT_01s0137g00510,32,0.0153,CYP71B10,CYP71B10,,vv10940Phenylpropanoid_biosynthesis,
715,VIT_18s0001g14040,31,0.0151,Endo-1 4-beta-glucanase,E3_2_1_4,,vv40006Cell_wall,
716,VIT_08s0040g02830,31,0.0150,Calcium-transporting ATPase 1  endoplasmic reticulum-type ECA1,K01537,,vv34020Calcium_signaling_pathway,vv50131Primary_active_transporter_cat_A2_to_A4
717,VIT_08s0058g01110,31,0.0149,Ovate family protein 4 OFP4,OFP4_1,,vv60086OFP,
718,VIT_14s0128g00240,30,0.0146,Cation exchanger (CAX11),K07300_CAX11,,vv50123Porters_cat_18_to_29,
719,VIT_17s0000g06630,30,0.0144,Unknown protein,,,,
720,VIT_14s0060g01420,29,0.0140,Unknown protein,,,,
721,VIT_10s0071g00610,29,0.0140,Unknown,,,,
722,VIT_07s0130g00040,29,0.0140,Myb domain protein 4,MYB4_10,MYB3,vv60044MYB,
723,VIT_06s0004g00600,28,0.0136,SUB1 (short under blue light 1),,,,
724,VIT_12s0059g01820,28,0.0135,Protein phosphatase 1D,K10147,,,
725,VIT_02s0087g00760,27,0.0131,Pentatricopeptide (PPR) repeat-containing protein,,,,
726,VIT_04s0008g03100,27,0.0131,Unknown protein,,,,
727,VIT_07s0031g00630,27,0.0131,Unknown protein,,,,
728,VIT_03s0063g01460,26,0.0126,Cytochrome b6f complex subunit (petM),K02643,,vv10195Photosynthesis,vv50105Transport_electron_carriers
729,VIT_01s0011g00080,26,0.0126,Universal stress protein (USP) family protein,,,,
730,VIT_12s0057g00930,25,0.0121,Hydroxycinnamoyl-CoA:shikimate hydroxycinnamoyltransferase,E2_3_1_133,,vv10940Phenylpropanoid_biosynthesis,
731,VIT_19s0014g00570,25,0.0120,Disease resistance protein RFL1,,,,
732,VIT_11s0016g04460,24,0.0116,Ornithine decarboxylase,E4_1_1_17,,vv10220Urea_cycle_and_metabolism_of_amino_groups,
733,VIT_08s0058g01260,24,0.0116,No hit,,,,
734,VIT_00s0349g00040,24,0.0116,Zinc finger (C3HC4-type ring finger),ZFC3HC4_168,,vv60078Other_zf-C3HC4,
735,VIT_00s0271g00050,24,0.0116,Pentatricopeptide (PPR) repeat-containing protein,,,,
736,VIT_06s0009g01580,24,0.0116,Glycosyl hydrolase family 17 protein,,,,
737,VIT_04s0008g06580,24,0.0116,DNA-directed RNA polymerase II subunit B,K03010,,vv23020RNA_polymerase,
738,VIT_18s0001g13080,24,0.0115,Unknown protein,,,,
739,VIT_11s0052g00220,23,0.0112,Unknown protein,,,,
740,VIT_00s0194g00220,23,0.0111,Unknown,,,,
741,VIT_06s0004g01750,23,0.0111,Polygalacturonase inhibitor protein,PGIP,,,
742,VIT_07s0005g03250,23,0.0111,No hit,,,,
743,VIT_11s0118g00810,23,0.0111,Peptidyl-prolyl cis-trans isomerase,K01802,,,
744,VIT_05s0049g00300,22,0.0107,1-aminocyclopropane-1-carboxylate oxidase homolog 1,E1_14_17_4,,vv10640Propanoate_metabolism,vv30008Ethylene_signaling
745,VIT_18s0001g02030,22,0.0107,Signal peptidase 1,K03100,,vv23060Protein_export,vv50132Primary_active_transporter_cat_A5_to_A8
746,VIT_14s0036g01290,22,0.0107,Subtilisin-like proteinase AIR3,,,,
747,VIT_06s0004g02700,22,0.0107,Unknown protein,,,,
748,VIT_18s0001g08110,22,0.0106,Glutamyl-tRNA reductase  chloroplast precursor,E1_2_1_70,,vv10860Porphyrin_and_chlorophyll_metabolism,
749,VIT_06s0004g07900,22,0.0106,Ovate family protein 17 OFP17,OFP17_1,,vv60086OFP,
750,VIT_05s0062g00830,22,0.0106,Ribosomal protein S1,K02945,,vv23010Ribosome,
751,VIT_04s0023g01060,22,0.0106,Proton gradient regulation 3,PGR3,,,
752,VIT_00s0347g00120,21,0.0102,S-locus lectin protein kinase,,,,
753,VIT_08s0058g01230,21,0.0102,Non-specific lipid-transfer protein,,,,
754,VIT_08s0007g01900,21,0.0102,Proton-dependent oligopeptide transport (POT) family protein,POT,,vv50122Porters_cat_7_to_17,
755,VIT_12s0057g01580,21,0.0102,No hit,,,,
756,VIT_12s0034g01140,21,0.0102,Plastocyanin domain-containing protein,K02638,,vv10195Photosynthesis,vv50113Thylakoid_targeting_pathway
757,VIT_06s0004g07840,21,0.0102,Endo/excinuclease,,,,
758,VIT_05s0029g01420,21,0.0101,Ankyrin repeat,K10380,,vv50108Accessory_factors_involved_in_transport,
759,VIT_08s0007g00890,21,0.0101,Tropinone reductase,E1_1_1_206,,vv10220Urea_cycle_and_metabolism_of_amino_groups,
760,VIT_11s0037g00870,21,0.0101,AP2-like ethylene-responsive transcription factor,AP2_1,VvAP2-01,vv30008Ethylene_signaling,vv60003AP2_EREBP
761,VIT_15s0045g01590,21,0.0101,Eceriferum 1 (CER1 protein) Sterol desaturase,,,,
762,VIT_01s0026g01140,20,0.0097,ZCW32 (BIGPETAL  BIGPETALUB),ZCW32_2,,vv60011BHLH,
763,VIT_01s0137g00190,20,0.0096,CIP4 (COP1-interacting protein 4),CIP4,,vv24120Ubiquitin_mediated_proteolysis,
764,VIT_17s0000g01090,19,0.0092,Acyl-(acyl carrier protein) thioesterase,E3_1_2_14,,vv10061Fatty_acid_biosynthesis,
765,VIT_17s0000g00120,19,0.0092,Exostosin,K02366,,vv11030Glycan_structures-biosynthesis1,
766,VIT_01s0026g02650,19,0.0092,KH domain-containing protein,,,,
767,VIT_04s0043g00720,18,0.0087,Transketolase,E2_2_1_1,,vv10030Pentose_phosphate,vv10710Carbon_fixation
768,VIT_00s0174g00160,18,0.0087,Unknown protein,,,,
769,VIT_12s0059g02310,18,0.0087,PDF2 (protodermal factor2),PDF2_4,VvHB44,vv60034HB,
770,VIT_13s0067g01570<br>VIT_13s0067g01640,18,0.0087,
771,VIT_06s0004g03720,17,0.0083,No hit,,,,
772,VIT_15s0046g00380,17,0.0082,Seven in absentia (SINA) family protein,K04506,,vv24120Ubiquitin_mediated_proteolysis,
773,VIT_06s0061g00980,17,0.0082,Prolylcarboxypeptidase,E3_4_16_2,,,
774,VIT_05s0077g00740,16,0.0078,Prefoldin subunit 3,,,,
775,VIT_18s0117g00170,16,0.0078,No hit,,,,
776,VIT_14s0171g00490,16,0.0078,Glucose-6-phosphate 1-dehydrogenase  cytoplasmic isoform,E1_1_1_49,,vv10030Pentose_phosphate,vv10480Glutathione_metabolism
777,VIT_05s0049g01400,16,0.0077,Alcohol oxidase,E1_1_3_13,,vv10680Methane_metabolism,
778,VIT_14s0060g02370,16,0.0077,DegP protease,E3_4_21_107,,,
779,VIT_03s0017g00920,16,0.0077,R protein  PRF  disease resistance protein,K13453,,vv34627R_proteins_from_Plant-pathogen_interaction,
780,VIT_01s0010g01160,16,0.0077,Zinc finger (DHHC type),ZFDHHC_4,,vv60079Other_zf-DHHC,
781,VIT_03s0038g03720,15,0.0073,fertility restorer,,,,
782,VIT_01s0011g02800,15,0.0073,RIC7 (ROP-interactive crib motif-containing protein 7),,,,
783,VIT_10s0092g00510,15,0.0073,CYP71D10p,E1_14_13_73,,vv10902Monoterpenoid_biosynthesis,
784,VIT_05s0020g04180,15,0.0073,CTR1 protein kinase,CTR1,,vv30008Ethylene_signaling,
785,VIT_18s0001g14790,15,0.0072,Lipase 3 (EXL3) family II extracellular,,,,
786,VIT_11s0037g00840,15,0.0072,Tetratricopeptide repeat (TPR)-containing,,,,
787,VIT_09s0002g00200,15,0.0072,Protein-O-fucosyltransferase 2,E2_4_1_221,,,
788,VIT_13s0019g04910,15,0.0072,Pectate lyase,E4_2_2_2,,vv40006Cell_wall,
789,VIT_14s0036g01520,15,0.0072,MEE49 (maternal effect embryo arrest 49),,,,
790,VIT_12s0178g00090,15,0.0072,Diacylglycerol kinase 1,E2_7_1_107,,vv10561Glycerolipid_metabolism,vv10564Glycerophospholipid_metabolism
791,VIT_01s0011g02250,15,0.0072,Metal-nicotianamine transporter YSL7,YSL7,,vv50125Porters_cat_66_to_94,
792,VIT_09s0054g01210,15,0.0072,Beta-amyrin synthase,E5_4_99_BAS,,vv10900Terpenoid_biosynthesis,
793,VIT_13s0047g01210,14,0.0068,Phospholipid-translocating ATPase ALA1,K01530,,vv50131Primary_active_transporter_cat_A2_to_A4,
794,VIT_18s0001g09450,14,0.0068,Unknown protein,,,,
795,VIT_03s0091g01050,14,0.0067,Nucleobase-ascorbate transporter 4 (NAT4),NAT4,,vv50124Porters_cat_30_to_64,
796,VIT_16s0039g02750,13,0.0063,NADH glutamate dehydrogenase,E1_4_1_3,,vv10251Glutamate_metabolism,vv10330Arginine_and_proline_metabolism
797,VIT_11s0016g02240,13,0.0063,Transcription termination factor mitochondrial mTERF,MTERF_12,,vv60085MTERF,
798,VIT_00s0245g00010,13,0.0063,Integral membrane protein,,,,
799,VIT_11s0016g02230,13,0.0063,Transducin family protein / WD-40 repeat,,,,
800,VIT_16s0039g01040,13,0.0063,Aminopeptidase,,,,
801,VIT_08s0007g04580,13,0.0062,UGT73C2 (UDP-glucosyl transferase 73C2),,,,
802,VIT_08s0007g08080,12,0.0058,G protein beta subunit-like,K08266,,vv34150mTOR_signaling_pathway,
803,VIT_10s0116g01640,12,0.0058,Glucan endo-1 3-beta-glucosidase 3 precursor,E3_2_1_39,,vv10500Starch_and_sucrose_metabolism,
804,VIT_17s0000g07470,12,0.0058,Binding,,,,
805,VIT_17s0000g08430,12,0.0058,No hit,,,,
806,VIT_07s0104g01000,12,0.0058,Histone H2AXa HTA5,H2AXa,,,
807,VIT_06s0061g01290,12,0.0058,No hit,,,,
808,VIT_02s0033g00660<br>VIT_02s0033g00850<br>VIT_02s0033g00870<br>VIT_02s0033g00800,12,0.0058,
809,VIT_16s0013g00690,12,0.0058,Unknown protein,,,,
810,VIT_04s0008g02720,12,0.0058,Myosin heavy chain,K10352,,vv44810Regulation_of_actin_cytoskeleton,
811,VIT_00s0410g00040,12,0.0058,Anthranilate N-benzoyltransferase protein 1,E2_3_1_144,,vv10400Phenylalanine_tyrosine_and_tryptophan_biosynthesis,
812,VIT_01s0011g04430,12,0.0058,MATE efflux family protein,MATE,,vv50125Porters_cat_66_to_94,
813,VIT_12s0059g01210,12,0.0058,RNA-binding protein,,,,
814,VIT_04s0023g01090,12,0.0058,Unknown,,,,
815,VIT_19s0090g00400,12,0.0058,Zinc finger (C3HC4-type ring finger),ZFC3HC4_83,,vv60078Other_zf-C3HC4,
816,VIT_11s0118g00290,12,0.0058,Ubiquitin-specific protease 22 (UBP22),,,,
817,VIT_12s0059g01200,11,0.0053,UBX domain-containing protein 1,K14012,,vv24141Protein_processing_in_endoplasmic_reticulum,
818,VIT_11s0103g00140,11,0.0053,Potassium-sodium symporter HKT1,HKT1,,vv50124Porters_cat_30_to_64,
819,VIT_04s0008g03600,11,0.0053,Tocopherol cyclase,K09834,,vv10100Biosynthesis_of_steroids,
820,VIT_15s0107g00200,11,0.0053,No hit,,,,
821,VIT_17s0000g08990,11,0.0053,Alliinase,E4_4_1_4,,vv10272Cysteine_metabolism,
822,VIT_05s0062g01290,11,0.0053,Armadillo/beta-catenin repeat,,,,
823,VIT_14s0066g01380,10,0.0049,Calcium homeostasis regulator CHoR1,CHOR1,,,
824,VIT_11s0016g01240,10,0.0049,DENN (AEX-3) domain-containing protein,,,,
825,VIT_03s0088g00060,10,0.0049,Isoflavone reductase,E1_3_1_45,,vv10943Isoflavonoid_biosynthesis,
826,VIT_10s0116g00680,10,0.0049,PDF2 (protodermal factor2),PDF2_2,VvHB35,vv60034HB,
827,VIT_03s0038g01960,10,0.0048,Proline-rich family protein,,,,
828,VIT_11s0016g00110,10,0.0048,Potassium channel tetramerisation domain-containing protein,KCTREL,,vv50101Channels_and_pores,
829,VIT_04s0023g01830,10,0.0048,U3 small nucleolar RNA-associated protein 22,K14544,,vv23008Ribosome_biogenesis_in_Eukaryotes,
830,VIT_09s0002g06310,10,0.0048,No hit,,,,
831,VIT_06s0009g01540,10,0.0048,Embryonic abundant protein -like,,,,
832,VIT_11s0016g01690,10,0.0048,Unknown protein,,,,
833,VIT_03s0088g00470,10,0.0048,Auxin responsive SAUR protein,SAUR,,vv30003Auxin_signaling,
834,VIT_01s0137g00300,10,0.0048,SDA1,SDA1,,vv44810Regulation_of_actin_cytoskeleton,
835,VIT_15s0048g03000,10,0.0048,GTPase RABA3,K07976,,,
836,VIT_16s0022g02350,10,0.0048,ACI13,,,,
837,VIT_01s0010g02970,9,0.0044,Calcium-binding protein CML,K13448,,vv34626Plant-pathogen_interaction,
838,VIT_16s0098g01850,9,0.0044,Seven in absentia SINA1,K04506,,vv24120Ubiquitin_mediated_proteolysis,
839,VIT_17s0000g06040,9,0.0044,Phytochrome kinase substrate 1,,,,
840,VIT_00s0120g00270,9,0.0044,Myosin-like protein XIA,MYOSINXIA,,vv44810Regulation_of_actin_cytoskeleton,
841,VIT_11s0016g04150,9,0.0044,Sulfate transporter 3.4,SULTR3_4,,vv50124Porters_cat_30_to_64,
842,VIT_15s0048g02820,9,0.0044,Basic helix-loop-helix (bHLH) family,BHLHDOM_3,,vv60011BHLH,
843,VIT_02s0025g02290<br>VIT_02s0025g02280<br>VIT_02s0025g02300,9,0.0044,
844,VIT_07s0005g01470,9,0.0044,Unknown protein,,,,
845,VIT_05s0062g01140,9,0.0044,Aromatic and neutral transporter 1,ANT1,,vv50123Porters_cat_18_to_29,
846,VIT_01s0010g00550,9,0.0044,Prolyl oligopeptidase,E3_4_21_26,,,
847,VIT_12s0134g00430,9,0.0043,Universal stress protein (USP) family protein,,,,
848,VIT_05s0062g00930<br>VIT_13s0084g00500<br>VIT_18s0089g00810<br>VIT_18s0072g00010,9,0.0043,
849,VIT_04s0008g01800,9,0.0043,Myb domain protein 7,MYB7_3,MYBPA7,vv60044MYB,
850,VIT_10s0597g00050,9,0.0043,Heat shock transcription factor B2A,HSFB2A_3,,vv60037HSF,
851,VIT_05s0077g00530,9,0.0043,Unknown protein,,,,
852,VIT_14s0006g00250,9,0.0043,Cysteine-rich repeat secretory protein 60,,,,
853,VIT_10s0003g03270,9,0.0043,Inward rectifying potassium channel,SIRK,,vv30001ABA_signaling,vv50101Channels_and_pores
854,VIT_14s0006g01860,9,0.0043,No hit,,,,
855,VIT_15s0048g00930,9,0.0043,ATP-dependent DNA helicase 2 subunit 2 ku80,K10885,,vv23450Non_homologous_end_joining,
856,VIT_15s0046g01790,9,0.0043,ARID/BRIGHT DNA-binding domain-containing protein / ELM2,ARID_4,,vv60005ARID,
857,VIT_19s0085g00380,9,0.0043,Phosphoglycerate kinase,E2_7_2_3,,vv10010Glycolysis,vv10710Carbon_fixation
858,VIT_08s0007g00950,9,0.0043,No hit,,,,
859,VIT_11s0016g02280,9,0.0043,Glycine dehydrogenase 2,E1_4_4_2,,vv10260Glycine_serine_and_threonine_metabolism,
860,VIT_14s0006g02290,7,0.0034,DREB sub A-4 of ERF/AP2 transcription factor,TINY_2,VvERF028,vv30008Ethylene_signaling,vv60003AP2_EREBP
861,VIT_00s0225g00090,7,0.0034,Copper amine oxidase,E1_4_3_4,,vv10220Urea_cycle_and_metabolism_of_amino_groups,vv10340Histidine_metabolism
862,VIT_05s0020g00760,7,0.0034,Pyruvate dehydrogenase kinase  Mitochondrial,E2_7_11_2,,vv10010Glycolysis,vv10252Alanine_and_aspartate_metabolism
863,VIT_14s0006g01740,7,0.0034,AAR2 protein,,,,
864,VIT_00s0286g00110,7,0.0034,S-locus protein kinase,,,,
865,VIT_01s0011g04760,7,0.0034,Myb domain protein 4,MYB4_2,MYBC2-L1,vv60044MYB,
866,VIT_10s0003g00010,7,0.0034,Ribosomal protein S5,K02988,,vv23010Ribosome,
867,VIT_13s0074g00660,7,0.0034,ABC transporter G member 22,ABCG22,,vv52010ABC_transporters,
868,VIT_04s0069g00030,7,0.0034,Retrotransposon protein,,,,
869,VIT_18s0001g14940,7,0.0034,Pentatricopeptide (PPR) repeat-containing,,,,
870,VIT_10s0003g03650,7,0.0034,Beta-amyrin synthase,E5_4_99_BAS,,vv10900Terpenoid_biosynthesis,
871,VIT_01s0137g00700,7,0.0034,Lipase GDSL,,,,
872,VIT_11s0149g00060,6,0.0029,Unknown,,,,
873,VIT_16s0100g00520,6,0.0029,ATPP2-A13,,,,
874,VIT_07s0005g04100,6,0.0029,Leucine Rich Repeat receptor-like kinase,,,,
875,VIT_16s0098g01900,6,0.0029,Pectinesterase family,E3_1_1_11,,vv40006Cell_wall,
876,VIT_13s0019g02500,6,0.0029,No hit,,,,
877,VIT_06s0080g00250,6,0.0029,Sialyltransferase,E2_4_99_10,,vv10602Glycosphingolipid_biosynthesis,
878,VIT_16s0013g01530,6,0.0029,U3 small nucleolar RNA-associated protein 10,K14550,,vv23008Ribosome_biogenesis_in_Eukaryotes,
879,VIT_12s0057g00040,6,0.0029,Tubulin alpha,K07374,,vv44145Phagosome,vv44810Regulation_of_actin_cytoskeleton
880,VIT_00s1380g00010,6,0.0029,Pentatricopeptide (PPR) repeat-containing protein,,,,
881,VIT_13s0073g00140,6,0.0029,Ovate family protein 13 OFP13,OFP13_2,,vv60086OFP,
882,VIT_14s0060g01850,6,0.0029,Unknown,,,,
883,VIT_02s0012g01300,6,0.0029,Unknown,,,,
884,VIT_15s0046g01770,6,0.0029,D-erythro-sphingosine kinase,E2_7_1_107,,vv10561Glycerolipid_metabolism,vv10564Glycerophospholipid_metabolism
885,VIT_13s0019g04460,6,0.0029,Phenylalanine ammonia-lyase 2 (PAL2),E4_3_1_5,,vv10350Tyrosine_metabolism,vv10360Phenylalanine_metabolism
886,VIT_07s0005g06360,6,0.0029,E3 ubiquitin-protein ligase PRT1,,,,
887,VIT_05s0102g00870,6,0.0029,R protein  PRF  disease resistance protein,K13453,,vv34627R_proteins_from_Plant-pathogen_interaction,
888,VIT_18s0001g07390,6,0.0029,No hit,,,,
889,VIT_04s0008g05290,6,0.0029,No hit,,,,
890,VIT_01s0026g01450,6,0.0029,DnaJ homolog  subfamily B  member 4,K09510,,vv50132Primary_active_transporter_cat_A5_to_A8,
891,VIT_16s0100g00470,6,0.0029,BCL2 binding anthogene,,,,
892,VIT_00s1314g00010,6,0.0029,Basic helix-loop-helix (bHLH) family,BHLHDOM_89,,vv60011BHLH,
893,VIT_03s0017g00530,6,0.0029,Elongation factor 1-alpha HBS1,K14416,,vv23015mRNA_surveillance_pathway,
894,VIT_03s0088g01200,6,0.0029,Unknown protein,,,,
895,VIT_14s0006g01610,6,0.0029,PMI2 (plastid movement impaired 2),,,,
896,VIT_13s0019g01980,6,0.0029,Aspartic proteinase nepenthesin-2 precursor,E3_4_23_12,,,
897,VIT_08s0032g00530,6,0.0029,Rhomboid,,,,
898,VIT_15s0048g02680,6,0.0029,Calmodulin-binding region IQD17,,,,
899,VIT_19s0085g01200,6,0.0029,CTP synthase,E6_3_4_2,,vv10240Pyrimidine_metabolism,
900,VIT_00s0429g00040,6,0.0029,Aspartic proteinase nepenthesin-1 precursor,E3_4_23_12,,,
901,VIT_00s0179g00360,6,0.0029,Unknown protein,,,,
902,VIT_11s0052g01850,6,0.0029,Transcription initiation factor IIE (TFIIE) alpha subunit,K03136,,vv23022Basal_transcription_factors,
903,VIT_08s0105g00420,6,0.0029,Unknown,,,,
904,VIT_08s0007g08090,6,0.0029,DNA-directed RNA polymerase I subunit A1,K02999,,vv23020RNA_polymerase,
905,VIT_10s0042g01020,6,0.0029,Isochorismatase,E3_3_2_1,,vv10130Ubiquinone_biosynthesis,
906,VIT_08s0007g08980,6,0.0029,Unknown,,,,
907,VIT_06s0080g00750,6,0.0029,Unknown protein,,,,
908,VIT_02s0012g00620,6,0.0029,Phosphoacetylglucosamine mutase,E5_4_2_3,,vv10530Aminosugars_metabolism,
909,VIT_08s0007g07110,6,0.0029,Unknown protein,,,,
910,VIT_05s0077g00460,6,0.0029,Zinc knuckle,ZFC2HC,,,
911,VIT_11s0016g05630,6,0.0029,Acetylglucosaminyltransferase,E2_4_1_223,,vv11030Glycan_structures-biosynthesis1,
912,VIT_04s0023g03370,6,0.0029,Flavonone- 3-hydroxylase,E1_14_11_9,,vv10941Flavonoid_biosynthesis,
913,VIT_05s0020g02260,6,0.0029,Sugar transporter ERD6-like 16,ERD6L16,,vv50121Porters_cat_1_to_6,
914,VIT_08s0058g01210,6,0.0029,Non-specific lipid transfer protein LTP1,LTP1,,,
915,VIT_10s0003g00980,6,0.0029,Unknown protein,,,,
916,VIT_18s0041g02240,4,0.0019,ATATH7 (ABC2 homolog7),ATH7,,vv52010ABC_transporters,
917,VIT_05s0102g00260,4,0.0019,Cell division cycle protein 48,K13525,,vv24141Protein_processing_in_endoplasmic_reticulum,vv44110Cell_cycle
918,VIT_09s0070g01030,4,0.0019,AAA-type ATPase,,,,
919,VIT_08s0040g00230,3,0.0015,Exportin 7,XPO7,,vv50112Nuclear_pore_complex,
920,VIT_15s0024g01750,3,0.0015,Protein kinase,,,,
921,VIT_18s0001g14490,3,0.0015,Thaumatin,,,,
922,VIT_09s0002g02230,3,0.0015,Harpin-induced 1,,,,
923,VIT_18s0001g01250,3,0.0015,Senescence-inducible chloroplast stay-green protein 2,,,,
924,VIT_00s0558g00020,3,0.0015,LINC4 (little nuclei4),,,,
925,VIT_01s0011g00280,3,0.0015,feronia receptor-like kinase,,,,
926,VIT_12s0028g02590,3,0.0015,BZIP transcription factor,BZIPDOM_18,VvbZIP29,vv60012BZIP,
927,VIT_13s0019g00850,3,0.0015,U3 small nucleolar ribonucleoprotein protein IMP4,K14561,,vv23008Ribosome_biogenesis_in_Eukaryotes,
928,VIT_13s0073g00410,3,0.0015,Nucleolar essential protein,,,,
929,VIT_01s0010g03840,3,0.0015,No hit,,,,
930,VIT_07s0205g00180,3,0.0015,Basic helix-loop-helix (bHLH) family,BHLHDOM_30,,vv60011BHLH,
931,VIT_02s0033g00540,3,0.0015,No hit,,,,
932,VIT_12s0028g03960,3,0.0015,Ankyrin repeat protein family,K10380,,vv50108Accessory_factors_involved_in_transport,
933,VIT_02s0033g01340,3,0.0015,Unknown protein,,,,
934,VIT_08s0040g01680,3,0.0015,Unknown protein,,,,
935,VIT_14s0108g00510,3,0.0015,Nucleosome assembly protein (NAP-related) NRP2,,,,
936,VIT_00s0286g00040,3,0.0015,S-locus protein kinase,,,,
937,VIT_18s0041g01750,3,0.0015,RPS4 (resistant to p. syringae 4),RPS4,,vv34627R_proteins_from_Plant-pathogen_interaction,
938,VIT_18s0001g06010,3,0.0015,Hydrolase  alpha/beta fold,,,,
939,VIT_08s0040g02410,3,0.0015,Ribonuclease P protein subunit POP4,K03538,,vv23008Ribosome_biogenesis_in_Eukaryotes,vv23013RNA_transport
940,VIT_19s0090g01050,3,0.0015,Endo-beta-1 4-glucanase,E3_2_1_4,,vv40006Cell_wall,
941,VIT_15s0021g00860,3,0.0015,Protein phosphatase 2C 11,E3_1_3_16,,,
942,VIT_11s0016g02850,3,0.0015,Phosphofructokinase,E2_7_1_90,,vv10051Fructose_and_mannose_metabolism,
943,VIT_07s0104g00060,3,0.0015,XPD/UVH6 (ultraviolet hypersensitive 6),K10844,,vv23420Nucleotide_excision_repair,
944,VIT_09s0054g01160,3,0.0015,Beta-amyrin synthase,E5_4_99_BAS,,vv10900Terpenoid_biosynthesis,
945,VIT_01s0026g00170,3,0.0015,Equilibrative nucleoside transporter (ENT1),ENT1,,vv10908Zeatin_biosynthesis,vv50124Porters_cat_30_to_64
946,VIT_04s0210g00180,3,0.0015,Isocitrate dehydrogenase subunit 1,E1_1_1_41,,vv10020Citrate_cycle,
947,VIT_15s0048g01940,3,0.0015,Generic methyltransferase,,,,
948,VIT_13s0019g00310,3,0.0015,ABC transporter B member 20,ABCB20,,vv52010ABC_transporters,
949,VIT_14s0060g01810,3,0.0015,Unknown protein,,,,
950,VIT_11s0016g04480,3,0.0015,Acyl ACP-thioesterase,E3_1_2_14,,vv10061Fatty_acid_biosynthesis,
951,VIT_12s0142g00070,3,0.0014,Loricrin,K10385,,,
952,VIT_00s0380g00020,3,0.0014,Protein kinase CRK1 CRK1 protein(Cdc2-related kinase 1),,,,
953,VIT_09s0054g00340,3,0.0014,No hit,,,,
954,VIT_09s0018g01340<br>VIT_09s0018g01360,3,0.0014,
955,VIT_07s0151g00510,3,0.0014,GCN5 N-acetyltransferase (GNAT),GCN5_22,,vv60082GNAT,
956,VIT_08s0007g03520,3,0.0014,Purple acid phosphatase 22- ATPAP22/PAP22,E3_1_3_2,,vv10740Riboflavin_metabolism,
957,VIT_14s0036g00420,3,0.0014,Phosphoenolpyruvate carboxylase kinase,E4_1_1_49,,vv10020Citrate_cycle,vv10620Pyruvate_metabolism
958,VIT_01s0010g02940,3,0.0014,Calmodulin CML37,K02183,,vv34020Calcium_signaling_pathway,vv34626Plant-pathogen_interaction
959,VIT_07s0129g00550,3,0.0014,Tetratricopeptide repeat (TPR)-containing,,,,
960,VIT_03s0038g00120,3,0.0014,Gibberellin-regulated protein 4 (GASA4),GASA4,,vv30010Gibberellin_signaling,
961,VIT_12s0134g00070,3,0.0014,No hit,,,,
962,VIT_16s0039g02560,3,0.0014,Crp1 protein,,,,
963,VIT_05s0029g00440,3,0.0014,GRP2 (cold  circadian rhythm  and RNA binding 2),GRP2,,,
964,VIT_00s0532g00050,3,0.0014,Basic helix-loop-helix ILR3,ILR3_4,,vv11002Auxin_biosynthesis,vv60011BHLH
965,VIT_11s0052g00890,3,0.0014,Unknown protein,,,,
966,VIT_00s0160g00340,3,0.0014,Unknown,,,,
967,VIT_14s0068g01170,3,0.0014,Pentatricopeptide repeat domain containing protein,,,,
968,VIT_02s0109g00410,3,0.0014,No hit,,,,
969,VIT_14s0030g00220,3,0.0014,Sugar transporter ERD6-like 5,ERD6L5,,vv50121Porters_cat_1_to_6,
970,VIT_13s0067g01590,3,0.0014,Lectin protein kinase,,,,
971,VIT_07s0005g02210,3,0.0014,Transducin protein,,,,
972,VIT_19s0015g01750,3,0.0014,WD-40 repeat,,,,
973,VIT_11s0016g04270,3,0.0014,Hydrolase  alpha/beta fold,,,,
974,VIT_01s0026g02590,3,0.0014,Calcium-binding protein CML,K13448,,vv34626Plant-pathogen_interaction,
975,VIT_13s0067g01410,3,0.0014,Anthranilate N-hydroxycinnamoyl/benzoyltransferase,E2_3_1_144,,vv10400Phenylalanine_tyrosine_and_tryptophan_biosynthesis,
976,VIT_02s0012g02030,3,0.0014,Homeobox-7,VVHB7_1,VvHB09,vv60034HB,
977,VIT_14s0060g01800,3,0.0014,Unknown,,,,
978,VIT_18s0001g07060,3,0.0014,Phosphoribosylaminoimidazole-succinocarboxamide synthase.,E6_3_2_6,,vv10230Purine_metabolism,
979,VIT_08s0007g07220,3,0.0014,Ribosomal protein S5 (RPS5B) 40S,K02989,,vv23010Ribosome,
980,VIT_07s0130g00430,3,0.0014,SWIB complex BAF60b domain-containing protein,SWIB_2,,vv60092SWIB,
981,VIT_05s0020g01070,3,0.0014,IAA31,IAA31,,vv30003Auxin_signaling,vv60008AUXIAA
982,VIT_14s0081g00270,3,0.0014,Pentatricopeptide (PPR) repeat-containing protein,,,,
983,VIT_02s0154g00150,3,0.0014,PLATZ transcription factor,PLATZFAM_6,,vv60049PLATZ,
984,VIT_00s2349g00010,3,0.0014,2-oxoglutarate/malate carrier protein  Mitochondrial,OXMACP,,vv50123Porters_cat_18_to_29,
985,VIT_09s0002g05920,3,0.0014,R protein MLA10,K13475,,vv34627R_proteins_from_Plant-pathogen_interaction,
986,VIT_17s0000g06110,3,0.0014,Glutathione S-transferase 9 GSTU9,E2_5_1_18_GSTU9,,vv10480Glutathione_metabolism,
987,VIT_13s0019g03210,3,0.0014,Lectin-like protein,,,,
988,VIT_08s0105g00120,3,0.0014,No hit,,,,
989,VIT_04s0023g00660,3,0.0014,No hit,,,,
990,VIT_04s0023g02930,3,0.0014,Unknown protein,,,,
991,VIT_14s0068g00160,3,0.0014,No hit,,,,
