Vv_m2,2000,1000,VIT_13s0067g02910
rank,node,Fabs,Frel,Functional-annotation,Name-EC-KeggID,Updated-name,Network1,Network2
1,VIT_12s0057g01450,2057,1.0000,Subtilisin protease,,,,
2,VIT_14s0066g00300,2063,1.0000,Unknown,,,,
3,VIT_14s0068g00140,2081,1.0000,No hit,,,,
4,VIT_11s0016g05340,2070,0.9990,Ethylene-responsive transcription factor SHINE 3,SHINE3_2,VvERF043,vv30008Ethylene_signaling,vv60003AP2_EREBP
5,VIT_14s0006g02290,2069,0.9990,DREB sub A-4 of ERF/AP2 transcription factor,TINY_2,VvERF028,vv30008Ethylene_signaling,vv60003AP2_EREBP
6,VIT_04s0069g01120,2055,0.9990,Acyl-activating enzyme 7,E6_2_1_3,,vv10071Fatty_acid_metabolism,vv50104Group_translocators
7,VIT_09s0002g03050,2078,0.9986,Lipase GDSL,,,,
8,VIT_11s0016g05230,2058,0.9985,Allyl alcohol dehydrogenase,,,,
9,VIT_10s0003g00600,2054,0.9976,Lipase GDSL,,,,
10,VIT_07s0031g01680,2055,0.9971,CYP86A1,,,,
11,VIT_12s0059g01830,2057,0.9918,Unknown,,,,
12,VIT_15s0046g01960,2045,0.9903,Hydroquinone glucosyltransferase,E2_4_1_218,,vv10500Starch_and_sucrose_metabolism,
13,VIT_04s0023g03710,2036,0.9879,Myb domain protein 4,MYB4_1,MYB4B,vv60044MYB,
14,VIT_13s0067g00400,2043,0.9846,Anthranilate synthase alpha 1,E4_1_3_27,,vv10400Phenylalanine_tyrosine_and_tryptophan_biosynthesis,
15,VIT_18s0122g00220,2033,0.9845,Phosphodiesterase/alkaline phosphatase D,E3_1_4_1,,,
16,VIT_00s0361g00090,2029,0.9840,Phototropic-responsive NPH3 protein,,,,
17,VIT_09s0054g00430,2043,0.9836,Unknown protein,,,,
18,VIT_10s0003g00420,2042,0.9836,Auxin response factor 3,ARF3_2,,vv30003Auxin_signaling,vv60004ARF
19,VIT_18s0041g00710,2032,0.9826,UDP-glucose: anthocyanidin 5 3-O-glucosyltransferase,RHGT1,,vv10942Anthocyanin_biosynthesis,
20,VIT_04s0008g05440,2037,0.9822,Ethylene-responsive transcription factor SHINE 3,SHINE3_1,VvERF044,vv30008Ethylene_signaling,vv60003AP2_EREBP
21,VIT_08s0040g02250,2037,0.9793,No hit,,,,
22,VIT_13s0074g00040,2033,0.9783,Phytol kinase 2  chloroplast precursor,VTE5,,vv10860Porphyrin_and_chlorophyll_metabolism,
23,VIT_07s0151g00010,2001,0.9704,No hit,,,,
24,VIT_01s0026g00570,2018,0.9697,Bet v I allergen,,,,
25,VIT_17s0000g09270,1986,0.9688,MATE efflux family protein,MATE,,vv50125Porters_cat_66_to_94,
26,VIT_17s0000g00130,2001,0.9685,SEC14 cytosolic factor,SEC14,,vv50122Porters_cat_7_to_17,
27,VIT_19s0090g01050,1997,0.9666,Endo-beta-1 4-glucanase,E3_2_1_4,,vv40006Cell_wall,
28,VIT_01s0137g00170,1984,0.9655,B-keto acyl reductase,,,,
29,VIT_10s0003g01010,1989,0.9590,Lipase GDSL,,,,
30,VIT_18s0001g10050,1983,0.9575,LRX1 (leucine-rich repeat/extensin 1),EXTENSIN,,vv40006Cell_wall,
31,VIT_16s0039g01910,1977,0.9560,Vegetative storage protein win4.5,,,,
32,VIT_03s0038g04220,1982,0.9543,Dihydroflavonol-4-reductase,E1_1_1_219,,vv10941Flavonoid_biosynthesis,
33,VIT_14s0068g00170,1953,0.9435,No hit,,,,
34,VIT_18s0001g14910,1951,0.9425,Mannitol dehydrogenase,E1_1_1_67,,vv10051Fructose_and_mannose_metabolism,
35,VIT_00s0225g00070,1936,0.9412,MATE efflux family protein,MATE,,vv50125Porters_cat_66_to_94,
36,VIT_18s0001g06390,1938,0.9403,Auxin-independent growth promoter,AXI1,,vv30003Auxin_signaling,
37,VIT_11s0037g00320,1937,0.9398,Serine carboxypeptidase S10,,,,
38,VIT_01s0137g00410,1935,0.9384,CYP86A2,,,,
39,VIT_01s0010g02030,1951,0.9366,Gamma-thionin precursor,,,,
40,VIT_13s0156g00190,1920,0.9320,No hit,,,,
41,VIT_09s0002g06750,1923,0.9312,ERF/AP2 transcription factor sub B-6 SHINE,SHINE1_1,VvERF042,vv30008Ethylene_signaling,vv60003AP2_EREBP
42,VIT_14s0030g00220,1919,0.9311,Sugar transporter ERD6-like 5,ERD6L5,,vv50121Porters_cat_1_to_6,
43,VIT_06s0080g00760,1912,0.9277,Unknown protein,,,,
44,VIT_19s0014g05000,1911,0.9250,Zinc finger (C2H2 type) family,C2H2FAM_16,,vv60017C2H2,
45,VIT_14s0066g02270,1898,0.9178,Endonuclease/exonuclease/phosphatase family protein,E3_1_30_x,,,
46,VIT_03s0038g01410,1897,0.9142,Aquaporin PIP PIP1A,PIP1A,,vv50101Channels_and_pores,
47,VIT_02s0012g00660,1898,0.9129,Calcium-binding EF-hand,,,,
48,VIT_11s0016g03660,1879,0.9104,Glucose transporter 2 plastidic,PGTR2,,vv50121Porters_cat_1_to_6,
49,VIT_13s0067g01350,1863,0.9035,Basic helix-loop-helix (bHLH) family,BHLHDOM_16,,vv60011BHLH,
50,VIT_15s0046g00310,1863,0.9022,Transcription factor TINY,ERF023,VvERF015,vv30008Ethylene_signaling,vv60003AP2_EREBP
51,VIT_17s0000g06110,1860,0.9007,Glutathione S-transferase 9 GSTU9,E2_5_1_18_GSTU9,,vv10480Glutathione_metabolism,
52,VIT_08s0007g05180,1834,0.8946,Unknown,,,,
53,VIT_04s0008g06230,1834,0.8912,Ubiquitin family,,,,
54,VIT_06s0009g03390,1835,0.8878,No hit,,,,
55,VIT_08s0007g03360,1842,0.8877,EMB1345 (embryo defective 1345),,,,
56,VIT_18s0001g10830,1829,0.8831,Patatin,,,,
57,VIT_16s0098g01550,1817,0.8757,No hit,,,,
58,VIT_05s0077g01670,1782,0.8663,Major cherry allergen Pru av 1.0202,,,,
59,VIT_02s0012g02030,1772,0.8544,Homeobox-7,VVHB7_1,VvHB09,vv60034HB,
60,VIT_18s0001g10060,1776,0.8506,LRX1 (leucine-rich repeat/extensin 1),EXTENSIN,,vv40006Cell_wall,
61,VIT_00s0207g00010,1749,0.8429,Anthranilate N-benzoyltransferase protein 1,E2_3_1_144,,vv10400Phenylalanine_tyrosine_and_tryptophan_biosynthesis,
62,VIT_10s0003g01960,1753,0.8412,RKF1 (receptor-like kinase in flowers 1),,,,
63,VIT_10s0597g00050,1744,0.8381,Heat shock transcription factor B2A,HSFB2A_3,,vv60037HSF,
64,VIT_17s0000g01950,1733,0.8368,Dihydropyrimidine dehydrogenase,E1_3_1_2,,vv10410Beta-alanine_metabolism,vv10770Pantothenate_and_CoA_biosynthesis
65,VIT_13s0067g02390,1728,0.8324,Unknown,,,,
66,VIT_00s1663g00010,1719,0.8280,No hit,,,,
67,VIT_07s0031g00500,1700,0.8252,Subtilase,ARA12,,vv50101Channels_and_pores,
68,VIT_19s0090g00730,1681,0.8180,No hit,,,,
69,VIT_00s0386g00010,1691,0.8169,MADS-box agamous-like 61,AGL61_1,,vv60042MADS,
70,VIT_15s0048g03000,1684,0.8155,GTPase RABA3,K07976,,,
71,VIT_02s0025g01240,1688,0.8147,UDP-glucuronosyl/UDP-glucosyltransferase,E2_4_1_17,,vv10040Pentose_glucuronate_interconversion,vv10500Starch_and_sucrose_metabolism
72,VIT_19s0014g00090,1692,0.8146,Glucan endo-1 3-beta-glucosidase 4 precursor,E3_2_1_39,,vv10500Starch_and_sucrose_metabolism,
73,VIT_03s0038g01830,1688,0.8119,Proline-rich protein 4,,,,
74,VIT_08s0007g02000,1659,0.8003,Glycerol-3-phosphate acyltransferase 8,E2_3_1_15,,vv10561Glycerolipid_metabolism,vv10564Glycerophospholipid_metabolism
75,VIT_01s0182g00130,1629,0.7866,PHO1-like protein,PHO1,,vv50125Porters_cat_66_to_94,
76,VIT_14s0128g00160,1590,0.7692,Protein kinase CDG1,,,,
77,VIT_10s0071g00850,1568,0.7579,Binding,,,,
78,VIT_15s0021g02110,1560,0.7554,AP2 domain-containing transcription factor TINY,TINY_8,VvERF029,vv30008Ethylene_signaling,vv60003AP2_EREBP
79,VIT_04s0008g05520,1565,0.7549,Unknown protein,,,,
80,VIT_01s0010g00710,1550,0.7495,Armadillo/beta-catenin repeat protein / U-box domain-containing protein ,,,,
81,VIT_06s0004g01550,1547,0.7492,Phosphoribosylanthranilate transferase,E2_4_2_18,,vv10400Phenylalanine_tyrosine_and_tryptophan_biosynthesis,
82,VIT_14s0128g00510<br>VIT_14s0128g00550,1549,0.7483,
83,VIT_07s0141g01050,1554,0.7460,No hit,,,,
84,VIT_03s0038g04500,1529,0.7397,Bifunctional dihydrofolate reductase-thymidylate synthase 1,K13998,,vv10240Pyrimidine_metabolism,vv10670One_carbon_pool_by_folate
85,VIT_08s0007g02920,1523,0.7386,ATAN11 (ANTHOCYANIN11),,,,
86,VIT_04s0008g06300,1523,0.7357,Leucine-rich repeat family,,,,
87,VIT_01s0011g00080,1517,0.7350,Universal stress protein (USP) family protein,,,,
88,VIT_05s0020g01960,1528,0.7350,Na+/H+ antiporter isoform 2,NHX2,,vv50124Porters_cat_30_to_64,
89,VIT_11s0016g01320,1511,0.7303,Myb domain protein 13,MYB13,MYBPA2,vv60044MYB,
90,VIT_18s0001g03510,1503,0.7261,Flavonol synthase,E1_14_11_23,,vv10941Flavonoid_biosynthesis,
91,VIT_00s0820g00020,1503,0.7181,Anthocyanidine rhamnosyl-transferase,RHATR,,vv10942Anthocyanin_biosynthesis,
92,VIT_12s0142g00640,1483,0.7154,FLS2 (flagellin-sensitive 2),K13420,,vv34626Plant-pathogen_interaction,
93,VIT_14s0060g01810,1453,0.7050,Unknown protein,,,,
94,VIT_08s0007g04950,1460,0.7050,Xyloglucan endotransglucosylase/hydrolase 32,E2_4_1_207,,vv40006Cell_wall,
95,VIT_13s0064g01510,1462,0.7042,Auxin-independent growth promoter,,,,
96,VIT_10s0003g05420,1444,0.7010,S-2-hydroxy-acid oxidase  peroxisomal,E1_1_3_15,,vv10630Glyoxylate_and_dicarboxylate_metabolism,
97,VIT_14s0066g01730,1432,0.6972,Cellulose synthase CSLC04,E2_4_1_12_CSLC04,,vv40006Cell_wall,
98,VIT_17s0000g01700,1433,0.6970,Leucine-rich repeat transmembrane protein kinase,,,,
99,VIT_12s0059g01870,1428,0.6925,GH3-like protein,AUXINBIOSYNTHESIS_GH3,,vv11002Auxin_biosynthesis,
100,VIT_13s0067g03890,1441,0.6925,Beta-ketoacyl-CoA synthase,E2_3_1_41,,vv10061Fatty_acid_biosynthesis,
101,VIT_16s0022g00370,1429,0.6920,GDP-mannose transporter (GONST1),GONST1,,vv50122Porters_cat_7_to_17,
102,VIT_01s0011g03550,1423,0.6894,Unknown,,,,
103,VIT_14s0068g00260,1422,0.6820,Serine carboxypeptidase S10,,,,
104,VIT_07s0031g00520,1412,0.6779,Unknown protein,,,,
105,VIT_06s0061g00240,1395,0.6775,ABC transporter G member 7,ABCG7,,vv52010ABC_transporters,
106,VIT_00s1314g00010,1399,0.6772,Basic helix-loop-helix (bHLH) family,BHLHDOM_89,,vv60011BHLH,
107,VIT_18s0001g11100,1394,0.6770,Serine carboxypeptidase,,,,
108,VIT_14s0068g00150,1378,0.6673,No hit,,,,
109,VIT_01s0127g00340,1378,0.6670,Unknown,,,,
110,VIT_06s0004g03210,1370,0.6657,Unknown,,,,
111,VIT_06s0004g05730,1357,0.6565,Universal stress protein (USP) family protein,,,,
112,VIT_11s0037g01290,1360,0.6561,No hit,,,,
113,VIT_13s0064g01640,1363,0.6556,Beta-primeverosidase,E3_2_1_149,,vv11000Single_reactions,
114,VIT_11s0052g01140,1352,0.6538,Membrane protein,,,,
115,VIT_03s0063g01880,1332,0.6460,Acyl-CoA synthetase long-chain member 2,E6_2_1_3_LACS2,,vv10071Fatty_acid_metabolism,vv44146Peroxisome
116,VIT_02s0012g02810,1322,0.6436,CYP76C4,,,,
117,VIT_00s0218g00220,1328,0.6431,UDP-glucoronosyl/UDP-glucosyl transferase,,,,
118,VIT_07s0031g01670,1305,0.6307,CYP96A10,,,,
119,VIT_11s0016g00290,1300,0.6302,Pectinesterase PME3,E3_1_1_11,,vv40006Cell_wall,
120,VIT_07s0031g01890,1301,0.6267,No hit,,,,
121,VIT_19s0177g00340,1287,0.6251,Unknown protein,,,,
122,VIT_01s0026g02030,1282,0.6232,Basic helix-loop-helix (bHLH) family,BHLHDOM_59,,vv60011BHLH,
123,VIT_18s0001g14660,1280,0.6229,P-glycoprotein 13,PGP13,,vv52010ABC_transporters,
124,VIT_14s0068g02010,1289,0.6227,IMP dehydrogenase/GMP reductase,E1_1_1_205,,vv10230Purine_metabolism,
125,VIT_18s0001g01250,1290,0.6223,Senescence-inducible chloroplast stay-green protein 2,,,,
126,VIT_14s0066g00400,1275,0.6165,Chalcone isomerase,E5_5_1_6,,vv10941Flavonoid_biosynthesis,
127,VIT_18s0001g01750,1264,0.6118,No hit,,,,
128,VIT_08s0007g00700,1256,0.6074,PCS1 (promotion of cell survival1) peptidase,,,,
129,VIT_08s0040g02970,1257,0.6049,Protein phosphatase 2C,E3_1_3_16,,,
130,VIT_08s0007g00570,1239,0.6015,WRKY DNA-binding protein 49,WRKY49,VvWRKY27,vv60066WRKY,
131,VIT_00s0399g00020,1220,0.5908,Protease inhibitor/seed storage/lipid transfer protein (LTP),,,,
132,VIT_15s0046g03230,1225,0.5901,Disease resistance protein RGA4,,,,
133,VIT_15s0046g03240,1214,0.5862,Unknown protein,,,,
134,VIT_04s0043g00560,1202,0.5810,DD1A protein,,,,
135,VIT_03s0038g01960,1197,0.5791,Proline-rich family protein,,,,
136,VIT_00s0379g00070,1197,0.5785,CDPK protein kinase,,,,
137,VIT_11s0016g04270,1188,0.5764,Hydrolase  alpha/beta fold,,,,
138,VIT_16s0098g01870,1182,0.5746,SOS3 (salt overly sensitive 3),E3_1_3_16,,,
139,VIT_06s0004g06240,1184,0.5734,Zinc finger (C2H2 type) family,C2H2FAM_31,,vv60017C2H2,
140,VIT_02s0025g03320,1181,0.5714,CYP86A2,,,,
141,VIT_11s0016g01850,1176,0.5700,Anthocyanidin-3-glucoside rhamnosyltransferase,RHATR,,vv10942Anthocyanin_biosynthesis,
142,VIT_10s0116g01140,1171,0.5682,Stigma-specific Stig1,,,,
143,VIT_02s0109g00350,1178,0.5669,Carboxyl-terminal proteinase,,,,
144,VIT_16s0022g00070,1165,0.5658,No hit,,,,
145,VIT_11s0016g04540,1158,0.5610,ABC transporter G member 22,ABCG22,,vv52010ABC_transporters,
146,VIT_10s0003g03870,1165,0.5596,Ornithine aminotransferase,E2_6_1_13,,vv10330Arginine_and_proline_metabolism,
147,VIT_02s0025g03150,1155,0.5572,Nuclear pore complex protein Nup98-Nup96,K14297,,vv23013RNA_transport,vv50109Incompletely_characterized_transport_systems
148,VIT_02s0012g00580,1155,0.5564,Ankyrin protein kinase,,,,
149,VIT_04s0008g02520,1152,0.5557,ATP binding protein,,,,
150,VIT_10s0116g01580,1151,0.5544,No hit,,,,
151,VIT_13s0067g02340,1146,0.5542,Proton-dependent oligopeptide transport (POT) family protein,POT,,vv50122Porters_cat_7_to_17,
152,VIT_15s0048g02650,1145,0.5539,Unknown protein,,,,
153,VIT_12s0134g00350,1144,0.5532,Zinc finger (C3HC4-type ring finger),ZFC3HC4_228,,vv60078Other_zf-C3HC4,
154,VIT_06s0004g01340,1141,0.5515,Esterase/lipase/thioesterase,,,,
155,VIT_00s0375g00030,1127,0.5463,Alpha-galactosidase,E3_2_1_22,,vv10052Galactose_metabolism,vv10561Glycerolipid_metabolism
156,VIT_05s0124g00100,1131,0.5461,Unknown,,,,
157,VIT_03s0038g02380,1122,0.5436,RAC G-protein Rac1,RAC1,,vv34020Calcium_signaling_pathway,
158,VIT_17s0000g04260,1113,0.5372,Universal stress protein (USP) family protein,,,,
159,VIT_08s0007g02700,1108,0.5371,Secoisolariciresinol dehydrogenase,SIRD,,vv10940Phenylpropanoid_biosynthesis,
160,VIT_14s0066g00630,1100,0.5350,No hit,,,,
161,VIT_03s0097g00460,1104,0.5315,Geraniol 10-hydroxylase,G10H,,vv10902Monoterpenoid_biosynthesis,
162,VIT_16s0098g01740,1093,0.5283,Unknown protein,,,,
163,VIT_10s0071g00810<br>VIT_10s0071g00840,1088,0.5266,
164,VIT_02s0025g01360,1088,0.5261,Ethylene-responsive transcription factor related to APETALA2 4,RAP2_4_2,VvERF002,vv30008Ethylene_signaling,vv60003AP2_EREBP
165,VIT_07s0031g01270,1075,0.5208,Ring-H2 finger A2A,RHA2A,,vv60078Other_zf-C3HC4,
166,VIT_03s0017g00540,1075,0.5208,Subtilase,,,,
167,VIT_18s0001g10870,1065,0.5162,Patatin,,,,
168,VIT_00s0286g00050,1058,0.5148,S-locus protein kinase,,,,
169,VIT_09s0002g03140,1063,0.5130,Lipase GDSL,,,,
170,VIT_19s0014g05010,1053,0.5109,Unknown protein,,,,
171,VIT_09s0018g01650,1049,0.5070,Wrinkled1 (AP2/ERBP),WRINKLED1_1,VvAP2-06,vv30008Ethylene_signaling,vv60003AP2_EREBP
172,VIT_14s0068g02040,1044,0.5041,Gda-1,,,,
173,VIT_12s0178g00090,1039,0.5022,Diacylglycerol kinase 1,E2_7_1_107,,vv10561Glycerolipid_metabolism,vv10564Glycerophospholipid_metabolism
174,VIT_00s1543g00010<br>VIT_00s0194g00160,1025,0.4961,
175,VIT_14s0068g00160,1017,0.4932,No hit,,,,
176,VIT_01s0026g01400,1016,0.4932,Unknown protein,,,,
177,VIT_10s0116g01880,1006,0.4895,MATE efflux family protein,MATE,,vv50125Porters_cat_66_to_94,
178,VIT_02s0012g02820,1013,0.4882,Geraniol 10-hydroxylase,G10H,,vv10902Monoterpenoid_biosynthesis,
179,VIT_14s0060g01850,1003,0.4867,Unknown,,,,
180,VIT_14s0006g01340,1012,0.4851,Myb domain protein 113,MYB113_1,MYBA5,vv60044MYB,
181,VIT_08s0007g07140,999,0.4842,Esterase/lipase/thioesterase family protein,,,,
182,VIT_04s0044g00190,1007,0.4832,Mannitol dehydrogenase,E1_1_1_67,,vv10051Fructose_and_mannose_metabolism,
183,VIT_06s0004g07670,991,0.4778,Unknown protein,,,,
184,VIT_14s0060g01090,986,0.4775,LNG1 (LONGIFOLIA1),,,,
185,VIT_15s0046g02380,981,0.4760,CYP86A8,,,,
186,VIT_03s0017g01490,981,0.4732,Berberine bridge enzyme,E1_21_3_3,,vv10950Alkaloid_biosynthesis_I,
187,VIT_18s0001g11750,977,0.4729,Ribosomal protein S9,K02996,,vv23010Ribosome,
188,VIT_12s0059g01590,983,0.4728,Lipase GDSL,,,,
189,VIT_04s0023g03650,974,0.4710,Galactose mutarotase-like,E5_1_3_3,,vv10010Glycolysis,
190,VIT_13s0019g03180,972,0.4707,Unknown protein,,,,
191,VIT_19s0014g01290,968,0.4672,Phosphoesterase,,,,
192,VIT_02s0025g03030,961,0.4667,Zinc finger (C3HC4-type ring finger),ZFC3HC4_23,,vv60078Other_zf-C3HC4,
193,VIT_08s0056g01130,963,0.4663,Mini zinc finger 2 MIF2,MIF2_2,,vv60068Zf-HD,
194,VIT_10s0092g00150,970,0.4650,Patatin protein 3,,,,
195,VIT_02s0012g01660,957,0.4605,ATPase PGP2 (P-glycoprotein 2),PGP2,,vv52010ABC_transporters,
196,VIT_04s0008g01900,950,0.4592,Unknown protein,,,,
197,VIT_14s0060g01840,945,0.4567,Unknown protein,,,,
198,VIT_09s0002g02940,944,0.4554,Myo-inositol oxygenase 1,E1_13_99_1,,vv10562Inositol_phosphate_metabolism,
199,VIT_05s0062g00820,933,0.4529,Unknown protein,,,,
200,VIT_08s0007g05080,937,0.4529,Unknown protein,,,,
201,VIT_12s0057g00590,930,0.4515,Vacuolar protein sorting 11 (VPS11),VPS11,,vv50111Tethering_factors,
202,VIT_10s0042g01010,929,0.4494,CYP714A1,,,,
203,VIT_05s0029g00480,926,0.4491,Eceriferum 2 (CER2),,,,
204,VIT_15s0045g01590,922,0.4482,Eceriferum 1 (CER1 protein) Sterol desaturase,,,,
205,VIT_18s0001g05950,927,0.4480,Cis-zeatin O-beta-D-glucosyltransferase,E2_4_1_215,,vv10908Zeatin_biosynthesis,
206,VIT_01s0010g02830,923,0.4463,No hit,,,,
207,VIT_03s0038g03600,894,0.4319,Serine/threonine kinase,,,,
208,VIT_11s0037g00290,891,0.4290,Plastocyanin domain-containing protein,K02638,,vv10195Photosynthesis,vv50113Thylakoid_targeting_pathway
209,VIT_15s0048g02080,879,0.4261,Signal recognition particle receptor protein  chloroplast (FTSY),K03110,,vv23060Protein_export,vv50113Thylakoid_targeting_pathway
210,VIT_15s0046g00500,878,0.4258,Wax synthase,E2_3_1_75,,vv11000Single_reactions,
211,VIT_09s0002g02490,861,0.4200,Dof zinc finger protein 1,ADOF1,,vv60015C2C2-DOF,
212,VIT_00s0346g00070,862,0.4186,Rhamnogalacturonate lyase,RHGTL,,vv40006Cell_wall,
213,VIT_17s0053g00710,857,0.4164,Calcium-dependent protein kinase,,,,
214,VIT_10s0003g00620,851,0.4153,Lipase GDSL,,,,
215,VIT_05s0049g00750,851,0.4123,No hit,,,,
216,VIT_16s0022g01710,851,0.4105,Ser/Thr receptor-like kinase1,,,,
217,VIT_14s0060g01790,849,0.4099,Unknown protein,,,,
218,VIT_00s0313g00040,840,0.4056,PAS2 (PASTICCINO 2),K10703,,vv11040Biosynthesis_of_unsaturated_fatty_acids,
219,VIT_10s0071g00830,829,0.3993,Binding,,,,
220,VIT_12s0028g03900,822,0.3973,No hit,,,,
221,VIT_04s0023g01720,816,0.3959,SEC14 cytosolic factor  putative,SEC14,,vv50122Porters_cat_7_to_17,
222,VIT_05s0094g00470,804,0.3877,Zinc finger (C3HC4-type ring finger),ZFC3HC4_201,,vv60078Other_zf-C3HC4,
223,VIT_15s0046g02410,791,0.3836,Aquaporin TMP-C,TMPC,,vv50101Channels_and_pores,
224,VIT_01s0010g01870,793,0.3811,Salicylic acid-induced fragment 1 protein,,,,
225,VIT_00s0413g00010,784,0.3797,Laccase (diphenol oxidase) family protein,E1_10_3_2,,vv11000Single_reactions,vv50109Incompletely_characterized_transport_systems
226,VIT_15s0046g00520,781,0.3773,Wax synthase,E2_3_1_75,,vv11000Single_reactions,
227,VIT_09s0002g01650,773,0.3754,5'-nucleotidase surE,E3_1_3_5,,vv10230Purine_metabolism,vv10240Pyrimidine_metabolism
228,VIT_06s0080g00750,776,0.3734,Unknown protein,,,,
229,VIT_14s0060g01830,768,0.3723,Unknown protein,,,,
230,VIT_07s0005g00510,769,0.3720,Monoglyceride lipase,E3_1_1_23,,vv10561Glycerolipid_metabolism,
231,VIT_17s0000g10060,758,0.3678,Lipase GDSL,,,,
232,VIT_18s0001g04520,756,0.3666,No hit,,,,
233,VIT_05s0102g00370,745,0.3589,Receptor protein kinase (ACR4),,,,
234,VIT_14s0108g01080,739,0.3567,Myb domain protein 106,MYB106_2,MYB141,vv60044MYB,
235,VIT_13s0019g04260,740,0.3546,Monoglyceride lipase,E3_1_1_23,,vv10561Glycerolipid_metabolism,
236,VIT_13s0019g01520,732,0.3536,Protease inhibitor/seed storage/lipid transfer protein (LTP),,,,
237,VIT_14s0006g02530,733,0.3522,Non-specific lipid-transfer protein 2 (LTP 2),,,,
238,VIT_07s0005g04860,726,0.3511,Glutaredoxin protein,,,,
239,VIT_00s0972g00010,721,0.3488,N-acetylglucosaminyltransferase,K02366,,vv11030Glycan_structures-biosynthesis1,
240,VIT_08s0056g00800,715,0.3468,Myb domain protein 60,MYB60,MYB60,vv60044MYB,
241,VIT_11s0016g02490,721,0.3451,Ndr family protein,,,,
242,VIT_10s0003g00050,710,0.3450,Squamosa promoter-binding protein 3 (SPL3),SPL3,,vv60055SBP,
243,VIT_07s0141g00510,708,0.3440,RNA polymerase Rpb7 N-terminal domain-containing,,,,
244,VIT_18s0041g01480,710,0.3438,No hit,,,,
245,VIT_04s0008g03950,713,0.3438,RD22,,,,
246,VIT_08s0007g00160,706,0.3412,Glycosyltransferase family 14,,,,
247,VIT_03s0038g01840,705,0.3401,Proline-rich protein 4,,,,
248,VIT_02s0033g01020,702,0.3400,Anthraniloyal-CoA: methanol anthraniloyal transferase,AMAT,,vv10400Phenylalanine_tyrosine_and_tryptophan_biosynthesis,
249,VIT_14s0030g00730,708,0.3399,Vesicle-associated membrane protein 27 VAP27-2,VAP27_2,,vv50109Incompletely_characterized_transport_systems,
250,VIT_09s0054g01220,694,0.3361,Cycloartenol synthase,E5_4_99_8,,vv10100Biosynthesis_of_steroids,
251,VIT_14s0006g02550,689,0.3322,Non-specific lipid-transfer protein 2 (LTP 2),,,,
252,VIT_13s0019g01260,685,0.3311,Enoyl reductase,K10258,,vv11040Biosynthesis_of_unsaturated_fatty_acids,
253,VIT_17s0000g02130,685,0.3300,Transposase  IS4,,,,
254,VIT_11s0052g00800,680,0.3291,Protein kinase family,,,,
255,VIT_12s0059g00230,683,0.3290,Epoxide hydrolase 2,E3_3_2_10,,,
256,VIT_18s0001g06640,683,0.3287,Zinc finger (C3HC4-type ring finger),ZFC3HC4_60,,vv60078Other_zf-C3HC4,
257,VIT_18s0001g11710,677,0.3286,Photosystem II PsbO protein,K02716,,vv10195Photosynthesis,vv50113Thylakoid_targeting_pathway
258,VIT_11s0016g04180,672,0.3268,Coatomer protein complex  subunit beta 2,COPB2,,vv50110Protein_coat,
259,VIT_13s0019g05150,673,0.3254,Unknown protein,,,,
260,VIT_07s0005g02420,668,0.3247,Haloacid dehalogenase hydrolase,E3_1_3_18,,vv10630Glyoxylate_and_dicarboxylate_metabolism,
261,VIT_18s0001g07020,669,0.3230,No hit,,,,
262,VIT_03s0038g01330,655,0.3184,Anthranilate N-benzoyltransferase protein 1,E2_3_1_144,,vv10400Phenylalanine_tyrosine_and_tryptophan_biosynthesis,
263,VIT_12s0028g03960,656,0.3180,Ankyrin repeat protein family,K10380,,vv50108Accessory_factors_involved_in_transport,
264,VIT_09s0096g00880<br>VIT_00s0606g00010,652,0.3177,
265,VIT_08s0007g07110,656,0.3157,Unknown protein,,,,
266,VIT_12s0055g01140,648,0.3135,Lipid transfer protein,LTP,,,
267,VIT_18s0001g01320,648,0.3133,Wall-associated receptor kinase 5,,,,
268,VIT_02s0033g01050,643,0.3121,Anthraniloyal-CoA: methanol anthraniloyal transferase,AMAT,,vv10400Phenylalanine_tyrosine_and_tryptophan_biosynthesis,
269,VIT_06s0061g01430,642,0.3104,flavonoid 1-2 rhamnosyltransferase,E2_4_1_236,,vv10941Flavonoid_biosynthesis,
270,VIT_08s0007g08680,636,0.3090,Unknown protein,,,,
271,VIT_18s0001g06220,631,0.3050,F-box protein (FBW2),,,,
272,VIT_01s0127g00200,623,0.3008,UbiE/COQ5 methyltransferase,K06127,,vv10130Ubiquinone_biosynthesis,
273,VIT_08s0007g09000,618,0.2984,Glycerol-3-phosphate dehydrogenase,E1_1_1_8,,vv10564Glycerophospholipid_metabolism,
274,VIT_18s0001g14760,607,0.2932,Lipase 3 (EXL3) family II extracellular,,,,
275,VIT_18s0072g01000,609,0.2928,Dihydrolipoamide S-acetyltransferase,E2_3_1_12,,vv10010Glycolysis,vv10252Alanine_and_aspartate_metabolism
276,VIT_01s0011g01890,606,0.2920,Glutathione S-transferase  C-terminal,E2_5_1_18,,vv10480Glutathione_metabolism,
277,VIT_00s0163g00060,606,0.2916,Zinc finger (C3HC4-type ring finger),ZFC3HC4_229,,vv60078Other_zf-C3HC4,
278,VIT_01s0011g02610,598,0.2899,No hit,,,,
279,VIT_06s0004g00950,600,0.2899,HUB2 (histone mono-ubiquitination 2),HUB2,,vv60078Other_zf-C3HC4,
280,VIT_18s0164g00170<br>VIT_18s0164g00110,596,0.2875,
281,VIT_08s0058g00800,591,0.2869,Wound-induced protein WI12,,,,
282,VIT_01s0011g03000,589,0.2854,No hit,,,,
283,VIT_17s0000g02830,586,0.2841,R protein MLA10,K13475,,vv34627R_proteins_from_Plant-pathogen_interaction,
284,VIT_03s0063g00550,586,0.2835,Fw2.2 ORFX,,,,
285,VIT_15s0046g02530,580,0.2799,Rho guanyl-nucleotide exchange factor ROPGEF2,ROPGEF2,,,
286,VIT_11s0118g00180,577,0.2787,HHP1 (heptahelical protein 1),,,,
287,VIT_06s0080g00830,574,0.2781,Unknown protein,,,,
288,VIT_05s0077g01030,568,0.2743,Unknown,,,,
289,VIT_02s0087g00810,569,0.2742,SWIB complex BAF60b domain-containing protein,SWIB_10,,vv60092SWIB,
290,VIT_07s0129g00070<br>VIT_07s0129g00150,566,0.2730,
291,VIT_18s0001g12900,559,0.2712,S-adenosyl-L-methionine:salicylic acid carboxyl methyltransferase,SAMTBSCMT,,vv10360Phenylalanine_metabolism,
292,VIT_11s0016g05770,557,0.2708,Alkaline alpha galactosidase 2,E3_2_1_22,,vv10052Galactose_metabolism,vv10561Glycerolipid_metabolism
293,VIT_06s0004g03020,554,0.2698,Beta-galactosidase,E3_2_1_23,,vv10052Galactose_metabolism,vv10511N-Glycan_degradation
294,VIT_16s0050g02100,560,0.2694,Disease resistance,,,,
295,VIT_02s0025g01190,554,0.2675,Extra-large G-protein (XLG1),,,,
296,VIT_09s0002g02980,553,0.2656,FRK1 (FLG22-induced receptor-like kinase 1),FRK1,,vv34626Plant-pathogen_interaction,
297,VIT_18s0041g00840,548,0.2637,UDP-glucose: anthocyanidin 5 3-O-glucosyltransferase,E2_4_1_238,,vv10941Flavonoid_biosynthesis,vv10942Anthocyanin_biosynthesis
298,VIT_18s0001g02720,545,0.2630,fatty acid elongation1 (FAE1),,,,
299,VIT_04s0008g06000,531,0.2568,Ethylene-responsive transcription factor ERF003,ERF003_2,VvERF045,vv30008Ethylene_signaling,vv60003AP2_EREBP
300,VIT_01s0011g01060,528,0.2549,RNA recognition motif (RRM)-containing protein,,,,
301,VIT_02s0033g00370,518,0.2508,Myb domain protein 113,MYB113_4,MYBA4,vv60044MYB,
302,VIT_04s0008g03160,520,0.2501,G protein protein gamma subunit (AGG2),,,,
303,VIT_05s0051g00900,517,0.2484,No hit,,,,
304,VIT_06s0009g01620,513,0.2468,Harpin-induced protein,,,,
305,VIT_03s0038g02400,503,0.2431,Protein kinase,,,,
306,VIT_00s1008g00020,494,0.2402,GID1C (GA insensitive DWARF1C),GID1C,,vv30010Gibberellin_signaling,
307,VIT_05s0049g01400,491,0.2375,Alcohol oxidase,E1_1_3_13,,vv10680Methane_metabolism,
308,VIT_16s0050g00390,489,0.2360,4-coumarate-CoA ligase,E6_2_1_12,,vv10940Phenylpropanoid_biosynthesis,vv50104Group_translocators
309,VIT_00s0384g00020,487,0.2353,Basic helix-loop-helix (bHLH) family,BHLHDOM_93,,vv60011BHLH,
310,VIT_13s0156g00020,490,0.2350,SC35 splicing factor SCL30a  30a kD,,,,
311,VIT_03s0038g02050,483,0.2339,Dirigent protein pDIR7,,,,
312,VIT_15s0024g00660,488,0.2338,Esterase,,,,
313,VIT_06s0004g03130,479,0.2305,Auxin response factor 4,ARF4,,vv30003Auxin_signaling,vv60004ARF
314,VIT_01s0011g04430,471,0.2285,MATE efflux family protein,MATE,,vv50125Porters_cat_66_to_94,
315,VIT_08s0040g03400,474,0.2284,Short-chain dehydrogenase/reductase,,,,
316,VIT_07s0104g01440,472,0.2281,Phototropic-responsive NPH3,,,,
317,VIT_11s0016g04160,467,0.2256,Sulfate transporter 3.5,SULTR3_5,,vv50124Porters_cat_30_to_64,
318,VIT_17s0000g06130,461,0.2231,Glutathione S-transferase 9 GSTU9,E2_5_1_18_GSTU9,,vv10480Glutathione_metabolism,
319,VIT_08s0105g00270,459,0.2218,NC domain-containing protein,,,,
320,VIT_16s0098g00410,463,0.2215,Receptor kinase homolog LRK10,,,,
321,VIT_08s0032g01140,453,0.2184,Unknown protein,,,,
322,VIT_08s0007g07180,448,0.2161,Translation initiation factor eIF-3 subunit 8,K03252,,vv23013RNA_transport,
323,VIT_11s0016g03250,446,0.2154,Lachrymatory factor synthase,,,,
324,VIT_18s0001g06690,440,0.2127,Gibberellin 20 oxidase 2,E1_14_11_12,,vv10904Diterpenoid_biosynthesis,
325,VIT_04s0023g02620,436,0.2111,Ubiquitin-conjugating enzyme E2 W,K10688,,vv24120Ubiquitin_mediated_proteolysis,
326,VIT_01s0127g00900,437,0.2104,No hit,,,,
327,VIT_18s0166g00300,433,0.2101,Histidinol dehydrogenase  chloroplast precursor,E1_1_1_23,,vv10340Histidine_metabolism,
328,VIT_00s0286g00130,431,0.2078,S-locus lectin protein kinase,,,,
329,VIT_04s0008g05960,418,0.2021,Unknown protein,,,,
330,VIT_01s0010g03470,419,0.2015,Caffeoyl-CoA O-methyltransferase,E2_1_1_104,,vv10940Phenylpropanoid_biosynthesis,
331,VIT_02s0025g02760,415,0.2009,Ubiquitin thiolesterase 4,E3_1_2_15,,vv24120Ubiquitin_mediated_proteolysis,
332,VIT_01s0010g03800,414,0.2004,Unknown protein,,,,
333,VIT_00s0880g00010,394,0.1915,Basic helix-loop-helix (bHLH) family,BHLHDOM_95,,vv60011BHLH,
334,VIT_02s0025g00750,398,0.1915,Pinoresinol forming dirigent protein,DIRPR,,vv10940Phenylpropanoid_biosynthesis,
335,VIT_04s0023g01520,394,0.1914,Unknown protein,,,,
336,VIT_00s0153g00030,393,0.1911,No hit,,,,
337,VIT_08s0040g03270,393,0.1896,E3 ubiquitin-protein ligase TRIP12,K10590,,vv24120Ubiquitin_mediated_proteolysis,
338,VIT_08s0056g00580,389,0.1878,Nuclear shuttle  interacting  (ATNSI1),NSI1_1,,vv60082GNAT,
339,VIT_15s0021g01040,387,0.1876,CYP72A1,K13400,,vv10902Monoterpenoid_biosynthesis,
340,VIT_12s0059g02470,383,0.1859,Unknown protein,,,,
341,VIT_08s0105g00400,383,0.1853,GT-1-like transcription factor,GT1L,,vv60062Trihelix,
342,VIT_18s0001g02200,374,0.1809,8-oxoguanine-DNA glycosylase (OGG1),K03660,,vv23410Base_excision_repair,
343,VIT_00s0349g00020,372,0.1795,Unknown protein,,,,
344,VIT_15s0048g01840,370,0.1792,Zinc finger (C3HC4-type ring finger),ZFC3HC4_127,,vv60078Other_zf-C3HC4,
345,VIT_17s0053g00780,366,0.1774,Homeodomain GLABROUS11,HDG11_1,VvHB60,vv60034HB,
346,VIT_10s0042g01040,360,0.1742,CYP714A1,,,,
347,VIT_01s0010g03510,362,0.1742,Caffeoyl-CoA O-methyltransferase,E2_1_1_104,,vv10940Phenylpropanoid_biosynthesis,
348,VIT_07s0129g00860,356,0.1729,CYP81E1 Isoflavone 2'-hydroxylase,E1_14_13_89,,vv10943Isoflavonoid_biosynthesis,
349,VIT_11s0016g01310,356,0.1717,TT2 (transparent testa 2),TT2_5,MYBPA4,vv44110Cell_cycle,vv60044MYB
350,VIT_13s0067g01410,351,0.1698,Anthranilate N-hydroxycinnamoyl/benzoyltransferase,E2_3_1_144,,vv10400Phenylalanine_tyrosine_and_tryptophan_biosynthesis,
351,VIT_06s0004g00230,346,0.1667,WRKY DNA-binding protein 48,WRKY48_2,VvWRKY15,vv60066WRKY,
352,VIT_04s0008g01290,346,0.1662,CGA1 (cytokinin-responsive GATA factor 1),CGA1,,vv30007Cytokinin_signaling,vv60016C2C2-GATA
353,VIT_04s0023g01590,342,0.1657,No hit,,,,
354,VIT_02s0025g02630,342,0.1652,Lipase GDSL,,,,
355,VIT_04s0069g00030,343,0.1651,Retrotransposon protein,,,,
356,VIT_12s0059g00190,341,0.1651,Beta-expansin (EXPB3),EXPB3,,vv30003Auxin_signaling,
357,VIT_16s0098g01890,338,0.1633,Phosphatidylinositol 3- and 4-kinase / ubiquitin,,,,
358,VIT_15s0021g01210,334,0.1623,Peptidyl-prolyl cis-trans isomerase  cyclophilin type,K01802,,,
359,VIT_12s0134g00140,336,0.1622,R-linalool synthase,E4_2_3_26,,vv10900Terpenoid_biosynthesis,
360,VIT_00s0531g00030,329,0.1592,C2 domain containing protein,,,,
361,VIT_18s0001g07640,328,0.1591,Eceriferum 2 (CER2),,,,
362,VIT_16s0022g01970,315,0.1524,Anthocyanidin 3-O-glucosyltransferase,E2_4_1_115,,vv10942Anthocyanin_biosynthesis,
363,VIT_16s0050g00070,315,0.1520,Myb domain protein 17,MYB17_1,MYB17B,vv60044MYB,
364,VIT_12s0059g02310,312,0.1515,PDF2 (protodermal factor2),PDF2_4,VvHB44,vv60034HB,
365,VIT_13s0064g01740<br>VIT_13s0064g01750,311,0.1508,
366,VIT_18s0001g04340,310,0.1495,Glycine hydroxymethyltransferase,E2_1_2_1,,vv10260Glycine_serine_and_threonine_metabolism,vv10670One_carbon_pool_by_folate
367,VIT_04s0023g01550,310,0.1493,Unknown,,,,
368,VIT_14s0068g02050,302,0.1465,No hit,,,,
369,VIT_19s0015g00510,302,0.1456,Pectate lyase 2,E4_2_2_2,,vv40006Cell_wall,
370,VIT_11s0016g04300,297,0.1434,Nudix hydrolase 20  chloroplast precursor (AtNUDT20),,,,
371,VIT_18s0001g08060,295,0.1422,Unknown,,,,
372,VIT_10s0116g01030,296,0.1422,Stigma-specific Stig1,,,,
373,VIT_18s0041g01980,293,0.1421,No hit,,,,
374,VIT_13s0064g01660,286,0.1390,Prunasin hydrolase isoform PHA precursor,E3_2_1_118,,vv10460Cyanoamino_acid_metabolism,
375,VIT_10s0092g00370,285,0.1381,CYP71D7,E1_14_13_73,,vv10902Monoterpenoid_biosynthesis,
376,VIT_01s0010g03490,284,0.1373,Caffeoyl-CoA O-methyltransferase,E2_1_1_104,,vv10940Phenylpropanoid_biosynthesis,
377,VIT_08s0007g08110,282,0.1372,1-acyl-sn-glycerol-3-phosphate acyltransferase,E2_3_1_51,,vv10561Glycerolipid_metabolism,vv10564Glycerophospholipid_metabolism
378,VIT_08s0007g08840,280,0.1355,Glycosyl transferaseHGA1,,,,
379,VIT_17s0000g10260,280,0.1355,AarF domain containing kinase,K08869,,,
380,VIT_05s0077g01130,278,0.1353,Seed maturation protein PM36,,,,
381,VIT_13s0067g00730,273,0.1327,Carboxylic ester hydrolase,E3_1_1_1,,,
382,VIT_18s0164g00100,273,0.1321,Laccase,E1_10_3_2,,vv11000Single_reactions,vv50109Incompletely_characterized_transport_systems
383,VIT_18s0001g04180,269,0.1300,Auxin response factor ARF17,ARF17,,vv30003Auxin_signaling,vv60004ARF
384,VIT_06s0004g05930,268,0.1295,Proliferating cell nuclear antigen (PCNA),K04802,,vv23030DNA_replication,vv23410Base_excision_repair
385,VIT_16s0100g00300,266,0.1294,Sorbitol dehydrogenase,E1_1_1_14,,vv10051Fructose_and_mannose_metabolism,
386,VIT_00s0361g00040,267,0.1284,Anthocyanidin reductase,E1_3_1_77,,vv10941Flavonoid_biosynthesis,
387,VIT_14s0108g01660,264,0.1279,Biotin carboxyl carrier protein of acetyl-CoA carboxylase,E6_4_1_2,,vv10061Fatty_acid_biosynthesis,vv10620Pyruvate_metabolism
388,VIT_02s0025g02610,263,0.1270,Basic helix-loop-helix (bHLH) family,BHLHDOM_48,,vv60011BHLH,
389,VIT_04s0008g04460,261,0.1255,Molybdate transporter 1,MOT1,,vv50124Porters_cat_30_to_64,
390,VIT_01s0026g01300,258,0.1249,Unknown protein,,,,
391,VIT_14s0128g00210,258,0.1247,Xyloglucanase inhibitor,,,,
392,VIT_07s0104g00800,257,0.1243,Indole-3-acetic acid-amido synthetase GH3.6,AUXINBIOSYNTHESIS_GH3,,vv11002Auxin_biosynthesis,
393,VIT_16s0098g01200,256,0.1243,6-phosphogluconolactonase,E3_1_1_31,,vv10030Pentose_phosphate,
394,VIT_15s0046g00510,255,0.1237,Wax synthase,E2_3_1_75,,vv11000Single_reactions,
395,VIT_19s0093g00190,253,0.1232,Glutathione S-transferase 25 GSTU25,E2_5_1_18_GSTU25,,vv10480Glutathione_metabolism,
396,VIT_06s0061g00890,254,0.1232,Carboxypeptidase,E3_4_17_22,,,
397,VIT_09s0002g00970,255,0.1228,Ribosomal protein S29 (RPS29C) 40S,K02980,,vv23010Ribosome,
398,VIT_03s0017g02010,253,0.1220,No hit,,,,
399,VIT_15s0021g02300,244,0.1179,Squamosa promoter-binding protein 8 (SPL8),SPL8,,vv60055SBP,
400,VIT_19s0014g00020,241,0.1165,ATP-dependent Clp protease ATP-binding subunit (ClpA),K03694,,vv50109Incompletely_characterized_transport_systems,
401,VIT_11s0052g00610,235,0.1139,Homogenitisate geranylgeranyl transferase,K09833,,vv10100Biosynthesis_of_steroids,
402,VIT_01s0026g02040,231,0.1119,No hit,,,,
403,VIT_01s0127g00110,231,0.1112,No hit,,,,
404,VIT_03s0063g01350,231,0.1110,Dof zinc finger protein DOF5.8,DOF5_8,,vv60015C2C2-DOF,
405,VIT_05s0077g02000,227,0.1099,Epoxide hydrolase,E3_3_2_10,,,
406,VIT_15s0021g01150,225,0.1088,Calcium-dependent protein kinase-related,,,,
407,VIT_08s0007g06870,224,0.1082,Zinc finger protein 8,ZFP8,,vv60017C2H2,
408,VIT_14s0060g00680,221,0.1064,Lipase GDSL,,,,
409,VIT_14s0006g02570,217,0.1053,Protease inhibitor/seed storage/lipid transfer protein (LTP),,,,
410,VIT_11s0016g04840,215,0.1035,Avr9/Cf-9 rapidly elicited protein 11,,,,
411,VIT_08s0007g01500,212,0.1030,DNA binding / nuclease,,,,
412,VIT_19s0085g00030,209,0.1017,Unknown protein,,,,
413,VIT_13s0019g00420,209,0.1014,F-box family protein,,,,
414,VIT_03s0063g01620<br>VIT_18s0041g01380<br>VIT_07s0095g00580<br>VIT_18s0041g01570<br>VIT_09s0018g00900<br>VIT_08s0056g00360<br>VIT_04s0008g06900<br>VIT_04s0008g04820<br>VIT_00s0193g00140<br>VIT_06s0009g02050<br>VIT_09s0054g00270<br>VIT_04s0008g04840,209,0.1011,
415,VIT_06s0004g02640,207,0.1006,Receptor protein kinase PERK1,,,,
416,VIT_13s0019g02880,204,0.0992,UDP-glucoronosyl/UDP-glucosyl transferase,,,,
417,VIT_00s0366g00010,200,0.0965,No hit,,,,
418,VIT_02s0033g00450<br>VIT_02s0033g00380<br>VIT_02s0033g00390<br>VIT_02s0033g00410,199,0.0964,
419,VIT_10s0116g01040,197,0.0956,Stigma-specific Stig1,,,,
420,VIT_01s0026g00080,197,0.0955,Metal-dependent phosphohydrolase HD domain-containing protein,K07023,,,
421,VIT_09s0002g07250,192,0.0932,No hit,,,,
422,VIT_17s0000g07720,193,0.0931,Sterile alpha motif (SAM) domain-containing protein,,,,
423,VIT_07s0031g03190,191,0.0924,VHS and GAT domain protein,VHSDC,,vv50109Incompletely_characterized_transport_systems,
424,VIT_06s0004g07770,189,0.0919,Peroxidase,E1_11_1_7,,vv10360Phenylalanine_metabolism,vv10680Methane_metabolism
425,VIT_04s0008g05850,189,0.0913,CCR4-NOT transcription complex subunit 7/8,K12581,,vv23018RNA_degradation,
426,VIT_13s0073g00140,187,0.0906,Ovate family protein 13 OFP13,OFP13_2,,vv60086OFP,
427,VIT_05s0062g01140,181,0.0878,Aromatic and neutral transporter 1,ANT1,,vv50123Porters_cat_18_to_29,
428,VIT_07s0151g00510,179,0.0864,GCN5 N-acetyltransferase (GNAT),GCN5_22,,vv60082GNAT,
429,VIT_03s0180g00290,179,0.0863,Gibberellin-regulated protein 4 (GASA4),GASA4,,vv30010Gibberellin_signaling,
430,VIT_08s0040g02820,177,0.0856,Unknown protein,,,,
431,VIT_07s0005g01690,176,0.0851,No hit,,,,
432,VIT_02s0012g01120,175,0.0849,Glycine cleavage system H protein  mitochondrial,E1_4_4_2,,vv10260Glycine_serine_and_threonine_metabolism,
433,VIT_08s0058g01030,172,0.0837,Saposin B domain-containing protein,SAPB,,vv50101Channels_and_pores,
434,VIT_15s0046g01790,173,0.0829,ARID/BRIGHT DNA-binding domain-containing protein / ELM2,ARID_4,,vv60005ARID,
435,VIT_16s0050g02390,170,0.0828,Plastid division protein PDV1,PDV1,,vv44110Cell_cycle,
436,VIT_02s0025g02250,167,0.0804,Dof zinc finger protein DOF4.6,DOF4_6_2,,vv60015C2C2-DOF,
437,VIT_00s0665g00030,161,0.0774,Unknown protein,,,,
438,VIT_18s0001g01640,160,0.0773,UDP-sugar pyrophospharylase,E2_7_7_23,,vv10530Aminosugars_metabolism,
439,VIT_06s0004g08180,160,0.0773,Translation initiation factor eIF-2 beta subunit,K03238,,vv23013RNA_transport,
440,VIT_05s0077g00530,159,0.0768,Unknown protein,,,,
441,VIT_15s0046g00710,154,0.0749,Wax synthase,E2_3_1_75,,vv11000Single_reactions,
442,VIT_02s0025g02600,154,0.0747,Glyoxal oxidase,,,,
443,VIT_06s0004g07830,153,0.0742,SOS2 (salt overly sensitive 2),SOS2,,vv30001ABA_signaling,
444,VIT_00s0375g00060,154,0.0739,Ent-kaurene synthase,E5_5_1_13,,vv10904Diterpenoid_biosynthesis,
445,VIT_13s0067g03050,153,0.0736,Leucine-rich repeat transmembrane protein kinase,,,,
446,VIT_02s0025g02620,151,0.0735,BDG1 (BODYGUARD1) hydrolase,,,,
447,VIT_10s0003g02120,151,0.0734,Lipase GDSL,,,,
448,VIT_00s0225g00080,149,0.0723,MATE efflux family protein,MATE,,vv50125Porters_cat_66_to_94,
449,VIT_01s0146g00410,149,0.0722,GEM-like protein 5,,,,
450,VIT_18s0001g08800,148,0.0718,Lecithine cholesterol acyltransferase-like protein,E2_3_1_43,,vv10564Glycerophospholipid_metabolism,
451,VIT_04s0023g03040,146,0.0707,Lactoylglutathione lyase,E4_4_1_5,,vv10620Pyruvate_metabolism,
452,VIT_07s0031g02440,145,0.0701,Amino acid permease 3,AAP3,,vv50123Porters_cat_18_to_29,
453,VIT_17s0000g03130,145,0.0700,Unknown protein,,,,
454,VIT_05s0094g01320,143,0.0691,Ankyrin repeat,K10380,,vv50108Accessory_factors_involved_in_transport,
455,VIT_12s0035g00410,141,0.0678,Disease resistance protein,,,,
456,VIT_18s0001g13080,139,0.0673,Unknown protein,,,,
457,VIT_05s0049g00620,136,0.0665,No hit,,,,
458,VIT_07s0031g00420,135,0.0658,SHN1 (SHINE 1),SHINE1_2,,vv30008Ethylene_signaling,vv60003AP2_EREBP
459,VIT_17s0000g07890,136,0.0656,Rac-like GTP-binding protein ARAC10 (GTPase protein ROP10),ROP10,,vv34020Calcium_signaling_pathway,
460,VIT_18s0001g05390,135,0.0653,(-)-germacrene D synthase,E4_2_3_22,,vv10900Terpenoid_biosynthesis,
461,VIT_19s0027g00860,136,0.0653,NAC domain-containing protein 42,NAC042_2,VvNAC31,vv60046NAC,
462,VIT_14s0060g02330,133,0.0638,Actin binding formin homology 1,FH2,,vv44810Regulation_of_actin_cytoskeleton,
463,VIT_19s0090g00460,130,0.0630,Aconitate hydratase  cytoplasmic,E4_2_1_3,,vv10020Citrate_cycle,vv10630Glyoxylate_and_dicarboxylate_metabolism
464,VIT_18s0122g01280,128,0.0620,Niemann-Pick C1 protein precursor,NPC1,,vv50121Porters_cat_1_to_6,
465,VIT_08s0032g00760,126,0.0615,Translation initiation factor eIF-2 beta subunit,K03238,,vv23013RNA_transport,
466,VIT_08s0040g01130,126,0.0612,Serine carboxypeptidase II,,,,
467,VIT_19s0014g03510,125,0.0605,ARF GTPase activator  ARF-GAP Domain 5,AGD5,,vv50110Protein_coat,
468,VIT_07s0005g01790,119,0.0576,Acyl-CoA synthetase long-chain member 2,E6_2_1_3_LACS2,,vv10071Fatty_acid_metabolism,vv44146Peroxisome
469,VIT_10s0003g04990,119,0.0575,feronia receptor-like kinase,,,,
470,VIT_19s0014g03970,116,0.0560,Calcium-binding EF-hand,,,,
471,VIT_07s0129g00380,116,0.0560,Phototropic-responsive NPH3,BTBNPH3_1,,vv60093TRAF,
472,VIT_12s0059g02710,116,0.0560,Pinene synthase,E4_2_3_14,,vv10902Monoterpenoid_biosynthesis,
473,VIT_12s0059g00220,116,0.0556,Epoxide hydrolase,E3_3_2_10,,,
474,VIT_01s0010g02220,114,0.0554,Zinc finger (C3HC4-type ring finger),ZFC3HC4_200,,vv60078Other_zf-C3HC4,
475,VIT_17s0000g06120,114,0.0551,Glutathione S-transferase 9 GSTU9,E2_5_1_18_GSTU9,,vv10480Glutathione_metabolism,
476,VIT_06s0004g04410,113,0.0547,SEC14 cytosolic factor,SEC14,,vv50122Porters_cat_7_to_17,
477,VIT_04s0023g00520,111,0.0538,Auxin responsive SAUR protein,SAUR,,vv30003Auxin_signaling,
478,VIT_02s0025g04550,111,0.0534,Glucose-methanol-choline (GMC) oxidoreductase,E1_1_99_1,,vv10260Glycine_serine_and_threonine_metabolism,
479,VIT_17s0000g07530,110,0.0530,Transportin-SR,TRANSPORTINSR,,vv50112Nuclear_pore_complex,
480,VIT_18s0117g00590,108,0.0522,Laccase,E1_10_3_2,,vv11000Single_reactions,vv50109Incompletely_characterized_transport_systems
481,VIT_03s0110g00100,108,0.0520,CYP86A8,,,,
482,VIT_17s0000g09620,106,0.0515,Rhodanese domain-containing protein,K07146,,,
483,VIT_01s0010g00120,106,0.0514,No hit,,,,
484,VIT_17s0000g02340,105,0.0510,Leucine-rich repeat receptor-like protein kinase 1,,,,
485,VIT_00s0194g00220,104,0.0505,Unknown,,,,
486,VIT_16s0098g00810,103,0.0500,Unknown protein,,,,
487,VIT_03s0063g00370,104,0.0498,Nitrite reductase,E1_7_7_1,,vv10910Nitrogen_metabolism,
488,VIT_08s0040g00850,103,0.0496,Thylakoid lumenal 20 kDa protein,,,,
489,VIT_03s0038g03910,103,0.0494,ANTR2 (anion transporter 2),ANTR2,,vv50121Porters_cat_1_to_6,
490,VIT_15s0048g01790,100,0.0485,Dimethyladenosine transferase,K02528,,,
491,VIT_08s0007g00710,97,0.0472,Unknown,,,,
492,VIT_16s0013g00260,97,0.0469,Superoxide dismutase  Fe-Mn family,K04564,,vv44146Peroxisome,
493,VIT_00s0586g00020,95,0.0459,Unknown protein,,,,
494,VIT_00s0194g00340,95,0.0458,No hit,,,,
495,VIT_01s0011g04440,94,0.0457,Transparent testa 12 protein,TT12,,vv50125Porters_cat_66_to_94,
496,VIT_16s0098g01390,93,0.0449,Yippee,,,,
497,VIT_15s0046g01820,93,0.0449,Ring-H2 finger B1A,RHB1A,,vv60078Other_zf-C3HC4,
498,VIT_09s0070g01030,91,0.0442,AAA-type ATPase,,,,
499,VIT_06s0080g00180,90,0.0431,No hit,,,,
500,VIT_03s0038g03940,89,0.0429,Tonoplast monosaccharide transporter2,TMT2,,vv50121Porters_cat_1_to_6,
501,VIT_15s0046g02400,88,0.0427,Glycerol-3-phosphate acyltransferase 8,E2_3_1_15,,vv10561Glycerolipid_metabolism,vv10564Glycerophospholipid_metabolism
502,VIT_05s0062g01180,88,0.0427,Importin beta-2,K14293_2,,vv23013RNA_transport,vv50109Incompletely_characterized_transport_systems
503,VIT_07s0104g01480,88,0.0424,Cold-induced thioredoxin domain,,,,
504,VIT_13s0047g00360,88,0.0423,6-hydroxyisobutyryl-coenzyme A hydrolase,E3_1_2_4,,vv10280Valine_leucine_and_isoleucine_degradation,vv10410Beta-alanine_metabolism
505,VIT_04s0008g06330,86,0.0419,TPR1 (topless-related 1),TPR1,,vv30003Auxin_signaling,
506,VIT_00s1328g00020,84,0.0406,Phytosulfokines PSK4,,,,
507,VIT_06s0004g00030,84,0.0406,S-adenosyl-L-methionine:salicylic acid carboxyl methyltransferase,SAMTBSCMT,,vv10360Phenylalanine_metabolism,
508,VIT_04s0043g00510,83,0.0402,Ethylene-responsive transcription factor ERF003,ERF003_1,,vv30008Ethylene_signaling,vv60003AP2_EREBP
509,VIT_10s0042g00210,83,0.0401,Homeobox protein 23,VVHB23,,vv60034HB,
510,VIT_00s0274g00080,82,0.0399,Benzoquinone reductase,E1_6_5_6,,vv10740Riboflavin_metabolism,
511,VIT_00s0286g00110,83,0.0398,S-locus protein kinase,,,,
512,VIT_08s0007g03710,81,0.0394,ABC transporter G member 22,ABCG22,,vv52010ABC_transporters,
513,VIT_11s0016g03070,81,0.0391,Hexokinase-2,E2_7_1_1,,vv10010Glycolysis,vv10051Fructose_and_mannose_metabolism
514,VIT_10s0003g03530,78,0.0378,Lupeol synthase,E5_4_99_8,,vv10100Biosynthesis_of_steroids,
515,VIT_01s0010g03710,78,0.0374,Squamosa promoter-binding protein 2 (SPL2),SPL2_1,,vv60055SBP,
516,VIT_15s0021g00220,77,0.0374,ABC transporter C member 15,ABCC15,,vv52010ABC_transporters,
517,VIT_04s0008g01850,76,0.0367,Trihelix DNA-binding protein (GT2),GT2_2,,vv60062Trihelix,
518,VIT_06s0004g06960,74,0.0358,BCL2 binding anthogene,,,,
519,VIT_13s0019g05230,74,0.0357,NAC domain-containing protein50,NAC050,VvNAC21,vv60046NAC,
520,VIT_09s0018g01110,73,0.0354,No hit,,,,
521,VIT_11s0016g00880,71,0.0342,Strictosidine synthase; Soluble quinoprotein glucose dehydrogenase,E4_3_3_2,,vv10900Terpenoid_biosynthesis,vv10902Monoterpenoid_biosynthesis
522,VIT_05s0102g00940,70,0.0338,R protein  PRF  disease resistance protein,K13453,,vv34627R_proteins_from_Plant-pathogen_interaction,
523,VIT_15s0021g01510,70,0.0338,Phospholipase A1,E3_1_1_32,,vv10564Glycerophospholipid_metabolism,vv10592Alpha-linolenic_acid_metabolism
524,VIT_02s0025g02890,70,0.0337,Ribosomal protein L11,K02867,,vv23010Ribosome,
525,VIT_03s0088g00330,69,0.0334,F-box protein 7,K10293,,,
526,VIT_01s0011g04740,69,0.0333,LPR1 (Low Phosphate Root1) multicopper oxidase,,,,
527,VIT_08s0007g06250,68,0.0331,Strubbelig receptor family 2,,,,
528,VIT_13s0064g00790,68,0.0329,No hit,,,,
529,VIT_18s0001g05480,67,0.0326,Unknown protein,,,,
530,VIT_05s0049g00760,67,0.0323,No hit,,,,
531,VIT_09s0002g06990,66,0.0320,Phosphatidic acid phosphatase / PAP2,E3_1_3_4,,vv10561Glycerolipid_metabolism,vv10564Glycerophospholipid_metabolism
532,VIT_03s0063g00670,65,0.0315,Cyclin-dependent kinase inhibitor ICK5,ICK5,,vv44110Cell_cycle,
533,VIT_18s0001g06410,65,0.0314,Ribosomal protein 60S,,,,
534,VIT_15s0046g02010,64,0.0310,MAPK (MPK4),MPK4,,vv30011Jasmonate_signaling,vv34626Plant-pathogen_interaction
535,VIT_10s0092g00010,64,0.0309,Unknown protein,,,,
536,VIT_19s0027g01810,62,0.0301,Invertase/pectin methylesterase inhibitor,PMEI,,vv40006Cell_wall,
537,VIT_01s0137g00510,62,0.0299,CYP71B10,CYP71B10,,vv10940Phenylpropanoid_biosynthesis,
538,VIT_10s0003g01770,62,0.0299,Heat shock transcription factor A4A,HSFA4A_1,,vv60037HSF,
539,VIT_14s0068g00280,61,0.0296,Unknown protein,,,,
540,VIT_00s0207g00130,61,0.0295,Pathogenesis-related protein 1 precursor (PRP 1),PRP1,,vv30011Jasmonate_signaling,vv34626Plant-pathogen_interaction
541,VIT_00s0347g00030<br>VIT_00s0203g00210,60,0.0290,
542,VIT_06s0061g00620,59,0.0287,Short-chain dehydrogenase carbonyl reductase 3,,,,
543,VIT_00s2776g00010,59,0.0287,S-locus lectin protein kinase,,,,
544,VIT_13s0019g03210,58,0.0281,Lectin-like protein,,,,
545,VIT_19s0015g01010,58,0.0278,Farnesyl diphosphate synthase,E2_5_1_10,,vv10100Biosynthesis_of_steroids,vv10900Terpenoid_biosynthesis
546,VIT_06s0004g04130,57,0.0277,Protein tyrosine phosphatase protein (PAS2),K01104,,,
547,VIT_14s0060g01780,57,0.0276,Unknown protein,,,,
548,VIT_08s0007g01110,57,0.0276,No hit,,,,
549,VIT_18s0122g01240,57,0.0276,Serine/threonine Protein kinase BNK1,,,,
550,VIT_02s0025g03070,57,0.0275,Zinc finger (C3HC4-type ring finger),ZFC3HC4_116,,vv60078Other_zf-C3HC4,
551,VIT_18s0001g03120,57,0.0274,Ethylene-responsive transcription factor ERF003,ERF003_6,,vv30008Ethylene_signaling,vv60003AP2_EREBP
552,VIT_09s0054g00690,56,0.0270,Vacuolar processing enzyme alpha,,,,
553,VIT_04s0008g02730,54,0.0262,No hit,,,,
554,VIT_06s0009g00760,54,0.0261,HcrVf1 protein,,,,
555,VIT_00s0827g00040,54,0.0261,Alpha-mannosidase,E3_2_1_113,,vv10510N-Glycan_biosynthesis,vv11030Glycan_structures-biosynthesis1
556,VIT_15s0046g01600,54,0.0260,Acidic endochitinase (CHIB1),E3_2_1_14,,vv10530Aminosugars_metabolism,
557,VIT_19s0090g00700,53,0.0257,No hit,,,,
558,VIT_01s0026g02120,53,0.0256,Microtubule end binding protein 1 (EB1),K10436,,vv44810Regulation_of_actin_cytoskeleton,
559,VIT_14s0068g00840,51,0.0246,RBR1 (retinoblastoma-related 1),RBR1_1,,vv44110Cell_cycle,vv60051RB
560,VIT_04s0069g01110,49,0.0239,Tyrosine specific protein phosphatase,,,,
561,VIT_03s0038g03810,49,0.0237,Serine/threonine Protein kinase BNK1,,,,
562,VIT_13s0019g05380,49,0.0237,Unknown protein,,,,
563,VIT_15s0048g01160,48,0.0234,Phospholipase D beta 1,PLDB1,,vv10564Glycerophospholipid_metabolism,vv10565Ether_lipid_metabolism
564,VIT_12s0059g00650,48,0.0232,No hit,,,,
565,VIT_05s0077g02300,48,0.0230,UDP-glucuronic acid decarboxylase 2,E4_1_1_35,,vv10500Starch_and_sucrose_metabolism,vv10520Nucleotide_sugars_metabolism
566,VIT_02s0087g00570,47,0.0226,Unknown protein,,,,
567,VIT_08s0056g01070,45,0.0219,MATE efflux family protein,MATE,,vv50125Porters_cat_66_to_94,
568,VIT_18s0001g04020,45,0.0219,TIR-NBS-LRR disease resistance,,,,
569,VIT_13s0019g00560,45,0.0218,Chaperonin GroEL,K04077,,vv23018RNA_degradation,
570,VIT_01s0011g01760,45,0.0218,Lectin,,,,
571,VIT_18s0001g15010,44,0.0211,F-box and leucine-rich repeat protein 1,K03875,,vv24120Ubiquitin_mediated_proteolysis,
572,VIT_03s0088g01150,43,0.0208,Squalene monooxygenase,E1_14_99_7,,vv10100Biosynthesis_of_steroids,vv10900Terpenoid_biosynthesis
573,VIT_00s0120g00270,43,0.0208,Myosin-like protein XIA,MYOSINXIA,,vv44810Regulation_of_actin_cytoskeleton,
574,VIT_18s0001g09920,43,0.0207,Cyclin delta-3 (CYCD3_1),CYCD3,,vv30007Cytokinin_signaling,vv44110Cell_cycle
575,VIT_07s0005g01670,42,0.0204,No hit,,,,
576,VIT_00s0194g00210<br>VIT_00s0194g00250,42,0.0201,
577,VIT_07s0129g00270,41,0.0198,Casein kinase II alpha chain,K03097,,vv23008Ribosome_biogenesis_in_Eukaryotes,vv34710Circadian_rhythm
578,VIT_12s0035g01890,41,0.0198,RNA recognition motif (RRM)-containing,,,,
579,VIT_18s0001g14040,41,0.0198,Endo-1 4-beta-glucanase,E3_2_1_4,,vv40006Cell_wall,
580,VIT_03s0063g00270,40,0.0193,Unknown protein,,,,
581,VIT_07s0129g00710,40,0.0192,CYP81E1 Isoflavone 2'-hydroxylase,E1_14_13_89,,vv10943Isoflavonoid_biosynthesis,
582,VIT_05s0020g01820,37,0.0180,Integral membrane family protein UPF0497,,,,
583,VIT_05s0062g00430,37,0.0179,UDP-glucose:flavonoid 7-O-glucosyltransferase,E2_4_1_237,,vv10941Flavonoid_biosynthesis,
584,VIT_07s0031g01810,37,0.0178,Unknown protein,,,,
585,VIT_14s0060g01050,37,0.0178,Pentatricopeptide (PPR) repeat-containing protein,,,,
586,VIT_16s0039g01670,36,0.0175,Cinnamoyl-CoA reductase,E1_2_1_44,,vv10940Phenylpropanoid_biosynthesis,
587,VIT_06s0004g06890,36,0.0174,Potassium transporter (KUP1),KUP1,,vv50125Porters_cat_66_to_94,
588,VIT_02s0025g04410,36,0.0173,Beta-ketoacyl-CoA synthase,E2_3_1_41,,vv10061Fatty_acid_biosynthesis,
589,VIT_10s0116g01840,35,0.0169,No hit,,,,
590,VIT_05s0020g00740,35,0.0169,Phosphate translocator,PTLREL,,vv50122Porters_cat_7_to_17,
591,VIT_06s0061g00230,35,0.0169,ABC transporter G member 7,ABCG7,,vv52010ABC_transporters,
592,VIT_01s0011g05480,35,0.0168,Dynein light subunit lc6  flagellar outer arm,K10418,,vv44810Regulation_of_actin_cytoskeleton,
593,VIT_18s0089g00510,34,0.0166,Isopentenyltransferase 1,E2_5_1_27,,vv10908Zeatin_biosynthesis,
594,VIT_15s0021g00550,34,0.0165,No hit,,,,
595,VIT_11s0052g00410,33,0.0160,Allyl alcohol dehydrogenase,,,,
596,VIT_12s0059g01770,33,0.0159,Caffeic acid O-methyltransferase,E2_1_1_68,,vv10940Phenylpropanoid_biosynthesis,
597,VIT_11s0052g01410,31,0.0150,Leucine Rich Repeat receptor-like kinase,,,,
598,VIT_00s0823g00020<br>VIT_00s0670g00020,30,0.0145,
599,VIT_13s0147g00100,30,0.0145,Nucleic acid-binding  OB-fold,,,,
600,VIT_15s0048g00550,30,0.0144,Abnormal floral organs,AFO_2,,vv60019C2C2-YABBY,
601,VIT_18s0001g05400,29,0.0141,Unknown,,,,
602,VIT_09s0002g03370,28,0.0136,No hit,,,,
603,VIT_00s0276g00070,28,0.0135,R protein disease resistance protein,RPROT,,vv34627R_proteins_from_Plant-pathogen_interaction,
604,VIT_09s0002g02220,28,0.0135,Protein kinase CDG1,,,,
605,VIT_18s0001g08490,28,0.0134,Early-responsive to dehydration,,,,
606,VIT_16s0100g01270,27,0.0132,F-box family protein,,,,
607,VIT_04s0008g02250,27,0.0131,Beta-ketoacyl-CoA synthase,E2_3_1_41,,vv10061Fatty_acid_biosynthesis,
608,VIT_04s0023g02230,27,0.0130,S-adenosyl-L-methionine:salicylic acid carboxyl methyltransferase,SAMTBSCMT,,vv10360Phenylalanine_metabolism,
609,VIT_13s0067g01800,26,0.0126,Histidine acid phosphatase,E3_1_3_2,,vv10740Riboflavin_metabolism,
610,VIT_04s0044g00500,25,0.0122,Unknown protein,,,,
611,VIT_15s0046g00850<br>VIT_19s0138g00070<br>VIT_05s0062g01300,25,0.0121,
612,VIT_07s0151g00170<br>VIT_07s0151g00220,25,0.0121,
613,VIT_17s0000g02140,25,0.0121,3-hydroxyisobutyrate dehydrogenase,E1_1_1_31,,vv10280Valine_leucine_and_isoleucine_degradation,
614,VIT_08s0040g01170,25,0.0120,Hydroxymethylglutaryl-CoA lyase,E4_1_3_4,,vv10072Synthesis_and_degradation_of_ketone_bodies,vv10280Valine_leucine_and_isoleucine_degradation
615,VIT_05s0062g00260,25,0.0120,Unknown,,,,
616,VIT_04s0043g00340,25,0.0120,Myb KAN1 (KANADI 1),KANADI,,vv60029G2-like,
617,VIT_04s0023g00930,24,0.0117,Ribosomal protein L38 (RPL38B) 60S,K02923,,vv23010Ribosome,
618,VIT_18s0001g01680,24,0.0116,Protein kinase,,,,
619,VIT_00s0532g00050,24,0.0116,Basic helix-loop-helix ILR3,ILR3_4,,vv11002Auxin_biosynthesis,vv60011BHLH
620,VIT_13s0067g01780,24,0.0115,Histidine acid phosphatase,E3_1_3_2,,vv10740Riboflavin_metabolism,
621,VIT_13s0067g01930,23,0.0111,Unknown protein,,,,
622,VIT_01s0127g00680,23,0.0111,SRO2 (similar to rcd one 2),E2_4_2_30,,vv10760Nicotinate_and_nicotinamide_metabolism,
623,VIT_09s0002g02330,22,0.0107,Nucleosome/chromatin assembly factor group A,,,,
624,VIT_18s0076g00380,22,0.0106,ABC transporter F member 6,ABCF6,,vv52010ABC_transporters,
625,VIT_00s0267g00030,21,0.0102,Unknown,,,,
626,VIT_05s0020g01430,21,0.0102,Vesicle-associated membrane protein 72,K08511,,vv24130SNARE_interactions_in_vesicular_transport,vv50101Channels_and_pores
627,VIT_00s0516g00010,21,0.0101,Unknown,,,,
628,VIT_16s0050g00830,21,0.0101,Beta-ketoacyl-CoA synthase,E2_3_1_41,,vv10061Fatty_acid_biosynthesis,
629,VIT_10s0003g03190,21,0.0101,RNA recognition motif (RRM)-containing,,,,
630,VIT_14s0108g01340,20,0.0097,Pentatricopeptide (PPR) repeat,,,,
631,VIT_09s0002g03130,20,0.0097,FRK1 (FLG22-induced receptor-like kinase 1),FRK1,,vv34626Plant-pathogen_interaction,
632,VIT_05s0102g00710,20,0.0096,fructokinase-1,E2_7_1_4,,vv10051Fructose_and_mannose_metabolism,vv10500Starch_and_sucrose_metabolism
633,VIT_02s0012g00180,19,0.0092,Serine protease,,,,
634,VIT_17s0000g05020,19,0.0092,Squamosa promoter-binding protein 6 (SPL6),SPL6_2,,vv60055SBP,
635,VIT_08s0007g00940,19,0.0092,LHW (lonesome highway),LHW_3,,vv60011BHLH,
636,VIT_02s0025g00740,19,0.0092,Pinoresinol forming dirigent protein,DIRPR,,vv10940Phenylpropanoid_biosynthesis,
637,VIT_16s0039g00010,19,0.0092,ABC transporter G member 7,ABCG7,,vv52010ABC_transporters,
638,VIT_08s0007g01740,19,0.0092,Cysteine peptidase,E3_4_22_x,,,
639,VIT_04s0023g02680,19,0.0092,Dimethyladenosine transferase,K02528,,,
640,VIT_12s0057g01550,18,0.0088,Unknown protein,,,,
641,VIT_07s0191g00030,18,0.0087,RAB GTPase RABA4A,K07976,,,
642,VIT_01s0026g02330,18,0.0087,Phytochrome kinase substrate,,,,
643,VIT_10s0003g00380,18,0.0086,Homeobox-leucine zipper protein HB52,VVHB52_2,,vv60034HB,
644,VIT_18s0001g11120,17,0.0082,Ternary complex factor MIP1,,,,
645,VIT_07s0104g01150,17,0.0082,RNA-binding protein,,,,
646,VIT_01s0011g03210,17,0.0082,Aspartyl protease,E3_4_23_x,,,
647,VIT_04s0008g00860,16,0.0077,Ndr family protein,,,,
648,VIT_00s2887g00010,16,0.0077,Syntaxin 52,K08503,,vv24130SNARE_interactions_in_vesicular_transport,
649,VIT_18s0001g14630,16,0.0077,ATSYTB/NTMC2T1.2/NTMC2TYPE1.2/SYTB,NTMC2T1_2,,vv50109Incompletely_characterized_transport_systems,
650,VIT_01s0011g01290,16,0.0077,N-carbamyl-L-amino acid amidohydrolase,E3_5_1_6,,vv10240Pyrimidine_metabolism,vv10410Beta-alanine_metabolism
651,VIT_05s0020g03420,16,0.0077,PHD finger transcription factor,PHDFG_4,,vv60048PHD,
652,VIT_06s0004g03180,16,0.0077,Zinc finger (FYVE type),SIZ1_1,,vv30009Flower_development,vv60048PHD
653,VIT_01s0011g03790,16,0.0077,ARG1 (Altered response to gravity 1),ARG1,,vv50132Primary_active_transporter_cat_A5_to_A8,
654,VIT_03s0038g03990,15,0.0073,UDP-galactose translocator,UDPGALTR,,vv50122Porters_cat_7_to_17,
655,VIT_11s0052g00890,15,0.0073,Unknown protein,,,,
656,VIT_14s0006g02990,15,0.0073,3-ketoacyl-CoA synthase,,,,
657,VIT_02s0012g02190,15,0.0073,Cellulose synthase CSLD2,E2_4_1_12_CSLD2,,vv40006Cell_wall,
658,VIT_13s0067g00110,15,0.0072,CYP72A1,K13400,,vv10902Monoterpenoid_biosynthesis,
659,VIT_11s0016g05700,15,0.0072,RabGAP/TBC domain-containing protein,,,,
660,VIT_10s0003g03600<br>VIT_10s0003g03520,15,0.0072,
661,VIT_00s0271g00030<br>VIT_00s0271g00060,14,0.0068,
662,VIT_05s0094g00560,14,0.0067,Stearoyl-ACP desaturase,E1_14_19_2,,vv11040Biosynthesis_of_unsaturated_fatty_acids,
663,VIT_18s0075g00570,13,0.0063,Emb1381 (embryo defective 1381),,,,
664,VIT_09s0002g04170,13,0.0063,Acyl-CoA synthetases (Acyl-activating enzyme 13),E6_2_1_3,,vv10071Fatty_acid_metabolism,vv50104Group_translocators
665,VIT_08s0105g00360,13,0.0063,PHD finger protein alfin,ALFINDOM2,,vv60002Alfin-like,
666,VIT_08s0007g07550,13,0.0063,GATA transcription factor 11,GAT11_3,,vv60016C2C2-GATA,
667,VIT_12s0034g02560,13,0.0063,DNA (cytosine-5)-methyltransferase (ATHIM),E2_1_1_37,,vv10271Methionine_metabolism,
668,VIT_10s0116g01870,13,0.0062,MATE efflux family protein,MATE,,vv50125Porters_cat_66_to_94,
669,VIT_09s0018g00650,13,0.0062,Zinc finger protein 830,K13104_1,,vv60017C2H2,
670,VIT_13s0156g00540,12,0.0059,Disease resistance protein (CC-NBS-LRR class),,,,
671,VIT_14s0066g00470,12,0.0058,Unknown protein,,,,
672,VIT_18s0075g00700,12,0.0058,Laccase,E1_10_3_2,,vv11000Single_reactions,vv50109Incompletely_characterized_transport_systems
673,VIT_08s0007g06680,12,0.0058,PMR5 (powdery mildew resistant 5),,,,
674,VIT_12s0035g01480,12,0.0058,No hit,,,,
675,VIT_12s0055g00820,12,0.0058,Serine carboxypeptidase II,,,,
676,VIT_10s0003g00980,12,0.0058,Unknown protein,,,,
677,VIT_03s0110g00300,12,0.0058,Copper transporter 4,COPT4,,vv50101Channels_and_pores,
678,VIT_08s0040g01820,12,0.0058,No hit,,,,
679,VIT_01s0011g06050,12,0.0058,RNA recognition motif (RRM)-containing protein,,,,
680,VIT_00s0531g00050,12,0.0058,Acetyl-CoA acetyltransferase  cytosolic 1,E2_3_1_9,,vv10071Fatty_acid_metabolism,vv10072Synthesis_and_degradation_of_ketone_bodies
681,VIT_11s0065g00170,12,0.0058,Squamosa promoter-binding protein 2 (SPL2),SPL2_3,,vv60055SBP,
682,VIT_12s0057g01440,11,0.0053,Heavy-metal-associated domain-containing protein,,,,
683,VIT_09s0018g00330,10,0.0048,No hit,,,,
684,VIT_00s0215g00030,9,0.0044,Autophagy 4a (APG4a),K08342,,vv44140Regulation_of_autophagy,
685,VIT_05s0020g01140,9,0.0044,Ribosomal protein L18,K02881,,vv23010Ribosome,
686,VIT_11s0016g00330,9,0.0044,Pectinesterase family,E3_1_1_11,,vv40006Cell_wall,
687,VIT_05s0020g00250<br>VIT_05s0020g00120<br>VIT_05s0020g00320,9,0.0044,
688,VIT_13s0067g02640,9,0.0044,Alpha-galactosidase precursor,E3_2_1_22,,vv10052Galactose_metabolism,vv10561Glycerolipid_metabolism
689,VIT_07s0005g02380,9,0.0044,Germin-like protein 2 [Vitis vinifera],,,,
690,VIT_06s0004g08450,9,0.0044,Unknown protein,,,,
691,VIT_17s0000g03800,9,0.0044,Unknown protein,,,,
692,VIT_14s0006g01280,9,0.0044,Myb domain protein 113,MYB113_5,MYBA7,vv60044MYB,
693,VIT_04s0043g00850,9,0.0044,Unknown protein,,,,
694,VIT_07s0129g00320,9,0.0044,formamidase  putative / formamide amidohydrolase  putative,E3_5_1_49,,vv10630Glyoxylate_and_dicarboxylate_metabolism,vv10910Nitrogen_metabolism
695,VIT_05s0020g03130,9,0.0044,Plastocyanin domain-containing protein,K02638,,vv10195Photosynthesis,vv50113Thylakoid_targeting_pathway
696,VIT_04s0008g05400,9,0.0044,Serine hydrolase [Vitis vinifera],E4_3_1_18,,vv10260Glycine_serine_and_threonine_metabolism,
697,VIT_02s0087g00630,9,0.0044,Alcohol oxidase,E1_1_3_13,,vv10680Methane_metabolism,
698,VIT_18s0001g07150,9,0.0043,Serine/threonine-protein kinase,,,,
699,VIT_14s0081g00120,9,0.0043,fertility restorer,,,,
700,VIT_12s0059g01680,9,0.0043,Lipid-binding serum glycoprotein family protein,K05399,,vv50101Channels_and_pores,
701,VIT_04s0023g01790,9,0.0043,Phytoene dehydrogenase,K10027,,vv10906Carotenoid_biosynthesis,
702,VIT_09s0002g06310,9,0.0043,No hit,,,,
703,VIT_00s0207g00150,9,0.0043,Ternary complex factor MIP1,,,,
704,VIT_12s0059g02420,9,0.0043,Peroxidase ATP11A (gb|X98802).,E1_11_1_7,,vv10360Phenylalanine_metabolism,vv10680Methane_metabolism
705,VIT_14s0006g00800,9,0.0043,Tubulin alpha-2 chain,K07374,,vv44145Phagosome,vv44810Regulation_of_actin_cytoskeleton
706,VIT_01s0011g02130,9,0.0043,Peptidoglycan-binding LysM domain-containing protein,,,,
707,VIT_15s0046g01200,9,0.0043,No hit,,,,
708,VIT_00s0396g00070,8,0.0039,No hit,,,,
709,VIT_06s0004g07960,7,0.0034,Glucose-6-phosphate/phosphate translocator,G6PPTR,,vv50122Porters_cat_7_to_17,
710,VIT_00s0181g00200<br>VIT_00s0181g00180,7,0.0034,
711,VIT_18s0001g00560,7,0.0034,Alpha-amylase / 1 4-alpha-D-glucan glucanohydrolase,E3_2_1_1,,vv10500Starch_and_sucrose_metabolism,
712,VIT_04s0079g00630,7,0.0034,Unknown,,,,
713,VIT_18s0001g05490,7,0.0034,No hit,,,,
714,VIT_05s0094g01350,7,0.0034,Thiol methyltransferase 1,E2_1_1_9,,vv10450Selenoamino_acid_metabolism,
715,VIT_06s0004g01350,7,0.0034,Emsy N terminus domain-containing protein,,,,
716,VIT_14s0108g00150,7,0.0034,Calmodulin-binding region IQD28,IQD28,,,
717,VIT_10s0003g01550,7,0.0034,IMK2 (inflorescence meristem receptor-like kinase 2),,,,
718,VIT_06s0061g01160,7,0.0034,Unknown protein,,,,
719,VIT_00s0286g00040,6,0.0029,S-locus protein kinase,,,,
720,VIT_08s0007g02030,6,0.0029,AUX1 protein,AUX1,,vv50004Auxin_transport,vv50123Porters_cat_18_to_29
721,VIT_18s0041g00890,6,0.0029,UDP-glucose: anthocyanidin 5 3-O-glucosyltransferase,RHGT1,,vv10942Anthocyanin_biosynthesis,
722,VIT_02s0025g04910,6,0.0029,Growth-regulating factor 5,GRF5_3,,vv60033GRF,
723,VIT_01s0011g00720,6,0.0029,WRKY DNA-binding protein 57,WRKY57,VvWRKY01,vv60066WRKY,
724,VIT_11s0037g00810,6,0.0029,Unknown protein,,,,
725,VIT_02s0033g00440,6,0.0029,Myb VvMYBA1,VVMYBA1_3,MYBA11,vv60044MYB,
726,VIT_00s0522g00010<br>VIT_00s0266g00010<br>VIT_00s0372g00070<br>VIT_00s0372g00080<br>VIT_00s0572g00010<br>VIT_00s0372g00040<br>VIT_00s0847g00020<br>VIT_00s0572g00020,6,0.0029,
727,VIT_00s0771g00020,6,0.0029,Unknown protein,,,,
728,VIT_19s0015g02070,6,0.0029,(-)-germacrene D synthase,E4_2_3_22,,vv10900Terpenoid_biosynthesis,
729,VIT_06s0061g01540,6,0.0029,KCBP- interacting  protein kinase,,,,
730,VIT_08s0007g00890,6,0.0029,Tropinone reductase,E1_1_1_206,,vv10220Urea_cycle_and_metabolism_of_amino_groups,
731,VIT_00s2032g00010,6,0.0029,No hit,,,,
732,VIT_06s0080g00800,6,0.0029,Vesicle-associated membrane protein 714,K08515,,vv24130SNARE_interactions_in_vesicular_transport,vv50101Channels_and_pores
733,VIT_07s0005g03540,6,0.0029,Plastid-specific 50S ribosomal protein 6,,,,
734,VIT_12s0028g03150,6,0.0029,Cap-binding protein CBP20,K12883,,vv23013RNA_transport,vv23015mRNA_surveillance_pathway
735,VIT_07s0104g00110,6,0.0029,Unknown,,,,
736,VIT_15s0046g01640,6,0.0029,Abl interactor protein 1 (ABIL1),,,,
737,VIT_09s0018g01780,6,0.0029,ACT domain repeat 1 (ACR1) uridylyltransferase,,,,
738,VIT_04s0044g00010,6,0.0029,Unknown,,,,
739,VIT_11s0065g00130,6,0.0029,Taxane 10-beta-hydroxylase,E1_14_13_76,,vv10904Diterpenoid_biosynthesis,
740,VIT_03s0097g00230,6,0.0029,No hit,,,,
741,VIT_11s0052g00490,6,0.0029,No hit,,,,
742,VIT_08s0056g00180,6,0.0029,Translation initiation factor IF-2B subunit delta,K03680,,,
743,VIT_04s0023g02840,6,0.0029,Leucine-rich repeat disease resistance protein,,,,
744,VIT_18s0001g02600,6,0.0029,Ribosomal protein S1  30S,K02945,,vv23010Ribosome,
745,VIT_00s0187g00180,6,0.0029,No hit,,,,
746,VIT_07s0031g01160,6,0.0029,Hyperosmotically inducible periplasmic protein,K04065,,vv50131Primary_active_transporter_cat_A2_to_A4,
747,VIT_10s0003g02420,6,0.0029,SRG1 (senescence-related gene 1) oxidoreductase,,,,
748,VIT_12s0034g01590,6,0.0029,Ribosomal protein S26 (RPS26C) 40S,K02976,,vv23010Ribosome,
749,VIT_14s0036g00460,6,0.0029,Myb domain protein 102,MYB102_3,MYB135,vv60044MYB,
750,VIT_11s0016g01700,6,0.0029,Unknown protein,,,,
751,VIT_07s0031g00460,6,0.0029,Nicotinate phosphoribosyltransferase,E2_4_2_11,,vv10760Nicotinate_and_nicotinamide_metabolism,
752,VIT_07s0129g00360,6,0.0029,Peroxidase 73,E1_11_1_7,,vv10360Phenylalanine_metabolism,vv10680Methane_metabolism
753,VIT_14s0060g01300,6,0.0029,Universal stress protein (USP) family protein,,,,
754,VIT_11s0052g00320,6,0.0029,Ca2+-ATPase 10 ACA10  plasma membrane,K01537,,vv34020Calcium_signaling_pathway,vv50131Primary_active_transporter_cat_A2_to_A4
755,VIT_00s1627g00020,6,0.0029,No hit,,,,
756,VIT_08s0007g02890,6,0.0029,Unknown protein,,,,
757,VIT_17s0000g02410,5,0.0024,Cold-induced wall associated kinase,,,,
758,VIT_06s0004g06010,4,0.0019,Transformer serine/arginine-rich ribonucleoprotein,,,,
759,VIT_08s0058g00350,4,0.0019,OAS high accumulation 1 OSH1,,,,
760,VIT_13s0074g00390,4,0.0019,CYP77A2,,,,
761,VIT_19s0177g00270,4,0.0019,Molecular chaperone DnaJ,K03686,,vv50132Primary_active_transporter_cat_A5_to_A8,
762,VIT_06s0004g05940,4,0.0019,Uncoupling protein 1,PUMP1,,vv50123Porters_cat_18_to_29,
763,VIT_14s0060g00410,3,0.0015,EDA32 (embryo sac development arrest 32),,,,
764,VIT_14s0083g01030,3,0.0015,MADS-box APETALA 1,APETALA1_1,,vv30009Flower_development,vv60042MADS
765,VIT_13s0067g02790,3,0.0015,Cytochrome P450  family 79  subfamily A  polypeptide 2,K12153,,vv10966Glucosinolate_biosynthesis,
766,VIT_08s0007g00820,3,0.0015,Proteinase inhibitor,,,,
767,VIT_12s0057g01580,3,0.0015,No hit,,,,
768,VIT_10s0042g00110,3,0.0015,No hit,,,,
769,VIT_05s0077g00550,3,0.0015,SFR2 (sensitive TO FREEZING 2),,,,
770,VIT_17s0000g01260,3,0.0015,Squamosa promoter-binding protein 13 (SPL13),SPL13_1,,vv60055SBP,
771,VIT_17s0000g03770,3,0.0015,No hit,,,,
772,VIT_15s0046g02460,3,0.0015,Growth-on protein GRO11,,,,
773,VIT_18s0072g00820,3,0.0015,VFB3 (VIER F- box  proteinE 3),,,,
774,VIT_07s0005g00750,3,0.0015,Sucrose synthase,E2_4_1_13,,vv10500Starch_and_sucrose_metabolism,
775,VIT_18s0001g10350,3,0.0015,Subtilase family protein,ARA12,,vv50101Channels_and_pores,
776,VIT_01s0011g03490,3,0.0015,3-ketoacyl-CoA synthase,,,,
777,VIT_15s0024g00580,3,0.0015,Unknown,,,,
778,VIT_08s0040g00300,3,0.0015,No hit,,,,
779,VIT_06s0004g02690,3,0.0015,Glycosyl transferase family 2 protein,,,,
780,VIT_08s0058g00870,3,0.0015,Unknown protein,,,,
781,VIT_18s0001g01130,3,0.0015,Alpha-expansin 1 precursor,EXPA1,,vv30003Auxin_signaling,
782,VIT_03s0063g00410,3,0.0015,Alpha-amylase,E3_2_1_1,,vv10500Starch_and_sucrose_metabolism,
783,VIT_01s0127g00730,3,0.0015,ATMYB66/WER/WER1 (WEREWOLF 1),WEREWOLF_1,MYB155,vv44110Cell_cycle,vv60044MYB
784,VIT_18s0122g01250,3,0.0015,No hit,,,,
785,VIT_01s0011g00790,3,0.0015,DnaJ homolog  subfamily C  member 2 gonidia forming protein GlsA,K09522_1,,vv50132Primary_active_transporter_cat_A5_to_A8,vv60045MYBrelated
786,VIT_08s0058g01360,3,0.0015,Vacuolar sorting receptor 1,VSR1,,vv50110Protein_coat,
787,VIT_01s0010g03870,3,0.0015,Unknown protein,,,,
788,VIT_06s0004g01480,3,0.0015,Lipoxygenase LOX1,E1_13_11_12,,vv10592alpha-Linolenic_acid_metabolism,
789,VIT_16s0050g02430,3,0.0015,Receptor protein kinase,,,,
790,VIT_05s0020g02170,3,0.0015,Sugar transporter ERD6-like 16,ERD6L16,,vv50121Porters_cat_1_to_6,
791,VIT_04s0008g01020,3,0.0015,Unknown protein,,,,
792,VIT_08s0007g02590,3,0.0015,Unknown,,,,
793,VIT_09s0018g01340<br>VIT_09s0018g01360,3,0.0015,
794,VIT_17s0000g02260,3,0.0014,Aldose 1-epimerase,E5_1_3_3,,vv10010Glycolysis,
795,VIT_19s0090g00840,3,0.0014,WRKY DNA-binding protein 6,WRKY6_2,VvWRKY55,vv60066WRKY,
796,VIT_00s0347g00120,3,0.0014,S-locus lectin protein kinase,,,,
797,VIT_15s0048g02010,3,0.0014,Shaggy protein kinase theta,,,,
798,VIT_01s0011g05290,3,0.0014,Inorganic carbon transport protein,INCARBTR,,,
799,VIT_04s0023g01910,3,0.0014,Myb family,MYBREL_12,,vv60045MYBrelated,
800,VIT_04s0044g01230,3,0.0014,Unknown,,,,
801,VIT_17s0000g02650,3,0.0014,Myb domain protein 7,MYB7_2,MYBC2-L4,vv60044MYB,
802,VIT_14s0060g01260,3,0.0014,Peptide chain release factor 2,K02836,,,
803,VIT_10s0042g00610,3,0.0014,Leucine-rich repeat transmembrane protein kinase,,,,
804,VIT_10s0003g04270,3,0.0014,BCL2 binding anthogene,,,,
805,VIT_14s0060g01980,3,0.0014,Unknown protein,,,,
806,VIT_19s0014g00950,3,0.0014,DNA polymerase I,K02335,,vv23030DNA_replication,
807,VIT_15s0021g02360,3,0.0014,No hit,,,,
808,VIT_17s0000g05890,3,0.0014,Protein kinase APK1B,,,,
809,VIT_06s0004g04430,3,0.0014,Ubiquitin-conjugating enzyme E2 G1,K10575,,vv24120Ubiquitin_mediated_proteolysis,vv24141Protein_processing_in_endoplasmic_reticulum
810,VIT_08s0007g00060,3,0.0014,5-oxoprolinase,E3_5_2_9,,vv10480Glutathione_metabolism,
811,VIT_07s0151g00570,3,0.0014,OB-fold nucleic acid binding domain containing protein,,,,
812,VIT_01s0011g02330,3,0.0014,Unknown protein,,,,
813,VIT_09s0018g01460,3,0.0014,Receptor kinase TRKe,,,,
814,VIT_14s0060g00710,3,0.0014,Synbindin TRAPPC4,TRAPPC4,,vv50110Protein_coat,
815,VIT_07s0129g01070,3,0.0014,Leucine-rich repeat protein kinase,,,,
816,VIT_02s0012g01190,3,0.0014,Zinc finger (C2H2 type) family,C2H2FAM_14,,vv60017C2H2,
817,VIT_19s0014g04900,3,0.0014,(-)-germacrene D synthase,E4_2_3_22,,vv10900Terpenoid_biosynthesis,
818,VIT_16s0098g01510,3,0.0014,Histone-lysine N-methyltransferase ATXR6,E2_1_1_43ATXR6,,vv10300Lysine_biosynthesis,vv60048PHD
819,VIT_14s0068g01520,3,0.0014,Double-stranded RNA-binding (DsRBD) domain-containing protein,,,,
820,VIT_05s0049g01850,3,0.0014,Unknown protein,,,,
821,VIT_00s0271g00110,3,0.0014,flavodoxin-like quinone reductase 1,FQR1,,vv30003Auxin_signaling,
822,VIT_18s0072g01040,3,0.0014,Invertase  neutral/alkaline,E3_2_1_26,,vv10052Galactose_metabolism,vv10500Starch_and_sucrose_metabolism
823,VIT_12s0059g00140,3,0.0014,Ankyrin repeat protein,,,,
824,VIT_11s0016g03350,3,0.0014,AP2/EREBP transcription factor TINY2,TINY2_3,,vv30008Ethylene_signaling,vv60003AP2_EREBP
825,VIT_11s0016g00590,3,0.0014,Invertase/pectin methylesterase inhibitor,PMEI,,vv40006Cell_wall,
826,VIT_15s0021g02290,3,0.0014,Squamosa promoter-binding protein 2 (SPL2),SPL2_2,,vv60055SBP,
827,VIT_02s0154g00450,3,0.0014,Zinc knuckle,ZFC2HC,,,
828,VIT_18s0001g02300,3,0.0014,NAC domain containing protein 2,NAC2_7,VvNAC08,vv60046NAC,
