Vv_m2,2000,1000,VIT_14s0060g01090
rank,node,Fabs,Frel,Functional-annotation,Name-EC-KeggID,Updated-name,Network1,Network2
1,VIT_19s0090g00790,2063,1.0000,F-box family protein,,,,
2,VIT_14s0108g01080,2092,1.0000,Myb domain protein 106,MYB106_2,MYB141,vv60044MYB,
3,VIT_12s0059g00190,2064,0.9995,Beta-expansin (EXPB3),EXPB3,,vv30003Auxin_signaling,
4,VIT_15s0021g02300,2058,0.9947,Squamosa promoter-binding protein 8 (SPL8),SPL8,,vv60055SBP,
5,VIT_06s0004g01550,2054,0.9904,Phosphoribosylanthranilate transferase,E2_4_2_18,,vv10400Phenylalanine_tyrosine_and_tryptophan_biosynthesis,
6,VIT_18s0001g00280,2051,0.9889,OPCL1 (OPC-8:0 COA ligase1),K10526,,vv10592alpha-Linolenic_acid_metabolism,vv50104Group_translocators
7,VIT_06s0009g00580,2024,0.9849,Receptor protein kinase,,,,
8,VIT_07s0031g01680,2015,0.9810,CYP86A1,,,,
9,VIT_06s0004g01750,2017,0.9791,Polygalacturonase inhibitor protein,PGIP,,,
10,VIT_00s1314g00010,2028,0.9783,Basic helix-loop-helix (bHLH) family,BHLHDOM_89,,vv60011BHLH,
11,VIT_01s0026g00570,2026,0.9759,Bet v I allergen,,,,
12,VIT_11s0016g05340,2021,0.9749,Ethylene-responsive transcription factor SHINE 3,SHINE3_2,VvERF043,vv30008Ethylene_signaling,vv60003AP2_EREBP
13,VIT_16s0098g01560,2012,0.9729,Glucan endo-1 3-beta-D-glucosidase,E3_2_1_39,,vv10500Starch_and_sucrose_metabolism,
14,VIT_15s0046g02410,2008,0.9710,Aquaporin TMP-C,TMPC,,vv50101Channels_and_pores,
15,VIT_06s0004g06890,2014,0.9692,Potassium transporter (KUP1),KUP1,,vv50125Porters_cat_66_to_94,
16,VIT_00s0361g00090,1999,0.9676,Phototropic-responsive NPH3 protein,,,,
17,VIT_09s0054g01220,1999,0.9671,Cycloartenol synthase,E5_4_99_8,,vv10100Biosynthesis_of_steroids,
18,VIT_07s0205g00180,1988,0.9650,Basic helix-loop-helix (bHLH) family,BHLHDOM_30,,vv60011BHLH,
19,VIT_09s0002g02490,1966,0.9558,Dof zinc finger protein 1,ADOF1,,vv60015C2C2-DOF,
20,VIT_03s0063g00360,1965,0.9557,Glycoprotein 3-alpha-L-fucosyltransferase,E2_4_1_214,,vv11030Glycan_structures-biosynthesis1,
21,VIT_01s0010g00710,1969,0.9526,Armadillo/beta-catenin repeat protein / U-box domain-containing protein ,,,,
22,VIT_15s0048g02680,1967,0.9507,Calmodulin-binding region IQD17,,,,
23,VIT_08s0040g01130,1962,0.9465,Serine carboxypeptidase II,,,,
24,VIT_08s0007g08680,1941,0.9418,Unknown protein,,,,
25,VIT_07s0129g01070,1936,0.9353,Leucine-rich repeat protein kinase,,,,
26,VIT_06s0004g03070,1919,0.9325,Zinc finger (C2H2 type) JACKDAW,JACKDAW_1,,vv60017C2H2,
27,VIT_17s0000g05020,1909,0.9276,Squamosa promoter-binding protein 6 (SPL6),SPL6_2,,vv60055SBP,
28,VIT_13s0067g00400,1910,0.9249,Anthranilate synthase alpha 1,E4_1_3_27,,vv10400Phenylalanine_tyrosine_and_tryptophan_biosynthesis,
29,VIT_04s0008g05520,1899,0.9218,Unknown protein,,,,
30,VIT_00s0286g00130,1888,0.9183,S-locus lectin protein kinase,,,,
31,VIT_01s0011g03210,1890,0.9153,Aspartyl protease,E3_4_23_x,,,
32,VIT_17s0000g09270,1893,0.9149,MATE efflux family protein,MATE,,vv50125Porters_cat_66_to_94,
33,VIT_16s0039g00570,1884,0.9146,10-deacetylbaccatin III 10-O-acetyltransferase,E2_3_1_167,,vv10904Diterpenoid_biosynthesis,
34,VIT_00s0225g00080,1875,0.9071,MATE efflux family protein,MATE,,vv50125Porters_cat_66_to_94,
35,VIT_04s0023g01880,1883,0.9062,Zinc finger homeobox 31,ZFHB31,,vv60068Zf-HD,
36,VIT_19s0090g00770,1864,0.9027,F-box family protein,,,,
37,VIT_05s0049g01400,1853,0.8943,Alcohol oxidase,E1_1_3_13,,vv10680Methane_metabolism,
38,VIT_02s0025g01240,1834,0.8907,UDP-glucuronosyl/UDP-glucosyltransferase,E2_4_1_17,,vv10040Pentose_glucuronate_interconversion,vv10500Starch_and_sucrose_metabolism
39,VIT_10s0003g00560,1836,0.8865,Wuschel homeobox 9,WOX9,VvHB37,vv60034HB,
40,VIT_03s0180g00150,1818,0.8783,Receptor protein kinase,,,,
41,VIT_18s0001g06430,1802,0.8714,Homeobox-leucine zipper protein ATHB-6,ATHB6_2,VvHB62,vv30001ABA_signaling,vv60034HB
42,VIT_01s0011g04850,1810,0.8702,Unknown protein,,,,
43,VIT_14s0068g00090,1790,0.8694,feronia receptor-like kinase,,,,
44,VIT_09s0002g06750,1797,0.8619,ERF/AP2 transcription factor sub B-6 SHINE,SHINE1_1,VvERF042,vv30008Ethylene_signaling,vv60003AP2_EREBP
45,VIT_04s0008g05440,1771,0.8572,Ethylene-responsive transcription factor SHINE 3,SHINE3_1,VvERF044,vv30008Ethylene_signaling,vv60003AP2_EREBP
46,VIT_15s0048g03000,1761,0.8520,GTPase RABA3,K07976,,,
47,VIT_08s0007g07870,1730,0.8439,Basic helix-loop-helix (bHLH) family,BHLHDOM_40,,vv60011BHLH,
48,VIT_01s0137g00410,1745,0.8438,CYP86A2,,,,
49,VIT_13s0067g01410,1732,0.8383,Anthranilate N-hydroxycinnamoyl/benzoyltransferase,E2_3_1_144,,vv10400Phenylalanine_tyrosine_and_tryptophan_biosynthesis,
50,VIT_05s0062g00430,1738,0.8372,UDP-glucose:flavonoid 7-O-glucosyltransferase,E2_4_1_237,,vv10941Flavonoid_biosynthesis,
51,VIT_15s0021g02110,1733,0.8312,AP2 domain-containing transcription factor TINY,TINY_8,VvERF029,vv30008Ethylene_signaling,vv60003AP2_EREBP
52,VIT_03s0063g01880,1704,0.8248,Acyl-CoA synthetase long-chain member 2,E6_2_1_3_LACS2,,vv10071Fatty_acid_metabolism,vv44146Peroxisome
53,VIT_00s0373g00030,1711,0.8246,HSL2 (HAESA-like 2),,,,
54,VIT_13s0074g00400,1701,0.8221,PTL (PETAL LOSS),PETAL_LOSS_1,,vv60062Trihelix,
55,VIT_14s0066g01790,1675,0.8107,GASA like,GASAL,,vv30010Gibberellin_signaling,
56,VIT_04s0008g03950,1665,0.8083,RD22,,,,
57,VIT_11s0037g00320,1671,0.8065,Serine carboxypeptidase S10,,,,
58,VIT_09s0002g02220,1670,0.8017,Protein kinase CDG1,,,,
59,VIT_12s0059g00220,1655,0.7999,Epoxide hydrolase,E3_3_2_10,,,
60,VIT_12s0028g02400,1663,0.7991,Leaf senescence protein,,,,
61,VIT_11s0016g03350,1651,0.7991,AP2/EREBP transcription factor TINY2,TINY2_3,,vv30008Ethylene_signaling,vv60003AP2_EREBP
62,VIT_06s0061g00240,1638,0.7959,ABC transporter G member 7,ABCG7,,vv52010ABC_transporters,
63,VIT_16s0050g02100,1623,0.7879,Disease resistance,,,,
64,VIT_14s0108g00150,1626,0.7878,Calmodulin-binding region IQD28,IQD28,,,
65,VIT_12s0028g01820,1613,0.7777,Aspartate transaminase  mitochondrial,E2_6_1_1,vv10710Carbon_fixation,vv10252Alanine_and_aspartate_metabolism,vv10272Cysteine_metabolism
66,VIT_12s0055g00840,1592,0.7724,Sucrose-6-phosphate phosphatase,E3_1_3_24,,vv10500Starch_and_sucrose_metabolism,
67,VIT_09s0002g03130,1586,0.7673,FRK1 (FLG22-induced receptor-like kinase 1),FRK1,,vv34626Plant-pathogen_interaction,
68,VIT_01s0011g04710,1594,0.7660,Copper-binding family protein,,,,
69,VIT_18s0072g00580<br>VIT_11s0065g00040,1562,0.7597,
70,VIT_12s0059g01190,1565,0.7590,Homeobox protein shoot MERISTEMLESS (STM),STM_2,VvHB43,vv50004Auxin_transport,vv60034HB
71,VIT_08s0040g01040,1570,0.7581,Serine carboxypeptidase II,,,,
72,VIT_14s0006g01840,1565,0.7560,Seven in absentia protein,K04506SINAP_1,,vv24120Ubiquitin_mediated_proteolysis,vv60035HMG
73,VIT_05s0077g00530,1563,0.7540,Unknown protein,,,,
74,VIT_18s0001g13500,1531,0.7425,forkhead-associated domain-containing protein,FHADOM_9,,vv60028FHA,
75,VIT_06s0004g01840,1536,0.7410,Cytochrome c-type biogenesis protein,,,,
76,VIT_11s0016g04010,1530,0.7381,Unknown protein,,,,
77,VIT_14s0068g00150,1526,0.7322,No hit,,,,
78,VIT_18s0001g01680,1513,0.7306,Protein kinase,,,,
79,VIT_06s0004g05950,1505,0.7295,Unknown protein,,,,
80,VIT_12s0059g01830,1501,0.7255,Unknown,,,,
81,VIT_00s0179g00360,1491,0.7158,Unknown protein,,,,
82,VIT_11s0016g03980,1470,0.7132,Unknown protein,,,,
83,VIT_08s0007g06270,1469,0.7121,Squamosa promoter-binding protein 9 (SPL9),SPL9_2,,vv60055SBP,
84,VIT_12s0059g01590,1461,0.7099,Lipase GDSL,,,,
85,VIT_06s0004g03130,1464,0.7059,Auxin response factor 4,ARF4,,vv30003Auxin_signaling,vv60004ARF
86,VIT_05s0062g01140,1456,0.7054,Aromatic and neutral transporter 1,ANT1,,vv50123Porters_cat_18_to_29,
87,VIT_13s0073g00140,1465,0.7053,Ovate family protein 13 OFP13,OFP13_2,,vv60086OFP,
88,VIT_04s0023g02840,1444,0.7023,Leucine-rich repeat disease resistance protein,,,,
89,VIT_14s0066g00680,1439,0.6985,Ramosa 2,LBDA_1,,vv60007AS2,
90,VIT_16s0050g01980,1435,0.6976,EIX receptor 2,,,,
91,VIT_12s0028g02240,1426,0.6939,Thioredoxin TTL3 (Tetratricopetide-repeat thioredoxin-like 3),TTL3,,vv50132Primary_active_transporter_cat_A5_to_A8,
92,VIT_18s0001g12020,1431,0.6926,Brassinosteroid Signaling positive regulator (BZR1),BZR1_2,,vv30005Brassinosteroids_signaling,vv60010BES1
93,VIT_13s0106g00250,1424,0.6913,Carboxylic ester hydrolase,E3_1_1_1,,,
94,VIT_10s0003g00620,1398,0.6790,Lipase GDSL,,,,
95,VIT_15s0046g01790,1405,0.6787,ARID/BRIGHT DNA-binding domain-containing protein / ELM2,ARID_4,,vv60005ARID,
96,VIT_05s0020g04020,1412,0.6769,Unknown protein,,,,
97,VIT_11s0016g04540,1370,0.6618,ABC transporter G member 22,ABCG22,,vv52010ABC_transporters,
98,VIT_08s0040g03120,1363,0.6594,Pseudo-response regulator 7 (APRR7),APRR7_1,,vv30007Cytokinin_signaling,vv34710Circadian_rhythm
99,VIT_05s0062g00520,1361,0.6588,UDP-glucose:flavonoid 7-O-glucosyltransferase,E2_4_1_237,,vv10941Flavonoid_biosynthesis,
100,VIT_15s0046g03240,1361,0.6572,Unknown protein,,,,
101,VIT_17s0000g02650,1361,0.6569,Myb domain protein 7,MYB7_2,MYBC2-L4,vv60044MYB,
102,VIT_01s0010g03710,1352,0.6535,Squamosa promoter-binding protein 2 (SPL2),SPL2_1,,vv60055SBP,
103,VIT_15s0021g02410,1355,0.6508,Malate dehydrogenase  cytosolic,E1_1_1_37,,vv10020Citrate_cycle,vv10620Pyruvate_metabolism
104,VIT_00s0225g00070,1327,0.6439,MATE efflux family protein,MATE,,vv50125Porters_cat_66_to_94,
105,VIT_00s0194g00210<br>VIT_00s0194g00250,1333,0.6433,
106,VIT_11s0016g00290,1325,0.6413,Pectinesterase PME3,E3_1_1_11,,vv40006Cell_wall,
107,VIT_12s0034g02570,1322,0.6386,Leucine Rich Repeat receptor-like kinase,,,,
108,VIT_16s0022g00370,1319,0.6384,GDP-mannose transporter (GONST1),GONST1,,vv50122Porters_cat_7_to_17,
109,VIT_01s0182g00130,1304,0.6336,PHO1-like protein,PHO1,,vv50125Porters_cat_66_to_94,
110,VIT_06s0004g05790,1298,0.6298,Unknown protein,,,,
111,VIT_04s0008g02520,1295,0.6280,ATP binding protein,,,,
112,VIT_06s0004g02640,1300,0.6277,Receptor protein kinase PERK1,,,,
113,VIT_03s0038g02290,1300,0.6277,Amino acid permease 3,AAP3,,vv50123Porters_cat_18_to_29,
114,VIT_12s0034g00250,1302,0.6257,Aquaporin PIP1A,PIP1A,,vv50101Channels_and_pores,
115,VIT_02s0025g01730,1276,0.6212,3-oxoacyl-[acyl-carrier-protein] synthase,E2_3_1_41,,vv10061Fatty_acid_biosynthesis,
116,VIT_03s0038g01410,1257,0.6093,Aquaporin PIP PIP1A,PIP1A,,vv50101Channels_and_pores,
117,VIT_04s0079g00160,1249,0.6051,Auxin response factor 8,ARF8_1,,vv30003Auxin_signaling,vv60004ARF
118,VIT_14s0060g00680,1251,0.6043,Lipase GDSL,,,,
119,VIT_19s0090g01460,1247,0.6021,SWIB complex BAF60b domain-containing protein,SWIB_12,,vv60092SWIB,
120,VIT_17s0000g01260,1240,0.6008,Squamosa promoter-binding protein 13 (SPL13),SPL13_1,,vv60055SBP,
121,VIT_11s0065g00130,1233,0.5991,Taxane 10-beta-hydroxylase,E1_14_13_76,,vv10904Diterpenoid_biosynthesis,
122,VIT_18s0001g09920,1216,0.5889,Cyclin delta-3 (CYCD3_1),CYCD3,,vv30007Cytokinin_signaling,vv44110Cell_cycle
123,VIT_07s0005g01670,1195,0.5801,No hit,,,,
124,VIT_16s0022g02330,1199,0.5781,MADS-box agamous-like 6,AGL6_2,,vv60042MADS,
125,VIT_12s0059g00230,1187,0.5765,Epoxide hydrolase 2,E3_3_2_10,,,
126,VIT_08s0040g02250,1186,0.5754,No hit,,,,
127,VIT_17s0000g00130,1198,0.5751,SEC14 cytosolic factor,SEC14,,vv50122Porters_cat_7_to_17,
128,VIT_05s0102g00370,1183,0.5746,Receptor protein kinase (ACR4),,,,
129,VIT_01s0011g00100,1191,0.5740,MADS-box APETALA 1,APETALA1_2,,vv30009Flower_development,vv60042MADS
130,VIT_14s0060g02690,1179,0.5715,Germin-like protein 3 [Vitis vinifera],,,,
131,VIT_03s0038g01830,1180,0.5698,Proline-rich protein 4,,,,
132,VIT_00s0411g00030<br>VIT_00s0256g00030<br>VIT_00s0256g00110<br>VIT_00s1321g00010<br>VIT_00s0256g00050<br>VIT_00s0256g00040<br>VIT_00s0411g00020,1176,0.5659,
133,VIT_05s0094g00470,1150,0.5583,Zinc finger (C3HC4-type ring finger),ZFC3HC4_201,,vv60078Other_zf-C3HC4,
134,VIT_11s0052g00800,1136,0.5485,Protein kinase family,,,,
135,VIT_12s0035g00880,1125,0.5435,Lactoylglutathione lyase,E4_4_1_5,,vv10620Pyruvate_metabolism,
136,VIT_19s0090g00800,1116,0.5410,F-box protein,,,,
137,VIT_08s0040g01070,1113,0.5387,Serine carboxypeptidase S10,,,,
138,VIT_08s0007g02000,1112,0.5382,Glycerol-3-phosphate acyltransferase 8,E2_3_1_15,,vv10561Glycerolipid_metabolism,vv10564Glycerophospholipid_metabolism
139,VIT_10s0003g05420,1096,0.5318,S-2-hydroxy-acid oxidase  peroxisomal,E1_1_3_15,,vv10630Glyoxylate_and_dicarboxylate_metabolism,
140,VIT_14s0066g02270,1087,0.5272,Endonuclease/exonuclease/phosphatase family protein,E3_1_30_x,,,
141,VIT_06s0004g00220,1097,0.5272,Protein kinase APK1B,,,,
142,VIT_00s0820g00020,1086,0.5262,Anthocyanidine rhamnosyl-transferase,RHATR,,vv10942Anthocyanin_biosynthesis,
143,VIT_01s0011g02780,1082,0.5250,Unknown protein,,,,
144,VIT_03s0180g00320,1082,0.5227,Indole-3-acetate beta-glucosyltransferase,E2_4_1_121,,vv11002Auxin_biosynthesis,
145,VIT_08s0007g02920,1082,0.5217,ATAN11 (ANTHOCYANIN11),,,,
146,VIT_13s0067g01180,1079,0.5210,Leaf senescence related,,,,
147,VIT_14s0068g00260,1076,0.5193,Serine carboxypeptidase S10,,,,
148,VIT_08s0040g03400,1072,0.5189,Short-chain dehydrogenase/reductase,,,,
149,VIT_04s0069g01120,1064,0.5173,Acyl-activating enzyme 7,E6_2_1_3,,vv10071Fatty_acid_metabolism,vv50104Group_translocators
150,VIT_18s0001g09720,1062,0.5123,S-domain receptor kinase,,,,
151,VIT_07s0129g00370,1062,0.5121,Unknown protein,,,,
152,VIT_19s0014g02670,1062,0.5113,Protein kinase CRK1 CRK1 protein(Cdc2-related kinase 1),,,,
153,VIT_01s0011g00080,1048,0.5097,Universal stress protein (USP) family protein,,,,
154,VIT_02s0012g01660,1032,0.5007,ATPase PGP2 (P-glycoprotein 2),PGP2,,vv52010ABC_transporters,
155,VIT_13s0067g02340,1026,0.4952,Proton-dependent oligopeptide transport (POT) family protein,POT,,vv50122Porters_cat_7_to_17,
156,VIT_13s0067g00730,1025,0.4937,Carboxylic ester hydrolase,E3_1_1_1,,,
157,VIT_00s0218g00100,1025,0.4930,Metal transporter Nramp6,NRAMP6,,vv50124Porters_cat_30_to_64,
158,VIT_02s0025g04430,1015,0.4922,Sugar transporter 1,STP1,,vv50121Porters_cat_1_to_6,
159,VIT_06s0004g03020,1017,0.4920,Beta-galactosidase,E3_2_1_23,,vv10052Galactose_metabolism,vv10511N-Glycan_degradation
160,VIT_11s0037g00230,1011,0.4896,Cyclic nucleotide gated channel 5,K05391_CNGC5,,vv34626Plant-pathogen_interaction,vv50101Channels_and_pores
161,VIT_14s0081g00120,1008,0.4891,fertility restorer,,,,
162,VIT_05s0062g01130,1014,0.4889,Aromatic and neutral transporter 1,ANT1,,vv50123Porters_cat_18_to_29,
163,VIT_11s0016g00590,1008,0.4877,Invertase/pectin methylesterase inhibitor,PMEI,,vv40006Cell_wall,
164,VIT_13s0074g00450,1001,0.4871,DEMETER protein (DME),,,,
165,VIT_15s0045g00300,1004,0.4857,Ankyrin repeat,,,,
166,VIT_02s0025g04550,1003,0.4824,Glucose-methanol-choline (GMC) oxidoreductase,E1_1_99_1,,vv10260Glycine_serine_and_threonine_metabolism,
167,VIT_08s0007g03920,995,0.4802,DEMETER protein (DME),,,,
168,VIT_19s0090g00710,994,0.4802,No hit,,,,
169,VIT_04s0079g00200,989,0.4799,Auxin response factor 8,ARF8_2,,vv30003Auxin_signaling,vv60004ARF
170,VIT_18s0001g05480,993,0.4788,Unknown protein,,,,
171,VIT_05s0049g00010,994,0.4786,Cellulose synthase CSLG2,E2_4_1_12_CSLG2,,vv40006Cell_wall,
172,VIT_08s0056g00240,987,0.4773,Unknown protein,,,,
173,VIT_18s0041g01520,979,0.4759,TIR-NBS-LRR-TIR disease resistance protein,,,,
174,VIT_13s0067g02910,967,0.4681,Non-specific lipid-transfer protein,,,,
175,VIT_17s0053g00590,973,0.4673,Kinase interacting protein,,,,
176,VIT_13s0047g00360,953,0.4615,6-hydroxyisobutyryl-coenzyme A hydrolase,E3_1_2_4,,vv10280Valine_leucine_and_isoleucine_degradation,vv10410Beta-alanine_metabolism
177,VIT_13s0106g00060,933,0.4542,Ankyrin repeat,,,,
178,VIT_12s0057g00930,942,0.4540,Hydroxycinnamoyl-CoA:shikimate hydroxycinnamoyltransferase,E2_3_1_133,,vv10940Phenylpropanoid_biosynthesis,
179,VIT_11s0016g04160,943,0.4529,Sulfate transporter 3.5,SULTR3_5,,vv50124Porters_cat_30_to_64,
180,VIT_13s0067g01570<br>VIT_13s0067g01640,933,0.4516,
181,VIT_00s0218g00220,932,0.4511,UDP-glucoronosyl/UDP-glucosyl transferase,,,,
182,VIT_01s0011g04740,927,0.4493,LPR1 (Low Phosphate Root1) multicopper oxidase,,,,
183,VIT_08s0007g03710,931,0.4491,ABC transporter G member 22,ABCG22,,vv52010ABC_transporters,
184,VIT_02s0025g04620,923,0.4489,Phospholipase D beta 1,PLDB1,,vv10564Glycerophospholipid_metabolism,vv10565Ether_lipid_metabolism
185,VIT_19s0014g02360,916,0.4442,Phytosulfokine receptor precursor,,,,
186,VIT_06s0004g06240,909,0.4419,Zinc finger (C2H2 type) family,C2H2FAM_31,,vv60017C2H2,
187,VIT_00s0194g00340,909,0.4413,No hit,,,,
188,VIT_19s0014g04900,909,0.4406,(-)-germacrene D synthase,E4_2_3_22,,vv10900Terpenoid_biosynthesis,
189,VIT_15s0021g00450,912,0.4404,Unknown protein,,,,
190,VIT_06s0061g00700,906,0.4400,Auxin-regulated protein,AUXREG,,vv30003Auxin_signaling,
191,VIT_18s0001g09730,911,0.4395,S-domain receptor kinase,,,,
192,VIT_05s0094g00230,909,0.4383,Chitinase 5,E3_2_1_14,,vv10530Aminosugars_metabolism,
193,VIT_12s0059g01870,909,0.4374,GH3-like protein,AUXINBIOSYNTHESIS_GH3,,vv11002Auxin_biosynthesis,
194,VIT_09s0002g02330,901,0.4370,Nucleosome/chromatin assembly factor group A,,,,
195,VIT_06s0004g07100,887,0.4327,Translation initiation factor eIF-2 alpha subunit,K03237,,vv23013RNA_transport,
196,VIT_06s0004g06070,892,0.4311,Unknown protein,,,,
197,VIT_04s0023g01110,877,0.4272,PQ-loop repeat protein,,,,
198,VIT_04s0008g01250,890,0.4271,Unknown,,,,
199,VIT_18s0001g11160,872,0.4227,Unknown protein,,,,
200,VIT_04s0008g01800,860,0.4177,Myb domain protein 7,MYB7_3,MYBPA7,vv60044MYB,
201,VIT_01s0011g03860,859,0.4154,RKL1 (Receptor-like kinase 1),,,,
202,VIT_06s0004g08180,860,0.4153,Translation initiation factor eIF-2 beta subunit,K03238,,vv23013RNA_transport,
203,VIT_07s0031g00500,860,0.4137,Subtilase,ARA12,,vv50101Channels_and_pores,
204,VIT_16s0050g01950,850,0.4128,Disease resistance family protein / LRR family,,,,
205,VIT_18s0001g10830,840,0.4052,Patatin,,,,
206,VIT_18s0001g05250,832,0.4019,DREB sub A-6 of ERF/AP2 transcription factor (RAP2.4),RAP2_4_1,VvERF004,vv30008Ethylene_signaling,vv60003AP2_EREBP
207,VIT_00s0375g00030,825,0.3987,Alpha-galactosidase,E3_2_1_22,,vv10052Galactose_metabolism,vv10561Glycerolipid_metabolism
208,VIT_18s0001g00560,826,0.3965,Alpha-amylase / 1 4-alpha-D-glucan glucanohydrolase,E3_2_1_1,,vv10500Starch_and_sucrose_metabolism,
209,VIT_10s0116g00190,820,0.3958,Homeobox protein shoot MERISTEMLESS (STM),STM_1,VvHB39,vv50004Auxin_transport,vv60034HB
210,VIT_09s0054g00430,817,0.3955,Unknown protein,,,,
211,VIT_01s0010g03850,813,0.3914,Calmodulin-binding protein,CMTA4,,vv60020CAMTA,
212,VIT_06s0009g01380,802,0.3871,Ethylene-insensitive 3 (EIN3),EIN3_2,,vv30001ABA_signaling,vv30008Ethylene_signaling
213,VIT_14s0066g00300,805,0.3868,Unknown,,,,
214,VIT_18s0072g01010,798,0.3859,Peptide chain release factor eRF subunit 1,K03265,,vv23015mRNA_surveillance_pathway,
215,VIT_07s0005g03310,791,0.3844,Cofilin,K05765,,vv44810Regulation_of_actin_cytoskeleton,
216,VIT_00s0227g00070,794,0.3839,Sialidase BNR/Asp-box repeat family protein,,,,
217,VIT_14s0030g00960,791,0.3818,R protein MLA10,K13475,,vv34627R_proteins_from_Plant-pathogen_interaction,
218,VIT_03s0091g00040,766,0.3702,Limonoid UDP-glucosyltransferase,E2_4_1_120,,vv10940Phenylpropanoid_biosynthesis,
219,VIT_13s0019g02880,764,0.3687,UDP-glucoronosyl/UDP-glucosyl transferase,,,,
220,VIT_12s0035g00010,763,0.3672,DNA (cytosine-5)-methyltransferase (ATHIM),E2_1_1_37,,vv10271Methionine_metabolism,
221,VIT_10s0003g00600,761,0.3646,Lipase GDSL,,,,
222,VIT_13s0067g01780,749,0.3634,Histidine acid phosphatase,E3_1_3_2,,vv10740Riboflavin_metabolism,
223,VIT_04s0008g06300,749,0.3620,Leucine-rich repeat family,,,,
224,VIT_00s0399g00020,744,0.3584,Protease inhibitor/seed storage/lipid transfer protein (LTP),,,,
225,VIT_14s0066g00480,742,0.3581,Heterogeneous nuclear ribonucleoprotein A1/A3,K12741,,vv23040Spliceosome,
226,VIT_11s0016g02900,744,0.3577,Leucine-rich repeat family protein / extensin,EXTENSIN,,vv40006Cell_wall,
227,VIT_10s0116g00350,737,0.3572,Unknown protein,,,,
228,VIT_04s0023g03710,733,0.3539,Myb domain protein 4,MYB4_1,MYB4B,vv60044MYB,
229,VIT_05s0020g01280,734,0.3539,Wound-responsive protein,,,,
230,VIT_16s0050g00830,733,0.3538,Beta-ketoacyl-CoA synthase,E2_3_1_41,,vv10061Fatty_acid_biosynthesis,
231,VIT_17s0000g01700,733,0.3534,Leucine-rich repeat transmembrane protein kinase,,,,
232,VIT_19s0014g05000,732,0.3531,Zinc finger (C2H2 type) family,C2H2FAM_16,,vv60017C2H2,
233,VIT_07s0005g05030,729,0.3517,CLIP-associating protein (CLASP),,,,
234,VIT_05s0020g00890,726,0.3514,P-glycoprotein 11,PGP11,,vv52010ABC_transporters,
235,VIT_11s0065g00170,725,0.3513,Squamosa promoter-binding protein 2 (SPL2),SPL2_3,,vv60055SBP,
236,VIT_12s0028g01850,723,0.3483,Receptor kinase TRKe,,,,
237,VIT_17s0000g05370,713,0.3428,MYC ZCW32 (bigpetal  bigpetalub),ZCW32_1,,vv60011BHLH,
238,VIT_09s0018g01950,705,0.3406,Cellulose synthase CSLC05,E2_4_1_12_CSLC05,,vv40006Cell_wall,
239,VIT_09s0002g03140,704,0.3394,Lipase GDSL,,,,
240,VIT_06s0004g06690,701,0.3390,Ribosomal protein S18 30S,K02963,,vv23010Ribosome,
241,VIT_19s0015g00300,701,0.3372,KCO1 (two pore K channel),K05389_KCO1,,vv50101Channels_and_pores,
242,VIT_05s0062g00820,675,0.3280,Unknown protein,,,,
243,VIT_17s0000g05000,678,0.3275,SEPALLATA1,SEPALLATA1_1,,vv30009Flower_development,vv60042MADS
244,VIT_13s0019g03660,677,0.3271,Unknown protein,,,,
245,VIT_08s0058g00520,674,0.3240,Dehydration-responsive element-binding protein 2E,DREB2E,VvERF038,vv30008Ethylene_signaling,vv60003AP2_EREBP
246,VIT_14s0068g00160,671,0.3220,No hit,,,,
247,VIT_06s0004g03210,663,0.3203,Unknown,,,,
248,VIT_05s0062g01200,658,0.3196,Unknown,,,,
249,VIT_04s0023g03650,661,0.3186,Galactose mutarotase-like,E5_1_3_3,,vv10010Glycolysis,
250,VIT_12s0034g02560,646,0.3124,DNA (cytosine-5)-methyltransferase (ATHIM),E2_1_1_37,,vv10271Methionine_metabolism,
251,VIT_18s0122g00220,646,0.3124,Phosphodiesterase/alkaline phosphatase D,E3_1_4_1,,,
252,VIT_10s0003g04320,646,0.3124,PINOID,PINOID,,vv50004Auxin_transport,vv50125Porters_cat_66_to_94
253,VIT_07s0104g00090,631,0.3041,Transparent testa 8 TT8,TT8,,vv60011BHLH,
254,VIT_08s0007g03660,621,0.2991,CYP94C9,,,,
255,VIT_06s0080g00760,622,0.2986,Unknown protein,,,,
256,VIT_13s0067g01930,612,0.2962,Unknown protein,,,,
257,VIT_14s0083g00700,607,0.2937,BZIP transcription factor BZIP42,BZIP42,VvbZIP39,vv60012BZIP,
258,VIT_10s0003g00420,605,0.2913,Auxin response factor 3,ARF3_2,,vv30003Auxin_signaling,vv60004ARF
259,VIT_06s0009g02740,602,0.2887,Pentatricopeptide (PPR) repeat-containing protein,,,,
260,VIT_06s0061g00620,594,0.2875,Short-chain dehydrogenase carbonyl reductase 3,,,,
261,VIT_15s0048g00550,592,0.2868,Abnormal floral organs,AFO_2,,vv60019C2C2-YABBY,
262,VIT_14s0066g00400,590,0.2856,Chalcone isomerase,E5_5_1_6,,vv10941Flavonoid_biosynthesis,
263,VIT_13s0139g00230,590,0.2846,R protein disease resistance protein,RPROT,,vv34627R_proteins_from_Plant-pathogen_interaction,
264,VIT_15s0021g01350,586,0.2845,Transducin family protein / WD-40 repeat,,,,
265,VIT_00s0357g00060<br>VIT_00s0357g00080<br>VIT_00s0556g00020<br>VIT_00s0895g00010,585,0.2841,
266,VIT_01s0011g02330,588,0.2832,Unknown protein,,,,
267,VIT_05s0077g02270,583,0.2814,Unknown protein,,,,
268,VIT_16s0098g01740,586,0.2800,Unknown protein,,,,
269,VIT_07s0031g01270,576,0.2776,Ring-H2 finger A2A,RHA2A,,vv60078Other_zf-C3HC4,
270,VIT_08s0007g09000,572,0.2765,Glycerol-3-phosphate dehydrogenase,E1_1_1_8,,vv10564Glycerophospholipid_metabolism,
271,VIT_17s0000g01000,573,0.2760,Amino acid-binding ACT,,,,
272,VIT_11s0206g00100,573,0.2753,Unknown protein,,,,
273,VIT_03s0038g03810,560,0.2713,Serine/threonine Protein kinase BNK1,,,,
274,VIT_18s0001g08410,555,0.2702,Homeobox-leucine zipper protein 22,HAT22_2,VvHB64,vv60034HB,
275,VIT_03s0038g03540,552,0.2676,LYS/HIS transporter 7 LHT7,LHT7,,vv50123Porters_cat_18_to_29,
276,VIT_00s0187g00200,557,0.2675,Unknown protein,,,,
277,VIT_16s0050g01900,553,0.2674,Leucine-rich repeat protein kinase,,,,
278,VIT_19s0085g00660,552,0.2658,No hit,,,,
279,VIT_17s0000g02700,552,0.2653,Alpha-dioxygenase 2,K10529,,vv10592alpha-Linolenic_acid_metabolism,
280,VIT_18s0001g10270,542,0.2615,Basic helix-loop-helix protein SPATULA,SPATULA_1,,vv60011BHLH,
281,VIT_05s0029g01540,544,0.2609,Ankyrin repeat,K10380,,vv50108Accessory_factors_involved_in_transport,
282,VIT_01s0011g01940,536,0.2604,Unknown protein,,,,
283,VIT_10s0003g02120,533,0.2596,Lipase GDSL,,,,
284,VIT_14s0068g00330,535,0.2595,PTF1 (plastid transcription factor 1) TCP13,PTF1,,vv60061TCP,
285,VIT_06s0009g01780,533,0.2579,Cytochrome P450  family 79  subfamily A  polypeptide 2,K12153,,vv10966Glucosinolate_biosynthesis,
286,VIT_18s0001g05770,529,0.2565,Protein phosphatase methylesterase 1,K01066,,vv10650Butanoate_metabolism,
287,VIT_13s0074g00390,529,0.2565,CYP77A2,,,,
288,VIT_14s0219g00170,524,0.2528,Zinc finger (CCCH-type) family protein,CCCHFAM_19,,vv60018C3H,
289,VIT_05s0077g00670,523,0.2508,Unknown protein,,,,
290,VIT_00s0522g00010<br>VIT_00s0266g00010<br>VIT_00s0372g00070<br>VIT_00s0372g00080<br>VIT_00s0572g00010<br>VIT_00s0372g00040<br>VIT_00s0847g00020<br>VIT_00s0572g00020,516,0.2500,
291,VIT_12s0142g00640,515,0.2488,FLS2 (flagellin-sensitive 2),K13420,,vv34626Plant-pathogen_interaction,
292,VIT_13s0067g02390,505,0.2442,Unknown,,,,
293,VIT_08s0007g00850,501,0.2439,EFR (EF-TU receptor),K13428,,vv34626Plant-pathogen_interaction,
294,VIT_18s0001g06580,508,0.2439,Plastocyanin domain-containing protein,K02638,,vv10195Photosynthesis,vv50113Thylakoid_targeting_pathway
295,VIT_11s0016g01460,500,0.2422,BRXL4 (Brevis radix like 4),,,,
296,VIT_13s0019g05230,497,0.2415,NAC domain-containing protein50,NAC050,VvNAC21,vv60046NAC,
297,VIT_03s0110g00100,501,0.2411,CYP86A8,,,,
298,VIT_03s0063g01890,498,0.2410,Ring-H2 finger protein ATL3G,,,,
299,VIT_12s0034g01860,489,0.2371,Phosphogluconate dehydrogenase,E1_1_1_44,,vv10030Pentose_phosphate,
300,VIT_02s0012g02030,491,0.2371,Homeobox-7,VVHB7_1,VvHB09,vv60034HB,
301,VIT_04s0043g00850,493,0.2369,Unknown protein,,,,
302,VIT_09s0002g00450,491,0.2365,Subtilase,,,,
303,VIT_06s0080g00350,480,0.2330,Myo-inositol-1-phosphate synthase,E5_5_1_4,,vv10562Inositol_phosphate_metabolism,
304,VIT_13s0084g00130,482,0.2329,CXE carboxylesterase,E3_1_1_1,,,
305,VIT_16s0098g01830,480,0.2319,Transcription factor jumonji (jmjC) domain-containing protein,JMJD1B_3,,vv60038Jumonji,
306,VIT_06s0009g00760,473,0.2292,HcrVf1 protein,,,,
307,VIT_18s0041g00840,475,0.2286,UDP-glucose: anthocyanidin 5 3-O-glucosyltransferase,E2_4_1_238,,vv10941Flavonoid_biosynthesis,vv10942Anthocyanin_biosynthesis
308,VIT_01s0137g00720,469,0.2271,Lipase GDSL,,,,
309,VIT_17s0000g02010,472,0.2270,Atypical receptor kinase MARK,,,,
310,VIT_15s0024g00980,472,0.2268,Amidase,E3_5_1_4,,vv10220Urea_cycle_and_metabolism_of_amino_groups,vv10360Phenylalanine_metabolism
311,VIT_18s0001g10040,467,0.2267,LRX1 (leucine-rich repeat/extensin 1),EXTENSIN,,vv40006Cell_wall,
312,VIT_02s0025g02620,465,0.2257,BDG1 (BODYGUARD1) hydrolase,,,,
313,VIT_00s0373g00020,464,0.2254,HSL2 (HAESA-like 2),,,,
314,VIT_08s0007g03600,461,0.2229,KCBP- interacting  protein kinase,,,,
315,VIT_10s0092g00150,458,0.2218,Patatin protein 3,,,,
316,VIT_13s0067g01590,456,0.2215,Lectin protein kinase,,,,
317,VIT_01s0150g00300,461,0.2211,Indole-3-acetic acid amido synthetase,AUXINBIOSYNTHESIS_GH3,,vv11002Auxin_biosynthesis,
318,VIT_13s0084g00820,451,0.2198,Pepsin A,,,,
319,VIT_05s0020g01240,454,0.2195,Geranylgeranyl pyrophosphate synthase,E2_5_1_29,,vv10100Biosynthesis_of_steroids,vv10900Terpenoid_biosynthesis
320,VIT_11s0016g03800,453,0.2193,No hit,,,,
321,VIT_07s0005g02480,452,0.2179,Myb domain protein 61,MYB61_1,MYB55A,vv60044MYB,
322,VIT_18s0001g11120,447,0.2153,Ternary complex factor MIP1,,,,
323,VIT_07s0031g01200,441,0.2126,RNase L inhibitor protein,,,,
324,VIT_05s0020g04150,438,0.2119,Emp24/gp25L/p24,EMP24,,vv50110Protein_coat,
325,VIT_18s0001g01320,438,0.2116,Wall-associated receptor kinase 5,,,,
326,VIT_18s0041g00720,437,0.2106,No hit,,,,
327,VIT_08s0007g08380,434,0.2099,Cellulose synthase CESA3,E2_4_1_12_CESA3,,vv30011Jasmonate_signaling,vv40006Cell_wall
328,VIT_03s0038g00790,433,0.2093,V-type H+-transporting ATPase 16kDa proteolipid subunit,K02155,,vv10190Oxidative_phosphorylation,vv44145Phagosome
329,VIT_13s0019g02860,430,0.2083,UDP-glucoronosyl and UDP-glucosyl transferase,,,,
330,VIT_00s0984g00010,430,0.2076,Phosphoglycerate mutase,E5_4_2_1,,vv10010Glycolysis,
331,VIT_08s0007g02030,427,0.2075,AUX1 protein,AUX1,,vv50004Auxin_transport,vv50123Porters_cat_18_to_29
332,VIT_18s0166g00080,428,0.2061,ABC transporter G member 4,K05680,,vv52010ABC_transporters,
333,VIT_16s0050g01930,425,0.2042,EIX receptor 2,,,,
334,VIT_13s0067g00810,415,0.2007,R protein  PRF  disease resistance protein,K13453,,vv34627R_proteins_from_Plant-pathogen_interaction,
335,VIT_13s0019g04260,408,0.1982,Monoglyceride lipase,E3_1_1_23,,vv10561Glycerolipid_metabolism,
336,VIT_07s0151g00510,408,0.1982,GCN5 N-acetyltransferase (GNAT),GCN5_22,,vv60082GNAT,
337,VIT_01s0137g00820,404,0.1945,Phototropic-responsive NPH3,,,,
338,VIT_14s0068g00030,399,0.1932,feronia receptor-like kinase,,,,
339,VIT_10s0003g02450,393,0.1920,flavonol synthase,E1_14_11_23,,vv10941Flavonoid_biosynthesis,
340,VIT_06s0004g06820,394,0.1896,Unknown protein,,,,
341,VIT_01s0150g00220,390,0.1878,Unknown protein,,,,
342,VIT_18s0041g00730,388,0.1874,Peptide chain release factor eRF subunit 1,K03265,,vv23015mRNA_surveillance_pathway,
343,VIT_10s0042g01040,386,0.1858,CYP714A1,,,,
344,VIT_13s0106g00070,370,0.1793,Ankyrin repeat protein,K10380,,vv50108Accessory_factors_involved_in_transport,
345,VIT_09s0018g01650,367,0.1788,Wrinkled1 (AP2/ERBP),WRINKLED1_1,VvAP2-06,vv30008Ethylene_signaling,vv60003AP2_EREBP
346,VIT_06s0004g03300,368,0.1786,2' 3'-cyclic-nucleotide 3'-phosphodiesterase,,,,
347,VIT_17s0000g03430,368,0.1780,Adaptor-related protein complex 3  delta 1 sub,AP3D1,,vv50110Protein_coat,
348,VIT_14s0006g02290,368,0.1778,DREB sub A-4 of ERF/AP2 transcription factor,TINY_2,VvERF028,vv30008Ethylene_signaling,vv60003AP2_EREBP
349,VIT_03s0038g01480,366,0.1772,Beta-fructofuranosidase,E3_2_1_26,,vv10052Galactose_metabolism,vv10500Starch_and_sucrose_metabolism
350,VIT_08s0007g03990,362,0.1748,Cellulose synthase CSLA09,E2_4_1_12_CSLA09,,vv40006Cell_wall,
351,VIT_04s0023g01170,356,0.1731,Unknown protein,,,,
352,VIT_16s0039g00900,356,0.1716,CYP89A28,,,,
353,VIT_05s0020g03770,357,0.1713,Inositol polyphosphate 5'-phosphatase,E3_1_3_56,,vv10562Inositol_phosphate_metabolism,vv34070Phosphatidylinositol_signaling_system
354,VIT_11s0016g04570,357,0.1711,RKL1 (Receptor-like kinase 1),,,,
355,VIT_08s0007g02280,353,0.1702,Phospholipase C,E3_1_4_3,,vv10260Glycine_serine_and_threonine_metabolism,vv10562Inositol_phosphate_metabolism
356,VIT_16s0100g00670,352,0.1700,Homeodomain GLABROUS1,HDG1_2,VvHB55,vv60034HB,
357,VIT_09s0002g01650,350,0.1699,5'-nucleotidase surE,E3_1_3_5,,vv10230Purine_metabolism,vv10240Pyrimidine_metabolism
358,VIT_02s0012g00660,349,0.1673,Calcium-binding EF-hand,,,,
359,VIT_18s0122g00780,345,0.1661,Inorganic phosphate transporter,PHT1_9,,vv50121Porters_cat_1_to_6,
360,VIT_19s0014g02240,340,0.1650,Ethylene responsive element binding factor 4,ERF4_1,VvERF063,vv60003AP2_EREBP,
361,VIT_08s0056g01100,344,0.1650,MATE efflux family protein,MATE,,vv50125Porters_cat_66_to_94,
362,VIT_06s0004g08290,340,0.1646,KH domain-containing protein,,,,
363,VIT_05s0020g04440,320,0.1554,Unknown protein,,,,
364,VIT_11s0016g01320,317,0.1538,Myb domain protein 13,MYB13,MYBPA2,vv60044MYB,
365,VIT_03s0063g01480,318,0.1533,CYP82C4,,,,
366,VIT_14s0066g01340,315,0.1520,DNA-binding protein,,,,
367,VIT_07s0104g00820,312,0.1507,Bystin,,,,
368,VIT_18s0089g00510,311,0.1506,Isopentenyltransferase 1,E2_5_1_27,,vv10908Zeatin_biosynthesis,
369,VIT_03s0038g02170,309,0.1499,Thaumatin,,,,
370,VIT_05s0062g01120,303,0.1462,PIN1,PIN1,,vv50004Auxin_transport,vv50125Porters_cat_66_to_94
371,VIT_10s0003g03750,297,0.1436,9-cis-epoxycarotenoid dioxygenase 2,E1_13_11_51,,vv10906Carotenoid_biosynthesis,vv11013ABA_biosynthesis
372,VIT_04s0023g02230,298,0.1431,S-adenosyl-L-methionine:salicylic acid carboxyl methyltransferase,SAMTBSCMT,,vv10360Phenylalanine_metabolism,
373,VIT_09s0002g06990,293,0.1412,Phosphatidic acid phosphatase / PAP2,E3_1_3_4,,vv10561Glycerolipid_metabolism,vv10564Glycerophospholipid_metabolism
374,VIT_02s0033g01050,293,0.1411,Anthraniloyal-CoA: methanol anthraniloyal transferase,AMAT,,vv10400Phenylalanine_tyrosine_and_tryptophan_biosynthesis,
375,VIT_07s0104g01150,286,0.1393,RNA-binding protein,,,,
376,VIT_16s0098g00410,282,0.1371,Receptor kinase homolog LRK10,,,,
377,VIT_18s0001g00470,284,0.1369,Monocopper oxidase SKS5 (SKU5 Similar 5),SKS5,,vv50109Incompletely_characterized_transport_systems,
378,VIT_09s0002g03940,282,0.1364,AP2/EREBP transcription factor,TINY2_1,VvERF034,vv30008Ethylene_signaling,vv60003AP2_EREBP
379,VIT_01s0011g00790,280,0.1361,DnaJ homolog  subfamily C  member 2 gonidia forming protein GlsA,K09522_1,,vv50132Primary_active_transporter_cat_A5_to_A8,vv60045MYBrelated
380,VIT_16s0098g01890,281,0.1353,Phosphatidylinositol 3- and 4-kinase / ubiquitin,,,,
381,VIT_09s0002g05560,279,0.1352,ABC transporter g family pleiotropic drug resistance 12 PDR12,ABCGPDR12,,vv52010ABC_transporters,
382,VIT_18s0001g01730,277,0.1337,Shikimate kinase,E2_7_1_71,,vv10400Phenylalanine_tyrosine_and_tryptophan_biosynthesis,
383,VIT_00s0335g00050,274,0.1324,S-receptor kinase 1,,,,
384,VIT_08s0007g07690,272,0.1323,Polygalacturonase inhibiting protein PGIP1,PGIP,,,
385,VIT_08s0007g03150,272,0.1322,Pentatricopeptide (PPR) repeat-containing protein,,,,
386,VIT_06s0009g03650,272,0.1308,Permease nonimprinted in Prader-Willi/Angelman,NIPA,,vv50122Porters_cat_7_to_17,
387,VIT_01s0011g05200,268,0.1298,Phosphoethanolamine N-methyltransferase 1,E2_1_1_103,,vv10564Glycerophospholipid_metabolism,
388,VIT_04s0043g00560,263,0.1279,DD1A protein,,,,
389,VIT_03s0063g01600,262,0.1271,No hit,,,,
390,VIT_12s0057g00590,260,0.1269,Vacuolar protein sorting 11 (VPS11),VPS11,,vv50111Tethering_factors,
391,VIT_11s0052g00530,262,0.1267,Zinc-binding protein,,,,
392,VIT_03s0088g00270,258,0.1248,No hit,,,,
393,VIT_01s0011g00130,258,0.1246,Squamosa promoter-binding protein 6 (SPL6),SPL6_1,,vv60055SBP,
394,VIT_09s0002g02370,254,0.1231,Pentatricopeptide (PPR) repeat-containing,,,,
395,VIT_14s0068g01520,254,0.1230,Double-stranded RNA-binding (DsRBD) domain-containing protein,,,,
396,VIT_07s0104g01320,253,0.1223,Transport inhibitor response 1,TIR1,,vv30003Auxin_signaling,
397,VIT_10s0003g01960,248,0.1199,RKF1 (receptor-like kinase in flowers 1),,,,
398,VIT_14s0030g00220,249,0.1194,Sugar transporter ERD6-like 5,ERD6L5,,vv50121Porters_cat_1_to_6,
399,VIT_14s0060g02370,244,0.1179,DegP protease,E3_4_21_107,,,
400,VIT_01s0011g04690,242,0.1165,Pentatricopeptide (PPR) repeat-containing protein,,,,
401,VIT_08s0040g02450,241,0.1164,Unknown protein,,,,
402,VIT_03s0038g02120,238,0.1153,Armadillo/beta-catenin repeat,,,,
403,VIT_11s0016g02830,238,0.1153,Gamma-glutamyltranspeptidase,E2_3_2_2,,vv10272Cysteine_metabolism,vv10450Selenoamino_acid_metabolism
404,VIT_10s0003g04100,238,0.1151,Auxin response factor 3,ARF3_1,,vv30003Auxin_signaling,vv60004ARF
405,VIT_14s0068g00130<br>VIT_14s0068g00110<br>VIT_14s0068g00120,236,0.1138,
406,VIT_00s0361g00040,234,0.1133,Anthocyanidin reductase,E1_3_1_77,,vv10941Flavonoid_biosynthesis,
407,VIT_12s0035g00300,234,0.1132,Carbohydrate transmembrane transporter SFP1,SFP1,,vv50121Porters_cat_1_to_6,
408,VIT_00s0220g00110,231,0.1127,Acetolactate synthase small subunit,E2_2_1_6,,vv10290Valine_leucine_and_isoleucine_biosynthesis,vv10650Butanoate_metabolism
409,VIT_12s0059g00240,232,0.1118,Epoxide hydrolase,E3_3_2_10,,,
410,VIT_03s0038g02380,230,0.1114,RAC G-protein Rac1,RAC1,,vv34020Calcium_signaling_pathway,
411,VIT_05s0020g04120,230,0.1110,DnaJ homolog  subfamily A  member 1,K09502,,vv50132Primary_active_transporter_cat_A5_to_A8,
412,VIT_17s0000g04260,228,0.1099,Universal stress protein (USP) family protein,,,,
413,VIT_15s0046g01960,227,0.1097,Hydroquinone glucosyltransferase,E2_4_1_218,,vv10500Starch_and_sucrose_metabolism,
414,VIT_18s0001g04870,227,0.1093,(-)-germacrene D synthase,E4_2_3_22,,vv10900Terpenoid_biosynthesis,
415,VIT_18s0001g14910,226,0.1091,Mannitol dehydrogenase,E1_1_1_67,,vv10051Fructose_and_mannose_metabolism,
416,VIT_18s0001g13790,222,0.1078,Cytochrome P450  family 83  subfamily B  polypeptide 1,K11818,,vv10966Glucosinolate_biosynthesis,
417,VIT_01s0010g01870,224,0.1078,Salicylic acid-induced fragment 1 protein,,,,
418,VIT_17s0000g08710,220,0.1067,KNAT2 (knotted1-like homeobox gene 6),KNAT6_3,VvHB59,vv60034HB,
419,VIT_04s0008g01030,220,0.1064,Unknown protein,,,,
420,VIT_08s0040g02820,220,0.1061,Unknown protein,,,,
421,VIT_13s0019g01690,214,0.1043,Ubiquitin-specific protease 24 (UBP24),,,,
422,VIT_05s0020g03650,210,0.1019,Unknown protein,,,,
423,VIT_14s0030g01870,211,0.1018,NIMA protein kinase,K08857,,,
424,VIT_09s0054g01370,209,0.1006,Beta-amyrin synthase,E5_4_99_BAS,,vv10900Terpenoid_biosynthesis,
425,VIT_12s0134g00410,207,0.0998,frataxin protein,FRATAXIN,,vv50109Incompletely_characterized_transport_systems,
426,VIT_04s0008g02180,206,0.0995,BRCT domain-containing protein,,,,
427,VIT_06s0080g00830,204,0.0993,Unknown protein,,,,
428,VIT_04s0008g01850,203,0.0982,Trihelix DNA-binding protein (GT2),GT2_2,,vv60062Trihelix,
429,VIT_07s0129g00990,198,0.0959,Protein kinase,,,,
430,VIT_14s0068g00840,197,0.0954,RBR1 (retinoblastoma-related 1),RBR1_1,,vv44110Cell_cycle,vv60051RB
431,VIT_08s0058g01340,196,0.0953,Leucine-rich repeat transmembrane protein kinase,,,,
432,VIT_18s0001g11290,194,0.0938,Signal peptidase 1,K03100,,vv23060Protein_export,vv50132Primary_active_transporter_cat_A5_to_A8
433,VIT_15s0046g03190,194,0.0934,Myb domain protein 17,MYB17_2,MYB17A,vv60044MYB,
434,VIT_12s0059g00960,189,0.0921,Cellulose synthase CSLB04,E2_4_1_12_CSLB04,,vv40006Cell_wall,
435,VIT_12s0028g00310,186,0.0901,Protein kinase family,,,,
436,VIT_01s0011g03550,185,0.0899,Unknown,,,,
437,VIT_12s0059g02310,183,0.0881,PDF2 (protodermal factor2),PDF2_4,VvHB44,vv60034HB,
438,VIT_18s0001g10420,179,0.0866,Remorin,,,,
439,VIT_18s0001g02000,178,0.0861,Zinc finger (C2H2 type) family,C2H2FAM_9,,vv60017C2H2,
440,VIT_18s0001g04520,177,0.0858,No hit,,,,
441,VIT_00s0211g00040,177,0.0851,Nodulation receptor kinase,,,,
442,VIT_12s0057g01030,173,0.0839,Glucose-6-phosphate 1-dehydrogenase 2  chloroplast precursor,E1_1_1_49,,vv10030Pentose_phosphate,vv10480Glutathione_metabolism
443,VIT_01s0011g05320,170,0.0824,Thaumatin,,,,
444,VIT_18s0001g11100,169,0.0813,Serine carboxypeptidase,,,,
445,VIT_03s0017g01660,167,0.0810,Scarecrow transcription factor 23 (SCL23),SCL23_3,,vv60032GRAS,
446,VIT_04s0008g01810,166,0.0804,Myb domain protein 4,MYB4_9,MYBPA8,vv60044MYB,
447,VIT_07s0129g00360,164,0.0793,Peroxidase 73,E1_11_1_7,,vv10360Phenylalanine_metabolism,vv10680Methane_metabolism
448,VIT_04s0008g00870,159,0.0769,Phosphoethanolamine/phosphocholine phosphatase,E3_1_3_75,,vv10564Glycerophospholipid_metabolism,
449,VIT_14s0128g00210,159,0.0761,Xyloglucanase inhibitor,,,,
450,VIT_09s0002g05110,156,0.0755,EMB2753,,,,
451,VIT_06s0004g07960,156,0.0753,Glucose-6-phosphate/phosphate translocator,G6PPTR,,vv50122Porters_cat_7_to_17,
452,VIT_06s0004g07670,156,0.0753,Unknown protein,,,,
453,VIT_07s0104g00710,154,0.0743,Auxin-binding protein 1 (ABP1),ABP1,,vv30003Auxin_signaling,
454,VIT_07s0005g06300,153,0.0739,Phototropic-responsive NPH3,,,,
455,VIT_11s0016g02670,151,0.0731,Unknown protein,,,,
456,VIT_18s0001g08230,151,0.0729,Receptor-like protein kinase HAIKU2,,,,
457,VIT_10s0003g00330,148,0.0713,HSL1 (HAESA-like 1),,,,
458,VIT_13s0019g04940,148,0.0713,KOW domain-containing factor family protein,KOWDOM,,,
459,VIT_04s0008g05850,148,0.0712,CCR4-NOT transcription complex subunit 7/8,K12581,,vv23018RNA_degradation,
460,VIT_02s0025g00750,145,0.0704,Pinoresinol forming dirigent protein,DIRPR,,vv10940Phenylpropanoid_biosynthesis,
461,VIT_06s0009g03390,142,0.0684,No hit,,,,
462,VIT_19s0014g01470,137,0.0665,Thioredoxin TTL1 (Tetratricopetide-repeat thioredoxin-like 1),TTL1,,vv50132Primary_active_transporter_cat_A5_to_A8,
463,VIT_17s0000g09300,132,0.0638,Pentatricopeptide (PPR) repeat,,,,
464,VIT_19s0090g01050,131,0.0631,Endo-beta-1 4-glucanase,E3_2_1_4,,vv40006Cell_wall,
465,VIT_06s0061g00890,130,0.0630,Carboxypeptidase,E3_4_17_22,,,
466,VIT_14s0060g02330,129,0.0623,Actin binding formin homology 1,FH2,,vv44810Regulation_of_actin_cytoskeleton,
467,VIT_02s0012g02820,127,0.0618,Geraniol 10-hydroxylase,G10H,,vv10902Monoterpenoid_biosynthesis,
468,VIT_02s0025g03200,127,0.0615,Dehydration-responsive protein,,,,
469,VIT_01s0011g05260,127,0.0611,DELLA protein GAI1,GAI1_3,,vv30009Flower_development,vv30010Gibberellin_signaling
470,VIT_00s0256g00120,126,0.0611,Unknown,,,,
471,VIT_14s0068g00290,126,0.0608,RPK1 (receptor-like protein kinase 1),,,,
472,VIT_00s0264g00090,126,0.0608,Phospholipase D delta isoform 1b,PLDG1,,vv10564Glycerophospholipid_metabolism,vv10565Ether_lipid_metabolism
473,VIT_14s0006g02140,125,0.0603,Cis-zeatin O-beta-D-glucosyltransferase,E2_4_1_215,,vv10908Zeatin_biosynthesis,
474,VIT_19s0090g00730,124,0.0603,No hit,,,,
475,VIT_03s0063g01560,124,0.0600,CYP82C1p,,,,
476,VIT_12s0057g01060,123,0.0597,Jasmonate O-methyltransferase,E2_1_1_141,,vv10592alpha-Linolenic_acid_metabolism,
477,VIT_01s0137g00240,121,0.0585,Pectate lyase,E4_2_2_2,,vv40006Cell_wall,
478,VIT_18s0001g09830,119,0.0575,TTL3 (tetratricopetide-repeat thioredoxin 3),TTL3,,vv50132Primary_active_transporter_cat_A5_to_A8,
479,VIT_18s0001g05180,117,0.0572,Beta-D-xylosidase,E3_2_1_37,,vv10500Starch_and_sucrose_metabolism,vv10520Nucleotide_sugars_metabolism
480,VIT_00s0286g00110,118,0.0571,S-locus protein kinase,,,,
481,VIT_16s0100g00620,118,0.0569,Calmodulin-binding region IQD24,,,,
482,VIT_12s0035g00100,116,0.0560,Receptor protein kinase,,,,
483,VIT_03s0063g00370,115,0.0554,Nitrite reductase,E1_7_7_1,,vv10910Nitrogen_metabolism,
484,VIT_19s0014g01900,114,0.0549,Protein transport protein Sec24,K14007,,vv24141Protein_processing_in_endoplasmic_reticulum,vv50110Protein_coat
485,VIT_16s0050g02430,112,0.0540,Receptor protein kinase,,,,
486,VIT_14s0006g03100,110,0.0534,No hit,,,,
487,VIT_07s0005g01290,111,0.0532,DnaJ homolog  subfamily C  member 7,K09527,,vv50132Primary_active_transporter_cat_A5_to_A8,
488,VIT_11s0016g03250,109,0.0529,Lachrymatory factor synthase,,,,
489,VIT_17s0000g05890,109,0.0528,Protein kinase APK1B,,,,
490,VIT_13s0067g03890,109,0.0527,Beta-ketoacyl-CoA synthase,E2_3_1_41,,vv10061Fatty_acid_biosynthesis,
491,VIT_12s0035g00890,108,0.0523,Ion channel DMI1  chloroplast precursor,DMI1,,vv50101Channels_and_pores,
492,VIT_13s0019g00460,107,0.0517,Unknown protein,,,,
493,VIT_00s0207g00010,106,0.0512,Anthranilate N-benzoyltransferase protein 1,E2_3_1_144,,vv10400Phenylalanine_tyrosine_and_tryptophan_biosynthesis,
494,VIT_01s0010g02220,105,0.0510,Zinc finger (C3HC4-type ring finger),ZFC3HC4_200,,vv60078Other_zf-C3HC4,
495,VIT_02s0025g02630,104,0.0505,Lipase GDSL,,,,
496,VIT_00s0264g00100,103,0.0494,Phospholipase D delta isoform 1b,PLDB1,,vv10564Glycerophospholipid_metabolism,vv10565Ether_lipid_metabolism
497,VIT_18s0001g06690,102,0.0492,Gibberellin 20 oxidase 2,E1_14_11_12,,vv10904Diterpenoid_biosynthesis,
498,VIT_10s0003g03960,101,0.0490,Unknown protein,,,,
499,VIT_18s0001g07850,101,0.0487,Lyase,,,,
500,VIT_05s0049g01770,100,0.0486,Translation initiation factor eIF-4E,K03259,,vv23013RNA_transport,vv34150mTOR_signaling_pathway
501,VIT_10s0003g01490,100,0.0481,NIK3 (NSP- interacting  kinase 3),,,,
502,VIT_02s0025g04120,98,0.0475,Calmodulin binding protein,,,,
503,VIT_05s0077g01390,98,0.0470,Zinc finger (C2H2 type) protein (ZFP6),ZFP6_3,,vv60017C2H2,
504,VIT_18s0041g00710,96,0.0463,UDP-glucose: anthocyanidin 5 3-O-glucosyltransferase,RHGT1,,vv10942Anthocyanin_biosynthesis,
505,VIT_02s0025g03240,96,0.0461,Protein kinase,,,,
506,VIT_18s0001g14660,95,0.0459,P-glycoprotein 13,PGP13,,vv52010ABC_transporters,
507,VIT_09s0070g00080,95,0.0458,Aquaporin NIP6;1,NIP6_1,,vv50101Channels_and_pores,
508,VIT_13s0019g02810,94,0.0450,Glucuronosyl transferase,E2_4_1_17,,vv10040Pentose_glucuronate_interconversion,vv10500Starch_and_sucrose_metabolism
509,VIT_15s0024g00960<br>VIT_05s0094g00980<br>VIT_19s0014g03980<br>VIT_14s0036g00820,92,0.0444,
510,VIT_00s0160g00220,92,0.0443,Unknown protein,,,,
511,VIT_14s0036g00290,91,0.0439,R protein disease resistance protein,RPROT,,vv34627R_proteins_from_Plant-pathogen_interaction,
512,VIT_15s0048g02520,90,0.0437,Zinc transporter (ZAT),ZAT,,vv50121Porters_cat_1_to_6,
513,VIT_14s0083g00850,90,0.0435,Lipase GDSL 7,,,,
514,VIT_00s0800g00010,90,0.0435,Alpha-1 4-glycosyltransferase,,,,
515,VIT_14s0030g00130,90,0.0435,RPS2 (resistant to p. syringae 2),K13459,,vv34626Plant-pathogen_interaction,
516,VIT_01s0011g04720,89,0.0429,Multi copper oxidase type 1,,,,
517,VIT_14s0128g00160,89,0.0427,Protein kinase CDG1,,,,
518,VIT_16s0098g01160,88,0.0423,Subtilisin protease,SBT3_5,,vv50101Channels_and_pores,
519,VIT_00s0349g00020,87,0.0423,Unknown protein,,,,
520,VIT_05s0077g01670,87,0.0420,Major cherry allergen Pru av 1.0202,,,,
521,VIT_13s0074g00240,85,0.0411,Uridylate kinase,E2_7_4_22_1,,vv10240Pyrimidine_metabolism,vv60062Trihelix
522,VIT_05s0020g02250,84,0.0405,Sugar transporter ERD6-like 16,ERD6L16,,vv50121Porters_cat_1_to_6,
523,VIT_11s0016g02050,83,0.0404,Nucleosome assembly protein (NAP1),,,,
524,VIT_14s0066g01050,83,0.0401,Glycogen synthase kinase 3 beta,K03083,,vv44110Cell_cycle,
525,VIT_07s0129g00070<br>VIT_07s0129g00150,79,0.0383,
526,VIT_03s0038g02400,79,0.0380,Protein kinase,,,,
527,VIT_14s0219g00280,78,0.0378,Glycerol-3-phosphate dehydrogenase (NAD+),E1_1_1_8,,vv10564Glycerophospholipid_metabolism,
528,VIT_11s0016g01300,76,0.0366,TT2 (transparent testa 2),TT2_4,MYBPAR,vv44110Cell_cycle,vv60044MYB
529,VIT_18s0001g04130,76,0.0365,Unknown,,,,
530,VIT_17s0053g00710,74,0.0356,Calcium-dependent protein kinase,,,,
531,VIT_10s0071g00090,73,0.0356,No hit,,,,
532,VIT_05s0124g00410,73,0.0355,UBX domain-containing protein,,,,
533,VIT_01s0026g02530,72,0.0350,Beta-1 3-galactosyltransferase,K07819,,vv10602Glycosphingolipid_biosynthesis,
534,VIT_13s0156g00540,72,0.0345,Disease resistance protein (CC-NBS-LRR class),,,,
535,VIT_17s0000g10370,71,0.0342,No hit,,,,
536,VIT_19s0014g03790,71,0.0342,Diacylglycerol kinase,E2_7_1_107,,vv10561Glycerolipid_metabolism,vv10564Glycerophospholipid_metabolism
537,VIT_00s0824g00020,70,0.0338,Basic helix-loop-helix (bHLH) family,BHLHDOM_58,,vv60011BHLH,
538,VIT_14s0060g01510,69,0.0331,Importin alpha,IMPALPHA,,vv50109Incompletely_characterized_transport_systems,vv50112Nuclear_pore_complex
539,VIT_07s0151g00010,68,0.0331,No hit,,,,
540,VIT_14s0219g00140,68,0.0327,ATP synthase mitochondrial F1 complex assembly factor 2,K07556,,,
541,VIT_06s0009g00480,67,0.0325,Aluminium-tolerance ALMT1,ALMT1,,vv50125Porters_cat_66_to_94,
542,VIT_06s0004g00210,67,0.0324,Subtilisin protease,,,,
543,VIT_07s0151g00440,66,0.0321,AP2 domain containing protein,AINTEGUMENTA_2,VvAP2-18,vv30008Ethylene_signaling,vv60003AP2_EREBP
544,VIT_12s0035g01250,66,0.0320,Disease resistance protein (NBS-LRR class),,,,
545,VIT_14s0006g01120,66,0.0319,Lipase GDSL,,,,
546,VIT_15s0021g02710,66,0.0319,Zinc finger (C2H2 type) family,C2H2FAM_24,,vv60017C2H2,
547,VIT_09s0002g03050,66,0.0319,Lipase GDSL,,,,
548,VIT_05s0020g03130,66,0.0318,Plastocyanin domain-containing protein,K02638,,vv10195Photosynthesis,vv50113Thylakoid_targeting_pathway
549,VIT_01s0011g01890,64,0.0311,Glutathione S-transferase  C-terminal,E2_5_1_18,,vv10480Glutathione_metabolism,
550,VIT_12s0034g00010,64,0.0309,No hit,,,,
551,VIT_13s0019g02500,64,0.0309,No hit,,,,
552,VIT_18s0076g00210,64,0.0309,Alpha/beta hydrolase fold,,,,
553,VIT_09s0002g03030,61,0.0296,FRK1 (FLG22-induced receptor-like kinase 1),FRK1,,vv34626Plant-pathogen_interaction,
554,VIT_07s0031g00520,60,0.0289,Unknown protein,,,,
555,VIT_14s0128g00180,59,0.0285,Zinc finger (C3HC4-type ring finger),ZFC3HC4_209,,vv60078Other_zf-C3HC4,
556,VIT_14s0066g02400,58,0.0281,Mannose-1-phosphate guanyltransferase,E2_7_7_23,,vv10530Aminosugars_metabolism,
557,VIT_03s0038g01960,58,0.0280,Proline-rich family protein,,,,
558,VIT_17s0000g03990,55,0.0268,Aspartyl protease,E3_4_23_x,,,
559,VIT_03s0038g03210,55,0.0265,Chitin elicitor-binding CEBIP LysM domain-containing,K13473,,vv34626Plant-pathogen_interaction,
560,VIT_08s0040g01190,54,0.0262,3-oxoacyl-reductase  chloroplast precursor,E1_1_1_100,,vv10061Fatty_acid_biosynthesis,vv11040Biosynthesis_of_unsaturated_fatty_acids
561,VIT_01s0010g03810,54,0.0260,No hit,,,,
562,VIT_15s0048g02820,53,0.0257,Basic helix-loop-helix (bHLH) family,BHLHDOM_3,,vv60011BHLH,
563,VIT_13s0064g01740<br>VIT_13s0064g01750,53,0.0256,
564,VIT_16s0098g01900,53,0.0256,Pectinesterase family,E3_1_1_11,,vv40006Cell_wall,
565,VIT_04s0008g04790,52,0.0253,ABC transporter g family pleiotropic drug resistance 12 PDR12,ABCGPDR12,,vv52010ABC_transporters,
566,VIT_17s0000g06270,52,0.0252,Malate dehydrogenase precursor,E1_1_1_37,,vv10020Citrate_cycle,vv10620Pyruvate_metabolism
567,VIT_15s0024g01190,52,0.0251,No hit,,,,
568,VIT_17s0000g05610,51,0.0248,Isopiperitenol dehydrogenase,E1_1_1_223,,vv10902Monoterpenoid_biosynthesis,
569,VIT_06s0004g06570,51,0.0247,Calcium/proton exchanger CAX3,K07300_CAX3,,vv50123Porters_cat_18_to_29,
570,VIT_10s0042g01010,50,0.0241,CYP714A1,,,,
571,VIT_02s0012g01180,50,0.0239,Unknown protein,,,,
572,VIT_09s0018g02100,49,0.0238,Anthocyaninless2 (ANL2),ANL2_2,,vv60034HB,
573,VIT_19s0090g01540,49,0.0238,Beta-1 2-xylosyltransferase,E2_4_2_38,,vv11030Glycan_structures-biosynthesis1,
574,VIT_14s0060g00510,48,0.0232,TPA: class III peroxidase 70 precursor,E1_11_1_7,,vv10360Phenylalanine_metabolism,vv10680Methane_metabolism
575,VIT_19s0027g00610,48,0.0232,Jasmonate O-methyltransferase,E2_1_1_141,,vv10592alpha-Linolenic_acid_metabolism,
576,VIT_05s0077g02090,48,0.0231,MATE efflux family protein,MATE,,vv50125Porters_cat_66_to_94,
577,VIT_10s0003g04990,47,0.0228,feronia receptor-like kinase,,,,
578,VIT_05s0020g03310,47,0.0228,Diamine oxidase,E1_4_3_6,,vv10220Urea_cycle_and_metabolism_of_amino_groups,vv10340Histidine_metabolism
579,VIT_17s0000g03580,47,0.0228,BEE3 (BR Enhanced expression 3),BEE3,,vv60011BHLH,
580,VIT_15s0046g02460,47,0.0227,Growth-on protein GRO11,,,,
581,VIT_11s0016g04180,47,0.0227,Coatomer protein complex  subunit beta 2,COPB2,,vv50110Protein_coat,
582,VIT_14s0128g00480,46,0.0224,Translation initiation factor eIF-3 subunit 1,K03245,,vv23013RNA_transport,
583,VIT_02s0012g01940,46,0.0223,Myb KAN2 (KANADI 2),KANADI2_1,,vv60029G2-like,
584,VIT_05s0062g00480<br>VIT_05s0062g00610,45,0.0217,
585,VIT_10s0092g00370,43,0.0208,CYP71D7,E1_14_13_73,,vv10902Monoterpenoid_biosynthesis,
586,VIT_01s0137g00170,43,0.0207,B-keto acyl reductase,,,,
587,VIT_18s0166g00220,40,0.0194,No hit,,,,
588,VIT_15s0021g02510,39,0.0189,GATA transcription factor 2,GATA2,,vv60016C2C2-GATA,
589,VIT_18s0001g08610,39,0.0189,AP2-like AINTEGUMENTA-like,AINTEGUMENTA_4,VvAP2-19,vv30008Ethylene_signaling,vv60003AP2_EREBP
590,VIT_06s0009g03350,39,0.0188,Phosphatidylglycerol specific phospholipase C,E3_1_4_3,,vv10260Glycine_serine_and_threonine_metabolism,vv10562Inositol_phosphate_metabolism
591,VIT_08s0007g04980,39,0.0188,Phosphoadenosine phosphosulfate (PAPS) reductase,E1_8_4_8,,vv10920Sulfur_metabolism,
592,VIT_19s0014g02350,39,0.0187,Squamosa promoter-binding protein 4 (SPL4),SPL4_1,,vv60055SBP,
593,VIT_08s0007g00570,39,0.0187,WRKY DNA-binding protein 49,WRKY49,VvWRKY27,vv60066WRKY,
594,VIT_19s0090g01550,38,0.0184,Mo25,K08272,,vv34150mTOR_signaling_pathway,
595,VIT_00s0207g00150,38,0.0184,Ternary complex factor MIP1,,,,
596,VIT_01s0011g04730,37,0.0178,Unknown protein,,,,
597,VIT_07s0031g00280,36,0.0175,Anthranilate N-hydroxycinnamoyl/benzoyltransferase,E2_3_1_144,,vv10400Phenylalanine_tyrosine_and_tryptophan_biosynthesis,
598,VIT_14s0006g02080,36,0.0174,S locus-linked protein SLL2,,,,
599,VIT_04s0023g02260,35,0.0169,S-adenosyl-L-methionine:salicylic acid carboxyl methyltransferase,SAMTBSCMT,,vv10360Phenylalanine_metabolism,
600,VIT_05s0020g00780,35,0.0169,Acidic 82 kDa protein,,,,
601,VIT_14s0036g00330,35,0.0169,RPS2 (resistant to p. syringae 2),K13459,,vv34626Plant-pathogen_interaction,
602,VIT_13s0019g01830,34,0.0164,Calmodulin binding protein,,,,
603,VIT_05s0020g01740,34,0.0164,RanGAP1 interacting protein,,,,
604,VIT_14s0083g00720,33,0.0160,Pentatricopeptide (PPR) repeat-containing,,,,
605,VIT_00s0456g00040<br>VIT_00s0374g00030,32,0.0155,
606,VIT_11s0016g01850,32,0.0155,Anthocyanidin-3-glucoside rhamnosyltransferase,RHATR,,vv10942Anthocyanin_biosynthesis,
607,VIT_10s0003g02260,32,0.0155,Naringenin 2-oxoglutarate 3-dioxygenase,E1_14_11_9,,vv10941Flavonoid_biosynthesis,
608,VIT_11s0016g04300,32,0.0155,Nudix hydrolase 20  chloroplast precursor (AtNUDT20),,,,
609,VIT_15s0048g00440,31,0.0151,Unknown protein,,,,
610,VIT_00s0532g00070,31,0.0151,CRK10 (cysteine-rich RLK10); kinase,,,,
611,VIT_16s0098g01870,31,0.0150,SOS3 (salt overly sensitive 3),E3_1_3_16,,,
612,VIT_12s0035g00050,31,0.0149,No hit,,,,
613,VIT_05s0020g04320,31,0.0149,Pentatricopeptide repeat-containing protein,,,,
614,VIT_08s0007g00890,30,0.0146,Tropinone reductase,E1_1_1_206,,vv10220Urea_cycle_and_metabolism_of_amino_groups,
615,VIT_08s0058g01210,30,0.0145,Non-specific lipid transfer protein LTP1,LTP1,,,
616,VIT_05s0077g01830,29,0.0141,Phospholipase D zeta1,PLDP1,,vv10564Glycerophospholipid_metabolism,vv10565Ether_lipid_metabolism
617,VIT_15s0046g02400,29,0.0140,Glycerol-3-phosphate acyltransferase 8,E2_3_1_15,,vv10561Glycerolipid_metabolism,vv10564Glycerophospholipid_metabolism
618,VIT_12s0059g00650,28,0.0135,No hit,,,,
619,VIT_13s0147g00210,28,0.0135,Unknown protein,,,,
620,VIT_09s0002g05180,28,0.0135,No hit,,,,
621,VIT_14s0081g00140,27,0.0131,Pentatricopeptide (PPR) repeat-containing,,,,
622,VIT_11s0065g01040<br>VIT_11s0065g01160,26,0.0127,
623,VIT_05s0049g01410,26,0.0126,Phosphate transporter 1,PHO1,,vv50125Porters_cat_66_to_94,
624,VIT_08s0007g04950,26,0.0125,Xyloglucan endotransglucosylase/hydrolase 32,E2_4_1_207,,vv40006Cell_wall,
625,VIT_14s0060g01420,26,0.0125,Unknown protein,,,,
626,VIT_10s0597g00050,25,0.0121,Heat shock transcription factor B2A,HSFB2A_3,,vv60037HSF,
627,VIT_08s0040g02970,25,0.0121,Protein phosphatase 2C,E3_1_3_16,,,
628,VIT_02s0241g00110,25,0.0121,Aminomethyltransferase,E2_1_2_10,,vv10260Glycine_serine_and_threonine_metabolism,vv10670One_carbon_pool_by_folate
629,VIT_15s0048g00930,25,0.0121,ATP-dependent DNA helicase 2 subunit 2 ku80,K10885,,vv23450Non_homologous_end_joining,
630,VIT_05s0124g00530,25,0.0121,Ankyrin protein kinase,,,,
631,VIT_07s0005g06410,25,0.0120,High-affinity K+ transporter 1 (HKT1),HKT1,,vv50124Porters_cat_30_to_64,
632,VIT_16s0039g01040,25,0.0120,Aminopeptidase,,,,
633,VIT_07s0005g01180,24,0.0116,Unknown protein,,,,
634,VIT_18s0072g01170,24,0.0116,Phosphoribosylanthranilate transferase,E2_4_2_18,,vv10400Phenylalanine_tyrosine_and_tryptophan_biosynthesis,
635,VIT_13s0064g01480,24,0.0116,Lipoxygenase LOX1,E1_13_11_12,,vv10592alpha-Linolenic_acid_metabolism,
636,VIT_18s0122g00790,23,0.0111,Cysteine endopeptidase  papain-type (XCP1),E3_4_22_2,,,
637,VIT_14s0030g01330,23,0.0111,No hit,,,,
638,VIT_05s0049g00760,23,0.0111,No hit,,,,
639,VIT_18s0041g00810<br>VIT_18s0041g00910<br>VIT_00s1602g00010<br>VIT_18s0041g00920<br>VIT_18s0041g00980<br>VIT_18s0041g01000<br>VIT_00s2707g00010<br>VIT_18s0041g01080<br>VIT_18s0041g00950<br>VIT_18s0041g00830<br>VIT_18s0041g01040,22,0.0106,
640,VIT_10s0116g00920,22,0.0106,CERK1 (chitin elicitor receptor kinase 1),K13429,,vv34626Plant-pathogen_interaction,
641,VIT_06s0004g04590,22,0.0106,Epsin N-terminal homology (ENTH) domain-containing,ENTH,,vv50110Protein_coat,
642,VIT_01s0011g00890,22,0.0106,Pentatricopeptide (PPR) repeat-containing,,,,
643,VIT_00s0267g00030,21,0.0102,Unknown,,,,
644,VIT_13s0067g02000,21,0.0101,Unknown protein,,,,
645,VIT_00s0125g00410,21,0.0101,Phospholipid-transporting ATPase,K01530,,vv50131Primary_active_transporter_cat_A2_to_A4,
646,VIT_13s0064g00870,20,0.0097,FRA10AC1,,,,
647,VIT_08s0105g00570,20,0.0097,Adenosine/AMP deaminase active site,E3_5_4_4,,vv10230Purine_metabolism,
648,VIT_08s0007g00410,20,0.0097,Myb domain protein 91,MYB91_2,MYB91A,vv60044MYB,
649,VIT_05s0124g00330,20,0.0097,Survival of motor neuron protein-interacting protein 1,K13130,,vv23013RNA_transport,
650,VIT_11s0016g05380,20,0.0096,Acidic leucine-rich nuclear phosphoprotein 32 member E,,,,
651,VIT_02s0025g03320,19,0.0092,CYP86A2,,,,
652,VIT_12s0028g00380,19,0.0092,DTDP-glucose 4-6-dehydratase,E4_2_1_46,,vv10520Nucleotide_sugars_metabolism,
653,VIT_09s0002g03620,19,0.0092,NADP-dependent malic enzyme,E1_1_1_39,,vv10620Pyruvate_metabolism,vv10710Carbon_fixation
654,VIT_05s0102g00880,19,0.0091,Strictosidine synthase,E4_3_3_2,,vv10900Terpenoid_biosynthesis,vv10902Monoterpenoid_biosynthesis
655,VIT_01s0026g01140,19,0.0091,ZCW32 (BIGPETAL  BIGPETALUB),ZCW32_2,,vv60011BHLH,
656,VIT_11s0016g04840,18,0.0087,Avr9/Cf-9 rapidly elicited protein 11,,,,
657,VIT_16s0098g01750,18,0.0087,Unknown protein,,,,
658,VIT_05s0020g03570,18,0.0087,LOI1 (lovastatin insensitive 1); binding,,,,
659,VIT_05s0124g00520,18,0.0087,No hit,,,,
660,VIT_18s0001g11300,18,0.0087,LYS/HIS transporter 7 LHT7,LHT7,,vv50123Porters_cat_18_to_29,
661,VIT_06s0004g01110,18,0.0086,Cation efflux family protein MTPc3,MTPC3,,vv50121Porters_cat_1_to_6,
662,VIT_01s0011g02960,17,0.0082,Leucoanthocyanidin reductase 1,E1_17_1_3,,vv10941Flavonoid_biosynthesis,
663,VIT_19s0027g00740,17,0.0082,Inhibitor of apoptosis,,,,
664,VIT_03s0038g02570,17,0.0082,Ubiquitin-conjugating enzyme E2 O,K10581,,vv24120Ubiquitin_mediated_proteolysis,
665,VIT_15s0021g02460,16,0.0077,Unknown protein,,,,
666,VIT_12s0059g00670,16,0.0077,NADP-dependent oxidoreductase,E1_6_5_5,,,
667,VIT_03s0091g01080,16,0.0077,1-aminocyclopropane-1-carboxylate oxidase,E1_14_17_4,,vv10640Propanoate_metabolism,vv30008Ethylene_signaling
668,VIT_16s0039g02250,15,0.0073,Cytochrome c oxidase subunit XI assembly protein,K02258,,vv10190Oxidative_phosphorylation,vv50135Primary_active_transporter_cat_D3_to_E2
669,VIT_13s0067g00370,15,0.0073,Pinene synthase,E4_2_3_14,,vv10902Monoterpenoid_biosynthesis,
670,VIT_04s0008g06790,15,0.0072,Biopterin transport protein BT1,BIOPTERIN,,vv50125Porters_cat_66_to_94,
671,VIT_01s0011g02870,15,0.0072,Related to Ubiquitin 1 (RUB1),RUB1,,vv30003Auxin_signaling,
672,VIT_02s0025g01190,15,0.0072,Extra-large G-protein (XLG1),,,,
673,VIT_00s0225g00060,15,0.0072,MATE efflux family protein,MATE,,vv50125Porters_cat_66_to_94,
674,VIT_13s0067g00110,14,0.0068,CYP72A1,K13400,,vv10902Monoterpenoid_biosynthesis,
675,VIT_15s0046g00170,14,0.0068,MYBPA1 protein [Vitis vinifera],MYBPA1,MYBPA1,vv60044MYB,
676,VIT_12s0035g00060,13,0.0063,DNA (cytosine-5)-methyltransferase,E2_1_1_37,,vv10271Methionine_metabolism,
677,VIT_07s0005g05520,13,0.0063,Pectate lyase,E4_2_2_2,,vv40006Cell_wall,
678,VIT_04s0043g00370,13,0.0063,Ammonium transporter 1;2,AMT1_2,,vv50101Channels_and_pores,
679,VIT_19s0014g04010,13,0.0063,No hit,,,,
680,VIT_07s0031g00320,13,0.0063,Curly leaf PHCLF1,CLF1_1,,vv30009Flower_development,vv60056SET_PCG
681,VIT_01s0026g02030,13,0.0063,Basic helix-loop-helix (bHLH) family,BHLHDOM_59,,vv60011BHLH,
682,VIT_06s0009g03450,12,0.0058,LRP1 (lateral root primordium 1),LRP1_2,,vv30003Auxin_signaling,vv60059SRS
683,VIT_03s0017g00830,12,0.0058,2OG-Fe(II) oxygenase,,,,
684,VIT_13s0047g00370,12,0.0058,Enoyl-CoA hydratase,E4_2_1_17,vv10650Butanoate_metabolism,vv10062Fatty_acid_elongation_in_mitochondria,vv10071Fatty_acid_metabolism
685,VIT_02s0033g01020,12,0.0058,Anthraniloyal-CoA: methanol anthraniloyal transferase,AMAT,,vv10400Phenylalanine_tyrosine_and_tryptophan_biosynthesis,
686,VIT_10s0092g00250,12,0.0058,Alpha-glucosidase 1 (AGLU1),E3_2_1_20,,vv10052Galactose_metabolism,vv10500Starch_and_sucrose_metabolism
687,VIT_04s0008g05500,12,0.0058,S-receptor kinase,,,,
688,VIT_04s0023g01300,12,0.0058,Aminopeptidase P,E3_4_11_9,,,
689,VIT_19s0014g00090,12,0.0058,Glucan endo-1 3-beta-glucosidase 4 precursor,E3_2_1_39,,vv10500Starch_and_sucrose_metabolism,
690,VIT_14s0006g02990,12,0.0058,3-ketoacyl-CoA synthase,,,,
691,VIT_10s0042g00060,12,0.0058,No hit,,,,
692,VIT_02s0025g03570,12,0.0058,DNA binding / hydrolase  acting on ester bonds,,,,
693,VIT_15s0024g01260,12,0.0058,DJ-1 protein / protease,,,,
694,VIT_05s0051g00120,12,0.0058,N-6 Adenine-specific DNA methylase,E2_1_1_72,,vv10271Methionine_metabolism,
695,VIT_11s0016g02120,12,0.0058,Density-regulated protein DRP1,,,,
696,VIT_00s0274g00080,12,0.0058,Benzoquinone reductase,E1_6_5_6,,vv10740Riboflavin_metabolism,
697,VIT_07s0005g00510,12,0.0058,Monoglyceride lipase,E3_1_1_23,,vv10561Glycerolipid_metabolism,
698,VIT_16s0050g00040,12,0.0058,Pentatricopeptide (PPR) repeat-containing,,,,
699,VIT_16s0022g01740,12,0.0058,Unknown protein,,,,
700,VIT_14s0083g00380,12,0.0058,Unknown,,,,
701,VIT_16s0098g00660,12,0.0058,Unknown protein,,,,
702,VIT_17s0000g00840,12,0.0058,Unknown protein,,,,
703,VIT_08s0007g05250,12,0.0058,Cig3,K14409,,vv23015mRNA_surveillance_pathway,vv30007Cytokinin_signaling
704,VIT_04s0044g00010,11,0.0053,Unknown,,,,
705,VIT_02s0025g02550,11,0.0053,Late embryogenesis abundant protein,,,,
706,VIT_10s0003g01860,11,0.0053,RKF1 (receptor-like kinase in flowers 1),,,,
707,VIT_04s0008g04230,11,0.0053,ABC transporter G member 22,ABCG22,,vv52010ABC_transporters,
708,VIT_19s0014g03210,11,0.0053,COP1-interacting protein 7,CIP7,,vv24120Ubiquitin_mediated_proteolysis,
709,VIT_07s0104g00230,10,0.0049,IWS1 C-terminus,IWS1_1,,vv60083IWS1,
710,VIT_03s0038g00150,10,0.0049,Beta-D-galactosidase,E3_2_1_23,,vv10052Galactose_metabolism,vv10511N-Glycan_degradation
711,VIT_08s0007g07090,10,0.0048,Sphingosine-1-phosphate phosphatase,K04716,,vv10600Sphingolipid_metabolism,
712,VIT_14s0006g02280,10,0.0048,Cyclin-dependent kinase D1;2,CDKD1_2,,vv23420Nucleotide_excision_repair,vv44110Cell_cycle
713,VIT_15s0046g00310,10,0.0048,Transcription factor TINY,ERF023,VvERF015,vv30008Ethylene_signaling,vv60003AP2_EREBP
714,VIT_00s0271g00110,10,0.0048,flavodoxin-like quinone reductase 1,FQR1,,vv30003Auxin_signaling,
715,VIT_17s0000g02550,10,0.0048,HMR1 protein,,,,
716,VIT_13s0019g04530,9,0.0044,Early flowering 6,ELF6_1,,vv34710Circadian_rhythm,vv60038Jumonji
717,VIT_00s0218g00030,9,0.0044,ELO1 (ELONGATA 1),,,,
718,VIT_06s0009g01640,9,0.0044,Receptor protein kinase,,,,
719,VIT_10s0092g00480,9,0.0044,CYP71D10p,E1_14_13_73,,vv10902Monoterpenoid_biosynthesis,
720,VIT_18s0076g00380,9,0.0044,ABC transporter F member 6,ABCF6,,vv52010ABC_transporters,
721,VIT_15s0046g01880,9,0.0044,Brassinosteroid-responsive ring-H2 (BRH1),BRH1,,vv30005Brassinosteroids_signaling,
722,VIT_17s0000g02440,9,0.0044,Integral membrane protein,,,,
723,VIT_11s0016g00330,9,0.0044,Pectinesterase family,E3_1_1_11,,vv40006Cell_wall,
724,VIT_08s0007g03330,9,0.0044,Iron-sulfur assembly protein IscA 2,,,,
725,VIT_10s0116g01830,9,0.0043,Unknown protein,,,,
726,VIT_11s0052g00410,9,0.0043,Allyl alcohol dehydrogenase,,,,
727,VIT_09s0070g00240,9,0.0043,Cinnamoyl-CoA reductase,E1_2_1_44,,vv10940Phenylpropanoid_biosynthesis,
728,VIT_13s0019g01200,9,0.0043,Unknown,,,,
729,VIT_02s0025g01040,9,0.0043,Receptor protein kinase,,,,
730,VIT_00s0245g00010,9,0.0043,Integral membrane protein,,,,
731,VIT_02s0025g01980<br>VIT_02s0025g01910,9,0.0043,
732,VIT_11s0016g02220,9,0.0043,Transducin family protein / WD-40 repeat,,,,
733,VIT_00s0541g00010,9,0.0043,Unknown,,,,
734,VIT_00s0218g00140,7,0.0034,Anthocyanidine rhamnosyl-transferase,RHATR,,vv10942Anthocyanin_biosynthesis,
735,VIT_02s0025g01600,7,0.0034,Harpin-induced 1,,,,
736,VIT_10s0071g00860,7,0.0034,Disease resistance protein,,,,
737,VIT_09s0018g02110,7,0.0034,Unknown protein,,,,
738,VIT_18s0001g02720,7,0.0034,fatty acid elongation1 (FAE1),,,,
739,VIT_01s0026g01460,7,0.0034,Thioredoxin H-type 2 (Trx-H-2),,,,
740,VIT_08s0007g06770,7,0.0034,Unknown protein,,,,
741,VIT_01s0011g05270,7,0.0034,Protein BCCIP homolog,,,,
742,VIT_10s0092g00260,7,0.0034,Alpha-glucosidase 1 (AGLU1),E3_2_1_20,,vv10052Galactose_metabolism,vv10500Starch_and_sucrose_metabolism
743,VIT_19s0015g02690,6,0.0029,Glutathione S-transferase 25 GSTU25,E2_5_1_18_GSTU25,,vv10480Glutathione_metabolism,
744,VIT_04s0023g02170,6,0.0029,S-adenosyl-L-methionine:carboxyl methyltransferase,,,,
745,VIT_19s0015g02070,6,0.0029,(-)-germacrene D synthase,E4_2_3_22,,vv10900Terpenoid_biosynthesis,
746,VIT_19s0090g01660,6,0.0029,RNA-binding protein Musashi,K14411,,vv23015mRNA_surveillance_pathway,
747,VIT_16s0022g02080,6,0.0029,Exostosin family protein,K02366,,vv11030Glycan_structures-biosynthesis1,
748,VIT_08s0007g00160,6,0.0029,Glycosyltransferase family 14,,,,
749,VIT_15s0021g01750,6,0.0029,KNAT2 (knotted1-like homeobox gene 2),KNAT2_1,,vv60034HB,
750,VIT_17s0000g01950,6,0.0029,Dihydropyrimidine dehydrogenase,E1_3_1_2,,vv10410Beta-alanine_metabolism,vv10770Pantothenate_and_CoA_biosynthesis
751,VIT_13s0139g00300,6,0.0029,R protein disease resistance protein,RPROT,,vv34627R_proteins_from_Plant-pathogen_interaction,
752,VIT_10s0003g00050,6,0.0029,Squamosa promoter-binding protein 3 (SPL3),SPL3,,vv60055SBP,
753,VIT_18s0001g06840,6,0.0029,Peroxidase GvPx2b class III,E1_11_1_7,,vv10360Phenylalanine_metabolism,vv10680Methane_metabolism
754,VIT_15s0021g01660,6,0.0029,H(+)-ATPase 11 AHA11,K01535,,vv10190Oxidative_phosphorylation,vv50131Primary_active_transporter_cat_A2_to_A4
755,VIT_18s0122g01280,6,0.0029,Niemann-Pick C1 protein precursor,NPC1,,vv50121Porters_cat_1_to_6,
756,VIT_09s0002g04220,6,0.0029,Ras-related protein Rab-7A,K07897,,vv44145Phagosome,
757,VIT_14s0066g01350,6,0.0029,No hit,,,,
758,VIT_00s0229g00210,6,0.0029,MSH4 (MUTS-like protein 4),K08740,,,
759,VIT_18s0072g00820,6,0.0029,VFB3 (VIER F- box  proteinE 3),,,,
760,VIT_00s0652g00030,6,0.0029,Microtubule organization 1 protein (MOR1),MOR1,,vv44810Regulation_of_actin_cytoskeleton,
761,VIT_11s0103g00210,6,0.0029,F-box family protein,,,,
762,VIT_13s0019g00420,6,0.0029,F-box family protein,,,,
763,VIT_09s0002g00490,6,0.0029,Lipase GDSL 5,,,,
764,VIT_18s0001g04680,6,0.0029,RPG related protein 1 RR1,,,,
765,VIT_05s0102g00410,6,0.0029,far-red impaired responsive family protein,FRSFAM_9,,vv60071Orphans_far-red,
766,VIT_00s0245g00030,6,0.0029,Integral membrane family protein,,,,
767,VIT_12s0035g01960,6,0.0029,Stichel,K02343,,vv23030DNA_replication,
768,VIT_11s0016g01480,6,0.0029,Nuclear transcription factor Y subunit A-3,NFYA3_1,,vv60021CCAAT,
769,VIT_15s0046g01820,6,0.0029,Ring-H2 finger B1A,RHB1A,,vv60078Other_zf-C3HC4,
770,VIT_00s0665g00030,6,0.0029,Unknown protein,,,,
771,VIT_05s0020g01110,6,0.0029,Pectinacetylesterase,PAE,,vv40006Cell_wall,
772,VIT_17s0000g09070,6,0.0029,Histone deacetylase HDA6,K06067_HDAC6,,vv30011Jasmonate_signaling,vv44110Cell_cycle
773,VIT_17s0000g05310,6,0.0029,Pre-mRNA cleavage complex II protein Clp1,,,,
774,VIT_19s0014g04540,6,0.0029,S-locus protein kinase,,,,
775,VIT_04s0008g01970,6,0.0029,ER (ERECTA),,,,
776,VIT_06s0061g01070,6,0.0029,Oligopeptidase A,E3_4_24_70,,,
777,VIT_18s0072g01080,6,0.0029,DnaJ homolog  subfamily C  member 8,K09528,,vv50132Primary_active_transporter_cat_A5_to_A8,
778,VIT_11s0016g05510,6,0.0029,Unknown protein,,,,
779,VIT_00s0323g00050,6,0.0029,Invertase/pectin methylesterase inhibitor,PMEI,,vv40006Cell_wall,
780,VIT_12s0178g00200,6,0.0029,Actin beta/gamma 1,K05692,,vv44810Regulation_of_actin_cytoskeleton,
781,VIT_16s0022g02370,6,0.0029,Unknown protein,,,,
782,VIT_04s0044g00450,6,0.0029,Nodulin MtN21 family,MTN21,,vv50122Porters_cat_7_to_17,
783,VIT_00s0233g00100,6,0.0029,PLATZ transcription factor,PLATZFAM_7,,vv60049PLATZ,
784,VIT_14s0060g01290,5,0.0024,Calreticulin 2 (CRT2),K08057,,vv24141Protein_processing_in_endoplasmic_reticulum,vv44145Phagosome
785,VIT_10s0071g00230,4,0.0019,HcrVf1 protein,,,,
786,VIT_08s0007g04820,4,0.0019,Pectate lyase,E4_2_2_2,,vv40006Cell_wall,
787,VIT_06s0061g01540,4,0.0019,KCBP- interacting  protein kinase,,,,
788,VIT_02s0241g00050,4,0.0019,Unknown protein,,,,
789,VIT_12s0142g00630,4,0.0019,Calcineurin-like phosphoesterase family,,,,
790,VIT_00s0226g00100,4,0.0019,Regulator of chromosome condensation (RCC1),RCC1,,vv50112Nuclear_pore_complex,
791,VIT_00s0261g00040,4,0.0019,Unknown protein,,,,
792,VIT_10s0003g02500,4,0.0019,Malate dehydrogenase  cytoplasmic 1,E1_1_1_37,,vv10020Citrate_cycle,vv10620Pyruvate_metabolism
793,VIT_17s0000g04150,4,0.0019,Leucoanthocyanidin reductase,E1_17_1_3,,vv10941Flavonoid_biosynthesis,
794,VIT_05s0020g03890,4,0.0019,Kinase interacting,,,,
795,VIT_02s0025g01080,4,0.0019,No hit,,,,
796,VIT_05s0020g03350,3,0.0015,SEC14 cytosolic factor,SEC14,,vv50122Porters_cat_7_to_17,
797,VIT_14s0066g01730,3,0.0015,Cellulose synthase CSLC04,E2_4_1_12_CSLC04,,vv40006Cell_wall,
798,VIT_19s0014g03200,3,0.0015,COP1-interacting protein 7,CIP7,,vv24120Ubiquitin_mediated_proteolysis,
799,VIT_17s0000g00660,3,0.0015,Phosphoglycerate mutase,E5_4_2_1,,vv10010Glycolysis,
800,VIT_12s0142g00570,3,0.0015,R protein disease resistance protein,RPROT,,vv34627R_proteins_from_Plant-pathogen_interaction,
801,VIT_18s0001g11310,3,0.0015,OBF binding protein 1,OBP1_1,,vv60015C2C2-DOF,
802,VIT_02s0025g00550,3,0.0015,Unknown protein,,,,
803,VIT_12s0057g00970,3,0.0015,Pentatricopeptide (PPR) repeat-containing,,,,
804,VIT_01s0011g04420,3,0.0015,Unknown protein,,,,
805,VIT_00s0189g00010,3,0.0015,Unknown protein,,,,
806,VIT_03s0063g01520,3,0.0015,CyP82A3,,,,
807,VIT_16s0039g01910,3,0.0015,Vegetative storage protein win4.5,,,,
808,VIT_05s0049g02360,3,0.0015,DEAD/DEAH box helicase (RH10),RH10,,vv23040Spliceosome,vv50133Primary_active_transporter_cat_A9_to_A18
809,VIT_12s0134g00210,3,0.0015,Pentatricopeptide (PPR) repeat-containing,,,,
810,VIT_00s0299g00100,3,0.0015,Arabidopsis thaliana homeobox protein 2,VVHB2_1,VvHB72,vv60034HB,
811,VIT_07s0005g00450,3,0.0015,Unknown protein,,,,
812,VIT_19s0015g00510,3,0.0015,Pectate lyase 2,E4_2_2_2,,vv40006Cell_wall,
813,VIT_10s0042g01060,3,0.0015,Unknown protein,,,,
814,VIT_06s0004g04150,3,0.0015,Auxin-regulated protein,AUXREG,,vv30003Auxin_signaling,
815,VIT_14s0060g02340,3,0.0015,Heat shock protein 70,K03283,,vv23040Spliceosome,vv24141Protein_processing_in_endoplasmic_reticulum
816,VIT_15s0048g02720,3,0.0015,fatty acid elongase,E2_3_1_41,,vv10061Fatty_acid_biosynthesis,
817,VIT_15s0046g03230,3,0.0015,Disease resistance protein RGA4,,,,
818,VIT_01s0011g00720,3,0.0015,WRKY DNA-binding protein 57,WRKY57,VvWRKY01,vv60066WRKY,
819,VIT_08s0007g02940,3,0.0015,NAC domain containing protein 90,NAC090_1,VvNAC62,vv60046NAC,
820,VIT_15s0048g00960,3,0.0015,Transducin protein,,,,
821,VIT_13s0067g03280,3,0.0015,Inorganic phosphate transporter 1-3,PHT1_3,,vv50121Porters_cat_1_to_6,
822,VIT_06s0061g01450,3,0.0015,XS domain-containing protein,,,,
823,VIT_10s0003g02870,3,0.0015,Pentatricopeptide (PPR) repeat-containing protein,,,,
824,VIT_07s0031g00780,3,0.0015,Transcriptional factor B3,TFB3_4,,vv60001ABI3VP1,
825,VIT_08s0058g01390,3,0.0015,WRKY DNA-binding protein 70,WRKY70_2,VvWRKY25,vv60066WRKY,
826,VIT_01s0026g00150,3,0.0015,Methyl-CPG-binding Domain 9 MBD9,MBD9_5,,vv30009Flower_development,vv60048PHD
827,VIT_15s0046g02380,3,0.0015,CYP86A8,,,,
828,VIT_06s0009g00340,3,0.0015,Unknown protein,,,,
829,VIT_18s0001g07870,3,0.0015,Unknown protein,,,,
830,VIT_08s0040g02370,3,0.0014,DnaJ homolog  subfamily C  member 19,K09539,,vv50132Primary_active_transporter_cat_A5_to_A8,
831,VIT_03s0063g00770,3,0.0014,Carboxyesterase 12; CXE12,E3_1_1_1,,,
832,VIT_17s0000g03940,3,0.0014,ferulate 5-hydroxylase,K09755,,vv10940Phenylpropanoid_biosynthesis,
833,VIT_03s0088g00070,3,0.0014,No hit,,,,
834,VIT_03s0038g02180,3,0.0014,Glycosyl hydrolase family 10 protein,,,,
835,VIT_13s0064g01660,3,0.0014,Prunasin hydrolase isoform PHA precursor,E3_2_1_118,,vv10460Cyanoamino_acid_metabolism,
836,VIT_19s0015g01940,3,0.0014,Peroxisomal targeting signal 1 receptor; PTS1 receptor; Pex5p,PEX5,,vv11012Iba_metabolism,vv44146Peroxisome
837,VIT_15s0046g00500,3,0.0014,Wax synthase,E2_3_1_75,,vv11000Single_reactions,
838,VIT_07s0104g01440,3,0.0014,Phototropic-responsive NPH3,,,,
839,VIT_18s0001g03670,3,0.0014,Zinc finger (C2H2 type) family,C2H2FAM_10,,vv60017C2H2,
840,VIT_16s0039g01450,3,0.0014,Growth-regulating factor 5,GRF5_2,,vv60033GRF,
841,VIT_02s0025g02710,3,0.0014,NAC Secondary wall thickening promoting factor1,NST1_2,VvNAC24,vv60046NAC,
842,VIT_05s0020g04710,3,0.0014,Protein transport protein Sec23A,K14006,,vv24141Protein_processing_in_endoplasmic_reticulum,vv50110Protein_coat
843,VIT_19s0014g03960,3,0.0014,Zinc finger (B-box type),ZFBBOX_11,,vv60073Orphans_zf-b_box,
844,VIT_11s0052g00700,3,0.0014,Serine/theronine protein kinase 2,,,,
845,VIT_19s0015g00530,3,0.0014,fasciclin arabinogalactan-protein (FLA1),FLA1,,vv40006Cell_wall,
846,VIT_13s0064g01210,3,0.0014,Zf A20 and AN1 domain-containing stress-associated protein 2,SAP2_5,,vv60077Other_zf-AN1,
847,VIT_03s0063g02650,3,0.0014,Hydrolase  alpha/beta fold,,,,
848,VIT_03s0017g01140,3,0.0014,Cis-zeatin O-beta-D-glucosyltransferase,E2_4_1_215,,vv10908Zeatin_biosynthesis,
849,VIT_06s0009g00500,3,0.0014,No hit,,,,
850,VIT_00s0566g00020,3,0.0014,Unknown protein,,,,
851,VIT_05s0020g03260,3,0.0014,Copper amine oxidase,E1_4_3_6,,vv10220Urea_cycle_and_metabolism_of_amino_groups,vv10340Histidine_metabolism
852,VIT_06s0004g08070,3,0.0014,BZIP transcription factor  putative (bZIP52),BZIP52,VvbZIP17,vv60012BZIP,
853,VIT_01s0011g06050,3,0.0014,RNA recognition motif (RRM)-containing protein,,,,
854,VIT_09s0018g01780,3,0.0014,ACT domain repeat 1 (ACR1) uridylyltransferase,,,,
855,VIT_14s0068g00040,3,0.0014,No hit,,,,
856,VIT_04s0044g00190,3,0.0014,Mannitol dehydrogenase,E1_1_1_67,,vv10051Fructose_and_mannose_metabolism,
857,VIT_02s0025g03530,3,0.0014,Gamma-glutamylcysteine synthetase,E6_3_2_2,,vv10251Glutamate_metabolism,vv10480Glutathione_metabolism
858,VIT_00s0271g00030<br>VIT_00s0271g00060,3,0.0014,
859,VIT_06s0004g05280,3,0.0014,Tropinone reductase,E1_1_1_206,,vv10220Urea_cycle_and_metabolism_of_amino_groups,
860,VIT_02s0025g02270,3,0.0014,PRLI-interacting factor G,,,,
861,VIT_09s0002g02980,3,0.0014,FRK1 (FLG22-induced receptor-like kinase 1),FRK1,,vv34626Plant-pathogen_interaction,
862,VIT_06s0061g00230,3,0.0014,ABC transporter G member 7,ABCG7,,vv52010ABC_transporters,
863,VIT_02s0087g00260,3,0.0014,RPD1 (root primordium defective 1),,,,
864,VIT_00s0226g00030,3,0.0014,Peroxidase,E1_11_1_7,,vv10360Phenylalanine_metabolism,vv10680Methane_metabolism
865,VIT_04s0023g02570,3,0.0014,Peroxidase 72,E1_11_1_7,,vv10360Phenylalanine_metabolism,vv10680Methane_metabolism
866,VIT_02s0012g01870,3,0.0014,No hit,,,,
867,VIT_04s0008g05540,3,0.0014,Clathrin assembly protein 2,CAP2,,vv50110Protein_coat,
868,VIT_04s0008g00860,3,0.0014,Ndr family protein,,,,
869,VIT_08s0040g00540,3,0.0014,VQ motif-containing protein,,,,
