Vv_m2,2000,1000,VIT_14s0219g00280
rank,node,Fabs,Frel,Functional-annotation,Name-EC-KeggID,Updated-name,Network1,Network2
1,VIT_00s0179g00110,2087,0.9995,Protein phosphatase 2C,,,,
2,VIT_09s0002g06990,2059,0.9961,Phosphatidic acid phosphatase / PAP2,E3_1_3_4,,vv10561Glycerolipid_metabolism,vv10564Glycerophospholipid_metabolism
3,VIT_01s0010g02740,2058,0.9942,4-coumarate-CoA ligase,E6_2_1_12,,vv10940Phenylpropanoid_biosynthesis,vv50104Group_translocators
4,VIT_04s0008g05440,2058,0.9932,Ethylene-responsive transcription factor SHINE 3,SHINE3_1,VvERF044,vv30008Ethylene_signaling,vv60003AP2_EREBP
5,VIT_14s0060g01460,2053,0.9918,Pentatricopeptide (PPR) repeat-containing protein,,,,
6,VIT_08s0105g00450,2055,0.9913,Transducin protein,,,,
7,VIT_12s0059g01590,2045,0.9894,Lipase GDSL,,,,
8,VIT_03s0063g01880,2029,0.9864,Acyl-CoA synthetase long-chain member 2,E6_2_1_3_LACS2,,vv10071Fatty_acid_metabolism,vv44146Peroxisome
9,VIT_08s0007g01050,2031,0.9859,Aldo-keto reductase,E1_1_1_21,,vv10040Pentose_glucuronate_interconversion,vv10051Fructose_and_mannose_metabolism
10,VIT_08s0007g05350,2053,0.9851,Haloacid dehalogenase hydrolase,E3_1_3_18,,vv10630Glyoxylate_and_dicarboxylate_metabolism,
11,VIT_17s0000g01660,2018,0.9801,WD40,,,,
12,VIT_08s0105g00430,2038,0.9775,Omega-3 fatty acid desaturase  chloroplast precursor,K10257,,vv11040Biosynthesis_of_unsaturated_fatty_acids,
13,VIT_13s0064g01760,2016,0.9697,Amygdalin hydrolase isoform AH I,E3_2_1_117,,vv10460Cyanoamino_acid_metabolism,
14,VIT_08s0056g00800,1987,0.9622,Myb domain protein 60,MYB60,MYB60,vv60044MYB,
15,VIT_07s0031g01560,1975,0.9564,Unknown protein,,,,
16,VIT_11s0016g03880,1967,0.9558,Receptor protein kinase PERK1,,,,
17,VIT_04s0008g02860,1965,0.9479,Cation transport protein chaC,K07232,,vv50109Incompletely_characterized_transport_systems,
18,VIT_08s0040g01130,1964,0.9479,Serine carboxypeptidase II,,,,
19,VIT_16s0050g02390,1945,0.9437,Plastid division protein PDV1,PDV1,,vv44110Cell_cycle,
20,VIT_00s1314g00010,1933,0.9343,Basic helix-loop-helix (bHLH) family,BHLHDOM_89,,vv60011BHLH,
21,VIT_06s0004g01250,1922,0.9299,Omega-6 fatty acid desaturase  endoplasmic reticulum (FAD2),K10256,,vv11040Biosynthesis_of_unsaturated_fatty_acids,
22,VIT_00s0245g00050,1903,0.9251,Oleoyl-acyl carrier protein thioesterase  chloroplast precursor,E3_1_2_14,,vv10061Fatty_acid_biosynthesis,
23,VIT_09s0002g03620,1890,0.9144,NADP-dependent malic enzyme,E1_1_1_39,,vv10620Pyruvate_metabolism,vv10710Carbon_fixation
24,VIT_08s0040g03400,1880,0.9100,Short-chain dehydrogenase/reductase,,,,
25,VIT_02s0109g00380,1878,0.9094,Stress response suppressor 1,STRS1,,vv23040Spliceosome,vv50133Primary_active_transporter_cat_A9_to_A18
26,VIT_06s0004g03210,1865,0.9089,Unknown,,,,
27,VIT_16s0100g00670,1893,0.9079,Homeodomain GLABROUS1,HDG1_2,VvHB55,vv60034HB,
28,VIT_07s0005g03680,1889,0.9077,CCR4-NOT complex subunit CAF16,K12608,,vv23018RNA_degradation,vv52010ABC_transporters
29,VIT_18s0089g00010,1894,0.9071,Disease resistance protein,,,,
30,VIT_18s0001g06690,1897,0.9059,Gibberellin 20 oxidase 2,E1_14_11_12,,vv10904Diterpenoid_biosynthesis,
31,VIT_04s0023g01300,1859,0.9002,Aminopeptidase P,E3_4_11_9,,,
32,VIT_12s0134g00070,1854,0.8987,No hit,,,,
33,VIT_08s0007g09000,1853,0.8973,Glycerol-3-phosphate dehydrogenase,E1_1_1_8,,vv10564Glycerophospholipid_metabolism,
34,VIT_18s0122g01240,1849,0.8928,Serine/threonine Protein kinase BNK1,,,,
35,VIT_00s0245g00010,1827,0.8899,Integral membrane protein,,,,
36,VIT_03s0063g01600,1842,0.8886,No hit,,,,
37,VIT_09s0054g00530,1834,0.8881,Zinc finger (B-box type),ZFBBOX_13,,vv60073Orphans_zf-b_box,
38,VIT_07s0005g01790,1819,0.8852,Acyl-CoA synthetase long-chain member 2,E6_2_1_3_LACS2,,vv10071Fatty_acid_metabolism,vv44146Peroxisome
39,VIT_00s0267g00030,1810,0.8834,Unknown,,,,
40,VIT_00s0532g00050,1801,0.8684,Basic helix-loop-helix ILR3,ILR3_4,,vv11002Auxin_biosynthesis,vv60011BHLH
41,VIT_00s0384g00020,1793,0.8649,Basic helix-loop-helix (bHLH) family,BHLHDOM_93,,vv60011BHLH,
42,VIT_16s0098g01740,1790,0.8618,Unknown protein,,,,
43,VIT_13s0067g00730,1763,0.8608,Carboxylic ester hydrolase,E3_1_1_1,,,
44,VIT_18s0001g11090,1789,0.8605,Uroporphyrinogen-III synthase,E4_2_1_75,,vv10860Porphyrin_and_chlorophyll_metabolism,
45,VIT_05s0020g04540,1782,0.8584,Beta-ketoacyl-CoA synthase,E2_3_1_41,,vv10061Fatty_acid_biosynthesis,
46,VIT_09s0018g01650,1781,0.8579,Wrinkled1 (AP2/ERBP),WRINKLED1_1,VvAP2-06,vv30008Ethylene_signaling,vv60003AP2_EREBP
47,VIT_18s0041g00420,1773,0.8578,Patellin-5,,,,
48,VIT_05s0029g01540,1753,0.8514,Ankyrin repeat,K10380,,vv50108Accessory_factors_involved_in_transport,
49,VIT_18s0001g14090,1766,0.8474,Molecular chaperone DnaJ,K03686,,vv50132Primary_active_transporter_cat_A5_to_A8,
50,VIT_05s0062g00820,1752,0.8415,Unknown protein,,,,
51,VIT_07s0005g01670,1739,0.8341,No hit,,,,
52,VIT_16s0022g00840,1717,0.8303,Invertase/pectin methylesterase inhibitor,PMEI,,vv40006Cell_wall,
53,VIT_02s0087g00630,1720,0.8273,Alcohol oxidase,E1_1_3_13,,vv10680Methane_metabolism,
54,VIT_10s0071g00270,1702,0.8242,Abscisic acid-insensitive protein 3 (ABI3),ABI3_1,,vv30001ABA_signaling,vv30003Auxin_signaling
55,VIT_02s0087g00260,1690,0.8208,RPD1 (root primordium defective 1),,,,
56,VIT_04s0023g02400,1685,0.8109,SEC14 cytosolic factor,SEC14,,vv50122Porters_cat_7_to_17,
57,VIT_07s0205g00180,1685,0.8078,Basic helix-loop-helix (bHLH) family,BHLHDOM_30,,vv60011BHLH,
58,VIT_18s0001g06010,1669,0.8063,Hydrolase  alpha/beta fold,,,,
59,VIT_08s0007g02460,1660,0.8043,Aspartyl protease,E3_4_23_x,,,
60,VIT_13s0019g01690,1643,0.7976,Ubiquitin-specific protease 24 (UBP24),,,,
61,VIT_11s0016g00580,1644,0.7942,Unknown,,,,
62,VIT_14s0066g02410,1639,0.7926,Betaine-aldehyde dehydrogenase,E1_2_1_8,,vv10260Glycine_serine_and_threonine_metabolism,vv50101Channels_and_pores
63,VIT_11s0118g00330,1629,0.7923,Unknown protein,,,,
64,VIT_13s0019g03210,1635,0.7902,Lectin-like protein,,,,
65,VIT_16s0050g00720,1634,0.7875,Ubiquitin-protein ligase ASK21,ASK21,,vv30003Auxin_signaling,
66,VIT_08s0007g02000,1632,0.7865,Glycerol-3-phosphate acyltransferase 8,E2_3_1_15,,vv10561Glycerolipid_metabolism,vv10564Glycerophospholipid_metabolism
67,VIT_09s0002g06770,1604,0.7794,Unknown protein,,,,
68,VIT_17s0000g03700,1594,0.7764,Kinesin motor protein-related,KMOTOR,,vv44810Regulation_of_actin_cytoskeleton,
69,VIT_19s0090g00710,1592,0.7724,No hit,,,,
70,VIT_13s0019g01560,1574,0.7626,Protease inhibitor/seed storage/lipid transfer protein (LTP),,,,
71,VIT_14s0006g00910,1560,0.7562,ATA15 protein,,,,
72,VIT_05s0165g00010,1557,0.7555,Ankyrin repeat,K10380,,vv50108Accessory_factors_involved_in_transport,
73,VIT_01s0026g00570,1567,0.7530,Bet v I allergen,,,,
74,VIT_05s0077g01290,1558,0.7523,Unknown protein,,,,
75,VIT_04s0008g02870,1545,0.7493,Transcription factor,TRIHELIXDOM_12,,vv60062Trihelix,
76,VIT_01s0137g00510,1545,0.7475,CYP71B10,CYP71B10,,vv10940Phenylpropanoid_biosynthesis,
77,VIT_12s0028g00460,1541,0.7452,Tobamovirus multiplication 1 homolog 2,,,,
78,VIT_00s0593g00010,1536,0.7424,Pentatricopeptide (PPR) repeat-containing protein,,,,
79,VIT_14s0006g01020,1531,0.7418,THO complex subunit 4,K12881,,vv23013RNA_transport,vv23015mRNA_surveillance_pathway
80,VIT_09s0002g08560,1528,0.7400,Unknown protein,,,,
81,VIT_13s0047g00340,1513,0.7323,Ethylene-responsive transcription factor WRINKLED 1,WRINKLED1_3,VvAP2-20,vv30008Ethylene_signaling,vv60003AP2_EREBP
82,VIT_17s0000g07530,1514,0.7289,Transportin-SR,TRANSPORTINSR,,vv50112Nuclear_pore_complex,
83,VIT_09s0002g02490,1495,0.7278,Dof zinc finger protein 1,ADOF1,,vv60015C2C2-DOF,
84,VIT_15s0048g02090,1494,0.7245,Thioesterase family,,,,
85,VIT_05s0077g01330,1508,0.7243,Unknown,,,,
86,VIT_00s0399g00020,1487,0.7240,Protease inhibitor/seed storage/lipid transfer protein (LTP),,,,
87,VIT_19s0027g00180,1496,0.7231,No hit,,,,
88,VIT_02s0025g02620,1471,0.7169,BDG1 (BODYGUARD1) hydrolase,,,,
89,VIT_03s0063g01560,1464,0.7096,CYP82C1p,,,,
90,VIT_00s0340g00040,1464,0.7079,Beta-hexosaminidase beta chain precursor,E3_2_1_52,,vv10511N-Glycan_degradation,vv10530Aminosugars_metabolism
91,VIT_13s0074g00420,1457,0.7015,Unknown,,,,
92,VIT_11s0016g02600,1445,0.7004,Caffeoyl-CoA O-methyltransferase,E2_1_1_104,,vv10940Phenylpropanoid_biosynthesis,
93,VIT_15s0045g01150,1444,0.6993,No hit,,,,
94,VIT_11s0016g01160,1434,0.6968,GCN5 N-acetyltransferase (GNAT),GCN5_3,,vv60082GNAT,
95,VIT_01s0026g01140,1432,0.6948,ZCW32 (BIGPETAL  BIGPETALUB),ZCW32_2,,vv60011BHLH,
96,VIT_16s0022g00830,1426,0.6919,Pectin methylesterase inhibitor,PMEI,,vv40006Cell_wall,
97,VIT_17s0000g05310,1419,0.6892,Pre-mRNA cleavage complex II protein Clp1,,,,
98,VIT_13s0019g01550,1415,0.6872,Protease inhibitor/seed storage/lipid transfer protein (LTP),,,,
99,VIT_05s0077g01340,1421,0.6868,PMR5 (powdery mildew resistant 5),,,,
100,VIT_17s0000g00160,1395,0.6755,Glycyl-tRNA synthetase 1,E6_1_1_14,,vv10260Glycine_serine_and_threonine_metabolism,vv20970Aminoacyl-tRNA_biosynthesis
101,VIT_08s0007g02170,1379,0.6649,Yippee,,,,
102,VIT_08s0058g01210,1363,0.6585,Non-specific lipid transfer protein LTP1,LTP1,,,
103,VIT_06s0004g00120,1353,0.6533,Zinc finger (C3HC4-type ring finger),ZFC3HC4_41,,vv60078Other_zf-C3HC4,
104,VIT_08s0007g01750,1355,0.6524,Acetyl co-enzyme A carboxylase carboxyltransferase alpha subunit,E6_4_1_2,,vv10061Fatty_acid_biosynthesis,vv10620Pyruvate_metabolism
105,VIT_11s0016g04540,1344,0.6483,ABC transporter G member 22,ABCG22,,vv52010ABC_transporters,
106,VIT_08s0007g03510,1329,0.6448,Purple acid phosphatase 20- ATPAP20/PAP20,E3_1_3_2,,vv10740Riboflavin_metabolism,
107,VIT_07s0005g06060,1334,0.6429,Pore-forming toxin-like protein Hfr-2,HFR2,,vv50101Channels_and_pores,
108,VIT_01s0011g05400,1334,0.6429,Actin related protein 2/3 complex  subunit 2,K05758,,vv44810Regulation_of_actin_cytoskeleton,
109,VIT_15s0046g02420,1325,0.6416,Aquaporin TMP-C,TMPC,,vv50101Channels_and_pores,
110,VIT_08s0007g05040,1329,0.6405,Unknown protein,,,,
111,VIT_09s0002g05560,1319,0.6366,ABC transporter g family pleiotropic drug resistance 12 PDR12,ABCGPDR12,,vv52010ABC_transporters,
112,VIT_07s0031g01550,1315,0.6337,No hit,,,,
113,VIT_14s0060g02370,1307,0.6329,DegP protease,E3_4_21_107,,,
114,VIT_06s0004g03260,1289,0.6282,Cupin family protein,,,,
115,VIT_08s0007g03150,1305,0.6277,Pentatricopeptide (PPR) repeat-containing protein,,,,
116,VIT_04s0008g03950,1298,0.6277,RD22,,,,
117,VIT_19s0090g00660,1298,0.6249,Lipase GDSL,,,,
118,VIT_15s0046g00310,1290,0.6238,Transcription factor TINY,ERF023,VvERF015,vv30008Ethylene_signaling,vv60003AP2_EREBP
119,VIT_04s0008g02920,1294,0.6212,Desiccation protein PCC13-62 precursor,,,,
120,VIT_02s0025g02440,1260,0.6099,GAMM1 protein,,,,
121,VIT_11s0037g01210,1253,0.6080,Eceriferum 1 (CER1 protein) Sterol desaturase,,,,
122,VIT_10s0003g01860,1249,0.6075,RKF1 (receptor-like kinase in flowers 1),,,,
123,VIT_04s0008g02670,1265,0.6047,Cryptochrome DASH,CRYDASH,,vv34710Circadian_rhythm,
124,VIT_14s0006g02990,1260,0.6046,3-ketoacyl-CoA synthase,,,,
125,VIT_18s0001g07700,1255,0.6042,Ethylene-inducible CTR1,CTR1,,vv30008Ethylene_signaling,
126,VIT_06s0004g03200,1252,0.6031,No hit,,,,
127,VIT_16s0039g02150,1243,0.5996,Unknown,,,,
128,VIT_04s0008g00860,1231,0.5944,Ndr family protein,,,,
129,VIT_06s0009g02640,1218,0.5895,Hydroxymethylglutaryl-CoA lyase,E4_1_3_4,,vv10072Synthesis_and_degradation_of_ketone_bodies,vv10280Valine_leucine_and_isoleucine_degradation
130,VIT_02s0025g01240,1215,0.5858,UDP-glucuronosyl/UDP-glucosyltransferase,E2_4_1_17,,vv10040Pentose_glucuronate_interconversion,vv10500Starch_and_sucrose_metabolism
131,VIT_03s0063g02440,1212,0.5849,Proline extensin-like receptor kinase 1 (PERK1),,,,
132,VIT_05s0094g01470,1206,0.5832,Poly(ADP-ribose) like glycohydrolase,E3_2_1_143,,,
133,VIT_14s0006g02530,1208,0.5813,Non-specific lipid-transfer protein 2 (LTP 2),,,,
134,VIT_04s0008g00710,1193,0.5769,Unknown,,,,
135,VIT_05s0062g01180,1199,0.5764,Importin beta-2,K14293_2,,vv23013RNA_transport,vv50109Incompletely_characterized_transport_systems
136,VIT_11s0037g00890,1180,0.5712,Glutamine amidotransferase class-I domain-containing protein,K08681,,vv10750Vitamin_B6_metabolism,
137,VIT_03s0063g02610,1188,0.5701,GRP7 (cold  circadian rhythm  and RNA binding 2),GRP7,,vv50133Primary_active_transporter_cat_A9_to_A18,
138,VIT_14s0066g00300,1173,0.5667,Unknown,,,,
139,VIT_00s2397g00010<br>VIT_16s0050g02690<br>VIT_00s0258g00120<br>VIT_00s1944g00010<br>VIT_00s2304g00010,1163,0.5662,
140,VIT_05s0029g01040,1164,0.5661,Aspartate aminotransferase,E2_6_1_1,vv10710Carbon_fixation,vv10252Alanine_and_aspartate_metabolism,vv10272Cysteine_metabolism
141,VIT_03s0088g00400,1169,0.5661,Tubulin alpha-6 chain,K07374,,vv44145Phagosome,vv44810Regulation_of_actin_cytoskeleton
142,VIT_16s0050g01090,1159,0.5623,Beta-carotene hydroxylase,K02294,,vv10906Carotenoid_biosynthesis,
143,VIT_04s0008g02520,1157,0.5611,ATP binding protein,,,,
144,VIT_14s0060g01740,1158,0.5597,Unknown protein,,,,
145,VIT_07s0005g06090,1130,0.5454,Pore-forming toxin-like protein Hfr-2,HFR2,,vv50101Channels_and_pores,
146,VIT_03s0063g00110,1109,0.5345,Cyclin delta-3,CYCD3,,vv30007Cytokinin_signaling,vv44110Cell_cycle
147,VIT_11s0016g02540,1097,0.5330,Xaa-Pro dipeptidase,E3_4_13_9,,,
148,VIT_09s0002g06750,1084,0.5293,ERF/AP2 transcription factor sub B-6 SHINE,SHINE1_1,VvERF042,vv30008Ethylene_signaling,vv60003AP2_EREBP
149,VIT_12s0134g00400,1094,0.5288,Zinc finger (B-box type),ZFBBOX_10,,vv60073Orphans_zf-b_box,
150,VIT_17s0000g03090,1088,0.5287,R protein disease resistance protein,RPROT,,vv34627R_proteins_from_Plant-pathogen_interaction,
151,VIT_15s0021g02320,1090,0.5286,ABC transporter G member 7,ABCG7,,vv52010ABC_transporters,
152,VIT_08s0007g00530,1089,0.5248,3-beta hydroxysteroid dehydrogenase/isomerase protein,E1_1_1_145,,vv10140C21-Steroid_hormone_metabolism,
153,VIT_07s0031g02160,1083,0.5232,Protein phosphatase 2C DBP,DBPPP2C_2,,vv60024DBP,
154,VIT_10s0003g02120,1072,0.5206,Lipase GDSL,,,,
155,VIT_13s0074g00240,1061,0.5145,Uridylate kinase,E2_7_4_22_1,,vv10240Pyrimidine_metabolism,vv60062Trihelix
156,VIT_12s0057g00640,1069,0.5142,Pentatricopeptide (PPR) repeat-containing,,,,
157,VIT_03s0180g00080,1065,0.5130,Cyclase,,,,
158,VIT_09s0002g04170,1062,0.5123,Acyl-CoA synthetases (Acyl-activating enzyme 13),E6_2_1_3,,vv10071Fatty_acid_metabolism,vv50104Group_translocators
159,VIT_19s0014g02440,1055,0.5121,MATE efflux family protein,MATE,,vv50125Porters_cat_66_to_94,
160,VIT_06s0004g06700,1037,0.5036,ATP-dependent Clp protease ClpB protein,K03695,,vv50109Incompletely_characterized_transport_systems,
161,VIT_09s0002g04310,1035,0.4986,Rho guanyl-nucleotide exchange factor ROPGEF8,ROPGEF8,,,
162,VIT_17s0000g03930,1027,0.4978,ferulate 5-hydroxylase,K09755,,vv10940Phenylpropanoid_biosynthesis,
163,VIT_16s0050g00830,1022,0.4932,Beta-ketoacyl-CoA synthase,E2_3_1_41,,vv10061Fatty_acid_biosynthesis,
164,VIT_13s0106g00290,1010,0.4870,Histone deacetylase HDA14,HDA14,,vv44110Cell_cycle,
165,VIT_02s0025g04550,1000,0.4869,Glucose-methanol-choline (GMC) oxidoreductase,E1_1_99_1,,vv10260Glycine_serine_and_threonine_metabolism,
166,VIT_10s0071g00280,1000,0.4840,No hit,,,,
167,VIT_08s0007g01420,1004,0.4836,Glutathione S-transferase 8 GSTU8,E2_5_1_18_GSTU8,,vv10480Glutathione_metabolism,
168,VIT_06s0004g06690,993,0.4767,Ribosomal protein S18 30S,K02963,,vv23010Ribosome,
169,VIT_10s0003g00620,973,0.4719,Lipase GDSL,,,,
170,VIT_06s0004g05050,977,0.4713,Ent-kaurenoic acid oxidase 1,E1_14_13_79,,vv10904Diterpenoid_biosynthesis,
171,VIT_02s0025g04950,964,0.4659,No hit,,,,
172,VIT_04s0008g03930,944,0.4563,RD22,,,,
173,VIT_05s0049g00300,942,0.4551,1-aminocyclopropane-1-carboxylate oxidase homolog 1,E1_14_17_4,,vv10640Propanoate_metabolism,vv30008Ethylene_signaling
174,VIT_00s0225g00080,945,0.4548,MATE efflux family protein,MATE,,vv50125Porters_cat_66_to_94,
175,VIT_03s0038g01830,937,0.4527,Proline-rich protein 4,,,,
176,VIT_01s0150g00590,911,0.4418,U2 small nuclear ribonucleoprotein A',K11092,,vv23040Spliceosome,
177,VIT_09s0002g03140,906,0.4387,Lipase GDSL,,,,
178,VIT_07s0255g00060,908,0.4367,Prolyl oligopeptidase family,,,,
179,VIT_15s0048g00550,896,0.4345,Abnormal floral organs,AFO_2,,vv60019C2C2-YABBY,
180,VIT_07s0031g01680,902,0.4332,CYP86A1,,,,
181,VIT_09s0018g00410,890,0.4325,Cyclic nucleotide gated channel 5,K05391_CNGC5,,vv34626Plant-pathogen_interaction,vv50101Channels_and_pores
182,VIT_05s0094g00750,894,0.4306,Stearoyl-CoA 9-desaturase,E1_14_19_1,,vv11040Biosynthesis_of_unsaturated_fatty_acids,
183,VIT_08s0007g07240,883,0.4295,Armadillo helical,,,,
184,VIT_14s0006g00300,889,0.4291,Nudix hydrolase 18,,,,
185,VIT_18s0122g01250,877,0.4239,No hit,,,,
186,VIT_07s0005g03570,876,0.4234,Arabinose-5-phosphate isomerase,E5_3_1_13,,vv10540Lipopolysaccharide_biosynthesis,
187,VIT_06s0004g07100,876,0.4226,Translation initiation factor eIF-2 alpha subunit,K03237,,vv23013RNA_transport,
188,VIT_04s0044g00440,873,0.4209,MTN21,MTN21,,vv50122Porters_cat_7_to_17,
189,VIT_04s0023g02260,874,0.4204,S-adenosyl-L-methionine:salicylic acid carboxyl methyltransferase,SAMTBSCMT,,vv10360Phenylalanine_metabolism,
190,VIT_02s0012g01260,868,0.4197,Microspore-specific promoter 2,,,,
191,VIT_17s0000g08380,863,0.4193,Unknown protein,,,,
192,VIT_09s0002g02690,862,0.4174,3'-5' exonuclease domain-containing protein,K01146,,,
193,VIT_00s2525g00010,855,0.4148,Unknown,,,,
194,VIT_17s0000g04150,857,0.4140,Leucoanthocyanidin reductase,E1_17_1_3,,vv10941Flavonoid_biosynthesis,
195,VIT_19s0090g00840,848,0.4137,WRKY DNA-binding protein 6,WRKY6_2,VvWRKY55,vv60066WRKY,
196,VIT_05s0094g00370,851,0.4127,Diphthamide synthesis DPH2,,,,
197,VIT_00s0824g00020,850,0.4124,Basic helix-loop-helix (bHLH) family,BHLHDOM_58,,vv60011BHLH,
198,VIT_09s0002g00820,847,0.4114,S-2-hydroxy-acid oxidase  peroxisomal,E1_1_3_15,,vv10630Glyoxylate_and_dicarboxylate_metabolism,vv44146Peroxisome
199,VIT_00s0125g00180,848,0.4105,Zinc finger (C3HC4-type ring finger),ZFC3HC4,,,
200,VIT_01s0010g02220,852,0.4096,Zinc finger (C3HC4-type ring finger),ZFC3HC4_200,,vv60078Other_zf-C3HC4,
201,VIT_16s0100g00430,850,0.4085,ARR2 type-B response regulator,ARR2_1,,vv30007Cytokinin_signaling,vv60006ARR-B
202,VIT_14s0030g01650,845,0.4078,Unknown protein,,,,
203,VIT_02s0012g02030,842,0.4056,Homeobox-7,VVHB7_1,VvHB09,vv60034HB,
204,VIT_06s0004g05080,831,0.4013,Zinc finger (C3HC4-type ring finger),ZFC3HC4_24,,vv60078Other_zf-C3HC4,
205,VIT_16s0039g01800,832,0.4012,Phosphate-induced protein 1,,,,
206,VIT_03s0038g01480,823,0.3978,Beta-fructofuranosidase,E3_2_1_26,,vv10052Galactose_metabolism,vv10500Starch_and_sucrose_metabolism
207,VIT_07s0005g00860,820,0.3971,U3 snoRNP-associated helicase Ecm16,ECM16,,,
208,VIT_04s0069g00290,812,0.3953,Glutamate receptor 2.1,GLR2_1,,vv50101Channels_and_pores,
209,VIT_08s0007g02700,817,0.3945,Secoisolariciresinol dehydrogenase,SIRD,,vv10940Phenylpropanoid_biosynthesis,
210,VIT_11s0016g00760,809,0.3920,Ubiquinone biosynthesis protein COQ9,,,,
211,VIT_03s0038g03810,813,0.3916,Serine/threonine Protein kinase BNK1,,,,
212,VIT_18s0122g00220,803,0.3904,Phosphodiesterase/alkaline phosphatase D,E3_1_4_1,,,
213,VIT_09s0002g05990,803,0.3875,6-4 photolyase,K02295,,vv34710Circadian_rhythm,
214,VIT_17s0000g03990,801,0.3871,Aspartyl protease,E3_4_23_x,,,
215,VIT_08s0007g03990,798,0.3861,Cellulose synthase CSLA09,E2_4_1_12_CSLA09,,vv40006Cell_wall,
216,VIT_15s0048g02720,794,0.3854,fatty acid elongase,E2_3_1_41,,vv10061Fatty_acid_biosynthesis,
217,VIT_05s0094g01080,795,0.3820,Ankyrin protein kinase,K10380,,vv50108Accessory_factors_involved_in_transport,
218,VIT_06s0004g00610,788,0.3799,Accelerated cell death 1 ACD1,ACD1,,vv50133Primary_active_transporter_cat_A9_to_A18,
219,VIT_16s0022g02210,782,0.3783,Protein phosphatase 2CA AHG1 PP2CA,AHG1,,vv30001ABA_signaling,
220,VIT_06s0080g00760,774,0.3765,Unknown protein,,,,
221,VIT_18s0001g07640,737,0.3557,Eceriferum 2 (CER2),,,,
222,VIT_10s0003g01010,731,0.3537,Lipase GDSL,,,,
223,VIT_04s0008g02720,723,0.3498,Myosin heavy chain,K10352,,vv44810Regulation_of_actin_cytoskeleton,
224,VIT_01s0010g02890,727,0.3494,Armadillo/beta-catenin repeat protein / U-box domain-containing,,,,
225,VIT_05s0049g01560,712,0.3451,Unknown protein,,,,
226,VIT_16s0013g00530,709,0.3438,No hit,,,,
227,VIT_00s0978g00020,701,0.3408,Unknown protein,,,,
228,VIT_06s0080g00340,708,0.3407,ABI5 (ABA insensitive 5),ABI5_2,VvbZIP19,vv30001ABA_signaling,vv60012BZIP
229,VIT_14s0060g02200,703,0.3399,Phospholipid/glycerol acyltransferase,E2_3_1_51,,vv10561Glycerolipid_metabolism,vv10564Glycerophospholipid_metabolism
230,VIT_00s0927g00010,698,0.3379,Basic helix-loop-helix (bHLH) family,BHLHDOM_81,,vv60011BHLH,
231,VIT_06s0004g01550,695,0.3351,Phosphoribosylanthranilate transferase,E2_4_2_18,,vv10400Phenylalanine_tyrosine_and_tryptophan_biosynthesis,
232,VIT_05s0165g00150,691,0.3313,No hit,,,,
233,VIT_13s0019g04260,681,0.3304,Monoglyceride lipase,E3_1_1_23,,vv10561Glycerolipid_metabolism,
234,VIT_17s0000g06220,679,0.3266,Exostosin,K02366,,vv11030Glycan_structures-biosynthesis1,
235,VIT_00s0406g00010,672,0.3262,Beta-hexosaminidase beta chain precursor,E3_2_1_52,,vv10511N-Glycan_degradation,vv10530Aminosugars_metabolism
236,VIT_14s0108g01270,668,0.3219,Cyclin-dependent kinase CDC2C,CDC2C,,vv44110Cell_cycle,
237,VIT_00s0665g00020,666,0.3213,Carrier protein  Mitochondrial,K03454,,vv50123Porters_cat_18_to_29,
238,VIT_00s0361g00040,659,0.3168,Anthocyanidin reductase,E1_3_1_77,,vv10941Flavonoid_biosynthesis,
239,VIT_08s0056g00030,647,0.3133,Diadenosine 5' 5'''-P1 P4-tetraphosphate hydrolase,E3_6_1_17,,vv10230Purine_metabolism,vv10240Pyrimidine_metabolism
240,VIT_11s0016g04950,638,0.3102,NAD+ diphosphatase,K03426,,vv44146Peroxisome,
241,VIT_06s0004g06570,645,0.3094,Calcium/proton exchanger CAX3,K07300_CAX3,,vv50123Porters_cat_18_to_29,
242,VIT_12s0057g00970,638,0.3087,Pentatricopeptide (PPR) repeat-containing,,,,
243,VIT_16s0100g00280,638,0.3078,EMB2758 (embryo defective 2758),,,,
244,VIT_18s0001g14970,629,0.3040,Pentatricopeptide (PPR) repeat-containing,,,,
245,VIT_00s0429g00040,630,0.3038,Aspartic proteinase nepenthesin-1 precursor,E3_4_23_12,,,
246,VIT_04s0023g01890,628,0.3032,Unknown protein,,,,
247,VIT_02s0025g03980,627,0.3029,LIM domain containing protein,LIMDOM_5,,vv60040LIM,
248,VIT_03s0038g02330,626,0.3008,CLB1 protein,,,,
249,VIT_14s0006g02320,626,0.3002,Nuclear transcription factor Y subunit C-4,NFYC4,,vv60021CCAAT,
250,VIT_12s0057g00360,623,0.2994,No hit,,,,
251,VIT_04s0008g05520,615,0.2991,Unknown protein,,,,
252,VIT_11s0016g01480,615,0.2975,Nuclear transcription factor Y subunit A-3,NFYA3_1,,vv60021CCAAT,
253,VIT_11s0016g05340,611,0.2970,Ethylene-responsive transcription factor SHINE 3,SHINE3_2,VvERF043,vv30008Ethylene_signaling,vv60003AP2_EREBP
254,VIT_06s0004g03110,607,0.2952,Unknown,,,,
255,VIT_08s0040g02970,608,0.2936,Protein phosphatase 2C,E3_1_3_16,,,
256,VIT_07s0031g02150,605,0.2935,Ribosomal protein L11,K02867,,vv23010Ribosome,
257,VIT_01s0150g00550,605,0.2917,Histone-lysine N-methyltransferase ASHR2,E2_1_1_43ASHR2_1,,vv10300Lysine_biosynthesis,vv60056SET_PCG
258,VIT_03s0038g02030,604,0.2914,Amidase,E3_5_1_4,,vv10220Urea_cycle_and_metabolism_of_amino_groups,vv10360Phenylalanine_metabolism
259,VIT_11s0016g00430,605,0.2911,Lipase GDSL 5,,,,
260,VIT_18s0001g01210,598,0.2910,Senescence-inducible chloroplast stay-green protein 2,,,,
261,VIT_14s0068g01500,603,0.2909,Glycerophosphoryl diester phosphodiesterase,E3_1_4_46,,vv10564Glycerophospholipid_metabolism,
262,VIT_07s0005g05790,597,0.2877,VAMP726 (VESICLE-associated membrane protein),K08511,,vv24130SNARE_interactions_in_vesicular_transport,vv50101Channels_and_pores
263,VIT_00s0375g00060,592,0.2860,Ent-kaurene synthase,E5_5_1_13,,vv10904Diterpenoid_biosynthesis,
264,VIT_00s0186g00090,592,0.2860,Zinc finger (C3HC4-type ring finger),ZFC3HC4_5,,vv60078Other_zf-C3HC4,
265,VIT_05s0102g00870,594,0.2857,R protein  PRF  disease resistance protein,K13453,,vv34627R_proteins_from_Plant-pathogen_interaction,
266,VIT_18s0089g00020,586,0.2831,Phosphatidylinositol N-acetylglucosaminyltransferase subunit P,E2_4_1_198,,vv10563Glycosylphosphatidylinositol-anchor_biosynthesis,
267,VIT_06s0061g00240,584,0.2812,ABC transporter G member 7,ABCG7,,vv52010ABC_transporters,
268,VIT_18s0001g06920,583,0.2811,TRNA-guanine transglycosylase,E2_4_2_29,,vv10230Purine_metabolism,
269,VIT_05s0077g00820,578,0.2809,Unknown protein,,,,
270,VIT_10s0003g04970,579,0.2796,ATPase  BadF/BadG/BcrA/BcrD-type,,,,
271,VIT_10s0071g01120,571,0.2764,Alpha-galactosidase,E3_2_1_22,,vv10052Galactose_metabolism,vv10561Glycerolipid_metabolism
272,VIT_15s0021g02710,563,0.2732,Zinc finger (C2H2 type) family,C2H2FAM_24,,vv60017C2H2,
273,VIT_06s0004g05130,569,0.2716,Pentatricopeptide (PPR) repeat-containing,,,,
274,VIT_01s0011g01320,562,0.2711,Cholinephosphate cytidylyltransferase,E2_7_7_15,,vv10564Glycerophospholipid_metabolism,
275,VIT_14s0083g00850,557,0.2703,Lipase GDSL 7,,,,
276,VIT_01s0026g01340,558,0.2689,Glutathione S-transferase 29 GSTU18,E2_5_1_18_GSTU18,,vv10480Glutathione_metabolism,
277,VIT_07s0141g00450,555,0.2671,No hit,,,,
278,VIT_19s0177g00210,549,0.2653,Protein disulfide isomerase (PDIL) protein,E5_3_4_1,,,
279,VIT_13s0074g00390,547,0.2653,CYP77A2,,,,
280,VIT_17s0000g01990,552,0.2653,Pentatricopeptide repeat-containing protein,,,,
281,VIT_13s0067g00400,545,0.2651,Anthranilate synthase alpha 1,E4_1_3_27,,vv10400Phenylalanine_tyrosine_and_tryptophan_biosynthesis,
282,VIT_12s0035g01990,543,0.2614,Intron maturase  type II,,,,
283,VIT_12s0059g00300,536,0.2603,TAFII59 (TATA box associated factor II 59),K03131,,vv23022Basal_transcription_factors,
284,VIT_19s0014g03820,539,0.2603,Myb domain protein 102,MYB102_2,MYB145,vv60044MYB,
285,VIT_18s0001g03090,539,0.2601,Aspartyl protease,E3_4_23_x,,,
286,VIT_04s0023g02810,538,0.2587,Aldehyde dehydrogenase 3B1,E1_2_1_3,vv10561Glycerolipid_metabolism,vv10010Glycolysis,vv10071Fatty_acid_metabolism
287,VIT_13s0019g04650,531,0.2538,Thioredoxin 8,,,,
288,VIT_00s0286g00130,521,0.2519,S-locus lectin protein kinase,,,,
289,VIT_05s0029g00480,518,0.2512,Eceriferum 2 (CER2),,,,
290,VIT_00s0400g00010,521,0.2508,Unknown protein,,,,
291,VIT_02s0025g02550,514,0.2493,Late embryogenesis abundant protein,,,,
292,VIT_16s0039g02140,512,0.2488,Phosphoribulokinase,E2_7_1_19,,vv10710Carbon_fixation,
293,VIT_19s0027g00740,512,0.2477,Inhibitor of apoptosis,,,,
294,VIT_18s0075g00570,515,0.2472,Emb1381 (embryo defective 1381),,,,
295,VIT_18s0001g15610,505,0.2434,Unknown,,,,
296,VIT_02s0012g03050,502,0.2423,AAA-type ATPase,,,,
297,VIT_08s0007g01900,500,0.2414,Proton-dependent oligopeptide transport (POT) family protein,POT,,vv50122Porters_cat_7_to_17,
298,VIT_00s2871g00010,498,0.2406,Yippee,,,,
299,VIT_01s0010g01870,499,0.2400,Salicylic acid-induced fragment 1 protein,,,,
300,VIT_05s0029g01410,495,0.2396,No hit,,,,
301,VIT_10s0003g00840,490,0.2372,No hit,,,,
302,VIT_18s0041g01220,488,0.2359,GCN5 N-acetyltransferase (GNAT),GCN5_14,,vv60082GNAT,
303,VIT_04s0023g01830,489,0.2351,U3 small nucleolar RNA-associated protein 22,K14544,,vv23008Ribosome_biogenesis_in_Eukaryotes,
304,VIT_14s0066g00430,483,0.2327,Unknown protein,,,,
305,VIT_12s0178g00190,480,0.2320,Unknown,,,,
306,VIT_15s0046g03240,478,0.2318,Unknown protein,,,,
307,VIT_15s0046g03190,480,0.2301,Myb domain protein 17,MYB17_2,MYB17A,vv60044MYB,
308,VIT_08s0105g00600,478,0.2293,Late embryogenesis abundant protein B19.3,,,,
309,VIT_02s0012g01660,474,0.2271,ATPase PGP2 (P-glycoprotein 2),PGP2,,vv52010ABC_transporters,
310,VIT_17s0000g02680,466,0.2263,ABA glucosidase,ABAGLC,,vv11013ABA_biosynthesis,
311,VIT_00s0220g00180,465,0.2263,Glycosyl hydrolase family 20 protein,,,,
312,VIT_08s0040g02250,467,0.2248,No hit,,,,
313,VIT_18s0001g13260,454,0.2193,ATP-dependent protease La (LON) domain-containing protein,E3_4_21_53,,,
314,VIT_09s0054g00410,455,0.2189,Unknown,,,,
315,VIT_17s0000g07800,452,0.2179,Unknown protein,,,,
316,VIT_03s0038g02950,450,0.2171,Pentatricopeptide (PPR) repeat-containing protein,,,,
317,VIT_00s0533g00020,449,0.2168,Zeaxanthin epoxidase  chloroplast precursor,E1_14_13_90_2,,vv10906Carotenoid_biosynthesis,vv60028FHA
318,VIT_00s0179g00320,442,0.2137,Unknown protein,,,,
319,VIT_10s0597g00010,444,0.2136,Stem-specific protein TSJT1,,,,
320,VIT_16s0022g00470,442,0.2134,Peroxisomal biogenesis factor 11 (PEX11),,,,
321,VIT_11s0052g01230,442,0.2127,Xyloglucan endotransglucosylase/hydrolase 23,E2_4_1_207,,vv40006Cell_wall,
322,VIT_18s0076g00220,439,0.2122,Sucrose-proton symporter 2 SUC2,SUC2,,vv50121Porters_cat_1_to_6,
323,VIT_08s0007g00620,436,0.2106,Zinc finger (DHHC type),ZFDHHC_8,,vv60079Other_zf-DHHC,
324,VIT_07s0104g00190,432,0.2077,7S globulin precursor  basic,,,,
325,VIT_06s0004g08180,425,0.2066,Translation initiation factor eIF-2 beta subunit,K03238,,vv23013RNA_transport,
326,VIT_18s0001g06750,425,0.2056,Steroleosin-B,,,,
327,VIT_03s0038g01410,418,0.2030,Aquaporin PIP PIP1A,PIP1A,,vv50101Channels_and_pores,
328,VIT_11s0065g00420,422,0.2024,Receptor-like protein kinase PRK1,,,,
329,VIT_11s0103g00530,410,0.1985,Oxysterol binding protein,,,,
330,VIT_13s0074g00090,405,0.1963,Glycosyl transferase family 47 protein,,,,
331,VIT_03s0063g01890,404,0.1949,Ring-H2 finger protein ATL3G,,,,
332,VIT_16s0050g00710,397,0.1924,Unknown protein,,,,
333,VIT_13s0019g04370,398,0.1924,Phosphoglucomutase/phosphomannomutase,E5_4_2_2,,vv10010Glycolysis,vv10030Pentose_phosphate
334,VIT_08s0007g07180,391,0.1892,Translation initiation factor eIF-3 subunit 8,K03252,,vv23013RNA_transport,
335,VIT_08s0007g00570,382,0.1850,WRKY DNA-binding protein 49,WRKY49,VvWRKY27,vv60066WRKY,
336,VIT_02s0025g02120,380,0.1830,1 4-alpha-D-glucan maltohydrolase,E3_2_1_2,,vv10500Starch_and_sucrose_metabolism,
337,VIT_04s0008g03600,374,0.1810,Tocopherol cyclase,K09834,,vv10100Biosynthesis_of_steroids,
338,VIT_13s0067g01590,369,0.1787,Lectin protein kinase,,,,
339,VIT_19s0014g01470,365,0.1761,Thioredoxin TTL1 (Tetratricopetide-repeat thioredoxin-like 1),TTL1,,vv50132Primary_active_transporter_cat_A5_to_A8,
340,VIT_06s0080g00180,362,0.1752,No hit,,,,
341,VIT_18s0001g14390,353,0.1714,Transducin protein,,,,
342,VIT_13s0067g02390,351,0.1694,Unknown,,,,
343,VIT_08s0007g01470,347,0.1671,Copper transporter 3,COPT3,,vv50101Channels_and_pores,
344,VIT_14s0066g02270,344,0.1661,Endonuclease/exonuclease/phosphatase family protein,E3_1_30_x,,,
345,VIT_08s0007g00950,345,0.1659,No hit,,,,
346,VIT_00s0357g00110,344,0.1654,Inositol polyphosphate 5-phosphatase I,E3_1_3_56,,vv10562Inositol_phosphate_metabolism,vv34070Phosphatidylinositol_signaling_system
347,VIT_19s0090g00910,341,0.1649,Alanine racemase,E5_1_1_1,,vv10252Alanine_and_aspartate_metabolism,
348,VIT_08s0040g02940,343,0.1647,Pentatricopeptide (PPR) repeat-containing protein,,,,
349,VIT_05s0077g00600,336,0.1624,Pentatricopeptide (PPR) repeat-containing protein,,,,
350,VIT_00s0762g00030,336,0.1618,S-locus lectin protein kinase,,,,
351,VIT_03s0091g01080,335,0.1618,1-aminocyclopropane-1-carboxylate oxidase,E1_14_17_4,,vv10640Propanoate_metabolism,vv30008Ethylene_signaling
352,VIT_08s0056g00810,332,0.1609,Co-chaperone grpE,K03687,,vv50132Primary_active_transporter_cat_A5_to_A8,
353,VIT_10s0116g01490,332,0.1609,DNA helicase SNF2 domain-containing protein,SNF2HEL_7,,vv60058SNF2,
354,VIT_00s0286g00110,331,0.1603,S-locus protein kinase,,,,
355,VIT_07s0031g02320,334,0.1602,Leaf senescence protein,,,,
356,VIT_05s0062g00890,331,0.1597,Alpha-glucan water dikinase isoform 3  Chloroplast,E2_7_9_4,,vv50108Accessory_factors_involved_in_transport,
357,VIT_03s0038g03520,330,0.1597,Auxin-induced SAUR,SAUR,,vv30003Auxin_signaling,
358,VIT_11s0065g00840,330,0.1597,EIF4-gamma/eIF5/eIF2-epsilon domain-containing protein,K03240,,,
359,VIT_01s0137g00780,330,0.1587,Unknown protein,,,,
360,VIT_17s0000g09070,324,0.1580,Histone deacetylase HDA6,K06067_HDAC6,,vv30011Jasmonate_signaling,vv44110Cell_cycle
361,VIT_07s0005g06000,327,0.1577,Pore-forming toxin-like protein Hfr-2,HFR2,,vv50101Channels_and_pores,
362,VIT_06s0004g05530,327,0.1574,Serine/threonine protein phosphatase PP1,K06269,,vv10500Starch_and_sucrose_metabolism,
363,VIT_15s0048g03000,327,0.1573,GTPase RABA3,K07976,,,
364,VIT_09s0002g04220,322,0.1570,Ras-related protein Rab-7A,K07897,,vv44145Phagosome,
365,VIT_01s0011g00790,321,0.1550,DnaJ homolog  subfamily C  member 2 gonidia forming protein GlsA,K09522_1,,vv50132Primary_active_transporter_cat_A5_to_A8,vv60045MYBrelated
366,VIT_00s2839g00010,321,0.1548,No hit,,,,
367,VIT_12s0034g02250,317,0.1534,Disease resistance protein (NBS class),,,,
368,VIT_11s0016g04480,317,0.1528,Acyl ACP-thioesterase,E3_1_2_14,,vv10061Fatty_acid_biosynthesis,
369,VIT_13s0084g00010,314,0.1518,(-)-a-terpineol synthase,VVTPS,,vv10902Monoterpenoid_biosynthesis,
370,VIT_16s0022g00650,313,0.1509,No hit,,,,
371,VIT_19s0085g00280,306,0.1468,SEC14 cytosolic factor,SEC14,,vv50122Porters_cat_7_to_17,
372,VIT_14s0083g01200,301,0.1462,Nitrilase,E3_5_5_1,,vv10910Nitrogen_metabolism,vv11002Auxin_biosynthesis
373,VIT_08s0007g03360,301,0.1458,EMB1345 (embryo defective 1345),,,,
374,VIT_07s0031g00660,301,0.1457,Unknown protein,,,,
375,VIT_12s0028g02130,300,0.1449,MAP3K delta-1 protein kinase,,,,
376,VIT_18s0001g12000,297,0.1441,Geranylgeranyl pyrophosphate synthetase 1  chloroplast precursor,E2_5_1_29,,vv10100Biosynthesis_of_steroids,vv10900Terpenoid_biosynthesis
377,VIT_01s0137g00410,290,0.1406,CYP86A2,,,,
378,VIT_04s0044g01650,289,0.1399,GA 20-oxidase 2,E1_14_11_12,,vv10904Diterpenoid_biosynthesis,
379,VIT_12s0059g01830,288,0.1393,Unknown,,,,
380,VIT_18s0001g14280,289,0.1390,ER lumen protein retaining receptor,,,,
381,VIT_08s0056g00200,286,0.1382,2 3-bisphosphoglycerate-independent phosphoglycerate mutase,E5_4_2_1,,vv10010Glycolysis,
382,VIT_01s0137g00170,284,0.1366,B-keto acyl reductase,,,,
383,VIT_10s0042g01020,280,0.1355,Isochorismatase,E3_3_2_1,,vv10130Ubiquinone_biosynthesis,
384,VIT_17s0000g05270,274,0.1326,Unknown protein,,,,
385,VIT_17s0000g05530,273,0.1319,DnaJ homolog  subfamily B  member 4,K09510,,vv50132Primary_active_transporter_cat_A5_to_A8,
386,VIT_18s0001g15260,272,0.1318,Myb domain protein 52,MYB52_1,MYB170,vv60044MYB,
387,VIT_00s0361g00090,270,0.1315,Phototropic-responsive NPH3 protein,,,,
388,VIT_18s0001g10330,270,0.1313,Subtilisin protease,ARA12,,vv50101Channels_and_pores,
389,VIT_19s0014g01410,270,0.1308,Alpha-1 2-mannosyltransferase ALG9,K03846,,vv10510N-Glycan_biosynthesis,vv11030Glycan_structures-biosynthesis1
390,VIT_06s0009g02380,271,0.1308,Indigoidine synthase A family protein,,,,
391,VIT_04s0008g01800,269,0.1296,Myb domain protein 7,MYB7_3,MYBPA7,vv60044MYB,
392,VIT_18s0041g00290,268,0.1293,Zinc finger (C3HC4-type ring finger),ZFC3HC4_111,,vv60078Other_zf-C3HC4,
393,VIT_19s0014g04900,267,0.1286,(-)-germacrene D synthase,E4_2_3_22,,vv10900Terpenoid_biosynthesis,
394,VIT_00s0202g00060<br>VIT_00s0193g00030,265,0.1280,
395,VIT_06s0004g02300,264,0.1277,Calcium-dependent protein kinase 19,CDPK19,,vv34626Plant-pathogen_interaction,
396,VIT_12s0059g02310,264,0.1275,PDF2 (protodermal factor2),PDF2_4,VvHB44,vv60034HB,
397,VIT_02s0025g03320,262,0.1269,CYP86A2,,,,
398,VIT_12s0059g00610,263,0.1269,Auxin-resistance protein AXR1 (AXR1),AXR1,,vv30003Auxin_signaling,
399,VIT_01s0011g05860,260,0.1254,Aspartate-semialdehyde dehydrogenase,E1_2_1_11,,vv10260Glycine_serine_and_threonine_metabolism,vv10300Lysine_biosynthesis
400,VIT_16s0039g02170,256,0.1241,D-xylose-proton symporter-like 2,XYLL2,,vv50121Porters_cat_1_to_6,
401,VIT_05s0049g01760,249,0.1212,Proton gradient regulation 5 (PGR5),PGR5,,,
402,VIT_08s0007g06740,250,0.1210,Seven in absentia SINA2,K04506,,vv24120Ubiquitin_mediated_proteolysis,
403,VIT_10s0003g02540,248,0.1202,ABC transporter B member 14,ABCB14,,vv52010ABC_transporters,
404,VIT_18s0001g14910,247,0.1196,Mannitol dehydrogenase,E1_1_1_67,,vv10051Fructose_and_mannose_metabolism,
405,VIT_19s0085g01100,244,0.1186,ECT8 (evolutionarily conserved C-terminal region 8),,,,
406,VIT_08s0007g00200,241,0.1161,Ankyrin repeat,K10380,,vv50108Accessory_factors_involved_in_transport,
407,VIT_10s0003g01850,241,0.1160,RKF1 (receptor-like kinase in flowers 1),,,,
408,VIT_12s0178g00200,239,0.1157,Actin beta/gamma 1,K05692,,vv44810Regulation_of_actin_cytoskeleton,
409,VIT_05s0029g01430,239,0.1157,Ankyrin,K10380,,vv50108Accessory_factors_involved_in_transport,
410,VIT_13s0064g01400,234,0.1138,Anthranilate phosphoribosyltransferase,E2_4_2_18,,vv10400Phenylalanine_tyrosine_and_tryptophan_biosynthesis,
411,VIT_15s0024g00580,232,0.1133,Unknown,,,,
412,VIT_17s0119g00300,236,0.1132,EMB2261 (embryo defective 2261),,,,
413,VIT_09s0002g02370,234,0.1132,Pentatricopeptide (PPR) repeat-containing,,,,
414,VIT_04s0044g01790,233,0.1119,Ribosome assembly protein 1,K14536,,vv23008Ribosome_biogenesis_in_Eukaryotes,
415,VIT_07s0141g00860,232,0.1117,IFA binding protein,,,,
416,VIT_14s0006g02550,225,0.1093,Non-specific lipid-transfer protein 2 (LTP 2),,,,
417,VIT_00s0207g00010,227,0.1091,Anthranilate N-benzoyltransferase protein 1,E2_3_1_144,,vv10400Phenylalanine_tyrosine_and_tryptophan_biosynthesis,
418,VIT_11s0016g01320,223,0.1081,Myb domain protein 13,MYB13,MYBPA2,vv60044MYB,
419,VIT_18s0072g01000,223,0.1076,Dihydrolipoamide S-acetyltransferase,E2_3_1_12,,vv10010Glycolysis,vv10252Alanine_and_aspartate_metabolism
420,VIT_10s0116g00680,221,0.1070,PDF2 (protodermal factor2),PDF2_2,VvHB35,vv60034HB,
421,VIT_09s0096g00040,221,0.1070,Ribonuclease P/MRP protein subunit POP1,K01164,,vv23008Ribosome_biogenesis_in_Eukaryotes,vv23013RNA_transport
422,VIT_19s0015g02530,213,0.1026,No hit,,,,
423,VIT_06s0004g05730,214,0.1024,Universal stress protein (USP) family protein,,,,
424,VIT_10s0092g00640,212,0.1022,Unknown protein,,,,
425,VIT_17s0000g06190,211,0.1021,Myb domain protein 94,MYB94_2,MYB30A,vv60044MYB,
426,VIT_07s0151g01120,212,0.1020,Plastocyanin domain-containing protein,K02638,,vv10195Photosynthesis,vv50113Thylakoid_targeting_pathway
427,VIT_14s0108g01080,212,0.1016,Myb domain protein 106,MYB106_2,MYB141,vv60044MYB,
428,VIT_05s0049g01810,205,0.0995,No hit,,,,
429,VIT_18s0001g14660,205,0.0993,P-glycoprotein 13,PGP13,,vv52010ABC_transporters,
430,VIT_07s0005g00270,199,0.0966,Unknown protein,,,,
431,VIT_12s0055g00970,193,0.0934,Pentatricopeptide repeat,,,,
432,VIT_01s0146g00420,193,0.0931,No hit,,,,
433,VIT_13s0067g01180,192,0.0927,Leaf senescence related,,,,
434,VIT_18s0001g07630,192,0.0926,NADPH-cytochrome P450 oxydoreductase isoform 1,E1_6_2_4,,vv10195Photosynthesis,
435,VIT_03s0038g00500<br>VIT_03s0038g00550,190,0.0923,
436,VIT_11s0016g00310,191,0.0917,Pectinesterase family,E3_1_1_11,,vv40006Cell_wall,
437,VIT_07s0141g00030,187,0.0907,fatty acid elongase,E2_3_1_41,,vv10061Fatty_acid_biosynthesis,
438,VIT_18s0041g00100,188,0.0904,Unknown protein,,,,
439,VIT_00s0187g00210,187,0.0901,Rho GDP-dissociation inhibitor 2,,,,
440,VIT_17s0000g05370,185,0.0897,MYC ZCW32 (bigpetal  bigpetalub),ZCW32_1,,vv60011BHLH,
441,VIT_07s0151g00570,185,0.0893,OB-fold nucleic acid binding domain containing protein,,,,
442,VIT_06s0009g01410,185,0.0891,No hit,,,,
443,VIT_12s0057g00590,182,0.0880,Vacuolar protein sorting 11 (VPS11),VPS11,,vv50111Tethering_factors,
444,VIT_05s0049g01400,181,0.0879,Alcohol oxidase,E1_1_3_13,,vv10680Methane_metabolism,
445,VIT_11s0052g01420,181,0.0871,Receptor kinase TRKe,,,,
446,VIT_07s0005g06110,177,0.0859,Pore-forming toxin-like protein Hfr-2,HFR2,,vv50101Channels_and_pores,
447,VIT_18s0001g14930,177,0.0854,Unknown protein,,,,
448,VIT_14s0006g03100,175,0.0845,No hit,,,,
449,VIT_11s0016g02490,173,0.0840,Ndr family protein,,,,
450,VIT_04s0008g01250,171,0.0834,Unknown,,,,
451,VIT_02s0025g04640,173,0.0834,Unknown protein,,,,
452,VIT_14s0066g00810,172,0.0833,Raffinose synthase,E2_4_1_82,,vv10052Galactose_metabolism,
453,VIT_18s0001g12310,171,0.0831,Ovate family protein 7 OFP7,OFP7_2,,vv60086OFP,
454,VIT_13s0067g03890,173,0.0830,Beta-ketoacyl-CoA synthase,E2_3_1_41,,vv10061Fatty_acid_biosynthesis,
455,VIT_09s0002g06250,171,0.0828,No hit,,,,
456,VIT_04s0008g01430,170,0.0826,APM1 (Aminopeptidase M1),APM1,,vv50004Auxin_transport,
457,VIT_16s0039g02490,170,0.0821,Phospholipid scramblase 1,PLS1,,vv50109Incompletely_characterized_transport_systems,
458,VIT_02s0033g01050,170,0.0818,Anthraniloyal-CoA: methanol anthraniloyal transferase,AMAT,,vv10400Phenylalanine_tyrosine_and_tryptophan_biosynthesis,
459,VIT_19s0015g01030,170,0.0817,No hit,,,,
460,VIT_18s0001g11160,168,0.0812,Unknown protein,,,,
461,VIT_17s0000g02830,167,0.0808,R protein MLA10,K13475,,vv34627R_proteins_from_Plant-pathogen_interaction,
462,VIT_17s0000g03070,163,0.0792,R protein MLA10,K13475,,vv34627R_proteins_from_Plant-pathogen_interaction,
463,VIT_06s0009g03390,164,0.0790,No hit,,,,
464,VIT_16s0039g01420,163,0.0789,Unknown protein,,,,
465,VIT_03s0063g01910,161,0.0780,Integral membrane protein,,,,
466,VIT_18s0001g02810,157,0.0753,Acyl-CoA synthetase long-chain member 9,E6_2_1_3_LACS9,,vv10071Fatty_acid_metabolism,vv44146Peroxisome
467,VIT_09s0002g05110,156,0.0752,EMB2753,,,,
468,VIT_00s0245g00030,154,0.0745,Integral membrane family protein,,,,
469,VIT_05s0077g00670,153,0.0741,Unknown protein,,,,
470,VIT_00s1206g00010,153,0.0738,Aspartic proteinase nepenthesin-1 precursor,E3_4_23_12,,,
471,VIT_11s0016g01920,151,0.0737,EIF-4A3,K13025,,vv23013RNA_transport,vv23015mRNA_surveillance_pathway
472,VIT_15s0045g00300,152,0.0735,Ankyrin repeat,,,,
473,VIT_00s2081g00010,150,0.0728,3-hydroxyisobutyrate dehydrogenase,E1_1_1_31,,vv10280Valine_leucine_and_isoleucine_degradation,
474,VIT_18s0001g14190,148,0.0718,Unknown,,,,
475,VIT_07s0005g03420,145,0.0705,Globulin isoform 3 11S,,,,
476,VIT_18s0001g11950,145,0.0701,Unknown protein,,,,
477,VIT_14s0006g00330,145,0.0700,No hit,,,,
478,VIT_07s0005g05980,144,0.0693,No hit,,,,
479,VIT_00s0598g00040,144,0.0692,Unknown protein,,,,
480,VIT_01s0011g00540,143,0.0691,SPFH domain-containing protein 2 precursor band 7 family,,,,
481,VIT_18s0001g02820,141,0.0683,Transducin protein,,,,
482,VIT_01s0150g00400,140,0.0674,Calnexin 1 (CNX1),K08054,,vv24141Protein_processing_in_endoplasmic_reticulum,vv44145Phagosome
483,VIT_12s0055g00920,138,0.0668,Aspartate aminotransferase,E2_6_1_1,vv10710Carbon_fixation,vv10252Alanine_and_aspartate_metabolism,vv10272Cysteine_metabolism
484,VIT_07s0031g01250,138,0.0667,1-acylglycerone phosphate reductase,E1_1_1_101,,vv10564Glycerophospholipid_metabolism,vv10565Ether_lipid_metabolism
485,VIT_14s0030g01950,138,0.0666,Transferase,,,,
486,VIT_12s0057g01230,137,0.0662,No hit,,,,
487,VIT_18s0075g00700,132,0.0639,Laccase,E1_10_3_2,,vv11000Single_reactions,vv50109Incompletely_characterized_transport_systems
488,VIT_02s0087g00610,131,0.0634,Unknown protein,,,,
489,VIT_11s0037g01330,130,0.0629,No hit,,,,
490,VIT_07s0104g00780,129,0.0623,Endomembrane protein 70,EMP70,,,
491,VIT_18s0089g00100,128,0.0621,R protein L6,K13477,,vv34627R_proteins_from_Plant-pathogen_interaction,
492,VIT_19s0090g01010,128,0.0618,Stigma-specific Stig1,,,,
493,VIT_05s0020g01820,128,0.0618,Integral membrane family protein UPF0497,,,,
494,VIT_06s0061g00700,127,0.0616,Auxin-regulated protein,AUXREG,,vv30003Auxin_signaling,
495,VIT_17s0000g02410,126,0.0612,Cold-induced wall associated kinase,,,,
496,VIT_00s0558g00020,127,0.0610,LINC4 (little nuclei4),,,,
497,VIT_01s0026g02730,126,0.0609,Anaphase-promoting complex component APC2,K03349,,vv24120Ubiquitin_mediated_proteolysis,vv44110Cell_cycle
498,VIT_05s0029g01420,122,0.0594,Ankyrin repeat,K10380,,vv50108Accessory_factors_involved_in_transport,
499,VIT_17s0000g00130,123,0.0593,SEC14 cytosolic factor,SEC14,,vv50122Porters_cat_7_to_17,
500,VIT_12s0059g00230,123,0.0592,Epoxide hydrolase 2,E3_3_2_10,,,
501,VIT_01s0011g03500,122,0.0590,Homocysteine S-methyltransferase 1,E2_1_1_10,,vv10271Methionine_metabolism,
502,VIT_02s0025g05170,121,0.0585,Unknown protein,,,,
503,VIT_04s0008g03880,119,0.0577,Adaptor-related protein complex 4  beta 1,AP4B1,,vv50110Protein_coat,
504,VIT_08s0007g08210,119,0.0577,Zinc finger (CCCH-type) family protein,CCCHFAM_36,,vv60018C3H,
505,VIT_00s0522g00010<br>VIT_00s0266g00010<br>VIT_00s0372g00070<br>VIT_00s0372g00080<br>VIT_00s0572g00010<br>VIT_00s0372g00040<br>VIT_00s0847g00020<br>VIT_00s0572g00020,119,0.0576,
506,VIT_01s0011g06210,119,0.0575,Constans interacting protein 6,CIP6,,vv30009Flower_development,
507,VIT_06s0080g01260,118,0.0574,Receptor-like kinase,,,,
508,VIT_08s0056g01070,117,0.0567,MATE efflux family protein,MATE,,vv50125Porters_cat_66_to_94,
509,VIT_14s0068g00140,118,0.0567,No hit,,,,
510,VIT_15s0046g00500,117,0.0567,Wax synthase,E2_3_1_75,,vv11000Single_reactions,
511,VIT_19s0015g01420,116,0.0559,Subtilisin protease,,,,
512,VIT_14s0030g00220,116,0.0559,Sugar transporter ERD6-like 5,ERD6L5,,vv50121Porters_cat_1_to_6,
513,VIT_10s0116g00600,115,0.0555,RIC10 (ROP-Interactive crib motif-containing),RIC10,,vv44810Regulation_of_actin_cytoskeleton,
514,VIT_05s0077g01900,114,0.0552,Polygalacturonase GH28,E3_2_1_15,,vv40006Cell_wall,
515,VIT_12s0055g00790,114,0.0552,Clathrin assembly protein 3,CAP3,,vv50110Protein_coat,
516,VIT_13s0074g00790,113,0.0547,CYP94C9,,,,
517,VIT_17s0000g02860,112,0.0541,G1 to S phase transition protein,K03267,,vv23015mRNA_surveillance_pathway,
518,VIT_17s0000g10260,109,0.0531,AarF domain containing kinase,K08869,,,
519,VIT_14s0068g01520,109,0.0527,Double-stranded RNA-binding (DsRBD) domain-containing protein,,,,
520,VIT_13s0067g02870,108,0.0520,Chalcone-flavanone isomerase,E5_5_1_6,,vv10941Flavonoid_biosynthesis,
521,VIT_18s0001g14670,108,0.0520,Rac-like GTP-binding protein RAC1,RAC1,,vv34020Calcium_signaling_pathway,
522,VIT_19s0014g04050,107,0.0517,S-locus lectin protein kinase,,,,
523,VIT_00s2776g00010,107,0.0516,S-locus lectin protein kinase,,,,
524,VIT_13s0067g00860,106,0.0514,Early flowering 4,ELF4,,vv34710Circadian_rhythm,
525,VIT_00s0179g00150,105,0.0509,Heat shock transcription factor A6B,HSFA6B_4,,vv60037HSF,
526,VIT_12s0028g01260,104,0.0504,V-type H+-transporting ATPase subunit D,K02149,,vv10190Oxidative_phosphorylation,vv44145Phagosome
527,VIT_01s0146g00160,104,0.0502,Exocyst subunit EXO70 family protein C1,EXO70C1,,vv50111Tethering_factors,
528,VIT_01s0011g03580,103,0.0499,Unknown protein,,,,
529,VIT_15s0021g00710,103,0.0499,No hit,,,,
530,VIT_09s0002g05000,102,0.0494,R protein disease resistance protein,RPROT,,vv34627R_proteins_from_Plant-pathogen_interaction,
531,VIT_05s0062g00920,101,0.0489,No hit,,,,
532,VIT_11s0016g03250,100,0.0486,Lachrymatory factor synthase,,,,
533,VIT_09s0002g03360,100,0.0483,Calmodulin binding protein,,,,
534,VIT_02s0025g04620,100,0.0482,Phospholipase D beta 1,PLDB1,,vv10564Glycerophospholipid_metabolism,vv10565Ether_lipid_metabolism
535,VIT_13s0019g03980,99,0.0478,Transcription initiation factor TFIIF beta subunit,K03139,,vv23022Basal_transcription_factors,
536,VIT_05s0020g04440,98,0.0473,Unknown protein,,,,
537,VIT_05s0020g04020,98,0.0472,Unknown protein,,,,
538,VIT_03s0063g01690,97,0.0470,flavonoid 3-monooxygenase,E1_14_13_21,,vv10941Flavonoid_biosynthesis,
539,VIT_14s0081g00150,95,0.0463,Ankyrin,K10380,,vv50108Accessory_factors_involved_in_transport,
540,VIT_06s0004g03300,95,0.0457,2' 3'-cyclic-nucleotide 3'-phosphodiesterase,,,,
541,VIT_07s0031g00320,94,0.0455,Curly leaf PHCLF1,CLF1_1,,vv30009Flower_development,vv60056SET_PCG
542,VIT_09s0018g01780,94,0.0455,ACT domain repeat 1 (ACR1) uridylyltransferase,,,,
543,VIT_10s0116g01840,94,0.0455,No hit,,,,
544,VIT_18s0117g00010<br>VIT_00s0288g00050<br>VIT_18s0001g03500<br>VIT_18s0001g03280<br>VIT_18s0001g03320,93,0.0450,
545,VIT_14s0128g00200,91,0.0441,7S globulin precursor  basic,,,,
546,VIT_15s0046g02410,88,0.0427,Aquaporin TMP-C,TMPC,,vv50101Channels_and_pores,
547,VIT_06s0009g00790,88,0.0426,Beta-D-glucosidase,E3_2_1_21,,vv10460Cyanoamino_acid_metabolism,vv10500Starch_and_sucrose_metabolism
548,VIT_18s0001g13580,87,0.0420,Kinesin motor protein,KMOTOR,,vv44810Regulation_of_actin_cytoskeleton,
549,VIT_08s0007g00920,86,0.0416,Tropinone reductase,E1_1_1_206,,vv10220Urea_cycle_and_metabolism_of_amino_groups,
550,VIT_18s0001g14480,85,0.0410,Thaumatin SCUTL1,,,,
551,VIT_02s0025g03570,85,0.0410,DNA binding / hydrolase  acting on ester bonds,,,,
552,VIT_07s0141g01060,84,0.0408,Basic helix-loop-helix (bHLH) family,BHLHDOM_82,,vv60011BHLH,
553,VIT_17s0000g08580,81,0.0391,ApaG domain protein,,,,
554,VIT_15s0021g01010,80,0.0387,Phosphatidylinositol-4-phosphate 5-kinase,E2_7_1_68,,vv10562Inositol_phosphate_metabolism,vv34070Phosphatidylinositol_signaling_system
555,VIT_02s0025g00690,80,0.0386,Calcium-dependent protein kinase 6 CDPK6,CDPK6,,vv34626Plant-pathogen_interaction,
556,VIT_07s0104g01410,80,0.0386,OTU cysteine protease,,,,
557,VIT_13s0047g00370,80,0.0385,Enoyl-CoA hydratase,E4_2_1_17,vv10650Butanoate_metabolism,vv10062Fatty_acid_elongation_in_mitochondria,vv10071Fatty_acid_metabolism
558,VIT_01s0244g00130,77,0.0373,Inducer of CBF expression 1 ICE1,ICE1_2,,vv60011BHLH,
559,VIT_11s0118g00180,76,0.0369,HHP1 (heptahelical protein 1),,,,
560,VIT_14s0060g01090,75,0.0362,LNG1 (LONGIFOLIA1),,,,
561,VIT_15s0048g01980,75,0.0362,COP9 signalosome complex subunit 1,,,,
562,VIT_07s0005g01290,74,0.0358,DnaJ homolog  subfamily C  member 7,K09527,,vv50132Primary_active_transporter_cat_A5_to_A8,
563,VIT_05s0020g00760,73,0.0353,Pyruvate dehydrogenase kinase  Mitochondrial,E2_7_11_2,,vv10010Glycolysis,vv10252Alanine_and_aspartate_metabolism
564,VIT_06s0004g03020,73,0.0351,Beta-galactosidase,E3_2_1_23,,vv10052Galactose_metabolism,vv10511N-Glycan_degradation
565,VIT_00s1256g00010<br>VIT_18s0001g02910,72,0.0347,
566,VIT_07s0151g00010,70,0.0339,No hit,,,,
567,VIT_17s0000g09480,70,0.0338,Calcineurin phosphoesterase,,,,
568,VIT_04s0008g05050,69,0.0333,Pentatricopeptide (PPR) repeat-containing protein,,,,
569,VIT_08s0040g00740,69,0.0333,CTV.22,,,,
570,VIT_04s0023g01950,68,0.0329,TUBBY like protein 2 TLP2,TLP2,,vv60063TUB,
571,VIT_09s0002g08940,68,0.0329,MOS3/PRE/SAR3 (suppressor of AUXIN resistance3),SAR3,,vv30003Auxin_signaling,
572,VIT_19s0015g00540,68,0.0328,No hit,,,,
573,VIT_18s0041g00190,67,0.0326,R protein L6,K13477,,vv34627R_proteins_from_Plant-pathogen_interaction,
574,VIT_06s0004g06800,67,0.0325,PHD finger transcription factor,PHDFG_18,,vv60048PHD,
575,VIT_00s0612g00030,67,0.0324,Unknown protein,,,,
576,VIT_11s0016g04780,66,0.0319,Ras GTP-binding protein (RAN2),K07936,,vv23008Ribosome_biogenesis_in_Eukaryotes,vv23013RNA_transport
577,VIT_12s0028g03160,66,0.0318,Cap-binding protein CBP20,K12883,,vv23013RNA_transport,vv23015mRNA_surveillance_pathway
578,VIT_03s0097g00520,65,0.0314,Magnesium transporter CorA,MRS2REL,,vv50101Channels_and_pores,
579,VIT_18s0001g12540,63,0.0304,Maf  septum formation protein,K06287,,,
580,VIT_07s0005g03410,62,0.0300,Globulin 11S,,,,
581,VIT_10s0597g00050,62,0.0300,Heat shock transcription factor B2A,HSFB2A_3,,vv60037HSF,
582,VIT_09s0054g01750,61,0.0295,Unknown protein,,,,
583,VIT_11s0052g00700,60,0.0290,Serine/theronine protein kinase 2,,,,
584,VIT_07s0031g01790,60,0.0290,Glucan endo-1 3-beta-glucosidase 5 precursor,E3_2_1_39,,vv10500Starch_and_sucrose_metabolism,
585,VIT_12s0028g03570,59,0.0285,SPA3 (SPA1-related 3),SPA3,,vv24120Ubiquitin_mediated_proteolysis,vv50133Primary_active_transporter_cat_A9_to_A18
586,VIT_18s0041g01180,58,0.0282,No hit,,,,
587,VIT_19s0015g00590,58,0.0281,Leafy cotyledon1-like protein,L1L_3,,vv60021CCAAT,
588,VIT_12s0057g00620,58,0.0281,Receptor Like Protein 6,,,,
589,VIT_18s0122g00910,58,0.0281,Mlo5,K08472,,,
590,VIT_11s0052g00800,57,0.0275,Protein kinase family,,,,
591,VIT_18s0001g08110,55,0.0266,Glutamyl-tRNA reductase  chloroplast precursor,E1_2_1_70,,vv10860Porphyrin_and_chlorophyll_metabolism,
592,VIT_15s0048g02410,53,0.0258,Myb CCA1 (circadian clock associated 1),CCA1,,vv34710Circadian_rhythm,vv60045MYBrelated
593,VIT_07s0031g01510,53,0.0255,Unknown protein,,,,
594,VIT_14s0006g02570,52,0.0251,Protease inhibitor/seed storage/lipid transfer protein (LTP),,,,
595,VIT_11s0016g00670,52,0.0251,AP2 domain-containing transcription factor,AP2_5,VvERF010,vv30008Ethylene_signaling,vv60003AP2_EREBP
596,VIT_16s0022g00660,52,0.0251,Trehalose-6-phosphate phosphatase,E3_1_3_12,,vv10500Starch_and_sucrose_metabolism,
597,VIT_02s0025g03150,50,0.0242,Nuclear pore complex protein Nup98-Nup96,K14297,,vv23013RNA_transport,vv50109Incompletely_characterized_transport_systems
598,VIT_02s0025g02160,50,0.0241,ABC transporter F member 3,K06158,,vv52010ABC_transporters,
599,VIT_05s0020g03130,49,0.0238,Plastocyanin domain-containing protein,K02638,,vv10195Photosynthesis,vv50113Thylakoid_targeting_pathway
600,VIT_19s0014g04930,49,0.0237,Germacrene-D synthase,E4_2_3_22,,vv10900Terpenoid_biosynthesis,
601,VIT_14s0171g00490,49,0.0236,Glucose-6-phosphate 1-dehydrogenase  cytoplasmic isoform,E1_1_1_49,,vv10030Pentose_phosphate,vv10480Glutathione_metabolism
602,VIT_13s0047g00500,48,0.0230,3-hydroxyisobutyryl-CoA hydrolase,E3_1_2_4,,vv10280Valine_leucine_and_isoleucine_degradation,vv10410Beta-alanine_metabolism
603,VIT_13s0074g00450,47,0.0227,DEMETER protein (DME),,,,
604,VIT_15s0048g00630,47,0.0227,Protease inhibitor/seed storage/lipid transfer protein (LTP),,,,
605,VIT_06s0061g01070,47,0.0226,Oligopeptidase A,E3_4_24_70,,,
606,VIT_12s0028g00490,46,0.0220,Component of oligomeric golgi complex 5,COG5,,vv50111Tethering_factors,
607,VIT_09s0002g04690,45,0.0218,Pentatricopeptide (PPR) repeat-containing protein,,,,
608,VIT_11s0016g02050,45,0.0218,Nucleosome assembly protein (NAP1),,,,
609,VIT_12s0028g02590,45,0.0217,BZIP transcription factor,BZIPDOM_18,VvbZIP29,vv60012BZIP,
610,VIT_10s0042g00320,44,0.0213,Myosin-like protein XIH,MYOSINXIH,,vv44810Regulation_of_actin_cytoskeleton,
611,VIT_13s0019g02940,44,0.0212,Cis-zeatin O-beta-D-glucosyltransferase,E2_4_1_215,,vv10908Zeatin_biosynthesis,
612,VIT_18s0001g00570,44,0.0212,Pentatricopeptide (PPR) repeat-containing,,,,
613,VIT_11s0016g04660,43,0.0208,Pentatricopeptide (PPR) repeat-containing,,,,
614,VIT_14s0036g00660,43,0.0208,Exportin-related,EXPORTINREL,,vv50112Nuclear_pore_complex,
615,VIT_14s0066g00150,43,0.0207,GATA transcription factor 6,GATA6,,vv60016C2C2-GATA,
616,VIT_11s0037g00490,42,0.0205,Translation initiation factor eIF-4F,K03260,,vv23013RNA_transport,
617,VIT_15s0046g02400,42,0.0203,Glycerol-3-phosphate acyltransferase 8,E2_3_1_15,,vv10561Glycerolipid_metabolism,vv10564Glycerophospholipid_metabolism
618,VIT_18s0122g00820,41,0.0199,Late embryogenesis abundant protein group 8 protein,,,,
619,VIT_04s0044g00700,41,0.0199,No hit,,,,
620,VIT_14s0066g00400,41,0.0198,Chalcone isomerase,E5_5_1_6,,vv10941Flavonoid_biosynthesis,
621,VIT_02s0033g01000,41,0.0198,Anthraniloyal-CoA: methanol anthraniloyal transferase,AMAT,,vv10400Phenylalanine_tyrosine_and_tryptophan_biosynthesis,
622,VIT_19s0177g00240,41,0.0198,PDF2 (protodermal factor2),PDF2_3,,vv60034HB,
623,VIT_00s0682g00040,41,0.0198,No hit,,,,
624,VIT_05s0029g00380,41,0.0197,No hit,,,,
625,VIT_06s0004g05100,40,0.0193,PUMILIO 1 (APUM1),PUM1,,,
626,VIT_18s0001g03240,40,0.0193,DREB sub A-5 of ERF/AP2 transcription factor,ERF012,VvERF008,vv30008Ethylene_signaling,vv60003AP2_EREBP
627,VIT_12s0035g01720,40,0.0193,Chloride channel protein (CLC-c),K05393_CLCC,,vv50124Porters_cat_30_to_64,
628,VIT_08s0007g06080,40,0.0193,Beta 1-3 glucanase [Vitis vinifera],E3_2_1_6,,,
629,VIT_00s0404g00010,40,0.0193,Beta-galactosidase,E3_2_1_23,,vv10052Galactose_metabolism,vv10511N-Glycan_degradation
630,VIT_06s0004g08250,40,0.0193,Leucine-rich repeat transmembrane protein kinase  putative,,,,
631,VIT_05s0051g00050,39,0.0190,Myosin-like protein XIB,MYOSINXIB,,vv44810Regulation_of_actin_cytoskeleton,
632,VIT_04s0023g01390,39,0.0189,Cupin family protein,,,,
633,VIT_18s0122g00950,39,0.0189,Unknown protein,,,,
634,VIT_05s0020g03380,37,0.0179,WNK1 (with no lysine (K) 1),WNK1,,vv34710Circadian_rhythm,
635,VIT_11s0016g03720,37,0.0179,Aspartate aminotransferase  cytoplasmic (Transaminase A),E2_6_1_1,vv10710Carbon_fixation,vv10252Alanine_and_aspartate_metabolism,vv10272Cysteine_metabolism
636,VIT_12s0034g02560,37,0.0178,DNA (cytosine-5)-methyltransferase (ATHIM),E2_1_1_37,,vv10271Methionine_metabolism,
637,VIT_11s0016g02610,37,0.0178,Caffeoyl-CoA O-methyltransferase,E2_1_1_104,,vv10940Phenylpropanoid_biosynthesis,
638,VIT_02s0025g01220,36,0.0174,High mobility group HMG1/2,HMG1_2_3,,vv60035HMG,
639,VIT_09s0054g01770,36,0.0174,Oxidoreductase/ transcriptional repressor,,,,
640,VIT_10s0116g00240,36,0.0174,PDE247 (pigment defective 247),,,,
641,VIT_09s0002g01650,35,0.0171,5'-nucleotidase surE,E3_1_3_5,,vv10230Purine_metabolism,vv10240Pyrimidine_metabolism
642,VIT_14s0108g00150,35,0.0170,Calmodulin-binding region IQD28,IQD28,,,
643,VIT_04s0008g04230,35,0.0170,ABC transporter G member 22,ABCG22,,vv52010ABC_transporters,
644,VIT_07s0151g00640,35,0.0168,Globulin-1 S allele precursor,,,,
645,VIT_05s0077g02180,34,0.0165,Chalcone reductase,CHALR,,vv10941Flavonoid_biosynthesis,
646,VIT_13s0019g02880,33,0.0160,UDP-glucoronosyl/UDP-glucosyl transferase,,,,
647,VIT_13s0019g00770,33,0.0160,Lipase GDSL 7,,,,
648,VIT_15s0046g02390,33,0.0159,ANTR2 (anion transporter 2),ANTR2,,vv50121Porters_cat_1_to_6,
649,VIT_02s0025g00390,32,0.0155,Unknown protein,,,,
650,VIT_08s0040g02840,32,0.0155,ABC transporter G member 29,ABCG29,,vv52010ABC_transporters,
651,VIT_00s0218g00100,31,0.0150,Metal transporter Nramp6,NRAMP6,,vv50124Porters_cat_30_to_64,
652,VIT_12s0057g00370,31,0.0149,Polygalacturonase PGA3,E3_2_1_15,,vv40006Cell_wall,
653,VIT_08s0040g02660,30,0.0145,RARE-cold-inducible 2A,RCI2A,,vv50109Incompletely_characterized_transport_systems,
654,VIT_05s0094g01030,30,0.0145,UDP-glucose:salicylic acid glucosyltransferase,E2_4_1_35,,vv10500Starch_and_sucrose_metabolism,
655,VIT_19s0014g00180,30,0.0145,Ribokinase,E2_7_1_15,,vv10030Pentose_phosphate,
656,VIT_05s0136g00140,30,0.0145,AarF domain containing kinase,K08869,,,
657,VIT_05s0049g01450,30,0.0144,No hit,,,,
658,VIT_19s0014g05340,29,0.0141,No hit,,,,
659,VIT_07s0005g00880,29,0.0141,fumarate hydratase,E4_2_1_2,,vv10020Citrate_cycle,vv10720Reductive_carboxylate_cycle
660,VIT_03s0088g00280,29,0.0140,Ribosomal RNA small subunit methyltransferase E,K09761,,,
661,VIT_02s0025g00120,29,0.0140,CCT motif constans-like,CCT_5,,vv60070Orphans_CCT,
662,VIT_08s0058g01270,29,0.0139,Zinc finger (C3HC4-type ring finger),ZFC3HC4_94,,vv60078Other_zf-C3HC4,
663,VIT_05s0077g01250,28,0.0136,Endochitinase A2 precursor,E3_2_1_14,,vv10530Aminosugars_metabolism,
664,VIT_08s0007g06640,28,0.0136,Growth-regulating factor related,GRFREL_1,,vv60033GRF,
665,VIT_00s2201g00010<br>VIT_00s2044g00010,28,0.0135,
666,VIT_02s0025g04410,27,0.0131,Beta-ketoacyl-CoA synthase,E2_3_1_41,,vv10061Fatty_acid_biosynthesis,
667,VIT_11s0052g01240,27,0.0131,1-deoxy-D-xylulose-5-phosphate synthase,E2_2_1_7,,vv10100Biosynthesis_of_steroids,
668,VIT_09s0002g06920,27,0.0131,Unknown protein,,,,
669,VIT_15s0046g01320,27,0.0130,Kinase,,,,
670,VIT_18s0001g02200,26,0.0126,8-oxoguanine-DNA glycosylase (OGG1),K03660,,vv23410Base_excision_repair,
671,VIT_01s0010g01460,26,0.0126,Pentatricopeptide (PPR) repeat-containing protein,,,,
672,VIT_19s0014g03650,26,0.0125,No hit,,,,
673,VIT_18s0122g00840,26,0.0125,EMB2261 (embryo defective 2261),,,,
674,VIT_12s0035g00300,25,0.0121,Carbohydrate transmembrane transporter SFP1,SFP1,,vv50121Porters_cat_1_to_6,
675,VIT_18s0089g01410,25,0.0121,Purine permease 4 PUP4,PUP4,,vv50122Porters_cat_7_to_17,
676,VIT_09s0002g03050,25,0.0121,Lipase GDSL,,,,
677,VIT_08s0007g03470,24,0.0117,Farnesylated-proteins converting enzyme-2,E3_4_24_x,,,
678,VIT_13s0067g00710,24,0.0117,Nascent polypeptide associated complex alpha chain,K03626,,,
679,VIT_10s0042g01040,24,0.0117,CYP714A1,,,,
680,VIT_02s0012g01790,24,0.0116,Pattern formation protein (EMB30) (GNOM),GNOM,,vv50004Auxin_transport,
681,VIT_05s0049g00450,24,0.0116,Nodulin MtN21 family,MTN21,,vv50122Porters_cat_7_to_17,
682,VIT_12s0034g01400,24,0.0116,Ring-H2 finger C1A,RHC1A,,vv60078Other_zf-C3HC4,
683,VIT_01s0026g00080,24,0.0115,Metal-dependent phosphohydrolase HD domain-containing protein,K07023,,,
684,VIT_01s0127g00720,23,0.0111,Carbonic anhydrase  beta,E4_2_1_1,,vv10910Nitrogen_metabolism,vv50124Porters_cat_30_to_64
685,VIT_18s0001g04140,23,0.0111,Vacuolar protein sorting 9 (VPS9),VPS9A,,vv50110Protein_coat,
686,VIT_12s0059g02130,23,0.0111,F-box family protein,,,,
687,VIT_14s0006g01400,23,0.0111,Calmodulin,K02183,,vv34020Calcium_signaling_pathway,vv34626Plant-pathogen_interaction
688,VIT_11s0037g01410,22,0.0107,XBAT32 (XB3 ortholog 2 in Arabidopsis thaliana 32),XBAT32,,vv50108Accessory_factors_involved_in_transport,
689,VIT_02s0087g00090,22,0.0107,F-box family protein,,,,
690,VIT_09s0002g00930,22,0.0106,Small nuclear ribonucleoprotein LSM1,K12620,,vv23018RNA_degradation,
691,VIT_16s0098g01460,22,0.0106,No hit,,,,
692,VIT_10s0116g01870,22,0.0106,MATE efflux family protein,MATE,,vv50125Porters_cat_66_to_94,
693,VIT_00s0577g00040,22,0.0105,Cation/hydrogen exchanger 28 (CHX28),CHX28,,vv50124Porters_cat_30_to_64,
694,VIT_00s0407g00050,21,0.0102,No hit,,,,
695,VIT_06s0004g07420,21,0.0102,Unknown protein,,,,
696,VIT_13s0106g00700,21,0.0102,Aspartyl aminopeptidase,E3_4_11_21,,,
697,VIT_16s0039g02560,21,0.0102,Crp1 protein,,,,
698,VIT_16s0098g01590,21,0.0102,Calcium-binding protein,,,,
699,VIT_17s0000g03940,21,0.0102,ferulate 5-hydroxylase,K09755,,vv10940Phenylpropanoid_biosynthesis,
700,VIT_17s0000g08790,21,0.0102,EMB2759 (embryo defective 2759),,,,
701,VIT_03s0088g00270,21,0.0102,No hit,,,,
702,VIT_15s0046g00710,21,0.0101,Wax synthase,E2_3_1_75,,vv11000Single_reactions,
703,VIT_05s0049g00220,20,0.0097,2-oxoglutarate-dependent dioxygenase,,,,
704,VIT_01s0026g00840,20,0.0096,ARL1 (ARG1-like 1),ARL1,,vv50132Primary_active_transporter_cat_A5_to_A8,
705,VIT_06s0009g00800,19,0.0092,Beta-D-glucosidase,E3_2_1_21,,vv10460Cyanoamino_acid_metabolism,vv10500Starch_and_sucrose_metabolism
706,VIT_03s0091g00320,19,0.0092,Ribosomal rna assembly protein mis3,K06961,,,
707,VIT_14s0006g02690,19,0.0092,Delta 7-sterol-C5-desaturase (STE1),K00258,,vv10902Monoterpenoid_biosynthesis,
708,VIT_00s0908g00010<br>VIT_10s0003g00020,19,0.0092,
709,VIT_14s0108g00750,19,0.0092,Zinc finger homeobox 34,ZFHB34,,vv60068Zf-HD,
710,VIT_07s0005g04180,19,0.0092,Glutathione S-transferase,E2_5_1_18,,vv10480Glutathione_metabolism,
711,VIT_09s0018g01050,19,0.0092,Serine-threonine protein kinase  plant-type,,,,
712,VIT_15s0046g01640,19,0.0092,Abl interactor protein 1 (ABIL1),,,,
713,VIT_04s0008g01290,18,0.0088,CGA1 (cytokinin-responsive GATA factor 1),CGA1,,vv30007Cytokinin_signaling,vv60016C2C2-GATA
714,VIT_19s0014g01760,18,0.0087,Glutamate receptor 2.8,GLR2_8,,vv50101Channels_and_pores,
715,VIT_00s0762g00010,18,0.0087,S-locus lectin protein kinase family,,,,
716,VIT_15s0046g01980,18,0.0087,UDP-glucosyltransferase,E2_4_1_81,,vv10941Flavonoid_biosynthesis,
717,VIT_03s0088g00710,18,0.0087,Pathogenesis-related protein 1 precursor (PRP 1),PRP1,,vv30011Jasmonate_signaling,vv34626Plant-pathogen_interaction
718,VIT_08s0007g01640,18,0.0087,Fructokinase,E2_7_1_4,,vv10051Fructose_and_mannose_metabolism,vv10500Starch_and_sucrose_metabolism
719,VIT_03s0180g00140,18,0.0087,Acetyl xylan esterase AxeA,,,,
720,VIT_18s0001g01550,18,0.0087,No hit,,,,
721,VIT_09s0002g08050,18,0.0087,Unknown protein,,,,
722,VIT_19s0014g01230,18,0.0087,Morphogenesis of root hair 1 MRH1,,,,
723,VIT_05s0051g00330,17,0.0082,F-box domain containing protein,,,,
724,VIT_07s0005g00620,17,0.0082,U3 small nucleolar RNA-associated protein 14,K14567,,vv23008Ribosome_biogenesis_in_Eukaryotes,
725,VIT_12s0059g00480,17,0.0082,No hit,,,,
726,VIT_14s0081g00090,16,0.0078,Prenylated rab acceptor (PRA1),,,,
727,VIT_00s0527g00020,16,0.0077,VQ motif-containing protein,,,,
728,VIT_19s0015g02320,16,0.0077,Clathrin assembly protein 2,CAP2,,vv50110Protein_coat,
729,VIT_03s0091g00370,16,0.0077,Pentatricopeptide (PPR) repeat-containing protein,,,,
730,VIT_18s0072g00890,16,0.0077,Leucine-rich repeat protein kinase,,,,
731,VIT_17s0053g00710,15,0.0073,Calcium-dependent protein kinase,,,,
732,VIT_17s0000g06290,15,0.0073,Lipase GDSL,,,,
733,VIT_14s0060g00900,15,0.0073,Unknown protein,,,,
734,VIT_16s0100g00620,15,0.0073,Calmodulin-binding region IQD24,,,,
735,VIT_19s0014g04600,15,0.0073,S-locus protein kinase,,,,
736,VIT_11s0052g00410,15,0.0073,Allyl alcohol dehydrogenase,,,,
737,VIT_05s0062g01140,15,0.0073,Aromatic and neutral transporter 1,ANT1,,vv50123Porters_cat_18_to_29,
738,VIT_09s0002g01820,15,0.0073,Methyltransferase like 6,,,,
739,VIT_18s0001g05790,15,0.0072,Unknown protein,,,,
740,VIT_18s0001g14600,15,0.0072,Pentatricopeptide (PPR) repeat-containing protein,,,,
741,VIT_05s0077g00890,15,0.0072,Pectinesterase family,E3_1_1_11,,vv40006Cell_wall,
742,VIT_04s0008g02510,15,0.0072,Receptor kinase homolog LRK10,,,,
743,VIT_15s0046g02110,15,0.0072,Late embryogenesis abundant protein Lea14-A,,,,
744,VIT_08s0007g00890,15,0.0072,Tropinone reductase,E1_1_1_206,,vv10220Urea_cycle_and_metabolism_of_amino_groups,
745,VIT_16s0039g01920,14,0.0068,Myb domain protein 93,MYB93_7,MYB196,vv60044MYB,
746,VIT_12s0028g01100,14,0.0068,Aldo/keto reductase,E1_1_1_21,,vv10040Pentose_glucuronate_interconversion,vv10051Fructose_and_mannose_metabolism
747,VIT_18s0001g10440,13,0.0063,THO complex subunit 5,K13174,,vv23013RNA_transport,
748,VIT_04s0008g06550,13,0.0063,NAC domain-containing protein 25,NAC025_1,VvNAC66,vv60046NAC,
749,VIT_05s0077g01380,13,0.0063,Unknown,,,,
750,VIT_14s0171g00090,13,0.0063,Uracil phosphoribosyltransferase.,E2_4_2_9,,vv10240Pyrimidine_metabolism,
751,VIT_00s0267g00050,13,0.0063,No hit,,,,
752,VIT_00s0181g00200<br>VIT_00s0181g00180,13,0.0063,
753,VIT_06s0009g01420,13,0.0063,Protease inhibitor/seed storage/lipid transfer protein (LTP),,,,
754,VIT_14s0006g00570,13,0.0063,Unknown protein,,,,
755,VIT_10s0003g01450,12,0.0059,No hit,,,,
756,VIT_00s0561g00010,12,0.0058,Unknown,,,,
757,VIT_05s0077g02000,12,0.0058,Epoxide hydrolase,E3_3_2_10,,,
758,VIT_11s0016g03760,12,0.0058,Unknown protein,,,,
759,VIT_00s0956g00020,12,0.0058,Leafy cotyledon1-like protein,L1L_1,,vv60021CCAAT,
760,VIT_04s0023g01060,12,0.0058,Proton gradient regulation 3,PGR3,,,
761,VIT_05s0077g01670,12,0.0058,Major cherry allergen Pru av 1.0202,,,,
762,VIT_08s0007g07800,12,0.0058,RAB GTPase RABA4D,K07976,,,
763,VIT_05s0077g02300,12,0.0058,UDP-glucuronic acid decarboxylase 2,E4_1_1_35,,vv10500Starch_and_sucrose_metabolism,vv10520Nucleotide_sugars_metabolism
764,VIT_08s0007g06440,12,0.0058,No hit,,,,
765,VIT_18s0072g01120,12,0.0058,GASA2 (GAST1 protein homolog 2),GASA2,,vv30010Gibberellin_signaling,
766,VIT_18s0041g00340,12,0.0058,CF4,K13470,,vv34626Plant-pathogen_interaction,
767,VIT_11s0016g02350,12,0.0058,Ubiquinone/menaquinone biosynthesis methyltransferase UbiE,K06127,,vv10130Ubiquinone_biosynthesis,
768,VIT_14s0068g00930,12,0.0058,Chalcone synthase,E2_3_1_74,,vv10941Flavonoid_biosynthesis,
769,VIT_07s0005g05500,11,0.0053,Unknown protein,,,,
770,VIT_19s0085g00520,10,0.0049,Nuclear transcription factor Y subunit C-2,NFYC2,,vv60021CCAAT,
771,VIT_16s0039g00010,10,0.0048,ABC transporter G member 7,ABCG7,,vv52010ABC_transporters,
772,VIT_00s0301g00180,10,0.0048,NADPH quinone oxidoreductase,E1_6_5_5,,vv10740Riboflavin_metabolism,
773,VIT_14s0068g01160,10,0.0048,Cytokinin-repressed protein CR9,CR9,,vv30007Cytokinin_signaling,
774,VIT_19s0027g00240,10,0.0048,Unknown protein,,,,
775,VIT_00s0379g00050,10,0.0048,Short-chain dehydrogenase/reductase (SDR),,,,
776,VIT_18s0001g09890,10,0.0048,D-3-phosphoglycerate dehydrogenase,E1_1_1_95,,vv10260Glycine_serine_and_threonine_metabolism,
777,VIT_10s0116g01560,10,0.0048,U3 small nucleolar RNA-associated protein 6,K14557,,vv23008Ribosome_biogenesis_in_Eukaryotes,
778,VIT_17s0000g05280,10,0.0048,UPF0737 protein AFP3,,,,
779,VIT_12s0034g02290,10,0.0048,CC-NBS-LRR class,,,,
780,VIT_12s0034g02590,10,0.0048,Leucine Rich Repeat receptor-like kinase,,,,
781,VIT_18s0122g01280,9,0.0044,Niemann-Pick C1 protein precursor,NPC1,,vv50121Porters_cat_1_to_6,
782,VIT_05s0020g01150,9,0.0044,Cation/hydrogen exchanger (CHX19),CHX19,,vv50124Porters_cat_30_to_64,
783,VIT_18s0001g05640,9,0.0044,Unknown protein,,,,
784,VIT_00s0173g00260,9,0.0044,ATP binding,,,,
785,VIT_14s0060g00380,9,0.0044,PHD finger transcription factor,PHDFG_5,,vv60048PHD,
786,VIT_00s1351g00010,9,0.0044,Polyadenylate-binding protein 2,K14396,,vv23015mRNA_surveillance_pathway,
787,VIT_11s0052g00150,9,0.0044,Mannosyl-oligosaccharide 1 2-alpha-mannosidase,E3_2_1_113,,vv10510N-Glycan_biosynthesis,vv11030Glycan_structures-biosynthesis1
788,VIT_05s0077g00690,9,0.0044,Galactokinase (GAL1),E2_7_1_6,,vv10052Galactose_metabolism,
789,VIT_05s0124g00720,9,0.0044,Ankyrin repeat protein family,K10380,,vv50108Accessory_factors_involved_in_transport,
790,VIT_03s0088g01150,9,0.0044,Squalene monooxygenase,E1_14_99_7,,vv10100Biosynthesis_of_steroids,vv10900Terpenoid_biosynthesis
791,VIT_18s0001g13940,9,0.0044,Pentatricopeptide (PPR) repeat-containing,,,,
792,VIT_03s0091g01060,9,0.0043,Cyclin delta-2,CYCD1_1,,vv44110Cell_cycle,
793,VIT_04s0079g00530,9,0.0043,Isocitrate dehydrogenase  chloroplast precursor,E1_1_1_42,,vv10020Citrate_cycle,vv10720Reductive_carboxylate_cycle
794,VIT_07s0151g00510,9,0.0043,GCN5 N-acetyltransferase (GNAT),GCN5_22,,vv60082GNAT,
795,VIT_17s0000g08110,9,0.0043,Nodulin MtN3,,,,
796,VIT_08s0040g00920,9,0.0043,Glutathione S-transferase 25 GSTU7,E2_5_1_18_GSTU7,,vv10480Glutathione_metabolism,
797,VIT_13s0320g00050,9,0.0043,Lipid transfer protein 3,LTP3,,,
798,VIT_05s0049g00990,9,0.0043,Metallothionein 2A,,,,
799,VIT_03s0063g01640,9,0.0043,CYP82C1p,,,,
800,VIT_00s0198g00170,8,0.0039,AAA-type ATPase,,,,
801,VIT_12s0028g02370,8,0.0039,Methyltransferase type 11,,,,
802,VIT_01s0010g02140,7,0.0034,Z-ring ARC3,,,,
803,VIT_18s0001g13060,7,0.0034,C3H2C3 ring-finger protein,,,,
804,VIT_09s0054g01220,7,0.0034,Cycloartenol synthase,E5_4_99_8,,vv10100Biosynthesis_of_steroids,
805,VIT_11s0118g00640,7,0.0034,Zinc finger (C3HC4-type ring finger),ZFC3HC4_58,,vv60078Other_zf-C3HC4,
806,VIT_13s0019g00500,7,0.0034,Nodulin MtN21 family,MTN21,,vv50122Porters_cat_7_to_17,
807,VIT_18s0001g13280,7,0.0034,RanBPM,,,,
808,VIT_19s0090g01050,7,0.0034,Endo-beta-1 4-glucanase,E3_2_1_4,,vv40006Cell_wall,
809,VIT_14s0066g01900,7,0.0034,ferredoxin thioredoxin reductase catalytic beta chain,K00535,,,
810,VIT_07s0031g01140,7,0.0034,MADS-box agamous-like 66,AGL66_1,,vv60042MADS,
811,VIT_05s0165g00170,7,0.0034,No hit,,,,
812,VIT_12s0034g02160,7,0.0034,Importin beta-2,K14293_2,,vv23013RNA_transport,vv50109Incompletely_characterized_transport_systems
813,VIT_05s0029g01580,6,0.0029,Ankyrin repeat protein,,,,
814,VIT_15s0048g00050,6,0.0029,No hit,,,,
815,VIT_17s0000g07750,6,0.0029,Zinc finger protein 5,ZFP5_1,,vv60017C2H2,
816,VIT_13s0019g04530,6,0.0029,Early flowering 6,ELF6_1,,vv34710Circadian_rhythm,vv60038Jumonji
817,VIT_12s0059g02600,6,0.0029,Receptor protein kinase RK20-1,,,,
818,VIT_07s0005g01410,6,0.0029,Dimethyladenosine transferase,K02528,,,
819,VIT_18s0041g01150,6,0.0029,Lectin protein kinase,,,,
820,VIT_17s0053g00070,6,0.0029,Metal-nicotianamine transporter YSL5,YSL5,,vv50125Porters_cat_66_to_94,
821,VIT_18s0075g00060,6,0.0029,Anaphase-promoting complex component APC1,K03348,,vv24120Ubiquitin_mediated_proteolysis,vv44110Cell_cycle
822,VIT_06s0009g02780,6,0.0029,Histone mRNA exonuclease 1,K01175,,,
823,VIT_00s2390g00010,6,0.0029,R protein MLA10,K13475,,vv34627R_proteins_from_Plant-pathogen_interaction,
824,VIT_01s0010g02670,6,0.0029,3-oxoacyl-[acyl-carrier-protein] reductase  chloroplast,E1_1_1_100,,vv10061Fatty_acid_biosynthesis,vv11040Biosynthesis_of_unsaturated_fatty_acids
825,VIT_09s0002g07260,6,0.0029,No hit,,,,
826,VIT_07s0141g00730,6,0.0029,Histone H1,,,,
827,VIT_19s0014g01240,6,0.0029,Morphogenesis of root hair 1 MRH1,,,,
828,VIT_01s0026g01680,6,0.0029,Pectate lyase,E4_2_2_2,,vv40006Cell_wall,
829,VIT_01s0026g02650,6,0.0029,KH domain-containing protein,,,,
830,VIT_11s0118g00310,6,0.0029,1 2-diacylglycerol 3-beta-galactosyltransferase,E2_4_1_46,,vv10561Glycerolipid_metabolism,
831,VIT_04s0044g00070,6,0.0029,RAB GDP dissociation inhibitor 1 ATGD1,,,,
832,VIT_09s0070g00240,6,0.0029,Cinnamoyl-CoA reductase,E1_2_1_44,,vv10940Phenylpropanoid_biosynthesis,
833,VIT_00s1463g00010,6,0.0029,Protease Do-like 5,,,,
834,VIT_01s0026g02740,6,0.0029,No hit,,,,
835,VIT_00s0169g00040,6,0.0029,CTV.22,,,,
836,VIT_15s0046g03040,6,0.0029,Cofilin,K05765,,vv44810Regulation_of_actin_cytoskeleton,
837,VIT_19s0014g02430,6,0.0029,Aberrant lateral root formation 5,ALF5,,vv50125Porters_cat_66_to_94,
838,VIT_11s0037g00070,6,0.0029,NADP-dependent glyceraldehyde-3-phosphate dehydrogenase,E1_2_1_41,,vv10220Urea_cycle_and_metabolism_of_amino_groups,vv50101Channels_and_pores
839,VIT_18s0001g00090,6,0.0029,Seed maturation protein PM23,,,,
840,VIT_18s0041g01090,6,0.0029,F-box domain containing protein,,,,
841,VIT_18s0001g10470,6,0.0029,Protein kinase MK6,,,,
842,VIT_12s0028g03460,6,0.0029,RALFL4 (RALF-like 4),,,,
843,VIT_04s0008g06780,6,0.0029,Phospholipid-hydroperoxide glutathione peroxidase.,E1_11_1_12,,vv10480Glutathione_metabolism,
844,VIT_04s0008g06370,6,0.0029,TPR1 (topless-related 1),TPR1,,vv30003Auxin_signaling,
845,VIT_01s0026g02280,6,0.0029,Binding,,,,
846,VIT_14s0068g00400,4,0.0019,Hydrolase  alpha/beta fold family,,,,
847,VIT_15s0046g00850<br>VIT_19s0138g00070<br>VIT_05s0062g01300,4,0.0019,
848,VIT_05s0020g01980,4,0.0019,Acyl carrier protein  mitochondrial 3,K02078,,vv50134Primary_active_transporter_cat_D1,
849,VIT_13s0074g00520,4,0.0019,ATP-dependent RNA helicase,,,,
850,VIT_09s0002g00300,4,0.0019,APUM23 (Arabidopsis PUMILIO 23),,,,
851,VIT_18s0001g02470,4,0.0019,L-ascorbate peroxidase  thylakoid-bound (tAPX),E1_11_1_11,,vv10053Ascorbate_and_aldarate_metabolism,
852,VIT_03s0038g03870,3,0.0015,Calcium ion binding protein,,,,
853,VIT_18s0122g00590,3,0.0015,DNA-binding protein,,,,
854,VIT_05s0029g01500,3,0.0015,Ankyrin repeat protein,,,,
855,VIT_07s0104g00240,3,0.0015,Unknown protein,,,,
856,VIT_12s0057g00320,3,0.0015,Exopolygalacturonase,E3_2_1_15,,vv40006Cell_wall,
857,VIT_18s0001g01540,3,0.0015,Oxidoreductase N-terminal domain-containing,,,,
858,VIT_12s0034g02570,3,0.0015,Leucine Rich Repeat receptor-like kinase,,,,
859,VIT_11s0037g00870,3,0.0015,AP2-like ethylene-responsive transcription factor,AP2_1,VvAP2-01,vv30008Ethylene_signaling,vv60003AP2_EREBP
860,VIT_02s0025g00180,3,0.0015,Bisphosphoglycerate mutase,E5_4_2_4,,vv10010Glycolysis,
861,VIT_11s0016g03150,3,0.0015,TRNA a64-2'-o-ribosylphosphate transferase,,,,
862,VIT_17s0000g10060,3,0.0015,Lipase GDSL,,,,
863,VIT_06s0080g00830,3,0.0015,Unknown protein,,,,
864,VIT_11s0052g00550,3,0.0015,PTAC9 (plastid transcriptionally active9)OSB2,PTAC9,,,
865,VIT_07s0130g00340<br>VIT_07s0130g00320,3,0.0015,
866,VIT_18s0001g13080,3,0.0015,Unknown protein,,,,
867,VIT_09s0002g03390,3,0.0015,Hexokinase,E2_7_1_1,,vv10010Glycolysis,vv10051Fructose_and_mannose_metabolism
868,VIT_08s0040g01070,3,0.0015,Serine carboxypeptidase S10,,,,
869,VIT_13s0019g04940,3,0.0015,KOW domain-containing factor family protein,KOWDOM,,,
870,VIT_18s0001g07760,3,0.0015,Unknown protein,,,,
871,VIT_00s1683g00010,3,0.0015,Wound-responsive protein,,,,
872,VIT_03s0097g00550,3,0.0015,DNA polymerase V,K02331,,vv23030DNA_replication,
873,VIT_06s0004g03860,3,0.0015,Chitinase 2,E3_2_1_14,,vv10530Aminosugars_metabolism,
874,VIT_10s0003g01370,3,0.0015,Unknown protein,,,,
875,VIT_15s0046g00170,3,0.0015,MYBPA1 protein [Vitis vinifera],MYBPA1,MYBPA1,vv60044MYB,
876,VIT_01s0010g01160,3,0.0015,Zinc finger (DHHC type),ZFDHHC_4,,vv60079Other_zf-DHHC,
877,VIT_01s0127g00880,3,0.0015,Unknown,,,,
878,VIT_17s0000g06930,3,0.0015,Unfertilized embryo sac 10 UNE10,UNE10_3,,vv60011BHLH,
879,VIT_17s0000g08620,3,0.0015,U3 small nucleolar RNA-associated protein MPP10,K14559,,vv23008Ribosome_biogenesis_in_Eukaryotes,
880,VIT_02s0033g01060,3,0.0015,Anthraniloyal-CoA: methanol anthraniloyal transferase,AMAT,,vv10400Phenylalanine_tyrosine_and_tryptophan_biosynthesis,
881,VIT_02s0087g00470,3,0.0015,Anthraniloyal-CoA: methanol anthraniloyal transferase,AMAT,,vv10400Phenylalanine_tyrosine_and_tryptophan_biosynthesis,
882,VIT_13s0064g00390,3,0.0015,Polyamine oxidase,E1_5_3_11,,vv11000Single_reactions,
883,VIT_12s0035g00010,3,0.0015,DNA (cytosine-5)-methyltransferase (ATHIM),E2_1_1_37,,vv10271Methionine_metabolism,
884,VIT_10s0116g01880,3,0.0015,MATE efflux family protein,MATE,,vv50125Porters_cat_66_to_94,
885,VIT_04s0008g05640,3,0.0015,Protease inhibitor/seed storage/lipid transfer protein (LTP),,,,
886,VIT_18s0001g15310,3,0.0015,Thioredoxin M-type,,,,
887,VIT_12s0059g01330,3,0.0015,Clathrin assembly protein 5,CAP5,,vv50110Protein_coat,
888,VIT_02s0012g01250,3,0.0015,Carnitine/acylcarnitine carrier  Mitochondrial,BOU,,vv50123Porters_cat_18_to_29,
889,VIT_10s0003g01760,3,0.0015,Pentatricopeptide (PPR) repeat-containing protein,,,,
890,VIT_19s0085g01200,3,0.0015,CTP synthase,E6_3_4_2,,vv10240Pyrimidine_metabolism,
891,VIT_09s0002g07220,3,0.0015,Unknown,,,,
892,VIT_10s0003g00780,3,0.0015,Glutamate receptor 3.4,GLR3_4,,vv50101Channels_and_pores,
893,VIT_18s0001g10530,3,0.0015,Pentatricopeptide (PPR) repeat-containing protein,,,,
894,VIT_12s0028g03900,3,0.0015,No hit,,,,
895,VIT_18s0001g05590,3,0.0014,CCR4-NOT transcription complex subunit 6,K12603,,vv23018RNA_degradation,
896,VIT_18s0166g00080,3,0.0014,ABC transporter G member 4,K05680,,vv52010ABC_transporters,
897,VIT_08s0040g02230,3,0.0014,Unknown protein,,,,
898,VIT_07s0130g00040,3,0.0014,Myb domain protein 4,MYB4_10,MYB3,vv60044MYB,
899,VIT_05s0029g01130,3,0.0014,Pentatricopeptide (PPR) repeat-containing protein,,,,
900,VIT_02s0033g01020,3,0.0014,Anthraniloyal-CoA: methanol anthraniloyal transferase,AMAT,,vv10400Phenylalanine_tyrosine_and_tryptophan_biosynthesis,
901,VIT_18s0001g02420,3,0.0014,Aspartic proteinase Asp1 precursor,E3_4_23_x,,,
902,VIT_16s0039g01850,3,0.0014,Syntaxin 7,K08488,,vv24130SNARE_interactions_in_vesicular_transport,vv44145Phagosome
903,VIT_12s0028g00540,3,0.0014,Hydrolase  alpha/beta fold,,,,
904,VIT_15s0048g02420,3,0.0014,No hit,,,,
905,VIT_16s0050g00040,3,0.0014,Pentatricopeptide (PPR) repeat-containing,,,,
906,VIT_14s0108g01660,3,0.0014,Biotin carboxyl carrier protein of acetyl-CoA carboxylase,E6_4_1_2,,vv10061Fatty_acid_biosynthesis,vv10620Pyruvate_metabolism
907,VIT_09s0002g03370,3,0.0014,No hit,,,,
908,VIT_00s0743g00030,3,0.0014,S-locus lectin protein kinase,,,,
909,VIT_12s0034g02370,3,0.0014,Unknown protein,,,,
910,VIT_02s0033g01240,3,0.0014,Pentatricopeptide (PPR) repeat-containing,,,,
911,VIT_05s0102g00370,3,0.0014,Receptor protein kinase (ACR4),,,,
912,VIT_19s0085g00660,3,0.0014,No hit,,,,
913,VIT_02s0025g03690,3,0.0014,RNA-binding protein NOB1,K11883,,vv23008Ribosome_biogenesis_in_Eukaryotes,
914,VIT_09s0002g05300,3,0.0014,Gibberellin 3beta-hydroxylase3,E1_14_11_15,,vv10904Diterpenoid_biosynthesis,vv30001ABA_signaling
915,VIT_10s0523g00030,3,0.0014,Photoregulatory zinc-finger protein COP1,K10143,,vv24120Ubiquitin_mediated_proteolysis,
916,VIT_15s0021g01350,3,0.0014,Transducin family protein / WD-40 repeat,,,,
917,VIT_02s0025g02250,3,0.0014,Dof zinc finger protein DOF4.6,DOF4_6_2,,vv60015C2C2-DOF,
918,VIT_06s0004g07660,3,0.0014,Alanine--glyoxylate aminotransferase 2 2  mitochondrial,E2_6_1_44,,vv10252Alanine_and_aspartate_metabolism,vv10260Glycine_serine_and_threonine_metabolism
919,VIT_18s0001g01570,3,0.0014,Seed maturation protein PM31,,,,
920,VIT_14s0066g02120,3,0.0014,Photosystem I P700 apoprotein A1 [Vitis vinifera],K02689,,vv10195Photosynthesis,vv50105Transport_electron_carriers
921,VIT_14s0030g00080,3,0.0014,No hit,,,,
922,VIT_11s0016g02800,3,0.0014,Myo-inositol oxygenase,E1_13_99_1,,vv10562Inositol_phosphate_metabolism,
923,VIT_19s0085g00390,3,0.0014,Unknown protein,,,,
924,VIT_11s0037g01060,3,0.0014,Metal-dependent phosphohydrolase HD domain-containing protein,K07023,,,
925,VIT_06s0080g01020,3,0.0014,Secoisolariciresinol dehydrogenase,SIRD,,vv10940Phenylpropanoid_biosynthesis,
926,VIT_13s0019g05230,3,0.0014,NAC domain-containing protein50,NAC050,VvNAC21,vv60046NAC,
927,VIT_13s0067g01680,3,0.0014,Unknown protein,,,,
928,VIT_06s0004g03880,3,0.0014,Ribonuclease P/MRP protein subunit RPP1,K03539,,vv23008Ribosome_biogenesis_in_Eukaryotes,vv23013RNA_transport
929,VIT_09s0018g01340<br>VIT_09s0018g01360,3,0.0014,
930,VIT_00s0475g00020,3,0.0014,Zinc finger (C3HC4-type ring finger),,,,
931,VIT_09s0002g06780,3,0.0014,Unknown protein,,,,
932,VIT_08s0007g00730,3,0.0014,U3 small nucleolar RNA-associated protein 21,K14554,,vv23008Ribosome_biogenesis_in_Eukaryotes,
933,VIT_06s0004g07210,3,0.0014,CCT motif constans-like,CCT_4,,vv60070Orphans_CCT,
934,VIT_03s0038g00110,3,0.0014,Nucleolar protein 4 NOP4,K14573,,vv23008Ribosome_biogenesis_in_Eukaryotes,
