Vv_m2,2000,1000,VIT_15s0046g02400
rank,node,Fabs,Frel,Functional-annotation,Name-EC-KeggID,Updated-name,Network1,Network2
1,VIT_17s0000g10060,2065,1.0000,Lipase GDSL,,,,
2,VIT_11s0118g00180,2072,1.0000,HHP1 (heptahelical protein 1),,,,
3,VIT_02s0025g03320,2080,1.0000,CYP86A2,,,,
4,VIT_06s0009g01420,2064,1.0000,Protease inhibitor/seed storage/lipid transfer protein (LTP),,,,
5,VIT_08s0007g09000,2066,1.0000,Glycerol-3-phosphate dehydrogenase,E1_1_1_8,,vv10564Glycerophospholipid_metabolism,
6,VIT_15s0046g02380,2056,0.9985,CYP86A8,,,,
7,VIT_02s0025g02620,2074,0.9971,BDG1 (BODYGUARD1) hydrolase,,,,
8,VIT_03s0088g01150,2062,0.9933,Squalene monooxygenase,E1_14_99_7,,vv10100Biosynthesis_of_steroids,vv10900Terpenoid_biosynthesis
9,VIT_14s0128g00160,2041,0.9898,Protein kinase CDG1,,,,
10,VIT_16s0039g01900,2044,0.9884,Myb KAN2 (KANADI 2),KANADI2_2,,vv60029G2-like,
11,VIT_13s0019g01260,2043,0.9879,Enoyl reductase,K10258,,vv11040Biosynthesis_of_unsaturated_fatty_acids,
12,VIT_18s0122g01400,2051,0.9861,Exostosin family protein,K02366,,vv11030Glycan_structures-biosynthesis1,
13,VIT_10s0003g00210,2026,0.9845,Unknown,,,,
14,VIT_02s0087g00400,2030,0.9826,Pectinacetylesterase,PAE,,vv40006Cell_wall,
15,VIT_04s0023g02880,2028,0.9802,GATA transcription factor 14,GAT14,,vv60016C2C2-GATA,
16,VIT_14s0006g02960,2025,0.9802,KH domain containing protein,,,,
17,VIT_18s0001g13150,2024,0.9773,BEL1 homeotic protein 3,BLH3,VvHB68,vv60034HB,
18,VIT_14s0060g02250,2013,0.9753,Unknown protein,,,,
19,VIT_13s0019g04260,2011,0.9748,Monoglyceride lipase,E3_1_1_23,,vv10561Glycerolipid_metabolism,
20,VIT_05s0029g00300,2021,0.9721,DNA repair protein RAD50,K10866,,vv23440Homologous_recombination,vv23450Non_homologous_end_joining
21,VIT_02s0033g01330,2000,0.9685,Acyl-CoA binding protein,,,,
22,VIT_00s2525g00010,1990,0.9641,Unknown,,,,
23,VIT_14s0006g03090,1993,0.9637,Cellulose synthase CESA9,E2_4_1_12_CESA9,,vv40006Cell_wall,
24,VIT_06s0009g01410,1990,0.9609,No hit,,,,
25,VIT_03s0038g04510,1980,0.9588,Chaperone BCS1 mitochondrial,K08900,,,
26,VIT_14s0108g01080,1970,0.9563,Myb domain protein 106,MYB106_2,MYB141,vv60044MYB,
27,VIT_13s0074g00390,1966,0.9525,CYP77A2,,,,
28,VIT_15s0046g00230,1975,0.9513,Lateral organ boundaries protein 1,LBD1_1,,vv60007AS2,
29,VIT_14s0030g00670,1959,0.9405,Dehydroquinate dehydratase,E4_2_1_10,,vv10400Phenylalanine_tyrosine_and_tryptophan_biosynthesis,
30,VIT_10s0003g05420,1948,0.9383,S-2-hydroxy-acid oxidase  peroxisomal,E1_1_3_15,,vv10630Glyoxylate_and_dicarboxylate_metabolism,
31,VIT_08s0056g00260,1945,0.9355,Harpin-induced protein,,,,
32,VIT_14s0030g01950,1925,0.9354,Transferase,,,,
33,VIT_05s0062g00700,1915,0.9216,UDP-glucose:flavonoid 7-O-glucosyltransferase,E2_4_1_237,,vv10941Flavonoid_biosynthesis,
34,VIT_12s0028g01240,1902,0.9197,fanconi anemia  complementation group D2,,,,
35,VIT_04s0008g04230,1869,0.8990,ABC transporter G member 22,ABCG22,,vv52010ABC_transporters,
36,VIT_07s0104g00420,1839,0.8901,Endo-1 3;1 4-beta-D-glucanase precursor,E3_2_1_73,,,
37,VIT_00s0322g00030,1837,0.8857,Alpha-6-galactosyltransferase,E2_4_2_39,,vv40006Cell_wall,
38,VIT_14s0030g00690,1817,0.8791,ABI3-interacting protein 2,AIP2,,vv30001ABA_signaling,
39,VIT_14s0006g01740,1800,0.8725,AAR2 protein,,,,
40,VIT_11s0016g04540,1810,0.8714,ABC transporter G member 22,ABCG22,,vv52010ABC_transporters,
41,VIT_02s0025g04550,1807,0.8713,Glucose-methanol-choline (GMC) oxidoreductase,E1_1_99_1,,vv10260Glycine_serine_and_threonine_metabolism,
42,VIT_05s0062g00930<br>VIT_13s0084g00500<br>VIT_18s0089g00810<br>VIT_18s0072g00010,1775,0.8621,
43,VIT_16s0013g01940,1783,0.8597,Kinase-like protein TMKL1,,,,
44,VIT_04s0008g02050,1764,0.8493,Hydrolase  alpha/beta fold,,,,
45,VIT_04s0044g01870,1749,0.8490,Auxin efflux carrier,AUXEFF,,vv50004Auxin_transport,vv50125Porters_cat_66_to_94
46,VIT_14s0066g02640,1729,0.8389,No hit,,,,
47,VIT_02s0025g04360,1726,0.8383,S-N-methylcoclaurine 3'-hydroxylase,E1_14_13_71,,vv10950Alkaloid_biosynthesis_I,
48,VIT_10s0003g03270,1731,0.8362,Inward rectifying potassium channel,SIRK,,vv30001ABA_signaling,vv50101Channels_and_pores
49,VIT_08s0007g04120,1706,0.8298,CYPLXXVIA2,,,,
50,VIT_17s0000g04210,1722,0.8283,Oleosin OLE-5,,,,
51,VIT_16s0098g00200,1711,0.8246,Receptor serine/threonine kinase PR5K,,,,
52,VIT_05s0049g00420,1705,0.8245,E8 protein,E8,,vv30008Ethylene_signaling,
53,VIT_01s0127g00130,1680,0.8104,Cysteine-rich receptor-like protein kinase 3,,,,
54,VIT_03s0088g00470,1669,0.8028,Auxin responsive SAUR protein,SAUR,,vv30003Auxin_signaling,
55,VIT_11s0016g01120,1643,0.7980,Tubulin-tyrosine ligase,TUBULINTL,,vv44810Regulation_of_actin_cytoskeleton,
56,VIT_18s0001g14910,1628,0.7899,Mannitol dehydrogenase,E1_1_1_67,,vv10051Fructose_and_mannose_metabolism,
57,VIT_02s0087g00280,1631,0.7860,Glycosyl transferase family 1 protein,,,,
58,VIT_14s0066g01320,1617,0.7853,formate dehydrogenase (FDH),E1_2_1_2,,vv10630Glyoxylate_and_dicarboxylate_metabolism,vv10680Methane_metabolism
59,VIT_10s0003g00620,1623,0.7825,Lipase GDSL,,,,
60,VIT_09s0002g06580,1618,0.7805,Glycosyl hydrolase family 28 protein,,,,
61,VIT_16s0039g02170,1595,0.7731,D-xylose-proton symporter-like 2,XYLL2,,vv50121Porters_cat_1_to_6,
62,VIT_09s0002g03460,1584,0.7682,Taurine dioxygenase,E1_14_11_17,,vv10272Cysteine_metabolism,
63,VIT_17s0000g04450,1569,0.7620,Phospholipid-transporting ATPase,K01530,,vv50131Primary_active_transporter_cat_A2_to_A4,
64,VIT_02s0025g01190,1565,0.7549,Extra-large G-protein (XLG1),,,,
65,VIT_15s0046g00240,1557,0.7544,Lateral organ boundaries protein 1,LBD1_2,,vv60007AS2,
66,VIT_04s0023g02810,1557,0.7544,Aldehyde dehydrogenase 3B1,E1_2_1_3,vv10561Glycerolipid_metabolism,vv10010Glycolysis,vv10071Fatty_acid_metabolism
67,VIT_18s0122g01200,1549,0.7508,Pentatricopeptide (PPR) repeat-containing protein,,,,
68,VIT_17s0000g07950,1542,0.7482,Unknown protein,,,,
69,VIT_18s0072g00760,1545,0.7464,G-protein-coupled receptor,,,,
70,VIT_14s0068g02230,1530,0.7460,No hit,,,,
71,VIT_01s0026g00180,1536,0.7427,Serine/threonine kinase protein,,,,
72,VIT_18s0001g14660,1531,0.7400,P-glycoprotein 13,PGP13,,vv52010ABC_transporters,
73,VIT_08s0007g00040,1525,0.7360,Histone H4,,,,
74,VIT_19s0093g00560,1518,0.7302,Ubiquitin-specific protease 25 (UBP25),,,,
75,VIT_06s0004g01340,1503,0.7289,Esterase/lipase/thioesterase,,,,
76,VIT_13s0019g05160,1495,0.7264,Pullulanase,E3_2_1_41,,,
77,VIT_19s0014g03720,1497,0.7242,Unknown protein,,,,
78,VIT_07s0031g02000,1485,0.7212,Ribonucleotide reductase large subunit B,E1_17_4_1,,vv10230Purine_metabolism,vv10240Pyrimidine_metabolism
79,VIT_03s0063g01880,1477,0.7146,Acyl-CoA synthetase long-chain member 2,E6_2_1_3_LACS2,,vv10071Fatty_acid_metabolism,vv44146Peroxisome
80,VIT_18s0001g09890,1469,0.7138,D-3-phosphoglycerate dehydrogenase,E1_1_1_95,,vv10260Glycine_serine_and_threonine_metabolism,
81,VIT_04s0008g02250,1471,0.7117,Beta-ketoacyl-CoA synthase,E2_3_1_41,,vv10061Fatty_acid_biosynthesis,
82,VIT_18s0001g12620,1469,0.7114,U-box domain-containing protein,,,,
83,VIT_12s0057g01230,1468,0.7095,No hit,,,,
84,VIT_12s0057g01060,1454,0.6994,Jasmonate O-methyltransferase,E2_1_1_141,,vv10592alpha-Linolenic_acid_metabolism,
85,VIT_19s0014g03270,1440,0.6967,Unknown,,,,
86,VIT_03s0063g00200,1440,0.6967,Histidinol-phosphatase,E3_1_3_15,,vv10340Histidine_metabolism,
87,VIT_11s0016g00580,1426,0.6953,Unknown,,,,
88,VIT_16s0050g01500,1431,0.6900,EMB2261 (embryo defective 2261),,,,
89,VIT_08s0007g02000,1418,0.6850,Glycerol-3-phosphate acyltransferase 8,E2_3_1_15,,vv10561Glycerolipid_metabolism,vv10564Glycerophospholipid_metabolism
90,VIT_15s0024g00920,1406,0.6822,NFD4 (nuclear fusion defective 4),,,,
91,VIT_07s0104g00210,1408,0.6809,Phenazine biosynthesis PhzC/PhzF protein,K06998,,vv10400Phenylalanine_tyrosine_and_tryptophan_biosynthesis,
92,VIT_09s0002g08070,1407,0.6807,Prephenate dehydrogenase,E1_3_1_13,,vv10400Phenylalanine_tyrosine_and_tryptophan_biosynthesis,
93,VIT_19s0014g04050,1418,0.6781,S-locus lectin protein kinase,,,,
94,VIT_11s0016g00640,1399,0.6781,Auxin response factor 11 ARF19,ARF19,,vv30003Auxin_signaling,vv60004ARF
95,VIT_06s0004g07110,1397,0.6749,Gamma interferon responsive lysosomal thiol reductase family protein,,,,
96,VIT_04s0023g01090,1391,0.6739,Unknown,,,,
97,VIT_13s0019g01020,1401,0.6726,Ring-H2 finger protein ATL3A,,,,
98,VIT_18s0041g00710,1379,0.6675,UDP-glucose: anthocyanidin 5 3-O-glucosyltransferase,RHGT1,,vv10942Anthocyanin_biosynthesis,
99,VIT_19s0090g00400,1377,0.6662,Zinc finger (C3HC4-type ring finger),ZFC3HC4_83,,vv60078Other_zf-C3HC4,
100,VIT_01s0011g03380,1379,0.6646,Dihydrolipoamide S-acetyltransferase (LTA2),E2_3_1_12,,vv10010Glycolysis,vv10252Alanine_and_aspartate_metabolism
101,VIT_15s0046g01290,1369,0.6639,Carrier protein  Mitochondrial,K03454,,vv50123Porters_cat_18_to_29,
102,VIT_19s0090g01440,1375,0.6595,Fimbrin 2,FIMBRIN2,,vv44810Regulation_of_actin_cytoskeleton,
103,VIT_03s0038g01960,1360,0.6592,Proline-rich family protein,,,,
104,VIT_02s0025g04410,1369,0.6585,Beta-ketoacyl-CoA synthase,E2_3_1_41,,vv10061Fatty_acid_biosynthesis,
105,VIT_18s0122g00370,1368,0.6583,Laccase,E1_10_3_2,,vv11000Single_reactions,vv50109Incompletely_characterized_transport_systems
106,VIT_15s0048g02150,1359,0.6581,Methionine aminopeptidase 2B,E3_4_11_18,,,
107,VIT_11s0037g00560,1362,0.6577,Unknown protein,,,,
108,VIT_08s0040g02830,1359,0.6575,Calcium-transporting ATPase 1  endoplasmic reticulum-type ECA1,K01537,,vv34020Calcium_signaling_pathway,vv50131Primary_active_transporter_cat_A2_to_A4
109,VIT_17s0000g00130,1362,0.6564,SEC14 cytosolic factor,SEC14,,vv50122Porters_cat_7_to_17,
110,VIT_01s0010g02740,1348,0.6522,4-coumarate-CoA ligase,E6_2_1_12,,vv10940Phenylpropanoid_biosynthesis,vv50104Group_translocators
111,VIT_00s0420g00040,1355,0.6505,S-locus lectin protein kinase,,,,
112,VIT_14s0036g01290,1343,0.6494,Subtilisin-like proteinase AIR3,,,,
113,VIT_09s0002g01980,1341,0.6494,Myosin-like protein XIK,MYOSINXIK,,vv44810Regulation_of_actin_cytoskeleton,
114,VIT_02s0033g01340,1338,0.6479,Unknown protein,,,,
115,VIT_10s0003g05690,1342,0.6427,Ribulose bisphosphate carboxylase  large chain,E4_1_1_39,,vv10710Carbon_fixation,
116,VIT_00s0426g00040,1314,0.6342,Seven in absentia SINAT2,K04506,,vv24120Ubiquitin_mediated_proteolysis,
117,VIT_14s0108g00740,1306,0.6300,GASA4,GASA4,,vv30010Gibberellin_signaling,
118,VIT_14s0006g00250,1287,0.6220,Cysteine-rich repeat secretory protein 60,,,,
119,VIT_15s0107g00340,1282,0.6208,Lanthionine synthetase C,,,,
120,VIT_11s0052g00220,1278,0.6174,Unknown protein,,,,
121,VIT_07s0005g04020,1273,0.6156,Leucine Rich Repeat receptor-like kinase,,,,
122,VIT_18s0001g12180,1267,0.6094,CYP721A1,,,,
123,VIT_11s0103g00530,1254,0.6061,Oxysterol binding protein,,,,
124,VIT_18s0001g07920,1238,0.5986,Pentatricopeptide (PPR) repeat-containing,,,,
125,VIT_17s0000g02990,1232,0.5972,MATE efflux family protein,MATE,,vv50125Porters_cat_66_to_94,
126,VIT_10s0116g00310,1230,0.5939,Auxin response factor 9,ARF9_1,,vv30003Auxin_signaling,vv60004ARF
127,VIT_18s0001g09320,1223,0.5920,Casein kinase II subunit alpha-2,K03097,,vv23008Ribosome_biogenesis_in_Eukaryotes,vv34710Circadian_rhythm
128,VIT_12s0028g03780,1228,0.5915,Riboflavin synthase alpha chain,E2_5_1_9,,vv10740Riboflavin_metabolism,
129,VIT_18s0001g04930,1222,0.5883,Sulfate transporter 1.3,SULTR1_3,,vv50124Porters_cat_30_to_64,
130,VIT_08s0056g00800,1210,0.5854,Myb domain protein 60,MYB60,MYB60,vv60044MYB,
131,VIT_07s0005g01090,1213,0.5851,ATP binding protein,,,,
132,VIT_05s0049g00120,1181,0.5739,Unknown protein,,,,
133,VIT_08s0007g02560,1185,0.5727,Ovate family protein 13 OFP13,OFP13_1,,vv60086OFP,
134,VIT_18s0001g14310,1187,0.5726,Flavonone- 3-hydroxylase,E1_14_11_9,,vv10941Flavonoid_biosynthesis,
135,VIT_15s0024g00910,1178,0.5724,NFD4 (nuclear fusion defective 4),,,,
136,VIT_15s0048g01330,1187,0.5715,Glyoxylate reductase,E1_1_1_26,,vv10630Glyoxylate_and_dicarboxylate_metabolism,
137,VIT_04s0008g00160,1170,0.5641,Casein kinase,K08282,,,
138,VIT_12s0028g02080,1162,0.5635,Myb family,MYBGE_16,,vv60029G2-like,
139,VIT_05s0029g00630,1165,0.5633,Unknown,,,,
140,VIT_06s0009g02640,1166,0.5630,Hydroxymethylglutaryl-CoA lyase,E4_1_3_4,,vv10072Synthesis_and_degradation_of_ketone_bodies,vv10280Valine_leucine_and_isoleucine_degradation
141,VIT_00s0199g00190,1177,0.5615,14-3-3 protein GF14 kappa (GRF8),,,,
142,VIT_19s0014g04270,1151,0.5560,S-locus protein kinase,,,,
143,VIT_05s0020g02590,1149,0.5559,Pentatricopeptide (PPR) repeat-containing protein,,,,
144,VIT_12s0059g01870,1140,0.5483,GH3-like protein,AUXINBIOSYNTHESIS_GH3,,vv11002Auxin_biosynthesis,
145,VIT_08s0040g00520,1134,0.5473,Leucine-rich repeat protein kinase,,,,
146,VIT_06s0004g02740,1123,0.5454,GATA transcription factor 10,BME3_ZF_2,,vv10904Diterpenoid_biosynthesis,vv60016C2C2-GATA
147,VIT_05s0020g04540,1123,0.5436,Beta-ketoacyl-CoA synthase,E2_3_1_41,,vv10061Fatty_acid_biosynthesis,
148,VIT_13s0067g03300,1112,0.5375,Leukotriene A-4 hydrolase,E3_3_2_6,,,
149,VIT_13s0064g01050,1116,0.5363,ADP ATP carrier protein 1,K05863,,vv50123Porters_cat_18_to_29,
150,VIT_07s0005g01870,1103,0.5349,Unknown,,,,
151,VIT_15s0048g02720,1101,0.5303,fatty acid elongase,E2_3_1_41,,vv10061Fatty_acid_biosynthesis,
152,VIT_05s0077g01460,1088,0.5294,No hit,,,,
153,VIT_09s0002g03140,1093,0.5260,Lipase GDSL,,,,
154,VIT_00s0975g00010,1089,0.5256,Cellulose synthase CSLE1,E2_4_1_12_CSLE1,,vv40006Cell_wall,
155,VIT_10s0042g01620,1086,0.5239,No hit,,,,
156,VIT_00s0207g00010,1069,0.5177,Anthranilate N-benzoyltransferase protein 1,E2_3_1_144,,vv10400Phenylalanine_tyrosine_and_tryptophan_biosynthesis,
157,VIT_07s0104g00200,1070,0.5164,Phenazine biosynthesis PhzC/PhzF,K06998,,vv10400Phenylalanine_tyrosine_and_tryptophan_biosynthesis,
158,VIT_05s0077g02180,1050,0.5107,Chalcone reductase,CHALR,,vv10941Flavonoid_biosynthesis,
159,VIT_08s0007g06590,1055,0.5097,Lectin protein kinase,,,,
160,VIT_11s0016g01980,1054,0.5092,Unknown protein,,,,
161,VIT_05s0020g01980,1050,0.5082,Acyl carrier protein  mitochondrial 3,K02078,,vv50134Primary_active_transporter_cat_D1,
162,VIT_00s0186g00090,1050,0.5070,Zinc finger (C3HC4-type ring finger),ZFC3HC4_5,,vv60078Other_zf-C3HC4,
163,VIT_11s0065g00210,1042,0.5058,Heat shock protein-related,,,,
164,VIT_15s0046g00180,1037,0.5019,Pyridoxine 5'-phosphate oxidase,E1_4_3_5,,vv10750Vitamin_B6_metabolism,
165,VIT_13s0019g02880,1033,0.5017,UDP-glucoronosyl/UDP-glucosyl transferase,,,,
166,VIT_09s0054g00700,1037,0.5007,Vacuolar-pyrophosphatase like protein 1 AVPL1,K01507,,vv10190Oxidative_phosphorylation,vv50133Primary_active_transporter_cat_A9_to_A18
167,VIT_00s0199g00030,1028,0.4995,Ubiquitin-specific protease 16,,,,
168,VIT_12s0059g00620,1024,0.4964,Exosome complex exonuclease RRP6,K12591,,vv23018RNA_degradation,
169,VIT_07s0141g00130,1018,0.4944,Protein phosphatase 2C,,,,
170,VIT_16s0050g01710,1017,0.4915,Receptor serine/threonine kinase PR5K,,,,
171,VIT_09s0002g09280,1015,0.4908,Cysteine peptidase,E3_4_22_x,,,
172,VIT_12s0055g00810,1009,0.4893,Cationic peroxidase,E1_11_1_7,,vv10360Phenylalanine_metabolism,vv10680Methane_metabolism
173,VIT_03s0110g00100,1008,0.4888,CYP86A8,,,,
174,VIT_04s0043g00560,1000,0.4857,DD1A protein,,,,
175,VIT_12s0059g00200,1008,0.4853,Lanthionine synthetase C,,,,
176,VIT_11s0016g01110,1002,0.4850,Unknown protein,,,,
177,VIT_14s0006g03260,997,0.4830,Rhomboid,,,,
178,VIT_07s0151g00510,1000,0.4826,GCN5 N-acetyltransferase (GNAT),GCN5_22,,vv60082GNAT,
179,VIT_08s0007g05140,993,0.4788,MAP70 protein .,,,,
180,VIT_01s0010g00720,984,0.4735,Unknown,,,,
181,VIT_12s0059g02310,981,0.4721,PDF2 (protodermal factor2),PDF2_4,VvHB44,vv60034HB,
182,VIT_02s0012g01660,969,0.4718,ATPase PGP2 (P-glycoprotein 2),PGP2,,vv52010ABC_transporters,
183,VIT_12s0057g00800,974,0.4699,Receptor Like Protein 27,,,,
184,VIT_18s0001g09260,973,0.4689,Unknown protein,,,,
185,VIT_01s0137g00510,966,0.4669,CYP71B10,CYP71B10,,vv10940Phenylpropanoid_biosynthesis,
186,VIT_09s0002g03240,957,0.4655,Unknown,,,,
187,VIT_19s0014g00570,952,0.4626,Disease resistance protein RFL1,,,,
188,VIT_11s0016g01240,954,0.4584,DENN (AEX-3) domain-containing protein,,,,
189,VIT_18s0089g00640,946,0.4572,No hit,,,,
190,VIT_17s0053g00780,944,0.4552,Homeodomain GLABROUS11,HDG11_1,VvHB60,vv60034HB,
191,VIT_02s0025g01180,940,0.4543,Carrier protein  Mitochondrial,K03454,,vv50123Porters_cat_18_to_29,
192,VIT_17s0053g00610,938,0.4538,Xyloglucan endotransglucosylase/hydrolase protein 9 precursor,E2_4_1_207,,vv40006Cell_wall,
193,VIT_06s0009g01210,934,0.4527,Leucine-rich repeat protein kinase,,,,
194,VIT_14s0068g01870,929,0.4497,Nodulin,,,,
195,VIT_01s0011g06290,926,0.4471,Purple acid phosphatase 3 ATPAP3/PAP3,E3_1_3_2,,vv10740Riboflavin_metabolism,
196,VIT_12s0059g01590,921,0.4471,Lipase GDSL,,,,
197,VIT_10s0003g04800,925,0.4471,Dienelactone hydrolase,E3_1_1_45,,vv11000Single_reactions,
198,VIT_04s0008g05440,922,0.4461,Ethylene-responsive transcription factor SHINE 3,SHINE3_1,VvERF044,vv30008Ethylene_signaling,vv60003AP2_EREBP
199,VIT_01s0010g02910,917,0.4436,ATP binding protein,,,,
200,VIT_07s0141g00040,918,0.4435,Protein phosphatase 2C,E3_1_3_16,,,
201,VIT_14s0083g00940,914,0.4422,Auxin-independent growth promoter,,,,
202,VIT_15s0048g01050,904,0.4399,Unknown,,,,
203,VIT_13s0064g00140,912,0.4393,R protein disease resistance protein,RPROT,,vv34627R_proteins_from_Plant-pathogen_interaction,
204,VIT_07s0031g01250,907,0.4382,1-acylglycerone phosphate reductase,E1_1_1_101,,vv10564Glycerophospholipid_metabolism,vv10565Ether_lipid_metabolism
205,VIT_12s0034g01520,903,0.4348,No hit,,,,
206,VIT_01s0026g00340,873,0.4248,Threonyl-tRNA synthetase,E6_1_1_3,,vv10260Glycine_serine_and_threonine_metabolism,vv20970Aminoacyl-tRNA_biosynthesis
207,VIT_10s0003g03330,870,0.4229,Receptor-like serine-threonine protein kinase,,,,
208,VIT_03s0038g01830,870,0.4195,Proline-rich protein 4,,,,
209,VIT_10s0116g01640,868,0.4193,Glucan endo-1 3-beta-glucosidase 3 precursor,E3_2_1_39,,vv10500Starch_and_sucrose_metabolism,
210,VIT_06s0004g00640,852,0.4152,Accelerated cell death 1 ACD1,ACD1,,vv50133Primary_active_transporter_cat_A9_to_A18,
211,VIT_13s0047g00010,854,0.4152,ZIFL2 (zinc induced facilitator-like 1),ZIFL1,,vv50121Porters_cat_1_to_6,
212,VIT_03s0038g00120,857,0.4136,Gibberellin-regulated protein 4 (GASA4),GASA4,,vv30010Gibberellin_signaling,
213,VIT_01s0150g00550,854,0.4132,Histone-lysine N-methyltransferase ASHR2,E2_1_1_43ASHR2_1,,vv10300Lysine_biosynthesis,vv60056SET_PCG
214,VIT_09s0018g01650,858,0.4127,Wrinkled1 (AP2/ERBP),WRINKLED1_1,VvAP2-06,vv30008Ethylene_signaling,vv60003AP2_EREBP
215,VIT_12s0035g00840,858,0.4127,Unknown protein,,,,
216,VIT_00s2240g00010,844,0.4081,GAE3 (UDP-D- glcucuronate  4-epimerase 3),E5_1_3_6,,vv10500Starch_and_sucrose_metabolism,vv10520Nucleotide_sugars_metabolism
217,VIT_04s0023g02460,843,0.4078,Transducin protein,,,,
218,VIT_02s0012g01940,847,0.4078,Myb KAN2 (KANADI 2),KANADI2_1,,vv60029G2-like,
219,VIT_04s0008g00750,843,0.4057,Unknown protein,,,,
220,VIT_07s0031g00490,838,0.4046,MAP3K protein kinase,,,,
221,VIT_06s0004g01350,826,0.3998,Emsy N terminus domain-containing protein,,,,
222,VIT_06s0004g01770,827,0.3991,Acetyl-CoA carboxylase  biotin carboxylase,E6_4_1_2,,vv10061Fatty_acid_biosynthesis,vv10620Pyruvate_metabolism
223,VIT_11s0052g01600,827,0.3966,UDP-glucose flavonoid 3-O-glucosyltransferase 7,E2_4_1_91,,vv10941Flavonoid_biosynthesis,
224,VIT_11s0016g01280,820,0.3963,DNA-directed RNA polymerase III subunit C4,K03026,,vv23020RNA_polymerase,
225,VIT_14s0060g02370,817,0.3953,DegP protease,E3_4_21_107,,,
226,VIT_15s0048g02000,815,0.3941,Homeodomain GLABROUS1,HDG1_1,VvHB53,vv60034HB,
227,VIT_05s0020g01790,814,0.3940,Triacylglycerol lipase.,E3_1_1_3,,vv10561Glycerolipid_metabolism,
228,VIT_11s0016g04160,811,0.3931,Sulfate transporter 3.5,SULTR3_5,,vv50124Porters_cat_30_to_64,
229,VIT_03s0038g03620,816,0.3919,Rho guanyl-nucleotide exchange factor ROPGEF1,ROPGEF1,,,
230,VIT_04s0008g05070,807,0.3889,Pentatricopeptide (PPR) repeat-containing,,,,
231,VIT_08s0007g04100,800,0.3861,CYPLXXVIA2,,,,
232,VIT_06s0080g00040,799,0.3858,ABC transporter G member 22,ABCG22,,vv52010ABC_transporters,
233,VIT_08s0007g05160,789,0.3823,Flavonoid 3' 5'-hydroxylase,E1_14_13_88,,vv10941Flavonoid_biosynthesis,
234,VIT_18s0001g05380,791,0.3812,TTL1 (tetratricopetide-repeat thioredoxin-like 1),,,,
235,VIT_14s0006g02990,781,0.3782,3-ketoacyl-CoA synthase,,,,
236,VIT_01s0026g02120,784,0.3782,Microtubule end binding protein 1 (EB1),K10436,,vv44810Regulation_of_actin_cytoskeleton,
237,VIT_11s0016g01160,774,0.3759,GCN5 N-acetyltransferase (GNAT),GCN5_3,,vv60082GNAT,
238,VIT_16s0100g00360,775,0.3755,Per1,,,,
239,VIT_16s0100g00470,781,0.3755,BCL2 binding anthogene,,,,
240,VIT_01s0026g00570,773,0.3742,Bet v I allergen,,,,
241,VIT_11s0052g00800,769,0.3729,Protein kinase family,,,,
242,VIT_06s0004g00630,759,0.3704,Accelerated cell death 1 ACD1,ACD1,,vv50133Primary_active_transporter_cat_A9_to_A18,
243,VIT_13s0019g04460,763,0.3702,Phenylalanine ammonia-lyase 2 (PAL2),E4_3_1_5,,vv10350Tyrosine_metabolism,vv10360Phenylalanine_metabolism
244,VIT_15s0046g01820,753,0.3671,Ring-H2 finger B1A,RHB1A,,vv60078Other_zf-C3HC4,
245,VIT_04s0008g03510,761,0.3669,Lignostilbene-alpha beta-dioxygenase and related enzymes,E1_14_99_36,,vv10906Carotenoid_biosynthesis,
246,VIT_07s0151g00850,765,0.3667,Unknown,,,,
247,VIT_18s0122g01280,746,0.3660,Niemann-Pick C1 protein precursor,NPC1,,vv50121Porters_cat_1_to_6,
248,VIT_18s0072g00650,752,0.3647,No hit,,,,
249,VIT_01s0011g00720,747,0.3609,WRKY DNA-binding protein 57,WRKY57,VvWRKY01,vv60066WRKY,
250,VIT_01s0011g04940,743,0.3600,No hit,,,,
251,VIT_00s0193g00050,741,0.3597,Ankyrin repeat protein,,,,
252,VIT_05s0049g01400,741,0.3595,Alcohol oxidase,E1_1_3_13,,vv10680Methane_metabolism,
253,VIT_04s0008g05050,740,0.3578,Pentatricopeptide (PPR) repeat-containing protein,,,,
254,VIT_05s0124g00090,738,0.3577,Golgi transport 1 protein B,GOT1B,,vv50109Incompletely_characterized_transport_systems,
255,VIT_17s0000g09760,738,0.3576,ABC transporter B member 11,K05664,,vv52010ABC_transporters,
256,VIT_17s0000g09900,736,0.3561,Unknown protein,,,,
257,VIT_04s0008g03600,736,0.3557,Tocopherol cyclase,K09834,,vv10100Biosynthesis_of_steroids,
258,VIT_09s0054g00840,736,0.3544,Unknown protein,,,,
259,VIT_16s0098g00190,736,0.3542,Receptor kinase homolog LRK10,,,,
260,VIT_01s0026g02650,732,0.3531,KH domain-containing protein,,,,
261,VIT_09s0002g06750,726,0.3495,ERF/AP2 transcription factor sub B-6 SHINE,SHINE1_1,VvERF042,vv30008Ethylene_signaling,vv60003AP2_EREBP
262,VIT_12s0035g00620,718,0.3462,BZIP transcription factor,BZIPDOM_15,VvbZIP32,vv60012BZIP,
263,VIT_18s0001g13080,708,0.3447,Unknown protein,,,,
264,VIT_07s0031g02140,716,0.3442,Amino acid permease,AAPREL,,vv50123Porters_cat_18_to_29,
265,VIT_17s0000g06630,708,0.3434,Unknown protein,,,,
266,VIT_07s0031g01680,708,0.3412,CYP86A1,,,,
267,VIT_05s0049g00310,703,0.3404,E8 protein,E8,,vv30008Ethylene_signaling,
268,VIT_14s0171g00490,704,0.3391,Glucose-6-phosphate 1-dehydrogenase  cytoplasmic isoform,E1_1_1_49,,vv10030Pentose_phosphate,vv10480Glutathione_metabolism
269,VIT_15s0046g01640,697,0.3388,Abl interactor protein 1 (ABIL1),,,,
270,VIT_18s0072g01020,701,0.3386,Unknown protein,,,,
271,VIT_15s0021g00460,692,0.3353,Ribose-phosphate pyrophosphokinase 1,E2_7_6_1,,vv10030Pentose_phosphate,vv10230Purine_metabolism
272,VIT_03s0038g00220,688,0.3332,Purple acid phosphatase 10 ATPAP10/PAP10,E3_1_3_2,,vv10740Riboflavin_metabolism,
273,VIT_19s0085g00710,687,0.3320,Poly(A) binding protein 8,,,,
274,VIT_00s0415g00020,683,0.3295,Endoribonuclease E-like protein,,,,
275,VIT_10s0597g00050,678,0.3293,Heat shock transcription factor B2A,HSFB2A_3,,vv60037HSF,
276,VIT_17s0000g09140,681,0.3284,Elongation factor Tu  mitochondrial,K02358,,vv34626Plant-pathogen_interaction,
277,VIT_18s0001g12190,682,0.3280,CYP721A1,,,,
278,VIT_01s0011g04450,676,0.3267,MATE efflux family protein,MATE,,vv50125Porters_cat_66_to_94,
279,VIT_00s0323g00060,669,0.3227,Invertase/pectin methylesterase inhibitor,PMEI,,vv40006Cell_wall,
280,VIT_03s0017g00920,664,0.3219,R protein  PRF  disease resistance protein,K13453,,vv34627R_proteins_from_Plant-pathogen_interaction,
281,VIT_01s0010g03070,667,0.3210,ER (ERECTA  quantitative resistance to plectosphaerella 1),,,,
282,VIT_06s0004g05770,658,0.3188,Heat shock protein 17.6 kDa class I,K13993,,vv24141Protein_processing_in_endoplasmic_reticulum,
283,VIT_02s0025g01750,657,0.3169,Cellulose synthase CSLG3,E2_4_1_12_CSLG3,,vv40006Cell_wall,
284,VIT_02s0025g01610,656,0.3154,Phosphatidylinositol 4-kinase type-II,K13711,,vv10562Inositol_phosphate_metabolism,vv34070Phosphatidylinositol_signaling_system
285,VIT_14s0066g00400,649,0.3137,Chalcone isomerase,E5_5_1_6,,vv10941Flavonoid_biosynthesis,
286,VIT_09s0018g01920,647,0.3133,Exocyst complex component EXO84 B,EXO84B,,vv50111Tethering_factors,
287,VIT_03s0038g01510,649,0.3131,Unknown protein,,,,
288,VIT_14s0083g00320,649,0.3126,Cinnamoyl-CoA reductase,E1_2_1_44,,vv10940Phenylpropanoid_biosynthesis,
289,VIT_16s0039g00010,649,0.3116,ABC transporter G member 7,ABCG7,,vv52010ABC_transporters,
290,VIT_05s0049g00340,641,0.3073,Deacetoxyvindoline 4-hydroxylase,E1_14_11_20,,vv10902Monoterpenoid_biosynthesis,
291,VIT_11s0016g03460,632,0.3069,Casein kinase I delta,K02218,,vv23008Ribosome_biogenesis_in_Eukaryotes,
292,VIT_06s0061g01240,620,0.3011,Histone deacetylase (HD2A),HD2A_2,,vv44110Cell_cycle,vv60017C2H2
293,VIT_13s0067g03880,620,0.3008,Ankyrin repeat,K10380,,vv50108Accessory_factors_involved_in_transport,
294,VIT_14s0068g00020,620,0.2989,No hit,,,,
295,VIT_00s0670g00010,612,0.2968,T-complex protein 1 subunit eta,K09499,,,
296,VIT_15s0046g01650,613,0.2957,Unknown,,,,
297,VIT_16s0050g01750,611,0.2945,Unknown,,,,
298,VIT_06s0004g02330,603,0.2919,Sulfite reductase,E1_8_7_1,,vv10450Selenoamino_acid_metabolism,vv10920Sulfur_metabolism
299,VIT_00s2380g00010,604,0.2911,S-locus lectin protein kinase,,,,
300,VIT_06s0004g07120,607,0.2903,Gamma interferon responsive lysosomal thiol reductase family protein,,,,
301,VIT_01s0011g01110,598,0.2887,Molybdenum cofactor sulfurase,,,,
302,VIT_03s0038g04500,596,0.2886,Bifunctional dihydrofolate reductase-thymidylate synthase 1,K13998,,vv10240Pyrimidine_metabolism,vv10670One_carbon_pool_by_folate
303,VIT_16s0100g00440,599,0.2880,Lateral organ boundaries protein 24,LBD24_1,,vv60007AS2,
304,VIT_05s0077g01330,591,0.2861,Unknown,,,,
305,VIT_12s0059g01830,589,0.2852,Unknown,,,,
306,VIT_08s0007g00570,585,0.2848,WRKY DNA-binding protein 49,WRKY49,VvWRKY27,vv60066WRKY,
307,VIT_07s0005g03240,585,0.2841,No hit,,,,
308,VIT_09s0002g04170,583,0.2834,Acyl-CoA synthetases (Acyl-activating enzyme 13),E6_2_1_3,,vv10071Fatty_acid_metabolism,vv50104Group_translocators
309,VIT_17s0000g01790,575,0.2783,4-coumarate-CoA ligase 2,E6_2_1_12,,vv10940Phenylpropanoid_biosynthesis,vv50104Group_translocators
310,VIT_11s0037g01400,574,0.2774,Zinc finger (C3HC4-type ring finger),ZFC3HC4_80,,vv60078Other_zf-C3HC4,
311,VIT_13s0084g00740,566,0.2725,No hit,,,,
312,VIT_11s0016g01490,570,0.2722,WAVY growth 2,,,,
313,VIT_09s0002g06990,562,0.2710,Phosphatidic acid phosphatase / PAP2,E3_1_3_4,,vv10561Glycerolipid_metabolism,vv10564Glycerophospholipid_metabolism
314,VIT_00s0238g00070,555,0.2690,TIR-NBS-LRR disease resistance,,,,
315,VIT_08s0040g02400,549,0.2660,Myosin heavy chain,MYOSINHC,,vv44810Regulation_of_actin_cytoskeleton,
316,VIT_00s0286g00130,547,0.2650,S-locus lectin protein kinase,,,,
317,VIT_01s0010g02610,548,0.2649,Unknown protein,,,,
318,VIT_02s0154g00410,541,0.2630,Unknown protein,,,,
319,VIT_08s0105g00490,542,0.2622,Glutaredoxin-related protein;,,,,
320,VIT_06s0009g01750,542,0.2620,ATP-dependent RNA helicase DOB1,K12598,,vv23018RNA_degradation,
321,VIT_15s0046g02410,542,0.2613,Aquaporin TMP-C,TMPC,,vv50101Channels_and_pores,
322,VIT_18s0122g00390,539,0.2611,Laccase,E1_10_3_2,,vv11000Single_reactions,vv50109Incompletely_characterized_transport_systems
323,VIT_01s0011g03660,533,0.2571,IMP dehydrogenase/GMP reductase,E1_1_1_205,VvERF121,vv10230Purine_metabolism,
324,VIT_13s0139g00010,535,0.2567,R protein MLA10,K13475,,vv34627R_proteins_from_Plant-pathogen_interaction,
325,VIT_10s0116g00680,529,0.2562,PDF2 (protodermal factor2),PDF2_2,VvHB35,vv60034HB,
326,VIT_06s0004g01390,527,0.2545,S-receptor kinase,,,,
327,VIT_13s0019g05110,526,0.2537,Amino acid binding protein,,,,
328,VIT_01s0011g04970,523,0.2530,SEC12-like protein 2 STL2P,K14003,,vv24141Protein_processing_in_endoplasmic_reticulum,vv50110Protein_coat
329,VIT_03s0038g00360,519,0.2512,Isochorismatase hydrolase,E3_3_2_1,,vv10130Ubiquinone_biosynthesis,
330,VIT_01s0244g00180,511,0.2471,CTV.20,,,,
331,VIT_11s0016g05420,504,0.2451,SOS2 (salt overly sensitive 2),SOS2,,vv30001ABA_signaling,
332,VIT_08s0007g02150,504,0.2435,Receptor ser/thr protein kinase,,,,
333,VIT_06s0061g01490,504,0.2425,ABC transporter G member 22,ABCG22,,vv52010ABC_transporters,
334,VIT_00s0414g00020,501,0.2424,Cellulose synthase CSLE1,E2_4_1_12_CSLE1,,vv40006Cell_wall,
335,VIT_18s0072g01000,497,0.2397,Dihydrolipoamide S-acetyltransferase,E2_3_1_12,,vv10010Glycolysis,vv10252Alanine_and_aspartate_metabolism
336,VIT_09s0002g03620,495,0.2390,NADP-dependent malic enzyme,E1_1_1_39,,vv10620Pyruvate_metabolism,vv10710Carbon_fixation
337,VIT_08s0056g00270,491,0.2371,Unknown protein,,,,
338,VIT_04s0008g03480,488,0.2357,Beta-carotene 15 15'-monooxygenase,E1_14_99_36,,vv10906Carotenoid_biosynthesis,
339,VIT_04s0079g00790,487,0.2357,Acyl-CoA synthetases (Acyl-activating enzyme 11),E6_2_1_3,,vv10071Fatty_acid_metabolism,vv50104Group_translocators
340,VIT_05s0020g01880,483,0.2342,Unknown protein,,,,
341,VIT_16s0050g01700,479,0.2318,Receptor serine/threonine kinase PR5K,,,,
342,VIT_11s0016g05630,478,0.2317,Acetylglucosaminyltransferase,E2_4_1_223,,vv11030Glycan_structures-biosynthesis1,
343,VIT_05s0020g03920,476,0.2307,Stress-induced-phosphoprotein 1,K09553,,,
344,VIT_06s0004g03310,481,0.2306,Hydrolase  alpha/beta fold,,,,
345,VIT_19s0090g00710,477,0.2301,No hit,,,,
346,VIT_08s0007g07240,473,0.2298,Armadillo helical,,,,
347,VIT_19s0015g00740,473,0.2294,Prefoldin,,,,
348,VIT_03s0088g00340<br>VIT_03s0091g00010,469,0.2278,
349,VIT_01s0011g05860,471,0.2270,Aspartate-semialdehyde dehydrogenase,E1_2_1_11,,vv10260Glycine_serine_and_threonine_metabolism,vv10300Lysine_biosynthesis
350,VIT_02s0012g01930,466,0.2258,RCD1 (radical-induced cell death1),,,,
351,VIT_02s0154g00420,465,0.2255,No hit,,,,
352,VIT_06s0004g03500,465,0.2245,No hit,,,,
353,VIT_00s0335g00050,466,0.2238,S-receptor kinase 1,,,,
354,VIT_08s0058g01210,463,0.2232,Non-specific lipid transfer protein LTP1,LTP1,,,
355,VIT_16s0050g01720,454,0.2184,Receptor serine/threonine kinase PR5K,,,,
356,VIT_14s0068g01910,448,0.2172,Peroxidase 55,E1_11_1_7,,vv10360Phenylalanine_metabolism,vv10680Methane_metabolism
357,VIT_15s0024g01260,448,0.2167,DJ-1 protein / protease,,,,
358,VIT_05s0049g01120<br>VIT_05s0049g01090,450,0.2163,
359,VIT_08s0058g01110,446,0.2161,Ovate family protein 4 OFP4,OFP4_1,,vv60086OFP,
360,VIT_07s0005g01290,445,0.2159,DnaJ homolog  subfamily C  member 7,K09527,,vv50132Primary_active_transporter_cat_A5_to_A8,
361,VIT_04s0008g03970,449,0.2152,No hit,,,,
362,VIT_11s0052g00960,445,0.2148,Syntaxin,,,,
363,VIT_16s0039g00900,444,0.2145,CYP89A28,,,,
364,VIT_06s0061g01480,435,0.2109,ABC transporter G member 22,ABCG22,,vv52010ABC_transporters,
365,VIT_14s0068g00400,434,0.2103,Hydrolase  alpha/beta fold family,,,,
366,VIT_15s0046g02290,434,0.2093,ATBRM/CHR2 (Arabidopsis thaliana BRAHMA),BRAHMA,,vv60058SNF2,
367,VIT_01s0026g02140,427,0.2072,Regulator of chromosome condensation (RCC1),RCC1,,vv50112Nuclear_pore_complex,
368,VIT_11s0016g00230,427,0.2055,Proteasome 26S AAA-ATPase subunit (RPT1a),K03061,,vv23050Proteasome,
369,VIT_06s0004g06560,418,0.2033,ABC transporter G member 23,ABCG23,,vv52010ABC_transporters,
370,VIT_14s0030g02020,421,0.2029,Aldo/keto reductase,E1_1_1_21,,vv10040Pentose_glucuronate_interconversion,vv10051Fructose_and_mannose_metabolism
371,VIT_00s0181g00030,419,0.2026,No hit,,,,
372,VIT_13s0074g00540,414,0.2020,Lysine histidine transporter 1,LHT1,,vv50123Porters_cat_18_to_29,
373,VIT_01s0026g01640,417,0.2018,Band 7 family,BAND7,,vv50108Accessory_factors_involved_in_transport,
374,VIT_02s0241g00020,418,0.2012,Unknown,,,,
375,VIT_14s0068g00740,418,0.2010,Avr9/Cf-9 rapidly elicited protein 146,,,,
376,VIT_12s0034g02290,412,0.1991,CC-NBS-LRR class,,,,
377,VIT_15s0048g02390,410,0.1986,Wall-associated receptor kinase-like 14,,,,
378,VIT_05s0020g02200,411,0.1984,Inosine-uridine preferring nucleoside hydrolase,E3_2_2_1,,vv10230Purine_metabolism,vv10760Nicotinate_and_nicotinamide_metabolism
379,VIT_14s0171g00420,409,0.1980,Unknown protein,,,,
380,VIT_06s0004g01870,409,0.1977,No transmitting tract,NTT_2,,vv60017C2H2,
381,VIT_04s0008g03340,407,0.1970,No hit,,,,
382,VIT_04s0023g03880,405,0.1953,Unknown,,,,
383,VIT_06s0004g08250,401,0.1952,Leucine-rich repeat transmembrane protein kinase  putative,,,,
384,VIT_03s0038g04650,403,0.1946,No hit,,,,
385,VIT_11s0037g01320,402,0.1942,No hit,,,,
386,VIT_06s0061g00280,399,0.1921,2-phosphoglycerate kinase,K05715,,vv10010Glycolysis,
387,VIT_14s0108g01360,394,0.1913,Unknown protein,,,,
388,VIT_16s0039g00400,399,0.1910,Aminopeptidase,,,,
389,VIT_15s0046g02160,392,0.1891,Proline iminopeptidase,E3_4_11_5,,vv10330Arginine_and_proline_metabolism,
390,VIT_05s0102g01070,390,0.1884,No hit,,,,
391,VIT_00s0194g00070,387,0.1872,Constans-like 10,COL10_1,,vv30009Flower_development,vv34710Circadian_rhythm
392,VIT_02s0087g00370,382,0.1863,Anthranilate N-hydroxycinnamoyl/benzoyltransferase,E2_3_1_144,,vv10400Phenylalanine_tyrosine_and_tryptophan_biosynthesis,
393,VIT_04s0044g00310,383,0.1852,Nodulin MtN21 family,MTN21,,vv50122Porters_cat_7_to_17,
394,VIT_16s0050g01110,380,0.1843,Polygalacturonase GH28,E3_2_1_15,,vv40006Cell_wall,
395,VIT_06s0004g07970,373,0.1805,Alpha-expansin 10 precursor,EXPA10,,vv30003Auxin_signaling,
396,VIT_02s0087g00720,375,0.1803,Receptor protein kinase,,,,
397,VIT_12s0035g00010,371,0.1799,DNA (cytosine-5)-methyltransferase (ATHIM),E2_1_1_37,,vv10271Methionine_metabolism,
398,VIT_08s0007g06680,371,0.1793,PMR5 (powdery mildew resistant 5),,,,
399,VIT_14s0030g00580,371,0.1791,Methionyl-tRNA synthetase,E6_1_1_10,,vv10271Methionine_metabolism,vv10450Selenoamino_acid_metabolism
400,VIT_02s0025g00310,372,0.1786,Ribosomal protein S10 (RPS10C) 40S,K02947,,vv23010Ribosome,
401,VIT_17s0000g09980,366,0.1767,REF6 (relative of early flowering 6),REF6,,vv30009Flower_development,vv60038Jumonji
402,VIT_00s0198g00050,364,0.1759,No hit,,,,
403,VIT_11s0016g03410,363,0.1753,Unknown protein,,,,
404,VIT_17s0000g07790,364,0.1752,N-hydroxythioamide S-beta-glucosyltransferase,K11820,,vv10966Glucosinolate_biosynthesis,
405,VIT_12s0028g01230,362,0.1748,fanconi anemia  complementation group D2,,,,
406,VIT_01s0010g00380,357,0.1728,FLS2 (flagellin-sensitive 2),K13420,,vv34626Plant-pathogen_interaction,
407,VIT_19s0014g04370,354,0.1718,No hit,,,,
408,VIT_19s0015g02530,353,0.1714,No hit,,,,
409,VIT_04s0044g01860,345,0.1669,Auxin efflux carrier,AUXEFF,,vv50004Auxin_transport,vv50125Porters_cat_66_to_94
410,VIT_16s0098g01790,344,0.1665,Calmodulin-binding region IQD21,,,,
411,VIT_14s0066g02270,345,0.1655,Endonuclease/exonuclease/phosphatase family protein,E3_1_30_x,,,
412,VIT_16s0115g00510,343,0.1655,Oxidosqualene Cyclase,E5_4_99_7,,vv10100Biosynthesis_of_steroids,
413,VIT_17s0000g04630,343,0.1654,Phenylalanyl-tRNA synthetase beta chain,E6_1_1_20,,vv10400Phenylalanine_tyrosine_and_tryptophan_biosynthesis,vv20970Aminoacyl-tRNA_biosynthesis
414,VIT_05s0049g01810,345,0.1653,No hit,,,,
415,VIT_15s0046g02500,337,0.1638,Unknown protein,,,,
416,VIT_15s0048g01270,337,0.1638,MADS-box agamous-like 6,AGL6_1,,vv60042MADS,
417,VIT_16s0039g00750<br>VIT_00s1209g00010<br>VIT_16s0039g00420,337,0.1638,
418,VIT_08s0040g00720,337,0.1633,Snf1 protein kinase (KIN10) (SKIN10),K08800,,,
419,VIT_00s0173g00150,334,0.1627,No hit,,,,
420,VIT_07s0005g01670,337,0.1626,No hit,,,,
421,VIT_13s0047g01210,335,0.1611,Phospholipid-translocating ATPase ALA1,K01530,,vv50131Primary_active_transporter_cat_A2_to_A4,
422,VIT_00s0975g00020,332,0.1609,Cellulose synthase CSLE1,E2_4_1_12_CSLE1,,vv40006Cell_wall,
423,VIT_02s0241g00060,333,0.1605,Unknown protein,,,,
424,VIT_15s0046g03090,334,0.1604,DTA2 (downstream target of AGL15 2),,,,
425,VIT_00s0371g00080,330,0.1589,Sinapyl alcohol dehydrogenase,E1_1_1_195,,vv10940Phenylpropanoid_biosynthesis,
426,VIT_12s0028g03620,326,0.1576,Unknown protein,,,,
427,VIT_10s0003g02500,323,0.1569,Malate dehydrogenase  cytoplasmic 1,E1_1_1_37,,vv10020Citrate_cycle,vv10620Pyruvate_metabolism
428,VIT_07s0005g04070,323,0.1567,Leucine Rich Repeat receptor-like kinase,,,,
429,VIT_13s0019g00040,323,0.1558,Beta-N-acetylhexosaminidase,E3_2_1_52,,vv10511N-Glycan_degradation,vv10530Aminosugars_metabolism
430,VIT_17s0000g00240,323,0.1557,Mei2 AML1,AML1,,vv44110Cell_cycle,
431,VIT_00s0233g00090,321,0.1553,Vacuolar protein sorting 41 (VPS41),VPS41,,vv50110Protein_coat,
432,VIT_15s0024g00770,320,0.1550,No hit,,,,
433,VIT_14s0066g01210,320,0.1537,Carbonic anhydrase  chloroplast precursor,E4_2_1_1,,vv10910Nitrogen_metabolism,vv50124Porters_cat_30_to_64
434,VIT_04s0044g00360,317,0.1534,MTN21,MTN21,,vv50122Porters_cat_7_to_17,
435,VIT_17s0000g03250,315,0.1533,Unknown protein,,,,
436,VIT_11s0016g04590,316,0.1526,ABC transporter g family pleiotropic drug resistance 12 PDR12,ABCGPDR12,,vv52010ABC_transporters,
437,VIT_04s0008g02520,313,0.1512,ATP binding protein,,,,
438,VIT_19s0014g04670,304,0.1479,Basic helix-loop-helix (bHLH) family,BHLHDOM_42,,vv60011BHLH,
439,VIT_01s0011g01790,303,0.1462,Galactose-binding like,,,,
440,VIT_15s0024g01720,302,0.1460,TIR-NBS-LRR type R protein 7,,,,
441,VIT_18s0001g06940,301,0.1451,Purine permease 1 (PUP1),PUP1,,vv10908Zeatin_biosynthesis,vv50122Porters_cat_7_to_17
442,VIT_12s0059g00670,298,0.1449,NADP-dependent oxidoreductase,E1_6_5_5,,,
443,VIT_04s0023g02680,296,0.1434,Dimethyladenosine transferase,K02528,,,
444,VIT_18s0001g12170,290,0.1405,CYP72A1,K13400,,vv10902Monoterpenoid_biosynthesis,
445,VIT_05s0029g00510,288,0.1401,Aquaporin PIP PIP1A,PIP1A,,vv50101Channels_and_pores,
446,VIT_14s0068g02010,292,0.1399,IMP dehydrogenase/GMP reductase,E1_1_1_205,,vv10230Purine_metabolism,
447,VIT_15s0048g02990,284,0.1368,AAA-type ATPase,,,,
448,VIT_06s0004g03490,281,0.1361,Nuclear transcription factor Y subunit B related,NFYBREL_5,,vv60021CCAAT,
449,VIT_04s0008g05260,280,0.1349,Unknown,,,,
450,VIT_08s0056g00290,278,0.1347,Calcium-binding protein CML,K13448,,vv34626Plant-pathogen_interaction,
451,VIT_04s0044g00790,274,0.1323,Cellulose synthase CSLE1,E2_4_1_12_CSLE1,,vv40006Cell_wall,
452,VIT_09s0054g00340,273,0.1320,No hit,,,,
453,VIT_06s0004g00660,270,0.1302,Accelerated cell death 1 ACD1,ACD1,,vv50133Primary_active_transporter_cat_A9_to_A18,
454,VIT_16s0050g02020<br>VIT_16s0050g02030,267,0.1297,
455,VIT_06s0004g01590,269,0.1297,No hit,,,,
456,VIT_08s0007g00060,265,0.1285,5-oxoprolinase,E3_5_2_9,,vv10480Glutathione_metabolism,
457,VIT_17s0000g06040,264,0.1277,Phytochrome kinase substrate 1,,,,
458,VIT_14s0083g00240,262,0.1274,Stress protein,,,,
459,VIT_08s0058g01230,263,0.1268,Non-specific lipid-transfer protein,,,,
460,VIT_05s0102g00370,258,0.1250,Receptor protein kinase (ACR4),,,,
461,VIT_05s0029g00550,259,0.1246,HEAT repeat-containing protein,,,,
462,VIT_19s0014g04600,255,0.1230,S-locus protein kinase,,,,
463,VIT_05s0077g02080,251,0.1220,Branched chain alpha-keto acid dehydrogenase E2 subunit (din3),E2_3_1_168,,vv10280Valine_leucine_and_isoleucine_degradation,
464,VIT_16s0013g02130,252,0.1212,Protein kinase,,,,
465,VIT_18s0041g02100<br>VIT_19s0085g00570,248,0.1201,
466,VIT_00s0399g00020,246,0.1189,Protease inhibitor/seed storage/lipid transfer protein (LTP),,,,
467,VIT_13s0139g00140,240,0.1169,No hit,,,,
468,VIT_14s0006g01130,238,0.1167,No hit,,,,
469,VIT_16s0050g01570,242,0.1163,Synbindin TRAPPC1,TRAPPC1,,vv50110Protein_coat,
470,VIT_07s0104g01580,239,0.1154,Luminidependens,LD,,vv30009Flower_development,vv60034HB
471,VIT_06s0004g01510,238,0.1146,Lipoxygenase (LOX2),E1_13_11_12,,vv10592alpha-Linolenic_acid_metabolism,
472,VIT_12s0034g00350,236,0.1140,Unknown,,,,
473,VIT_05s0049g01450,235,0.1139,No hit,,,,
474,VIT_15s0048g00940,233,0.1124,ATP-dependent DNA helicase 2 subunit 2,K10885,,vv23450Non_homologous_end_joining,
475,VIT_06s0061g00560,228,0.1108,Exostosin FRA8 (Fragile fiber8),K02366,,vv11030Glycan_structures-biosynthesis1,
476,VIT_14s0068g01560,229,0.1105,Unknown protein,,,,
477,VIT_11s0052g00240,226,0.1099,Accelerated cell death 11 (ACD11),,,,
478,VIT_13s0019g02130,226,0.1089,Tropinone reductase,E1_1_1_206,,vv10220Urea_cycle_and_metabolism_of_amino_groups,
479,VIT_05s0020g01520,224,0.1082,Bud site selection protein 31,K12873,,vv23040Spliceosome,
480,VIT_05s0051g00930,220,0.1063,DNA primase large subunit,K02685,,vv23030DNA_replication,
481,VIT_10s0116g00930,218,0.1055,Root hair defective 3 GTP-binding (RHD3),,,,
482,VIT_00s1526g00010,217,0.1045,Ribosomal protein L7 (RPL7D) 60S,K02937,,vv23010Ribosome,
483,VIT_08s0007g05720,215,0.1045,No hit,,,,
484,VIT_06s0061g00230,215,0.1041,ABC transporter G member 7,ABCG7,,vv52010ABC_transporters,
485,VIT_17s0000g00860,213,0.1032,Unknown protein,,,,
486,VIT_10s0003g00600,211,0.1026,Lipase GDSL,,,,
487,VIT_04s0008g02510,210,0.1021,Receptor kinase homolog LRK10,,,,
488,VIT_08s0032g00380,211,0.1020,Myosin-like protein XIC,MYOSINXIC,,vv44810Regulation_of_actin_cytoskeleton,
489,VIT_07s0005g03840,207,0.1002,Transcription termination factor mitochondrial mTERF,MTERF_20,,vv60085MTERF,
490,VIT_18s0001g01490,205,0.0985,Oxidoreductase N-terminal domain-containing,,,,
491,VIT_15s0045g01360,203,0.0979,No hit,,,,
492,VIT_03s0017g00640,203,0.0975,Oxoglutarate/malate translocator DIT2.1,DIT2_1,,vv50124Porters_cat_30_to_64,
493,VIT_07s0005g01120,199,0.0962,FAR1-related sequence 11,FRS11_3,,vv60071Orphans_far-red,
494,VIT_05s0102g00130,197,0.0952,Unknown protein,,,,
495,VIT_17s0000g09270,196,0.0950,MATE efflux family protein,MATE,,vv50125Porters_cat_66_to_94,
496,VIT_02s0025g04920,193,0.0933,Phosphate translocator protein2  Plastidic,PTL2,,vv50122Porters_cat_7_to_17,
497,VIT_05s0094g01280,191,0.0928,Ribosome subunit biogenesis protein 60S,K07565,,,
498,VIT_14s0128g00890,187,0.0909,SNF4 (Sucrose NonFermenting 4),,,,
499,VIT_09s0002g03510,188,0.0909,ELF7 (early flowering 7),ELF7,,vv30009Flower_development,
500,VIT_01s0011g00880,189,0.0907,UvrB/uvrC motif-containing protein,,,,
501,VIT_08s0032g00440,188,0.0907,Syntaxin 1B/2/3/4,K08486,,vv24130SNARE_interactions_in_vesicular_transport,vv50101Channels_and_pores
502,VIT_06s0004g07920,188,0.0905,WNK5 (Arabidopsis WNK kinase 5),,,,
503,VIT_17s0000g03070,185,0.0895,R protein MLA10,K13475,,vv34627R_proteins_from_Plant-pathogen_interaction,
504,VIT_12s0028g03480,184,0.0891,Wax synthase,E2_3_1_75,,vv11000Single_reactions,
505,VIT_14s0060g01730,182,0.0881,No hit,,,,
506,VIT_15s0046g00280,183,0.0876,Unknown,,,,
507,VIT_02s0012g02760,178,0.0866,Methionyl-tRNA synthetase,E6_1_1_10,,vv10271Methionine_metabolism,vv10450Selenoamino_acid_metabolism
508,VIT_07s0104g00090,179,0.0860,Transparent testa 8 TT8,TT8,,vv60011BHLH,
509,VIT_13s0064g00120,177,0.0855,Receptor Like Protein 35,,,,
510,VIT_17s0000g02830,172,0.0828,R protein MLA10,K13475,,vv34627R_proteins_from_Plant-pathogen_interaction,
511,VIT_05s0020g01830,171,0.0826,UPF0497 family,,,,
512,VIT_09s0002g01480,170,0.0822,Telomere repeat binding factor like TRFL6,TRFL6_2,,vv60045MYBrelated,
513,VIT_18s0001g11940,170,0.0820,Metalloendopeptidase,,,,
514,VIT_16s0039g01220,169,0.0815,C2 domain-containing protein,,,,
515,VIT_19s0027g00480,169,0.0814,UDP-glucuronosyl/UDP-glucosyltransferase,E2_4_1_17,,vv10040Pentose_glucuronate_interconversion,vv10500Starch_and_sucrose_metabolism
516,VIT_18s0001g07390,164,0.0794,No hit,,,,
517,VIT_05s0077g02040,162,0.0790,fumarylacetoacetate hydrolase,E3_7_1_2,,vv10350Tyrosine_metabolism,
518,VIT_07s0005g01790,164,0.0789,Acyl-CoA synthetase long-chain member 2,E6_2_1_3_LACS2,,vv10071Fatty_acid_metabolism,vv44146Peroxisome
519,VIT_09s0002g03130,163,0.0785,FRK1 (FLG22-induced receptor-like kinase 1),FRK1,,vv34626Plant-pathogen_interaction,
520,VIT_06s0004g00670,162,0.0782,Accelerated cell death 1 ACD1,ACD1,,vv50133Primary_active_transporter_cat_A9_to_A18,
521,VIT_13s0067g00400,161,0.0781,Anthranilate synthase alpha 1,E4_1_3_27,,vv10400Phenylalanine_tyrosine_and_tryptophan_biosynthesis,
522,VIT_00s0246g00020,161,0.0780,No hit,,,,
523,VIT_08s0007g01620,161,0.0778,Lectin,,,,
524,VIT_09s0096g00850,161,0.0778,Glycosyl hydrolase family 28 protein,,,,
525,VIT_00s0254g00010,160,0.0773,Unknown,,,,
526,VIT_06s0009g00960,160,0.0773,Ubiquitin-specific protease 12 (UBP12),,,,
527,VIT_04s0044g00390,160,0.0771,Nodulin MtN21 family,MTN21,,vv50122Porters_cat_7_to_17,
528,VIT_13s0067g02800,161,0.0771,Cytochrome P450  family 79  subfamily B  polypeptide 2,K11812,,vv10966Glucosinolate_biosynthesis,
529,VIT_13s0067g00730,160,0.0770,Carboxylic ester hydrolase,E3_1_1_1,,,
530,VIT_14s0060g01320,159,0.0770,Universal stress protein (USP) family protein,,,,
531,VIT_02s0154g00300,159,0.0768,Small nuclear ribonucleoprotein Sm D3,K04796,,,
532,VIT_14s0068g01310,158,0.0762,No hit,,,,
533,VIT_17s0000g02970,156,0.0757,MATE efflux family protein,MATE,,vv50125Porters_cat_66_to_94,
534,VIT_09s0054g00410,154,0.0744,Unknown,,,,
535,VIT_18s0041g01750,153,0.0740,RPS4 (resistant to p. syringae 4),RPS4,,vv34627R_proteins_from_Plant-pathogen_interaction,
536,VIT_16s0039g01400,154,0.0740,Unknown protein,,,,
537,VIT_13s0019g00560,152,0.0738,Chaperonin GroEL,K04077,,vv23018RNA_degradation,
538,VIT_04s0023g01000,152,0.0735,PRLI-interacting factor G-like protein,,,,
539,VIT_11s0052g00950,152,0.0727,Syntaxin,,,,
540,VIT_17s0000g06780,147,0.0712,Dimethylaniline monooxygenase,E1_14_13_8,,vv11000Single_reactions,
541,VIT_19s0014g04690,146,0.0709,Indole-3-acetic acid-amido synthetase,AUXINBIOSYNTHESIS_GH3,,vv11002Auxin_biosynthesis,
542,VIT_05s0062g01140,147,0.0707,Aromatic and neutral transporter 1,ANT1,,vv50123Porters_cat_18_to_29,
543,VIT_03s0038g01410,146,0.0703,Aquaporin PIP PIP1A,PIP1A,,vv50101Channels_and_pores,
544,VIT_07s0031g00630,145,0.0700,Unknown protein,,,,
545,VIT_08s0058g01270,145,0.0698,Zinc finger (C3HC4-type ring finger),ZFC3HC4_94,,vv60078Other_zf-C3HC4,
546,VIT_07s0031g00160,144,0.0698,Ubiquitin-conjugating enzyme E2 I,K10577,,vv23013RNA_transport,vv24120Ubiquitin_mediated_proteolysis
547,VIT_01s0011g03540,142,0.0684,Lateral organ boundaries protein 41,LBD41_3,,vv60007AS2,
548,VIT_07s0129g00070<br>VIT_07s0129g00150,140,0.0680,
549,VIT_10s0003g04720,139,0.0671,Splicing factor 45,K12840,,vv23040Spliceosome,
550,VIT_11s0016g05050,138,0.0665,Kelch repeat-containing F-box protein,,,,
551,VIT_14s0030g01480,137,0.0664,Cysteine synthase,E2_5_1_47,,vv10272Cysteine_metabolism,vv10450Selenoamino_acid_metabolism
552,VIT_13s0019g05290,136,0.0658,Acyl-CoA binding,,,,
553,VIT_15s0046g03240,136,0.0656,Unknown protein,,,,
554,VIT_07s0151g01040,135,0.0656,Ent-kaurene synthase A  chloroplast precursor,E5_5_1_13,,vv10904Diterpenoid_biosynthesis,
555,VIT_02s0154g00460,135,0.0656,Unknown protein,,,,
556,VIT_07s0005g06180,135,0.0653,RPM1 (resistance to p. syringae pv maculicola 1),K13457,,vv34626Plant-pathogen_interaction,
557,VIT_02s0154g00430,134,0.0647,Unknown,,,,
558,VIT_17s0000g03750,132,0.0643,Chitin elicitor-binding CEBIP LysM domain-containing,K13473,,vv34626Plant-pathogen_interaction,
559,VIT_01s0011g01100,132,0.0638,Pentatricopeptide (PPR) repeat-containing protein,,,,
560,VIT_03s0180g00280,131,0.0633,Indole-3-acetate beta-glucosyltransferase,E2_4_1_121,,vv11002Auxin_biosynthesis,
561,VIT_18s0001g00800,131,0.0632,Tetracycline transporter protein,TETRACYCTR,,vv50121Porters_cat_1_to_6,
562,VIT_18s0001g01200,129,0.0628,No hit,,,,
563,VIT_15s0021g02720,129,0.0623,Zinc finger (C2H2 type) family,C2H2FAM_23,,vv60017C2H2,
564,VIT_12s0034g02570,129,0.0622,Leucine Rich Repeat receptor-like kinase,,,,
565,VIT_02s0025g01730,127,0.0613,3-oxoacyl-[acyl-carrier-protein] synthase,E2_3_1_41,,vv10061Fatty_acid_biosynthesis,
566,VIT_00s0384g00020,126,0.0610,Basic helix-loop-helix (bHLH) family,BHLHDOM_93,,vv60011BHLH,
567,VIT_08s0105g00390,125,0.0605,Calcium-dependent protein kinase 13 CPK13,CPK13,,vv34626Plant-pathogen_interaction,
568,VIT_03s0038g04210,125,0.0604,Phototropin-2,K08282,,vv50101Channels_and_pores,
569,VIT_00s0266g00090,123,0.0599,ARK3 (Arabidopsis Receptor Kinase 3),,,,
570,VIT_05s0020g01410,122,0.0594,Ribosome 60S subunit biogenesis protein,K07565,,,
571,VIT_09s0054g01830,123,0.0592,FAR1-related sequence 4,FRS4,,vv60071Orphans_far-red,
572,VIT_06s0080g01160,121,0.0585,Aspartyl protease,E3_4_23_x,,,
573,VIT_00s0641g00030,120,0.0579,No hit,,,,
574,VIT_13s0019g02810,117,0.0564,Glucuronosyl transferase,E2_4_1_17,,vv10040Pentose_glucuronate_interconversion,vv10500Starch_and_sucrose_metabolism
575,VIT_15s0048g02040,116,0.0561,No hit,,,,
576,VIT_02s0025g00340,113,0.0547,Monodehydroascorbate reductase  chloroplast precursor,E1_6_5_4,,vv10053Ascorbate_and_aldarate_metabolism,
577,VIT_09s0054g00800,111,0.0536,Unknown protein,,,,
578,VIT_04s0008g06310,110,0.0530,Octicosapeptide/Phox/Bem1p (PB1) domain-containing protein,BEM1P,,vv50132Primary_active_transporter_cat_A5_to_A8,
579,VIT_03s0038g02140,109,0.0527,Auxin transporter protein 2,AUX1,,vv50004Auxin_transport,vv50123Porters_cat_18_to_29
580,VIT_18s0122g00220,108,0.0519,Phosphodiesterase/alkaline phosphatase D,E3_1_4_1,,,
581,VIT_14s0006g00410,107,0.0518,Binding,,,,
582,VIT_17s0000g05450,107,0.0517,ELF5 (early flowering 5),ELF5,,vv30009Flower_development,
583,VIT_06s0004g01780,105,0.0504,Serine/threonine-protein kinase OXI1,,,,
584,VIT_05s0020g04570,104,0.0501,CBL-interacting protein kinase 7 (CIPK7),CIPK7,,,
585,VIT_10s0116g01840,103,0.0499,No hit,,,,
586,VIT_13s0019g01530,104,0.0499,Adaptor-related protein complex 3  beta 2 subunit,AP3B2,,vv50110Protein_coat,
587,VIT_18s0041g01400,102,0.0495,TIR-NBS-LRR-TIR disease resistance protein,,,,
588,VIT_16s0013g01300,103,0.0494,No hit,,,,
589,VIT_09s0002g05530,101,0.0488,ABC transporter g family pleiotropic drug resistance 12 PDR12,ABCGPDR12,,vv52010ABC_transporters,
590,VIT_16s0039g01270,101,0.0487,No hit,,,,
591,VIT_04s0008g03800,100,0.0484,RNA recognition motif (RRM)-containing protein,,,,
592,VIT_14s0068g01300,100,0.0483,Serine palmitoyltransferase,E2_3_1_50,,vv10600Sphingolipid_metabolism,
593,VIT_06s0004g01250,99,0.0479,Omega-6 fatty acid desaturase  endoplasmic reticulum (FAD2),K10256,,vv11040Biosynthesis_of_unsaturated_fatty_acids,
594,VIT_09s0002g03180,98,0.0477,DNA repair protein,,,,
595,VIT_10s0116g00730,99,0.0476,Monoglyceride lipase,E3_1_1_23,,vv10561Glycerolipid_metabolism,
596,VIT_07s0005g01470,97,0.0470,Unknown protein,,,,
597,VIT_14s0006g02860,94,0.0457,Unknown protein,,,,
598,VIT_12s0034g01550,94,0.0455,Pentatricopeptide (PPR) repeat,,,,
599,VIT_13s0067g02530,94,0.0453,Unknown protein,,,,
600,VIT_05s0077g00750,93,0.0449,Basic helix-loop-helix (bHLH) family,BHLHDOM_34,,vv60011BHLH,
601,VIT_06s0004g06180,92,0.0446,GTP-binding protein hflX,K03665,,,
602,VIT_08s0040g02280,92,0.0443,Phosphatidic acid phosphatase / PAP2,E3_1_3_4,,vv10561Glycerolipid_metabolism,vv10564Glycerophospholipid_metabolism
603,VIT_00s0391g00010<br>VIT_00s0324g00080<br>VIT_00s1251g00010<br>VIT_00s0324g00100,91,0.0441,
604,VIT_00s0379g00050,91,0.0441,Short-chain dehydrogenase/reductase (SDR),,,,
605,VIT_14s0066g02440,91,0.0439,Glycosyl transferase family 14 protein,,,,
606,VIT_05s0020g00700,90,0.0436,Squamosa promoter-binding protein 12 (SPL12),SPL12_4,,vv60055SBP,
607,VIT_18s0041g00270,89,0.0428,R protein  PRF  disease resistance protein,K13453,,vv34627R_proteins_from_Plant-pathogen_interaction,
608,VIT_16s0022g02350,87,0.0421,ACI13,,,,
609,VIT_13s0067g02910,86,0.0414,Non-specific lipid-transfer protein,,,,
610,VIT_14s0068g00360,84,0.0407,LNG1 (LONGIFOLIA1),,,,
611,VIT_13s0019g04940,84,0.0407,KOW domain-containing factor family protein,KOWDOM,,,
612,VIT_18s0086g00530,83,0.0402,H(+)-ATPase AHA10 (autoinhibited H(+)-ATPase isoform 10),K01535,,vv10190Oxidative_phosphorylation,vv50131Primary_active_transporter_cat_A2_to_A4
613,VIT_12s0034g02160,83,0.0399,Importin beta-2,K14293_2,,vv23013RNA_transport,vv50109Incompletely_characterized_transport_systems
614,VIT_13s0106g00210,82,0.0399,No hit,,,,
615,VIT_02s0025g03860,82,0.0397,Unknown protein,,,,
616,VIT_03s0088g00070,81,0.0393,No hit,,,,
617,VIT_19s0014g00730,81,0.0391,No hit,,,,
618,VIT_15s0021g00520,81,0.0389,Transposon protein,,,,
619,VIT_19s0090g01790,80,0.0389,Armadillo/beta-catenin repeat,,,,
620,VIT_09s0002g04570,80,0.0389,Unknown,,,,
621,VIT_09s0096g00390,80,0.0387,Disease resistance protein (NBS-LRR class),,,,
622,VIT_18s0001g15450,79,0.0383,Alcohol dehydrogenase 3,E1_1_1_1,,vv10010Glycolysis,vv10071Fatty_acid_metabolism
623,VIT_08s0007g03000,79,0.0383,Chaperone protein dnaJ-related,DNAJREL,,vv50132Primary_active_transporter_cat_A5_to_A8,
624,VIT_11s0016g02680,79,0.0381,Asparaginyl-tRNA synthetase  cytoplasmic 3,E6_1_1_22,,vv10252Alanine_and_aspartate_metabolism,vv20970Aminoacyl-tRNA_biosynthesis
625,VIT_18s0122g01240,78,0.0380,Serine/threonine Protein kinase BNK1,,,,
626,VIT_12s0034g02560,78,0.0378,DNA (cytosine-5)-methyltransferase (ATHIM),E2_1_1_37,,vv10271Methionine_metabolism,
627,VIT_13s0047g00080,78,0.0377,ZIFL1 (Zinc induced facilitator 1),ZIFL1,,vv50121Porters_cat_1_to_6,
628,VIT_02s0025g01960,77,0.0373,No hit,,,,
629,VIT_10s0003g02120,77,0.0373,Lipase GDSL,,,,
630,VIT_12s0059g02600,78,0.0373,Receptor protein kinase RK20-1,,,,
631,VIT_18s0001g14960,76,0.0367,Pentatricopeptide (PPR) repeat-containing,,,,
632,VIT_13s0019g04770,75,0.0362,Sec8 exocyst complex component specific domain containing protein,K06111,,vv44810Regulation_of_actin_cytoskeleton,vv50111Tethering_factors
633,VIT_14s0066g00820,75,0.0362,Unknown protein,,,,
634,VIT_16s0050g00830,74,0.0357,Beta-ketoacyl-CoA synthase,E2_3_1_41,,vv10061Fatty_acid_biosynthesis,
635,VIT_19s0085g00030,73,0.0356,Unknown protein,,,,
636,VIT_00s0181g00040,73,0.0352,TIR1 (transport inhibitor response 1),TIR1,,vv30003Auxin_signaling,
637,VIT_08s0058g01030,73,0.0352,Saposin B domain-containing protein,SAPB,,vv50101Channels_and_pores,
638,VIT_09s0054g01320,73,0.0352,No hit,,,,
639,VIT_06s0004g01290,72,0.0348,KH domain and CCCH containing protein,KHCCCFAM_3,,vv60018C3H,
640,VIT_00s0361g00090,71,0.0343,Phototropic-responsive NPH3 protein,,,,
641,VIT_10s0116g01580,71,0.0342,No hit,,,,
642,VIT_17s0000g07880,70,0.0337,Bromo-adjacenty (BAH) domain-containing protein,,,,
643,VIT_13s0073g00430,69,0.0334,BZIP transcription factor,BZIPDOM_1,,vv60012BZIP,
644,VIT_13s0067g02840,68,0.0329,Phosphatidylinositol-4-phosphate 5-kinase,E2_7_1_68,,vv10562Inositol_phosphate_metabolism,vv34070Phosphatidylinositol_signaling_system
645,VIT_14s0066g00550,67,0.0324,ABC transporter B member 5,K05660,,vv52010ABC_transporters,
646,VIT_04s0044g01770,66,0.0320,Serine/threonine protein phosphatase (PP7),E3_1_3_16,,,
647,VIT_01s0026g01020,66,0.0318,Binding,,,,
648,VIT_18s0075g00850,65,0.0316,No hit,,,,
649,VIT_02s0012g01830,65,0.0314,Heat shock cognate 70 kDa protein 3 (HSC70-3) (HSP70-3),HSC703,,vv23040Spliceosome,vv24141Protein_processing_in_endoplasmic_reticulum
650,VIT_06s0080g00180,64,0.0311,No hit,,,,
651,VIT_11s0016g04320,64,0.0309,Nudix hydrolase 20,,,,
652,VIT_12s0028g02170,63,0.0306,ATP synthase protein I,K02116,,vv10190Oxidative_phosphorylation,vv50131Primary_active_transporter_cat_A2_to_A4
653,VIT_19s0015g02540<br>VIT_19s0027g00040<br>VIT_19s0015g02780<br>VIT_19s0015g02520,63,0.0304,
654,VIT_15s0046g00500,63,0.0304,Wax synthase,E2_3_1_75,,vv11000Single_reactions,
655,VIT_14s0036g00420,63,0.0302,Phosphoenolpyruvate carboxylase kinase,E4_1_1_49,,vv10020Citrate_cycle,vv10620Pyruvate_metabolism
656,VIT_18s0001g10820,62,0.0300,Proteasome 26S regulatory subunit (RPN11),K03030,,vv23050Proteasome,
657,VIT_12s0057g00560,62,0.0300,PAT1 (Phytochrome a signal transduction 1),PAT1,,vv60032GRAS,
658,VIT_01s0011g05360,61,0.0297,High mobility group protein HMGI/Y-1,HMGIY_5,,vv60035HMG,
659,VIT_07s0005g01180,61,0.0295,Unknown protein,,,,
660,VIT_14s0066g01860,60,0.0293,Zinc finger protein 5,ZFP5_2,,vv60017C2H2,
661,VIT_19s0093g00590,60,0.0292,Myosin heavy chain-like protein,K10352,,vv44810Regulation_of_actin_cytoskeleton,
662,VIT_12s0034g02470,60,0.0289,Disease resistance protein (CC-NBS-LRR class),,,,
663,VIT_14s0066g00570,60,0.0289,No hit,,,,
664,VIT_18s0089g01250,59,0.0285,U4/U6.U5 tri-snRNP-associated protein 2,K12847,,vv23040Spliceosome,
665,VIT_18s0075g00800,58,0.0282,TIR-NBS disease resistance,,,,
666,VIT_07s0191g00220,58,0.0279,Unknown protein,,,,
667,VIT_12s0055g01140,57,0.0275,Lipid transfer protein,LTP,,,
668,VIT_04s0023g01470,57,0.0275,Splicing factor 3B subunit 4,K12831,,vv23040Spliceosome,
669,VIT_08s0007g03140,57,0.0273,Rac GTPase activating protein 1,RHOGAP,,vv50109Incompletely_characterized_transport_systems,
670,VIT_01s0137g00410,56,0.0271,CYP86A2,,,,
671,VIT_04s0023g00060<br>VIT_18s0041g00140,56,0.0271,
672,VIT_06s0004g03100,56,0.0271,MLO1,K08472,,,
673,VIT_08s0007g08810,56,0.0270,Nonsense-mediated mRNA decay NMD3,K07562,,vv23008Ribosome_biogenesis_in_Eukaryotes,vv23013RNA_transport
674,VIT_15s0046g02110,55,0.0268,Late embryogenesis abundant protein Lea14-A,,,,
675,VIT_16s0039g01570,55,0.0267,Zinc finger (CCCH-type) family protein,CCCHFAM_24,,vv60018C3H,
676,VIT_14s0068g00660,55,0.0265,ATAN11 (ANTHOCYANIN11),,,,
677,VIT_05s0051g00410,55,0.0265,Hydroxyethylthiazole kinase,E2_7_1_50,,vv10730Thiamine_metabolism,
678,VIT_08s0007g08060,53,0.0256,Zinc finger (HIT type) SEF,SEF,,vv30009Flower_development,
679,VIT_04s0023g01970,52,0.0253,Aldose 1-epimerase,E5_1_3_3,,vv10010Glycolysis,
680,VIT_19s0014g04410,52,0.0252,S-locus protein kinase,,,,
681,VIT_08s0007g00890,52,0.0251,Tropinone reductase,E1_1_1_206,,vv10220Urea_cycle_and_metabolism_of_amino_groups,
682,VIT_18s0001g14860,52,0.0251,SKP1,K03094,,vv24120Ubiquitin_mediated_proteolysis,vv24141Protein_processing_in_endoplasmic_reticulum
683,VIT_04s0008g06300,52,0.0251,Leucine-rich repeat family,,,,
684,VIT_11s0016g04270,52,0.0250,Hydrolase  alpha/beta fold,,,,
685,VIT_08s0058g00870,51,0.0247,Unknown protein,,,,
686,VIT_12s0178g00020,50,0.0242,ERGIC and golgi 3,ERGIC,,vv50109Incompletely_characterized_transport_systems,
687,VIT_06s0004g00960,50,0.0242,Unknown,,,,
688,VIT_09s0002g03050,50,0.0242,Lipase GDSL,,,,
689,VIT_12s0134g00430,50,0.0241,Universal stress protein (USP) family protein,,,,
690,VIT_16s0013g00120,49,0.0238,Unknown,,,,
691,VIT_19s0014g00710,49,0.0236,RKF1 (receptor-like kinase in flowers 1),,,,
692,VIT_09s0002g00760,49,0.0236,Unknown protein,,,,
693,VIT_14s0006g02890,49,0.0236,ATSYTE/NTMC2T3.2/NTMC2TYPE3.2/SYTE,NTMC2T3_2,,vv50109Incompletely_characterized_transport_systems,
694,VIT_16s0022g01050<br>VIT_16s0022g01030<br>VIT_16s0022g01010<br>VIT_16s0022g01110<br>VIT_16s0022g01100<br>VIT_16s0022g01040<br>VIT_16s0022g00990<br>VITisv_028484,48,0.0232,
695,VIT_08s0040g02700,47,0.0227,Heavy-metal-associated domain-containing protein,,,,
696,VIT_15s0046g00410,47,0.0227,Seven in absentia SINA1p,K04506,,vv24120Ubiquitin_mediated_proteolysis,
697,VIT_00s0181g00250,47,0.0227,Diacylglycerol kinase,E2_7_1_107,,vv10561Glycerolipid_metabolism,vv10564Glycerophospholipid_metabolism
698,VIT_01s0010g00550,47,0.0226,Prolyl oligopeptidase,E3_4_21_26,,,
699,VIT_08s0007g04220,46,0.0222,SER/ARG-rich protein kinase 4 SRPK4,,,,
700,VIT_04s0044g01700,45,0.0219,RNA polymerase I specific transcription initiation factor RRN3,RRN3,,,
701,VIT_15s0048g00750,45,0.0217,Dihydrodipicolinate synthase,E4_2_1_52,,vv10300Lysine_biosynthesis,
702,VIT_00s0558g00020,45,0.0216,LINC4 (little nuclei4),,,,
703,VIT_13s0019g00420,44,0.0213,F-box family protein,,,,
704,VIT_03s0038g01300,44,0.0213,Auxin-induced SAUR,SAUR,,vv30003Auxin_signaling,
705,VIT_11s0016g02150,44,0.0211,Protein kinase CDG1,,,,
706,VIT_19s0015g01430,43,0.0209,BTB/POZ domain-containing protein,BTBDOM_6,,vv60093TRAF,
707,VIT_18s0001g10270,43,0.0207,Basic helix-loop-helix protein SPATULA,SPATULA_1,,vv60011BHLH,
708,VIT_04s0043g00970,42,0.0204,ABC transporter g family pleiotropic drug resistance 12 PDR12,ABCGPDR12,,vv52010ABC_transporters,
709,VIT_11s0037g00790,41,0.0199,Serine carboxypeptidase II,,,,
710,VIT_17s0000g03090,41,0.0198,R protein disease resistance protein,RPROT,,vv34627R_proteins_from_Plant-pathogen_interaction,
711,VIT_17s0000g10300,41,0.0197,DELLA protein GAI1,GAI1_2,,vv30009Flower_development,vv30010Gibberellin_signaling
712,VIT_09s0002g06020,40,0.0194,Tesmin/TSO1-like CXC domain-containing,TCX2_1,,vv60022CPP,
713,VIT_06s0004g05690,40,0.0193,Glutathione S-transferase GSTU7,E2_5_1_18_GSTU7,,vv10480Glutathione_metabolism,
714,VIT_00s0187g00030,40,0.0192,Lysine-ketoglutarate reductase,E1_5_1_10,,vv10300Lysine_biosynthesis,
715,VIT_19s0135g00080,39,0.0188,No hit,,,,
716,VIT_01s0010g00710,38,0.0182,Armadillo/beta-catenin repeat protein / U-box domain-containing protein ,,,,
717,VIT_00s2015g00010,37,0.0179,No hit,,,,
718,VIT_02s0033g00320,37,0.0179,PRLI-interacting factor L,PTAC17,,vv50109Incompletely_characterized_transport_systems,
719,VIT_19s0014g01620,37,0.0178,Ca2+-ATPase 13 ACA13  plasma membrane,K01537,,vv34020Calcium_signaling_pathway,vv50131Primary_active_transporter_cat_A2_to_A4
720,VIT_12s0055g00670,36,0.0175,Unknown,,,,
721,VIT_14s0030g00080,36,0.0174,No hit,,,,
722,VIT_03s0088g00270,36,0.0174,No hit,,,,
723,VIT_06s0004g03890,36,0.0173,Histone H4,,,,
724,VIT_18s0041g02470,35,0.0170,Disease resistance protein (TIR-NBS-LRR class),,,,
725,VIT_03s0063g01460,35,0.0169,Cytochrome b6f complex subunit (petM),K02643,,vv10195Photosynthesis,vv50105Transport_electron_carriers
726,VIT_01s0137g00500,35,0.0168,Unknown protein,,,,
727,VIT_16s0022g00090,35,0.0168,No hit,,,,
728,VIT_14s0066g00310,34,0.0165,Unknown protein,,,,
729,VIT_12s0057g00710,34,0.0164,DnaJ homolog  subfamily B  member 12,K09518,,vv50132Primary_active_transporter_cat_A5_to_A8,
730,VIT_05s0062g00110,34,0.0164,Unknown protein,,,,
731,VIT_19s0015g00330,34,0.0163,RNA recognition motif (RRM)-containing protein,,,,
732,VIT_04s0069g01120,33,0.0159,Acyl-activating enzyme 7,E6_2_1_3,,vv10071Fatty_acid_metabolism,vv50104Group_translocators
733,VIT_17s0000g09480,31,0.0149,Calcineurin phosphoesterase,,,,
734,VIT_03s0038g04480,31,0.0149,SEC14 cytosolic factor,SEC14,,vv50122Porters_cat_7_to_17,
735,VIT_05s0077g01670,31,0.0148,Major cherry allergen Pru av 1.0202,,,,
736,VIT_12s0055g00730,29,0.0141,ATATH2 (ABC2 homolog 2),ATH2,,vv52010ABC_transporters,
737,VIT_02s0154g00440,29,0.0140,Unknown protein,,,,
738,VIT_17s0000g07210,29,0.0140,flavonoid 3'-hydroxylase [Vitis vinifera],E1_14_13_21,,vv10941Flavonoid_biosynthesis,
739,VIT_01s0026g01340,29,0.0139,Glutathione S-transferase 29 GSTU18,E2_5_1_18_GSTU18,,vv10480Glutathione_metabolism,
740,VIT_03s0063g00610,28,0.0136,ARP protein (REF),,,,
741,VIT_11s0016g01260,28,0.0136,Early flowering 8 (ELF8),ELF8,,vv30009Flower_development,
742,VIT_00s0187g00050,28,0.0135,No hit,,,,
743,VIT_18s0001g11760,28,0.0135,MATE efflux family protein,MATE,,vv50125Porters_cat_66_to_94,
744,VIT_04s0044g01190,27,0.0130,Maternal effect embryo arrest 50,,,,
745,VIT_03s0063g00480,27,0.0130,DEM2,,,,
746,VIT_08s0040g03400,26,0.0126,Short-chain dehydrogenase/reductase,,,,
747,VIT_09s0002g00670,26,0.0126,Auxin responsive SAUR protein,SAUR,,vv30003Auxin_signaling,
748,VIT_15s0046g02140,26,0.0125,Ribosomal protein L46 39S,,,,
749,VIT_17s0000g00950,25,0.0121,Hydroxycinnamoyl-CoA quinate hydroxycinnamoyltransferase,E2_3_1_99,,vv10940Phenylpropanoid_biosynthesis,
750,VIT_04s0008g02370,25,0.0121,Pentatricopeptide (PPR) repeat-containing protein,,,,
751,VIT_01s0137g00170,25,0.0121,B-keto acyl reductase,,,,
752,VIT_12s0057g01110,24,0.0116,Nudix hydrolase 2,,,,
753,VIT_03s0038g03550,24,0.0116,Unknown protein,,,,
754,VIT_04s0008g01230,24,0.0115,Harpin-induced protein,,,,
755,VIT_19s0093g00400,23,0.0112,Glutathione S-transferase 25 GSTU25,E2_5_1_18_GSTU25,,vv10480Glutathione_metabolism,
756,VIT_05s0077g01740,23,0.0111,Polygalacturonase GH28,E3_2_1_15,,vv40006Cell_wall,
757,VIT_18s0001g13120,22,0.0107,GTP-binding protein hflX,K03665,,,
758,VIT_14s0060g01090,22,0.0107,LNG1 (LONGIFOLIA1),,,,
759,VIT_08s0007g06050,22,0.0107,No hit,,,,
760,VIT_13s0067g00560,22,0.0106,Cinnamyl alcohol dehydrogenase,E1_1_1_195,,vv10940Phenylpropanoid_biosynthesis,
761,VIT_10s0116g00630,22,0.0106,Unknown protein,,,,
762,VIT_03s0038g04110,21,0.0102,AT-hook DNA-binding protein,,,,
763,VIT_18s0001g15260,21,0.0102,Myb domain protein 52,MYB52_1,MYB170,vv60044MYB,
764,VIT_00s0340g00040,21,0.0101,Beta-hexosaminidase beta chain precursor,E3_2_1_52,,vv10511N-Glycan_degradation,vv10530Aminosugars_metabolism
765,VIT_02s0012g01100,20,0.0097,Protein phosphatase 2C POLTERGEIST-like 1,,,,
766,VIT_07s0031g00450,20,0.0097,Basic helix-loop-helix protein SPATULA,SPATULA_2,,vv60011BHLH,
767,VIT_16s0039g00880,19,0.0092,CYP89H3,,,,
768,VIT_07s0104g01270,19,0.0092,Kinase interacting family protein,,,,
769,VIT_06s0004g03980,19,0.0092,Ankyrin,K10380,,vv50108Accessory_factors_involved_in_transport,
770,VIT_18s0122g00280,19,0.0092,Unknown protein,,,,
771,VIT_01s0011g02340,19,0.0092,Importin,IMPREL,,vv50109Incompletely_characterized_transport_systems,vv50112Nuclear_pore_complex
772,VIT_02s0025g05120,18,0.0088,ACT domain-containing protein (ACR8),,,,
773,VIT_05s0124g00100,18,0.0088,Unknown,,,,
774,VIT_15s0048g01490,18,0.0087,Geraniol 10-hydroxylase,G10H,,vv10902Monoterpenoid_biosynthesis,
775,VIT_06s0004g07460,18,0.0087,Unknown protein,,,,
776,VIT_03s0038g01180<br>VIT_03s0038g01260,18,0.0087,
777,VIT_07s0005g01970,18,0.0087,Galactinol synthase,E2_4_1_123,,vv10052Galactose_metabolism,
778,VIT_16s0022g00900,18,0.0087,No hit,,,,
779,VIT_07s0005g01040,18,0.0087,Glycosyl transferase family 8 protein,,,,
780,VIT_09s0002g05560,18,0.0087,ABC transporter g family pleiotropic drug resistance 12 PDR12,ABCGPDR12,,vv52010ABC_transporters,
781,VIT_16s0050g00230,18,0.0087,Zinc knuckle,ZFC2HC,,,
782,VIT_14s0219g00280,18,0.0087,Glycerol-3-phosphate dehydrogenase (NAD+),E1_1_1_8,,vv10564Glycerophospholipid_metabolism,
783,VIT_02s0012g02030,18,0.0087,Homeobox-7,VVHB7_1,VvHB09,vv60034HB,
784,VIT_07s0031g01750,17,0.0083,N-acetyltransferase 10,K14521,,vv23008Ribosome_biogenesis_in_Eukaryotes,
785,VIT_02s0012g01490,17,0.0082,No hit,,,,
786,VIT_04s0008g04560,17,0.0082,Pentatricopeptide (PPR) repeat-containing,,,,
787,VIT_03s0017g01980,17,0.0082,Choline-phosphate cytidylyltransferase B,E2_7_7_15,,vv10564Glycerophospholipid_metabolism,
788,VIT_00s0469g00030,16,0.0078,No hit,,,,
789,VIT_15s0107g00280,16,0.0078,R protein L6,K13477,,vv34627R_proteins_from_Plant-pathogen_interaction,
790,VIT_00s0301g00180,16,0.0078,NADPH quinone oxidoreductase,E1_6_5_5,,vv10740Riboflavin_metabolism,
791,VIT_00s0456g00040<br>VIT_00s0374g00030,16,0.0077,
792,VIT_18s0001g05350,16,0.0077,Germacrene D synthase,E4_2_3_22,,vv10900Terpenoid_biosynthesis,
793,VIT_12s0142g00310,16,0.0077,Oxygen evolving enhancer 3 (PsbQ),K08901,,vv10195Photosynthesis,vv50113Thylakoid_targeting_pathway
794,VIT_00s0374g00010,15,0.0073,S-locus lectin protein kinase,,,,
795,VIT_18s0001g14690,15,0.0073,Protein kinase,,,,
796,VIT_00s0187g00130<br>VIT_00s2188g00010,15,0.0073,
797,VIT_10s0116g01700,15,0.0073,Autophagy 8c (APG8c),K08341,,vv44140Regulation_of_autophagy,vv50101Channels_and_pores
798,VIT_17s0000g05460,15,0.0072,Nodulin,,,,
799,VIT_11s0037g00470,14,0.0068,No hit,,,,
800,VIT_01s0011g00570,14,0.0068,Glucan endo-1 3-beta-glucosidase 3 precursor,E3_2_1_39,,vv10500Starch_and_sucrose_metabolism,
801,VIT_00s0445g00020,14,0.0067,Lipoic acid synthase,E2_8_1_8,,vv10061Fatty_acid_biosynthesis,
802,VIT_05s0102g00460,14,0.0067,RPD1 (root primordium defective 1),,,,
803,VIT_13s0106g00440,13,0.0063,Carboxylic ester hydrolase,E3_1_1_1,,,
804,VIT_13s0067g03890,13,0.0063,Beta-ketoacyl-CoA synthase,E2_3_1_41,,vv10061Fatty_acid_biosynthesis,
805,VIT_08s0058g00140,13,0.0063,Ammonium transporter 2,AMT2,,vv50101Channels_and_pores,
806,VIT_14s0006g01440,13,0.0063,Double-stranded RNA binding protein,,,,
807,VIT_08s0007g05070,13,0.0063,Zinc finger (C2H2 type) family,C2H2FAM_42,,vv60017C2H2,
808,VIT_00s0266g00020<br>VIT_00s0372g00020<br>VIT_00s0271g00010<br>VIT_00s0385g00020<br>VIT_00s0522g00020<br>VIT_00s0372g00060<br>VIT_00s0372g00030<br>VIT_00s0385g00010,13,0.0063,
809,VIT_01s0011g01230,13,0.0063,GTP-binding protein (ERG),E3_6_5_1,,,
810,VIT_10s0116g01660,13,0.0063,Lactoylglutathione lyase,E4_4_1_5,,vv10620Pyruvate_metabolism,
811,VIT_17s0000g06930,13,0.0063,Unfertilized embryo sac 10 UNE10,UNE10_3,,vv60011BHLH,
812,VIT_18s0001g05300,13,0.0063,Trehalose-6-phosphate phosphatase,E3_1_3_12,,vv10500Starch_and_sucrose_metabolism,
813,VIT_02s0087g00380,13,0.0062,No hit,,,,
814,VIT_17s0000g03180,12,0.0058,Octicosapeptide/Phox/Bem1p (PB1) domain-containing protein,,,,
815,VIT_11s0037g01210,12,0.0058,Eceriferum 1 (CER1 protein) Sterol desaturase,,,,
816,VIT_05s0102g00940,12,0.0058,R protein  PRF  disease resistance protein,K13453,,vv34627R_proteins_from_Plant-pathogen_interaction,
817,VIT_13s0047g00200,12,0.0058,Subtilisin,SBT5_2,,,
818,VIT_06s0080g00810,12,0.0058,Lycopene beta cyclase (LYC),K06443,,vv10906Carotenoid_biosynthesis,
819,VIT_00s0163g00150,12,0.0058,No hit,,,,
820,VIT_06s0004g03480,12,0.0058,No hit,,,,
821,VIT_05s0020g01900,12,0.0058,No hit,,,,
822,VIT_00s0347g00120,12,0.0058,S-locus lectin protein kinase,,,,
823,VIT_00s0203g00170,12,0.0058,Myb domain protein 92,MYB92_1,MYB136,vv60044MYB,
824,VIT_13s0073g00140,12,0.0058,Ovate family protein 13 OFP13,OFP13_2,,vv60086OFP,
825,VIT_01s0011g01120,11,0.0053,R protein MLA10,K13475,,vv34627R_proteins_from_Plant-pathogen_interaction,
826,VIT_18s0001g06640,11,0.0053,Zinc finger (C3HC4-type ring finger),ZFC3HC4_60,,vv60078Other_zf-C3HC4,
827,VIT_19s0014g04010,10,0.0049,No hit,,,,
828,VIT_13s0067g00540,10,0.0048,Unknown,,,,
829,VIT_07s0005g00880,10,0.0048,fumarate hydratase,E4_2_1_2,,vv10020Citrate_cycle,vv10720Reductive_carboxylate_cycle
830,VIT_14s0081g00120,10,0.0048,fertility restorer,,,,
831,VIT_07s0151g00080,10,0.0048,Ankyrin,K10380,,vv50108Accessory_factors_involved_in_transport,
832,VIT_07s0031g00470,10,0.0048,DNA polymerase alpha,K02320,,vv23030DNA_replication,
833,VIT_03s0017g00900<br>VIT_05s0102g01010,9,0.0044,
834,VIT_14s0036g01120,9,0.0044,Unknown,,,,
835,VIT_01s0010g02350,9,0.0044,Protein phosphatase 2 (formerly 2A)  regulatory subunit B',K11584,,vv23015mRNA_surveillance_pathway,
836,VIT_06s0004g02080,9,0.0044,TRNA-specific 2-thiouridylase,K00566,,vv24122Sulfur_relay_system,
837,VIT_06s0009g02360,9,0.0044,THO complex subunit 7,K13176,,vv23013RNA_transport,
838,VIT_07s0104g01080,9,0.0044,NPL4,K14015,,vv24141Protein_processing_in_endoplasmic_reticulum,vv50133Primary_active_transporter_cat_A9_to_A18
839,VIT_08s0007g02600,9,0.0044,Unknown protein,,,,
840,VIT_12s0059g01240,9,0.0044,Nitrate transporter (NTP3),NTP3,,vv50122Porters_cat_7_to_17,
841,VIT_13s0067g00060,9,0.0044,Tetratricopeptide repeat (TPR)-containing SET domain protein,SETTRP_1,,vv60056SET_PCG,
842,VIT_07s0130g00120,9,0.0044,Tetratricopeptide repeat (TPR)-containing,,,,
843,VIT_05s0020g01170,9,0.0044,Translationally-controlled tumor protein,TCTP,,,
844,VIT_11s0016g00330,9,0.0044,Pectinesterase family,E3_1_1_11,,vv40006Cell_wall,
845,VIT_03s0017g01880,9,0.0044,No hit,,,,
846,VIT_08s0056g01070,9,0.0044,MATE efflux family protein,MATE,,vv50125Porters_cat_66_to_94,
847,VIT_14s0068g00140,9,0.0044,No hit,,,,
848,VIT_19s0027g00220,9,0.0044,Unknown protein,,,,
849,VIT_13s0067g02930,9,0.0043,Expansin [Vitis labrusca x Vitis vinifera] EXPA8,EXPA8,,vv30003Auxin_signaling,
850,VIT_00s0183g00160,9,0.0043,No hit,,,,
851,VIT_14s0128g00210,9,0.0043,Xyloglucanase inhibitor,,,,
852,VIT_00s0189g00070,9,0.0043,Gibberellin-regulated protein 4 (GASA4),GASA4,,vv30010Gibberellin_signaling,
853,VIT_18s0001g13510,9,0.0043,Hcr2-p6,,,,
854,VIT_16s0013g00680,9,0.0043,No hit,,,,
855,VIT_18s0001g03630,9,0.0043,Pentatricopeptide (PPR) repeat-containing protein,,,,
856,VIT_17s0053g00590,9,0.0043,Kinase interacting protein,,,,
857,VIT_16s0039g01710,8,0.0039,Myb domain protein 9,MYB9,MYB181,vv60044MYB,
858,VIT_08s0040g02330,7,0.0034,Elongation factor 1-alpha 1,K03231,,vv23013RNA_transport,
859,VIT_01s0113g00300,7,0.0034,No hit,,,,
860,VIT_06s0004g02430,7,0.0034,SPla/RYanodine receptor (SPRY) domain-containing,SPRY,,vv50101Channels_and_pores,
861,VIT_17s0000g07060,7,0.0034,UDP-glucosyltransferase HRA25,E2_4_1_81,,vv10941Flavonoid_biosynthesis,
862,VIT_18s0001g12030,7,0.0034,Uracil-DNA glycosylase,K03648,,vv23410Base_excision_repair,
863,VIT_07s0151g00740,7,0.0034,Non-specific lipid-transfer protein,,,,
864,VIT_15s0048g02830,7,0.0034,Rac GTPase activating protein,RHOGAP,,vv50109Incompletely_characterized_transport_systems,
865,VIT_00s0762g00040,7,0.0034,S-locus lectin protein kinase,,,,
866,VIT_14s0030g01550,7,0.0034,Cysteine synthase 7  cytosolic,E2_5_1_47,,vv10272Cysteine_metabolism,vv10450Selenoamino_acid_metabolism
867,VIT_16s0039g00510,7,0.0034,No hit,,,,
868,VIT_08s0032g00420,7,0.0034,Exostosin,K02366,,vv11030Glycan_structures-biosynthesis1,
869,VIT_13s0067g02790,7,0.0034,Cytochrome P450  family 79  subfamily A  polypeptide 2,K12153,,vv10966Glucosinolate_biosynthesis,
870,VIT_15s0021g01220,7,0.0034,Transcription factor,TRIHELIXDOM_9,,vv60062Trihelix,
871,VIT_02s0087g00630,6,0.0029,Alcohol oxidase,E1_1_3_13,,vv10680Methane_metabolism,
872,VIT_07s0031g03070,6,0.0029,Isoflavone reductase,E1_3_1_45,,vv10943Isoflavonoid_biosynthesis,
873,VIT_01s0011g03890,6,0.0029,Receptor serine/threonine kinase PR5K,,,,
874,VIT_19s0014g04430,6,0.0029,S-locus protein kinase,,,,
875,VIT_09s0002g08650,6,0.0029,Nodulin,,,,
876,VIT_04s0008g03320,6,0.0029,UVB-resistance protein,,,,
877,VIT_07s0130g00340<br>VIT_07s0130g00320,6,0.0029,
878,VIT_17s0000g03770,6,0.0029,No hit,,,,
879,VIT_02s0025g00560,6,0.0029,Glycoside hydrolase  family 5,,,,
880,VIT_00s0160g00220,6,0.0029,Unknown protein,,,,
881,VIT_17s0000g03150,6,0.0029,No hit,,,,
882,VIT_13s0019g00800,6,0.0029,Histone H4,,,,
883,VIT_09s0002g01590,6,0.0029,Nuclear transcription factor Y subunit A-8,NFYA8,,vv60021CCAAT,
884,VIT_06s0009g00320,6,0.0029,U-box protein,,,,
885,VIT_08s0007g06310,6,0.0029,Myb family,MYBGE_10,,vv60029G2-like,
886,VIT_18s0072g00950,6,0.0029,Permease nonimprinted in Prader-Willi/Angelman,NIPA,,vv50122Porters_cat_7_to_17,
887,VIT_00s0125g00200,6,0.0029,No hit,,,,
888,VIT_12s0142g00250,6,0.0029,Potassium transporter (KUP7),KUP7,,vv50125Porters_cat_66_to_94,
889,VIT_16s0050g02390,6,0.0029,Plastid division protein PDV1,PDV1,,vv44110Cell_cycle,
890,VIT_01s0150g00450,6,0.0029,Respiratory burst oxidase protein D (RBOHD),RBOHD,,vv34626Plant-pathogen_interaction,vv50105Transport_electron_carriers
891,VIT_02s0012g02160,6,0.0029,Glycerol-3-phosphate acyltransferase,E2_3_1_15,,vv10561Glycerolipid_metabolism,vv10564Glycerophospholipid_metabolism
892,VIT_09s0002g01750,6,0.0029,Unknown protein,,,,
893,VIT_08s0007g08910,6,0.0029,Cis-zeatin O-beta-D-glucosyltransferase,E2_4_1_215,,vv10908Zeatin_biosynthesis,
894,VIT_00s0131g00060,6,0.0029,Annexin ANN3,ANN3,,vv50101Channels_and_pores,
895,VIT_13s0067g01580,6,0.0029,Anthocyaninless2 (ANL2),ANL2_4,,vv60034HB,
896,VIT_09s0070g00220,6,0.0029,No hit,,,,
897,VIT_13s0064g01090,6,0.0029,Zinc finger (CCCH-type) family protein,CCCHFAM_34,,vv60018C3H,
898,VIT_11s0052g00510,6,0.0029,Unknown protein,,,,
899,VIT_10s0003g02660,6,0.0029,RRNA processing protein RimM,,,,
900,VIT_17s0000g02840,6,0.0029,Pre-mRNA-splicing factor SPF27,K12861,,vv23040Spliceosome,
901,VIT_02s0012g00190,6,0.0029,Unknown protein,,,,
902,VIT_09s0002g00540,6,0.0029,Lipase GDSL 1,,,,
903,VIT_19s0015g02910,6,0.0029,CYP72A1,K13400,,vv10902Monoterpenoid_biosynthesis,
904,VIT_04s0210g00180,6,0.0029,Isocitrate dehydrogenase subunit 1,E1_1_1_41,,vv10020Citrate_cycle,
905,VIT_05s0077g02240,6,0.0029,Replication factor A 1  rfa1,K07466,,vv23030DNA_replication,vv23420Nucleotide_excision_repair
906,VIT_15s0046g00390,6,0.0029,Seven in absentia SINA4,K04506,,vv24120Ubiquitin_mediated_proteolysis,
907,VIT_10s0116g00280,6,0.0029,UDP-3-O-[3-hydroxymyristoyl] glucosamine N-acyltransferase,K02536,,vv10540Lipopolysaccharide_biosynthesis,
908,VIT_16s0115g00090,6,0.0029,No hit,,,,
909,VIT_04s0008g06580,6,0.0029,DNA-directed RNA polymerase II subunit B,K03010,,vv23020RNA_polymerase,
910,VIT_06s0080g00760,6,0.0029,Unknown protein,,,,
911,VIT_05s0020g02920,6,0.0029,Unknown protein,,,,
912,VIT_13s0064g00490,6,0.0029,No hit,,,,
913,VIT_19s0138g00100,6,0.0029,No hit,,,,
914,VIT_07s0005g01910,6,0.0029,Myb family transcription factor DNA methyltransferase 1 associated,MYBDMAP1,,vv60045MYBrelated,
915,VIT_03s0088g00560,6,0.0029,Citrate synthase,E2_3_3_1,,vv10020Citrate_cycle,vv10630Glyoxylate_and_dicarboxylate_metabolism
916,VIT_04s0023g03680,6,0.0029,Histidine kinase 1 (AHK1),,,,
917,VIT_07s0095g00760,6,0.0029,Methionyl-tRNA synthetase,E6_1_1_10,,vv10271Methionine_metabolism,vv10450Selenoamino_acid_metabolism
918,VIT_08s0056g00570,6,0.0029,Serine/threonine protein kinase activity,,,,
919,VIT_18s0001g02140,4,0.0019,Metal transporter Nramp1,NRAMP1,,vv50124Porters_cat_30_to_64,
920,VIT_09s0002g04120,4,0.0019,Ethylene-responsive protein,ERUNK_5,,vv30008Ethylene_signaling,vv60011BHLH
921,VIT_15s0046g02580,4,0.0019,Carboxyl-terminal peptidase,,,,
922,VIT_18s0164g00140,4,0.0019,No hit,,,,
923,VIT_00s0515g00010,4,0.0019,Phospholipase/carboxylesterase,E3_1_1_1,,,
924,VIT_13s0019g00780,4,0.0019,Histone H4,,,,
925,VIT_12s0134g00010,4,0.0019,Phototropic-responsive NPH3 protein,,,,
926,VIT_18s0001g03470,4,0.0019,Flavonol synthase,E1_14_11_23,,vv10941Flavonoid_biosynthesis,
927,VIT_18s0041g02110,4,0.0019,Unknown protein,,,,
928,VIT_18s0001g09980,3,0.0015,Unknown protein,,,,
929,VIT_02s0025g04540,3,0.0015,Beta-lactamase  class A,E3_5_2_6,,vv10311Penicillin_and_cephalosporin_biosynthesis,
930,VIT_14s0128g00400,3,0.0015,Ras homolog gene family  member T1,K07870,,,
931,VIT_04s0023g01010,3,0.0015,No hit,,,,
932,VIT_18s0001g11700,3,0.0015,Exocyst complex component 1,SEC3A,,vv50111Tethering_factors,
933,VIT_19s0027g01630,3,0.0015,Disease resistance protein (NBS-LRR class),,,,
934,VIT_09s0002g01250,3,0.0015,Unknown protein,,,,
935,VIT_03s0091g01130,3,0.0015,Meprin and TRAF homology domain-containing protein,,,,
936,VIT_06s0004g06740,3,0.0015,No hit,,,,
937,VIT_05s0062g01290,3,0.0015,Armadillo/beta-catenin repeat,,,,
938,VIT_14s0060g02550,3,0.0015,Unknown,,,,
939,VIT_09s0018g01290,3,0.0015,Unknown protein,,,,
940,VIT_15s0046g03550,3,0.0015,(+)-neomenthol dehydrogenase,E1_1_1_208,,vv10902Monoterpenoid_biosynthesis,
941,VIT_13s0073g00580,3,0.0015,Small nuclear ribonucleoprotein B and B',K11086,,vv23040Spliceosome,
942,VIT_04s0044g00430,3,0.0015,Nodulin MtN21 family,MTN21,,vv50122Porters_cat_7_to_17,
943,VIT_14s0066g00270,3,0.0015,Dehydration-responsive protein,,,,
944,VIT_05s0029g00310,3,0.0015,Serine hydroxymethyltransferase 1,E2_1_2_1,,vv10260Glycine_serine_and_threonine_metabolism,vv10670One_carbon_pool_by_folate
945,VIT_03s0167g00210,3,0.0015,No hit,,,,
946,VIT_01s0011g05600,3,0.0015,Receptor-like protein kinase,,,,
947,VIT_13s0019g00470,3,0.0015,No hit,,,,
948,VIT_03s0097g00010,3,0.0015,No hit,,,,
949,VIT_14s0068g01520,3,0.0015,Double-stranded RNA-binding (DsRBD) domain-containing protein,,,,
950,VIT_08s0056g00560,3,0.0015,Alphavirus core protein,,,,
951,VIT_10s0003g01290,3,0.0015,No hit,,,,
952,VIT_13s0064g00150,3,0.0015,No hit,,,,
953,VIT_11s0016g02700,3,0.0015,IAA-amino acid hydrolase 2 (ILL2),ILL2,,vv11002Auxin_biosynthesis,
954,VIT_04s0008g03990,3,0.0015,Unknown,,,,
955,VIT_03s0038g03160<br>VIT_03s0038g03140,3,0.0015,
956,VIT_18s0072g00700,3,0.0015,No hit,,,,
957,VIT_18s0122g01180,3,0.0015,Unknown,,,,
958,VIT_01s0010g01090,3,0.0015,Peroxidase ATP23a,E1_11_1_7,,vv10360Phenylalanine_metabolism,vv10680Methane_metabolism
959,VIT_06s0004g03180,3,0.0015,Zinc finger (FYVE type),SIZ1_1,,vv30009Flower_development,vv60048PHD
960,VIT_18s0001g09210,3,0.0015,Basic helix-loop-helix (bHLH) family,BHLHDOM_36,,vv60011BHLH,
961,VIT_00s0270g00050,3,0.0015,Unknown protein,,,,
962,VIT_10s0116g01120<br>VIT_16s0039g01000,3,0.0015,
963,VIT_18s0001g14390,3,0.0015,Transducin protein,,,,
964,VIT_16s0050g01860,3,0.0015,SLAH3 (SLAC1 Homologue 3),SLAH3,,vv50122Porters_cat_7_to_17,
965,VIT_01s0150g00430,3,0.0015,Unknown protein,,,,
966,VIT_14s0006g00270,3,0.0015,No hit,,,,
967,VIT_18s0001g13380,3,0.0015,Papain cysteine proteinase isoform I,E3_4_22_2,,,
968,VIT_03s0017g01700,3,0.0015,Glycine cleavage system H protein  mitochondrial,E1_4_4_2,,vv10260Glycine_serine_and_threonine_metabolism,
969,VIT_03s0038g00730,3,0.0014,No hit,,,,
970,VIT_12s0142g00240,3,0.0014,PDF1 (protodermal factor1),PDF1_1,,,
971,VIT_05s0020g00330,3,0.0014,Galactinol synthase,E2_4_1_123,,vv10052Galactose_metabolism,
972,VIT_02s0025g02500,3,0.0014,Metal-nicotianamine transporter YSL1,YSL1,,vv50125Porters_cat_66_to_94,
973,VIT_01s0011g02080,3,0.0014,Ribosomal protein L36a/L44 (RPL36aB) 60S,K02920,,vv23010Ribosome,
974,VIT_18s0001g05860,3,0.0014,Transparent testa 1,TT1,,vv60017C2H2,
975,VIT_14s0006g00480,3,0.0014,No hit,,,,
976,VIT_03s0017g02120,3,0.0014,UDP-glucose flavonoid 3-O-glucosyltransferase 2,E2_4_1_91,,vv10941Flavonoid_biosynthesis,
977,VIT_12s0028g03650,3,0.0014,Two-pore calcium channel (TPC1),TPC1,,vv50101Channels_and_pores,
978,VIT_18s0001g06290,3,0.0014,Ribosomal protein S6 (RPS6B) 40S,K02991,,vv23010Ribosome,vv34150mTOR_signaling_pathway
979,VIT_13s0067g01180,3,0.0014,Leaf senescence related,,,,
980,VIT_16s0050g01020,3,0.0014,Protein kinase family,,,,
981,VIT_14s0060g01080,3,0.0014,ferroportin,FERROPORTIN,,vv50109Incompletely_characterized_transport_systems,
982,VIT_11s0016g05520,3,0.0014,Plastocyanin domain-containing protein,K02638,,vv10195Photosynthesis,vv50113Thylakoid_targeting_pathway
983,VIT_19s0090g01040,3,0.0014,No hit,,,,
984,VIT_00s0153g00030,3,0.0014,No hit,,,,
985,VIT_05s0165g00150,3,0.0014,No hit,,,,
986,VIT_14s0066g00300,3,0.0014,Unknown,,,,
987,VIT_07s0005g02730,3,0.0014,Myb Radialis,RADIALIS_2,,vv30009Flower_development,vv60045MYBrelated
988,VIT_08s0058g00750,3,0.0014,Binding,,,,
989,VIT_16s0039g02050,3,0.0014,Proteasome 26S regulatory subunit (RPN9),K03039,,vv23050Proteasome,
990,VIT_03s0132g00280,3,0.0014,Unknown protein,,,,
991,VIT_04s0044g00420,3,0.0014,MTN21,MTN21,,vv50122Porters_cat_7_to_17,
992,VIT_08s0032g00790,3,0.0014,ABC transporter G member 4,K05680,,vv52010ABC_transporters,
993,VIT_17s0000g06190,3,0.0014,Myb domain protein 94,MYB94_2,MYB30A,vv60044MYB,
994,VIT_10s0003g01420,3,0.0014,CBL-interacting protein kinase 19 CIPK19,CIPK19,,,
995,VIT_00s2263g00010,3,0.0014,No hit,,,,
996,VIT_18s0166g00220,3,0.0014,No hit,,,,
997,VIT_06s0009g00410,3,0.0014,BLH1 (embryo sac development arrest 29),BLH1_2,VvHB25,vv60034HB,
998,VIT_16s0022g02080,3,0.0014,Exostosin family protein,K02366,,vv11030Glycan_structures-biosynthesis1,
999,VIT_05s0020g00910,3,0.0014,F-box family protein,,,,
1000,VIT_01s0011g05710,3,0.0014,HEAT repeat-containing protein,,,,
1001,VIT_00s0245g00050,3,0.0014,Oleoyl-acyl carrier protein thioesterase  chloroplast precursor,E3_1_2_14,,vv10061Fatty_acid_biosynthesis,
1002,VIT_08s0040g02820,3,0.0014,Unknown protein,,,,
1003,VIT_08s0007g04580,3,0.0014,UGT73C2 (UDP-glucosyl transferase 73C2),,,,
1004,VIT_09s0002g05600,3,0.0014,ABC transporter g family pleiotropic drug resistance 12 PDR12,ABCGPDR12,,vv52010ABC_transporters,
1005,VIT_07s0005g02300,3,0.0014,EDA32 (embryo sac development arrest 32),,,,
1006,VIT_08s0007g07690,3,0.0014,Polygalacturonase inhibiting protein PGIP1,PGIP,,,
1007,VIT_15s0021g01280,3,0.0014,Cyclin-U4-1 (CycU4;1) CYCP4;1,CYCP4_1,,vv44110Cell_cycle,
1008,VIT_08s0058g01260,3,0.0014,No hit,,,,
1009,VIT_00s0516g00010,3,0.0014,Unknown,,,,
1010,VIT_18s0001g05400,3,0.0014,Unknown,,,,
1011,VIT_12s0028g02320,3,0.0014,Pentatricopeptide (PPR) repeat-containing,,,,
1012,VIT_19s0014g04960,3,0.0014,Nodulation receptor kinase,,,,
1013,VIT_00s0187g00190,3,0.0014,SWIB complex BAF60b domain-containing protein,SWIB_4,,vv60092SWIB,
1014,VIT_01s0026g00080,3,0.0014,Metal-dependent phosphohydrolase HD domain-containing protein,K07023,,,
1015,VIT_11s0016g03740,3,0.0014,Rho guanyl-nucleotide exchange factor ROPGEF8,ROPGEF8,,,
1016,VIT_02s0012g01670,3,0.0014,R-mandelonitrile lyase isoform 1 precursor,E4_1_2_10,,vv10460Cyanoamino_acid_metabolism,
