Vv_m2,2000,1000,VIT_15s0046g02380
rank,node,Fabs,Frel,Functional-annotation,Name-EC-KeggID,Updated-name,Network1,Network2
1,VIT_03s0038g01960,2079,1.0000,Proline-rich family protein,,,,
2,VIT_18s0122g01400,2055,1.0000,Exostosin family protein,K02366,,vv11030Glycan_structures-biosynthesis1,
3,VIT_15s0046g02400,2071,0.9995,Glycerol-3-phosphate acyltransferase 8,E2_3_1_15,,vv10561Glycerolipid_metabolism,vv10564Glycerophospholipid_metabolism
4,VIT_15s0048g01000,2059,0.9990,2'-hydroxy isoflavone/dihydroflavonol reductase,E1_3_1_45,,vv10943Isoflavonoid_biosynthesis,
5,VIT_14s0068g01520,2056,0.9947,Double-stranded RNA-binding (DsRBD) domain-containing protein,,,,
6,VIT_07s0031g01670,2066,0.9942,CYP96A10,,,,
7,VIT_04s0044g01860,2047,0.9922,Auxin efflux carrier,AUXEFF,,vv50004Auxin_transport,vv50125Porters_cat_66_to_94
8,VIT_08s0007g02560,2066,0.9918,Ovate family protein 13 OFP13,OFP13_1,,vv60086OFP,
9,VIT_11s0118g00180,2057,0.9918,HHP1 (heptahelical protein 1),,,,
10,VIT_13s0019g02880,2068,0.9904,UDP-glucoronosyl/UDP-glucosyl transferase,,,,
11,VIT_13s0073g00140,2034,0.9855,Ovate family protein 13 OFP13,OFP13_2,,vv60086OFP,
12,VIT_17s0000g09980,2028,0.9821,REF6 (relative of early flowering 6),REF6,,vv30009Flower_development,vv60038Jumonji
13,VIT_01s0011g06290,2037,0.9812,Purple acid phosphatase 3 ATPAP3/PAP3,E3_1_3_2,,vv10740Riboflavin_metabolism,
14,VIT_11s0052g00870,2028,0.9802,IAA33,IAA33,,vv30003Auxin_signaling,vv60008AUXIAA
15,VIT_15s0046g01960,2030,0.9793,Hydroquinone glucosyltransferase,E2_4_1_218,,vv10500Starch_and_sucrose_metabolism,
16,VIT_08s0007g08890,2027,0.9792,Cis-zeatin O-beta-D-glucosyltransferase,E2_4_1_215,,vv10908Zeatin_biosynthesis,
17,VIT_06s0004g01480,2027,0.9792,Lipoxygenase LOX1,E1_13_11_12,,vv10592alpha-Linolenic_acid_metabolism,
18,VIT_08s0007g09000,1993,0.9656,Glycerol-3-phosphate dehydrogenase,E1_1_1_8,,vv10564Glycerophospholipid_metabolism,
19,VIT_05s0029g00510,1997,0.9629,Aquaporin PIP PIP1A,PIP1A,,vv50101Channels_and_pores,
20,VIT_02s0025g03320,1967,0.9512,CYP86A2,,,,
21,VIT_04s0069g01120,1935,0.9411,Acyl-activating enzyme 7,E6_2_1_3,,vv10071Fatty_acid_metabolism,vv50104Group_translocators
22,VIT_07s0104g01580,1946,0.9387,Luminidependens,LD,,vv30009Flower_development,vv60034HB
23,VIT_09s0002g06990,1946,0.9365,Phosphatidic acid phosphatase / PAP2,E3_1_3_4,,vv10561Glycerolipid_metabolism,vv10564Glycerophospholipid_metabolism
24,VIT_01s0011g00080,1917,0.9301,Universal stress protein (USP) family protein,,,,
25,VIT_11s0016g01280,1914,0.9269,DNA-directed RNA polymerase III subunit C4,K03026,,vv23020RNA_polymerase,
26,VIT_12s0028g00210,1903,0.9242,Prenylcysteine alpha-carboxyl methyltransferase,E2_1_1_100,,vv10271Methionine_metabolism,
27,VIT_14s0068g02010,1907,0.9195,IMP dehydrogenase/GMP reductase,E1_1_1_205,,vv10230Purine_metabolism,
28,VIT_01s0010g02740,1895,0.9181,4-coumarate-CoA ligase,E6_2_1_12,,vv10940Phenylpropanoid_biosynthesis,vv50104Group_translocators
29,VIT_14s0006g02960,1902,0.9180,KH domain containing protein,,,,
30,VIT_05s0094g00560,1895,0.9159,Stearoyl-ACP desaturase,E1_14_19_2,,vv11040Biosynthesis_of_unsaturated_fatty_acids,
31,VIT_00s0160g00220,1898,0.9143,Unknown protein,,,,
32,VIT_19s0014g04690,1886,0.9116,Indole-3-acetic acid-amido synthetase,AUXINBIOSYNTHESIS_GH3,,vv11002Auxin_biosynthesis,
33,VIT_03s0088g01150,1869,0.9055,Squalene monooxygenase,E1_14_99_7,,vv10100Biosynthesis_of_steroids,vv10900Terpenoid_biosynthesis
34,VIT_08s0007g00890,1878,0.9046,Tropinone reductase,E1_1_1_206,,vv10220Urea_cycle_and_metabolism_of_amino_groups,
35,VIT_18s0041g00710,1866,0.9010,UDP-glucose: anthocyanidin 5 3-O-glucosyltransferase,RHGT1,,vv10942Anthocyanin_biosynthesis,
36,VIT_14s0128g00160,1860,0.8955,Protein kinase CDG1,,,,
37,VIT_18s0001g09320,1835,0.8818,Casein kinase II subunit alpha-2,K03097,,vv23008Ribosome_biogenesis_in_Eukaryotes,vv34710Circadian_rhythm
38,VIT_16s0100g00610,1807,0.8768,CYP87A3,,,,
39,VIT_10s0003g01010,1792,0.8695,Lipase GDSL,,,,
40,VIT_11s0016g02700,1793,0.8649,IAA-amino acid hydrolase 2 (ILL2),ILL2,,vv11002Auxin_biosynthesis,
41,VIT_01s0011g05360,1768,0.8587,High mobility group protein HMGI/Y-1,HMGIY_5,,vv60035HMG,
42,VIT_08s0007g02000,1771,0.8576,Glycerol-3-phosphate acyltransferase 8,E2_3_1_15,,vv10561Glycerolipid_metabolism,vv10564Glycerophospholipid_metabolism
43,VIT_00s2525g00010,1767,0.8569,Unknown,,,,
44,VIT_02s0025g02250,1759,0.8551,Dof zinc finger protein DOF4.6,DOF4_6_2,,vv60015C2C2-DOF,
45,VIT_07s0130g00370,1771,0.8510,Smr protein/MutS2 C-terminal,,,,
46,VIT_15s0046g03240,1752,0.8480,Unknown protein,,,,
47,VIT_17s0000g07570,1739,0.8479,formin 8,FH8,,vv44810Regulation_of_actin_cytoskeleton,
48,VIT_14s0066g00170,1750,0.8413,CYP724B1,,,,
49,VIT_10s0116g00800,1722,0.8323,CYP77A3,,,,
50,VIT_03s0063g02460,1710,0.8305,Transcription termination factor mitochondrial mTERF,MTERF_26,,vv60085MTERF,
51,VIT_17s0000g10060,1702,0.8234,Lipase GDSL,,,,
52,VIT_19s0085g00030,1687,0.8181,Unknown protein,,,,
53,VIT_06s0004g03100,1675,0.8100,MLO1,K08472,,,
54,VIT_17s0053g00780,1682,0.8098,Homeodomain GLABROUS11,HDG11_1,VvHB60,vv60034HB,
55,VIT_09s0054g00840,1669,0.8094,Unknown protein,,,,
56,VIT_02s0012g01490,1672,0.8081,No hit,,,,
57,VIT_10s0003g00600,1674,0.8079,Lipase GDSL,,,,
58,VIT_13s0064g00840,1666,0.8068,9 10[9' 10']carotenoid cleavage dioxygenase,CCD,,vv10906Carotenoid_biosynthesis,
59,VIT_09s0002g06750,1668,0.8039,ERF/AP2 transcription factor sub B-6 SHINE,SHINE1_1,VvERF042,vv30008Ethylene_signaling,vv60003AP2_EREBP
60,VIT_08s0007g08200,1651,0.7999,MATE efflux family protein,MATE,,vv50125Porters_cat_66_to_94,
61,VIT_08s0007g04120,1649,0.7970,CYPLXXVIA2,,,,
62,VIT_08s0007g07140,1621,0.7778,Esterase/lipase/thioesterase family protein,,,,
63,VIT_12s0035g00010,1603,0.7774,DNA (cytosine-5)-methyltransferase (ATHIM),E2_1_1_37,,vv10271Methionine_metabolism,
64,VIT_05s0062g01140,1611,0.7697,Aromatic and neutral transporter 1,ANT1,,vv50123Porters_cat_18_to_29,
65,VIT_14s0036g01120,1579,0.7646,Unknown,,,,
66,VIT_14s0030g00670,1569,0.7598,Dehydroquinate dehydratase,E4_2_1_10,,vv10400Phenylalanine_tyrosine_and_tryptophan_biosynthesis,
67,VIT_16s0098g00260,1554,0.7544,No hit,,,,
68,VIT_11s0016g05420,1547,0.7473,SOS2 (salt overly sensitive 2),SOS2,,vv30001ABA_signaling,
69,VIT_15s0048g02150,1543,0.7429,Methionine aminopeptidase 2B,E3_4_11_18,,,
70,VIT_12s0059g01870,1536,0.7406,GH3-like protein,AUXINBIOSYNTHESIS_GH3,,vv11002Auxin_biosynthesis,
71,VIT_11s0016g03730,1515,0.7383,No hit,,,,
72,VIT_06s0004g07640,1524,0.7362,Pentatricopeptide (PPR) repeat-containing protein,,,,
73,VIT_02s0087g00090,1509,0.7315,F-box family protein,,,,
74,VIT_04s0023g02880,1512,0.7304,GATA transcription factor 14,GAT14,,vv60016C2C2-GATA,
75,VIT_18s0001g13510,1506,0.7282,Hcr2-p6,,,,
76,VIT_15s0048g00490,1501,0.7251,Methionine aminopeptidase,E3_4_11_18,,,
77,VIT_04s0043g00130,1477,0.7111,Mob1/phocein,K06685,,vv44110Cell_cycle,
78,VIT_01s0011g04440,1471,0.7106,Transparent testa 12 protein,TT12,,vv50125Porters_cat_66_to_94,
79,VIT_05s0020g00720,1475,0.7095,Pto kinase interactor 1,K13436,,vv34626Plant-pathogen_interaction,
80,VIT_13s0067g03750,1453,0.7064,Stigma/style ABC transporter WBC19,WBC19,,vv52010ABC_transporters,
81,VIT_10s0003g03780,1442,0.6966,Unknown protein,,,,
82,VIT_14s0128g00250,1431,0.6950,Nuclear transcription factor Y subunit C-9,NFYC9_1,,vv60021CCAAT,
83,VIT_06s0004g01350,1432,0.6941,Emsy N terminus domain-containing protein,,,,
84,VIT_00s0620g00010,1429,0.6897,Triacylglycerol lipase,E3_1_1_3,,vv10561Glycerolipid_metabolism,
85,VIT_17s0000g00130,1415,0.6852,SEC14 cytosolic factor,SEC14,,vv50122Porters_cat_7_to_17,
86,VIT_03s0017g00920,1419,0.6842,R protein  PRF  disease resistance protein,K13453,,vv34627R_proteins_from_Plant-pathogen_interaction,
87,VIT_08s0056g00800,1416,0.6831,Myb domain protein 60,MYB60,MYB60,vv60044MYB,
88,VIT_01s0010g00710,1416,0.6821,Armadillo/beta-catenin repeat protein / U-box domain-containing protein ,,,,
89,VIT_04s0008g04010,1404,0.6812,RNA recognition motif (RRM)-containing protein,,,,
90,VIT_14s0108g01080,1385,0.6743,Myb domain protein 106,MYB106_2,MYB141,vv60044MYB,
91,VIT_04s0023g01850,1393,0.6733,Hydrolase  alpha/beta fold,,,,
92,VIT_19s0014g01190,1384,0.6686,Alpha-1 3-mannosyltransferase ALG2,K03843,,vv10510N-Glycan_biosynthesis,vv11030Glycan_structures-biosynthesis1
93,VIT_09s0002g03130,1379,0.6675,FRK1 (FLG22-induced receptor-like kinase 1),FRK1,,vv34626Plant-pathogen_interaction,
94,VIT_08s0032g00790,1381,0.6662,ABC transporter G member 4,K05680,,vv52010ABC_transporters,
95,VIT_12s0059g01650,1378,0.6657,Division site determinant MinD  Plastid,MIND1,,vv44110Cell_cycle,
96,VIT_11s0052g00240,1376,0.6635,Accelerated cell death 11 (ACD11),,,,
97,VIT_10s0116g00680,1361,0.6572,PDF2 (protodermal factor2),PDF2_2,VvHB35,vv60034HB,
98,VIT_12s0059g01830,1366,0.6570,Unknown,,,,
99,VIT_05s0029g00300,1356,0.6570,DNA repair protein RAD50,K10866,,vv23440Homologous_recombination,vv23450Non_homologous_end_joining
100,VIT_08s0056g00260,1349,0.6552,Harpin-induced protein,,,,
101,VIT_14s0066g00630,1350,0.6522,No hit,,,,
102,VIT_10s0597g00050,1340,0.6502,Heat shock transcription factor B2A,HSFB2A_3,,vv60037HSF,
103,VIT_02s0012g02760,1339,0.6475,Methionyl-tRNA synthetase,E6_1_1_10,,vv10271Methionine_metabolism,vv10450Selenoamino_acid_metabolism
104,VIT_14s0006g02230,1333,0.6458,Unknown protein,,,,
105,VIT_08s0007g04100,1342,0.6446,CYPLXXVIA2,,,,
106,VIT_13s0064g01640,1330,0.6434,Beta-primeverosidase,E3_2_1_149,,vv11000Single_reactions,
107,VIT_17s0000g06110,1311,0.6383,Glutathione S-transferase 9 GSTU9,E2_5_1_18_GSTU9,,vv10480Glutathione_metabolism,
108,VIT_13s0047g00320,1320,0.6380,EDA35 (embryo sac development arrest 35),,,,
109,VIT_03s0038g03600,1311,0.6355,Serine/threonine kinase,,,,
110,VIT_14s0066g01310,1301,0.6312,CAAX farnesyltransferase beta subunit,ERA1,,vv34020Calcium_signaling_pathway,
111,VIT_03s0091g00650,1300,0.6295,No hit,,,,
112,VIT_07s0151g00010,1289,0.6239,No hit,,,,
113,VIT_12s0035g00620,1296,0.6228,BZIP transcription factor,BZIPDOM_15,VvbZIP32,vv60012BZIP,
114,VIT_19s0014g04600,1283,0.6204,S-locus protein kinase,,,,
115,VIT_14s0030g00580,1286,0.6201,Methionyl-tRNA synthetase,E6_1_1_10,,vv10271Methionine_metabolism,vv10450Selenoamino_acid_metabolism
116,VIT_08s0007g06590,1269,0.6157,Lectin protein kinase,,,,
117,VIT_03s0110g00100,1263,0.6099,CYP86A8,,,,
118,VIT_01s0011g04940,1261,0.6098,No hit,,,,
119,VIT_14s0068g00170,1258,0.6057,No hit,,,,
120,VIT_07s0129g00630,1235,0.6021,Unknown protein,,,,
121,VIT_09s0002g08070,1240,0.5999,Prephenate dehydrogenase,E1_3_1_13,,vv10400Phenylalanine_tyrosine_and_tryptophan_biosynthesis,
122,VIT_00s0322g00030,1231,0.5944,Alpha-6-galactosyltransferase,E2_4_2_39,,vv40006Cell_wall,
123,VIT_10s0042g01010,1221,0.5933,CYP714A1,,,,
124,VIT_13s0019g04940,1222,0.5923,KOW domain-containing factor family protein,KOWDOM,,,
125,VIT_19s0090g00840,1227,0.5893,WRKY DNA-binding protein 6,WRKY6_2,VvWRKY55,vv60066WRKY,
126,VIT_07s0141g00190,1208,0.5864,SAM (and some other nucleotide) binding motif,,,,
127,VIT_04s0023g01550,1212,0.5855,Unknown,,,,
128,VIT_14s0066g01320,1209,0.5841,formate dehydrogenase (FDH),E1_2_1_2,,vv10630Glyoxylate_and_dicarboxylate_metabolism,vv10680Methane_metabolism
129,VIT_17s0000g09270,1208,0.5836,MATE efflux family protein,MATE,,vv50125Porters_cat_66_to_94,
130,VIT_09s0002g04120,1199,0.5818,Ethylene-responsive protein,ERUNK_5,,vv30008Ethylene_signaling,vv60011BHLH
131,VIT_15s0048g02000,1201,0.5802,Homeodomain GLABROUS1,HDG1_1,VvHB53,vv60034HB,
132,VIT_13s0019g04530,1204,0.5783,Early flowering 6,ELF6_1,,vv34710Circadian_rhythm,vv60038Jumonji
133,VIT_11s0052g01600,1186,0.5738,UDP-glucose flavonoid 3-O-glucosyltransferase 7,E2_4_1_91,,vv10941Flavonoid_biosynthesis,
134,VIT_02s0087g00470,1182,0.5732,Anthraniloyal-CoA: methanol anthraniloyal transferase,AMAT,,vv10400Phenylalanine_tyrosine_and_tryptophan_biosynthesis,
135,VIT_14s0108g00160,1180,0.5709,Pyrrolo-quinoline quinone,K05889,,vv50101Channels_and_pores,
136,VIT_11s0016g05910,1175,0.5704,Mak10 subunit  NatC N(Alpha)-terminal acetyltransferase,,,,
137,VIT_18s0041g00800,1161,0.5644,UDP-glucose: anthocyanidin 5 3-O-glucosyltransferase,RHGT1,,vv10942Anthocyanin_biosynthesis,
138,VIT_02s0025g04360,1162,0.5627,S-N-methylcoclaurine 3'-hydroxylase,E1_14_13_71,,vv10950Alkaloid_biosynthesis_I,
139,VIT_15s0021g00220,1160,0.5623,ABC transporter C member 15,ABCC15,,vv52010ABC_transporters,
140,VIT_04s0023g01130,1165,0.5620,E3 ubiquitin-protein ligase RNF5,K10666_155,,vv24141Protein_processing_in_endoplasmic_reticulum,vv60078Other_zf-C3HC4
141,VIT_14s0066g01220,1148,0.5603,ATMYB66/WER/WER1 (WEREWOLF 1),WEREWOLF_7,MYB156,vv44110Cell_cycle,vv60044MYB
142,VIT_09s0002g07530,1148,0.5576,Tetratricopeptide helical,,,,
143,VIT_11s0052g01640,1147,0.5565,flavonol 3-O-glucosyltransferase,E2_4_1_91,,vv10941Flavonoid_biosynthesis,
144,VIT_16s0039g01900,1144,0.5532,Myb KAN2 (KANADI 2),KANADI2_2,,vv60029G2-like,
145,VIT_06s0061g00470,1126,0.5437,Myb domain protein 36,MYB36_1,MYB149,vv60044MYB,
146,VIT_15s0048g01330,1120,0.5421,Glyoxylate reductase,E1_1_1_26,,vv10630Glyoxylate_and_dicarboxylate_metabolism,
147,VIT_04s0008g04230,1117,0.5417,ABC transporter G member 22,ABCG22,,vv52010ABC_transporters,
148,VIT_16s0050g00980,1111,0.5383,ferric reduction oxidase 2,FRO2,,vv50105Transport_electron_carriers,
149,VIT_06s0009g01420,1103,0.5311,Protease inhibitor/seed storage/lipid transfer protein (LTP),,,,
150,VIT_08s0217g00040,1089,0.5276,Importin 11,IPO11,,,
151,VIT_12s0034g02560,1090,0.5256,DNA (cytosine-5)-methyltransferase (ATHIM),E2_1_1_37,,vv10271Methionine_metabolism,
152,VIT_13s0019g01260,1086,0.5244,Enoyl reductase,K10258,,vv11040Biosynthesis_of_unsaturated_fatty_acids,
153,VIT_09s0002g03050,1082,0.5237,Lipase GDSL,,,,
154,VIT_14s0066g01730,1081,0.5232,Cellulose synthase CSLC04,E2_4_1_12_CSLC04,,vv40006Cell_wall,
155,VIT_18s0001g13150,1076,0.5221,BEL1 homeotic protein 3,BLH3,VvHB68,vv60034HB,
156,VIT_17s0000g07950,1071,0.5191,Unknown protein,,,,
157,VIT_08s0032g00670,1075,0.5183,Glutamate carboxypeptidase (AMP1),E3_4_17_21,,,
158,VIT_07s0151g00700,1062,0.5173,EDA4 (embryo sac development arrest 4),EDA4,,vv50109Incompletely_characterized_transport_systems,
159,VIT_06s0080g01060,1075,0.5168,Calcium-binding EF hand,,,,
160,VIT_16s0098g01790,1075,0.5163,Calmodulin-binding region IQD21,,,,
161,VIT_04s0008g01120,1069,0.5159,Glutaredoxin,,,,
162,VIT_08s0007g06800,1061,0.5153,Chromomethylase,,,,
163,VIT_16s0098g01740,1063,0.5118,Unknown protein,,,,
164,VIT_08s0007g05160,1063,0.5101,Flavonoid 3' 5'-hydroxylase,E1_14_13_88,,vv10941Flavonoid_biosynthesis,
165,VIT_10s0116g01840,1046,0.5053,No hit,,,,
166,VIT_02s0033g01340,1042,0.5027,Unknown protein,,,,
167,VIT_18s0001g09020,1037,0.5000,Exo70 exocyst complex subunit G1,EXO70G1,,vv50111Tethering_factors,
168,VIT_16s0022g02100,1028,0.4976,Embryo-specific 3,,,,
169,VIT_15s0046g02070,1018,0.4959,Zinc finger (C3HC4-type ring finger),ZFC3HC4_27,,vv60078Other_zf-C3HC4,
170,VIT_06s0061g00600,1028,0.4954,Nodulin family protein,,,,
171,VIT_02s0012g01640,1012,0.4898,Inositol 1 3 4-trisphosphate 5/6-kinase.,E2_7_1_134,,vv10562Inositol_phosphate_metabolism,
172,VIT_02s0025g01410,1008,0.4888,Acyl-CoA synthetase long-chain member 2,E6_2_1_3_LACS2,,vv10071Fatty_acid_metabolism,vv44146Peroxisome
173,VIT_17s0000g09610,1017,0.4882,CYP71D10,E1_14_13_73,,vv10902Monoterpenoid_biosynthesis,
174,VIT_04s0008g00160,1000,0.4850,Casein kinase,K08282,,,
175,VIT_01s0137g00350,1009,0.4835,P-glycoprotein 18,PGP18,,vv52010ABC_transporters,
176,VIT_04s0044g00260,997,0.4807,No hit,,,,
177,VIT_06s0009g00450,987,0.4801,Aluminium-tolerance ALMT1,ALMT1,,vv50125Porters_cat_66_to_94,
178,VIT_18s0001g10060,993,0.4788,LRX1 (leucine-rich repeat/extensin 1),EXTENSIN,,vv40006Cell_wall,
179,VIT_17s0000g07880,979,0.4734,Bromo-adjacenty (BAH) domain-containing protein,,,,
180,VIT_14s0030g00220,975,0.4708,Sugar transporter ERD6-like 5,ERD6L5,,vv50121Porters_cat_1_to_6,
181,VIT_11s0016g05370,972,0.4666,Phospholipase D alpha 1 precursor (PLD 1) (Choline phosphatase 1),PLDA1,,vv10564Glycerophospholipid_metabolism,vv10565Ether_lipid_metabolism
182,VIT_13s0067g02910,959,0.4664,Non-specific lipid-transfer protein,,,,
183,VIT_12s0142g00040,959,0.4640,Glycerol-3-phosphate acyltransferase 1 (AtGPAT1),E2_3_1_15,,vv10561Glycerolipid_metabolism,vv10564Glycerophospholipid_metabolism
184,VIT_15s0046g00240,944,0.4607,Lateral organ boundaries protein 1,LBD1_2,,vv60007AS2,
185,VIT_08s0007g05980,948,0.4606,Calmodulin binding protein,,,,
186,VIT_06s0004g08250,954,0.4593,Leucine-rich repeat transmembrane protein kinase  putative,,,,
187,VIT_02s0033g01330,943,0.4580,Acyl-CoA binding protein,,,,
188,VIT_08s0007g03000,942,0.4527,Chaperone protein dnaJ-related,DNAJREL,,vv50132Primary_active_transporter_cat_A5_to_A8,
189,VIT_15s0046g00230,935,0.4502,Lateral organ boundaries protein 1,LBD1_1,,vv60007AS2,
190,VIT_04s0044g00310,928,0.4474,Nodulin MtN21 family,MTN21,,vv50122Porters_cat_7_to_17,
191,VIT_02s0012g02030,925,0.4471,Homeobox-7,VVHB7_1,VvHB09,vv60034HB,
192,VIT_06s0004g01340,916,0.4466,Esterase/lipase/thioesterase,,,,
193,VIT_10s0003g01370,925,0.4460,Unknown protein,,,,
194,VIT_08s0040g02830,923,0.4457,Calcium-transporting ATPase 1  endoplasmic reticulum-type ECA1,K01537,,vv34020Calcium_signaling_pathway,vv50131Primary_active_transporter_cat_A2_to_A4
195,VIT_08s0007g08900,926,0.4454,Cis-zeatin O-beta-D-glucosyltransferase,E2_4_1_215,,vv10908Zeatin_biosynthesis,
196,VIT_04s0008g05440,918,0.4426,Ethylene-responsive transcription factor SHINE 3,SHINE3_1,VvERF044,vv30008Ethylene_signaling,vv60003AP2_EREBP
197,VIT_03s0088g00610,905,0.4368,MADS-box agamous-like 62,AGL62_2,,vv60042MADS,
198,VIT_00s0820g00020,889,0.4305,Anthocyanidine rhamnosyl-transferase,RHATR,,vv10942Anthocyanin_biosynthesis,
199,VIT_07s0129g00360,887,0.4297,Peroxidase 73,E1_11_1_7,,vv10360Phenylalanine_metabolism,vv10680Methane_metabolism
200,VIT_04s0044g01370,892,0.4297,SCL1 (scarecrow-like 1),SCL1_1,,vv60032GRAS,
201,VIT_13s0019g05290,892,0.4282,Acyl-CoA binding,,,,
202,VIT_19s0085g00520,881,0.4264,Nuclear transcription factor Y subunit C-2,NFYC2,,vv60021CCAAT,
203,VIT_04s0008g07040,871,0.4216,Peroxidase,E1_11_1_7,,vv10360Phenylalanine_metabolism,vv10680Methane_metabolism
204,VIT_14s0108g01560,867,0.4213,Alpha-1 4 glucan phosphorylase  L isozyme  chloroplast precursor,E2_4_1_1,,vv10500Starch_and_sucrose_metabolism,
205,VIT_04s0008g04300,868,0.4199,DnaJ homolog  subfamily B  member 4,K09510,,vv50132Primary_active_transporter_cat_A5_to_A8,
206,VIT_08s0040g02260,869,0.4194,Protamine P1,,,,
207,VIT_13s0019g04040,862,0.4162,Serine carboxypeptidase 28 (SCPL28),,,,
208,VIT_00s0347g00120,846,0.4109,S-locus lectin protein kinase,,,,
209,VIT_03s0038g00220,847,0.4102,Purple acid phosphatase 10 ATPAP10/PAP10,E3_1_3_2,,vv10740Riboflavin_metabolism,
210,VIT_06s0009g01410,843,0.4094,No hit,,,,
211,VIT_07s0104g00490,829,0.4034,Unknown,,,,
212,VIT_00s0192g00040,833,0.4024,No hit,,,,
213,VIT_17s0000g00950,817,0.3989,Hydroxycinnamoyl-CoA quinate hydroxycinnamoyltransferase,E2_3_1_99,,vv10940Phenylpropanoid_biosynthesis,
214,VIT_10s0003g04160,821,0.3984,S-adenosyl-L-methionine:scoulerine 9-O-methyltransferase,E2_1_1_117,,vv10950Alkaloid_biosynthesis_I,
215,VIT_11s0037g00320,821,0.3982,Serine carboxypeptidase S10,,,,
216,VIT_14s0060g02330,819,0.3976,Actin binding formin homology 1,FH2,,vv44810Regulation_of_actin_cytoskeleton,
217,VIT_05s0049g00120,819,0.3972,Unknown protein,,,,
218,VIT_14s0083g01130,825,0.3966,MAP3K-like protein kinase  putative  expressed,,,,
219,VIT_17s0000g04450,822,0.3965,Phospholipid-transporting ATPase,K01530,,vv50131Primary_active_transporter_cat_A2_to_A4,
220,VIT_05s0094g00650,817,0.3951,Stearoyl-acyl-carrier protein desaturase,E1_14_19_2,,vv11040Biosynthesis_of_unsaturated_fatty_acids,
221,VIT_00s0391g00010<br>VIT_00s0324g00080<br>VIT_00s1251g00010<br>VIT_00s0324g00100,815,0.3947,
222,VIT_12s0059g02310,812,0.3930,PDF2 (protodermal factor2),PDF2_4,VvHB44,vv60034HB,
223,VIT_19s0090g00730,813,0.3926,No hit,,,,
224,VIT_14s0066g02270,808,0.3917,Endonuclease/exonuclease/phosphatase family protein,E3_1_30_x,,,
225,VIT_07s0130g00040,800,0.3868,Myb domain protein 4,MYB4_10,MYB3,vv60044MYB,
226,VIT_18s0075g00800,801,0.3845,TIR-NBS disease resistance,,,,
227,VIT_16s0050g01610,794,0.3832,UDP-glycosyltransferase 88A4,,,,
228,VIT_12s0057g01060,791,0.3807,Jasmonate O-methyltransferase,E2_1_1_141,,vv10592alpha-Linolenic_acid_metabolism,
229,VIT_08s0058g00730,781,0.3797,Iron transporter,FERROPORTINREL,,vv50109Incompletely_characterized_transport_systems,
230,VIT_14s0081g00120,779,0.3761,fertility restorer,,,,
231,VIT_15s0107g00280,771,0.3752,R protein L6,K13477,,vv34627R_proteins_from_Plant-pathogen_interaction,
232,VIT_01s0011g04450,768,0.3734,MATE efflux family protein,MATE,,vv50125Porters_cat_66_to_94,
233,VIT_14s0083g00100,770,0.3727,Unknown protein,,,,
234,VIT_00s0420g00040,769,0.3708,S-locus lectin protein kinase,,,,
235,VIT_08s0007g04200,770,0.3707,Late meristem identity1 HB51/LMI1,LMI1,VvHB31,vv60034HB,
236,VIT_18s0001g07360,759,0.3688,ER6 protein universal stress protein (USP) family,USPER6,,vv30008Ethylene_signaling,
237,VIT_11s0016g03990,760,0.3684,R protein  PRF  disease resistance protein,K13453,,vv34627R_proteins_from_Plant-pathogen_interaction,
238,VIT_00s0324g00090,766,0.3679,Pentatricopeptide (PPR) repeat-containing,,,,
239,VIT_01s0010g02220,754,0.3634,Zinc finger (C3HC4-type ring finger),ZFC3HC4_200,,vv60078Other_zf-C3HC4,
240,VIT_15s0045g00030,746,0.3621,No hit,,,,
241,VIT_18s0001g00060,748,0.3605,1 4-alpha-glucan branching enzyme  chloroplast precursor,E2_4_1_18,,vv10500Starch_and_sucrose_metabolism,
242,VIT_13s0067g01580,741,0.3566,Anthocyaninless2 (ANL2),ANL2_4,,vv60034HB,
243,VIT_01s0244g00130,728,0.3541,Inducer of CBF expression 1 ICE1,ICE1_2,,vv60011BHLH,
244,VIT_01s0011g02780,727,0.3517,Unknown protein,,,,
245,VIT_13s0067g00400,728,0.3515,Anthranilate synthase alpha 1,E4_1_3_27,,vv10400Phenylalanine_tyrosine_and_tryptophan_biosynthesis,
246,VIT_11s0016g00580,727,0.3509,Unknown,,,,
247,VIT_11s0037g00890,726,0.3495,Glutamine amidotransferase class-I domain-containing protein,K08681,,vv10750Vitamin_B6_metabolism,
248,VIT_10s0003g04720,722,0.3478,Splicing factor 45,K12840,,vv23040Spliceosome,
249,VIT_13s0019g03330,723,0.3478,Adenylosuccinate lyase,E4_3_2_2,,vv10230Purine_metabolism,vv10252Alanine_and_aspartate_metabolism
250,VIT_08s0007g06310,721,0.3476,Myb family,MYBGE_10,,vv60029G2-like,
251,VIT_03s0063g00630,717,0.3467,Transcriptional factor B3,TFB3_8,,vv60001ABI3VP1,
252,VIT_18s0089g01410,717,0.3464,Purine permease 4 PUP4,PUP4,,vv50122Porters_cat_7_to_17,
253,VIT_00s0317g00080,710,0.3445,Dirigent protein,,,,
254,VIT_06s0080g00810,711,0.3438,Lycopene beta cyclase (LYC),K06443,,vv10906Carotenoid_biosynthesis,
255,VIT_13s0019g04260,712,0.3415,Monoglyceride lipase,E3_1_1_23,,vv10561Glycerolipid_metabolism,
256,VIT_04s0044g00100,703,0.3409,Unknown protein,,,,
257,VIT_19s0015g00450,703,0.3394,RNA recognition motif (RRM)-containing protein,,,,
258,VIT_00s0670g00010,708,0.3391,T-complex protein 1 subunit eta,K09499,,,
259,VIT_03s0038g01410,702,0.3383,Aquaporin PIP PIP1A,PIP1A,,vv50101Channels_and_pores,
260,VIT_10s0003g03330,697,0.3379,Receptor-like serine-threonine protein kinase,,,,
261,VIT_18s0164g00090,693,0.3361,Diphenol oxidase,E1_10_3_1,,vv10350Tyrosine_metabolism,vv50109Incompletely_characterized_transport_systems
262,VIT_04s0023g02810,690,0.3358,Aldehyde dehydrogenase 3B1,E1_2_1_3,vv10561Glycerolipid_metabolism,vv10010Glycolysis,vv10071Fatty_acid_metabolism
263,VIT_04s0008g05470,691,0.3333,EIN3-binding F-box protein 2,EBF2,,vv30008Ethylene_signaling,
264,VIT_14s0060g02400,692,0.3330,PWWP domain-containing protein,,,,
265,VIT_12s0034g02570,683,0.3319,Leucine Rich Repeat receptor-like kinase,,,,
266,VIT_06s0004g01550,679,0.3298,Phosphoribosylanthranilate transferase,E2_4_2_18,,vv10400Phenylalanine_tyrosine_and_tryptophan_biosynthesis,
267,VIT_18s0001g00940,678,0.3272,Laccase,E1_10_3_2,,vv11000Single_reactions,vv50109Incompletely_characterized_transport_systems
268,VIT_07s0095g00760,678,0.3269,Methionyl-tRNA synthetase,E6_1_1_10,,vv10271Methionine_metabolism,vv10450Selenoamino_acid_metabolism
269,VIT_15s0046g03190,674,0.3267,Myb domain protein 17,MYB17_2,MYB17A,vv60044MYB,
270,VIT_04s0023g03760,678,0.3266,Unknown protein,,,,
271,VIT_17s0000g07680,675,0.3256,Alpha-N-acetylglucosaminidase,E3_2_1_50,,vv10511N-Glycan_degradation,
272,VIT_07s0005g01470,675,0.3233,Unknown protein,,,,
273,VIT_08s0056g00050,668,0.3222,Scarecrow transcription factor 23 (SCL23),SCL23_2,,vv60032GRAS,
274,VIT_16s0022g00370,652,0.3176,GDP-mannose transporter (GONST1),GONST1,,vv50122Porters_cat_7_to_17,
275,VIT_11s0052g01630,655,0.3175,Anthocyanidin 3-O-glucosyltransferase,E2_4_1_115,,vv10942Anthocyanin_biosynthesis,
276,VIT_15s0048g01060,651,0.3166,UDP-galactose transporter 2 ATUTR2/UTR2,UTR2,,vv50122Porters_cat_7_to_17,
277,VIT_18s0001g11700,652,0.3145,Exocyst complex component 1,SEC3A,,vv50111Tethering_factors,
278,VIT_01s0011g02060,645,0.3143,CYP86B1,,,,
279,VIT_02s0025g01730,647,0.3142,3-oxoacyl-[acyl-carrier-protein] synthase,E2_3_1_41,,vv10061Fatty_acid_biosynthesis,
280,VIT_05s0049g02220,647,0.3138,Histone-lysine N-methyltransferase  H3 lysine-9 specific SUVH9,E2_1_1_43SUVH9,,vv10300Lysine_biosynthesis,vv60056SET_PCG
281,VIT_19s0015g00710,642,0.3123,Cellulose synthase CSLE1,E2_4_1_12_CSLE1,,vv40006Cell_wall,
282,VIT_01s0026g00240,648,0.3121,Spermidine synthase,E2_5_1_16,,vv10220Urea_cycle_and_metabolism_of_amino_groups,vv10271Methionine_metabolism
283,VIT_00s0229g00160,648,0.3120,formyltetrahydrofolate deformylase,E3_5_1_10,,vv10630Glyoxylate_and_dicarboxylate_metabolism,vv10670One_carbon_pool_by_folate
284,VIT_07s0129g00710,636,0.3090,CYP81E1 Isoflavone 2'-hydroxylase,E1_14_13_89,,vv10943Isoflavonoid_biosynthesis,
285,VIT_15s0046g00140,636,0.3080,ORMDL protein,,,,
286,VIT_07s0255g00030,610,0.2944,Lipase GDSL,,,,
287,VIT_12s0035g00100,610,0.2940,Receptor protein kinase,,,,
288,VIT_12s0055g00760,602,0.2911,No hit,,,,
289,VIT_14s0060g01080,599,0.2888,ferroportin,FERROPORTIN,,vv50109Incompletely_characterized_transport_systems,
290,VIT_11s0016g03740,597,0.2881,Rho guanyl-nucleotide exchange factor ROPGEF8,ROPGEF8,,,
291,VIT_13s0139g00010,590,0.2849,R protein MLA10,K13475,,vv34627R_proteins_from_Plant-pathogen_interaction,
292,VIT_13s0074g00560<br>VIT_15s0024g01410<br>VIT_09s0018g01850,585,0.2823,
293,VIT_16s0050g01250,582,0.2820,Heavy-metal-associated domain-containing protein,,,,
294,VIT_01s0137g00170,576,0.2807,B-keto acyl reductase,,,,
295,VIT_15s0048g01050,572,0.2777,Unknown,,,,
296,VIT_18s0001g12120,574,0.2769,G-box binding factor 1 (GBF1),GBF1_2,VvbZIP46,vv50110Protein_coat,vv60012BZIP
297,VIT_12s0028g03960,573,0.2763,Ankyrin repeat protein family,K10380,,vv50108Accessory_factors_involved_in_transport,
298,VIT_16s0039g02750,567,0.2733,NADH glutamate dehydrogenase,E1_4_1_3,,vv10251Glutamate_metabolism,vv10330Arginine_and_proline_metabolism
299,VIT_08s0007g05720,559,0.2720,No hit,,,,
300,VIT_07s0205g00030,564,0.2719,Zinc finger (C3HC4-type ring finger),ZFC3HC4_8,,vv60078Other_zf-C3HC4,
301,VIT_00s0199g00190,560,0.2716,14-3-3 protein GF14 kappa (GRF8),,,,
302,VIT_14s0128g00510<br>VIT_14s0128g00550,557,0.2701,
303,VIT_05s0020g01790,561,0.2696,Triacylglycerol lipase.,E3_1_1_3,,vv10561Glycerolipid_metabolism,
304,VIT_15s0048g03000,546,0.2654,GTPase RABA3,K07976,,,
305,VIT_07s0151g01040,545,0.2648,Ent-kaurene synthase A  chloroplast precursor,E5_5_1_13,,vv10904Diterpenoid_biosynthesis,
306,VIT_08s0058g00140,548,0.2646,Ammonium transporter 2,AMT2,,vv50101Channels_and_pores,
307,VIT_04s0044g00930,542,0.2617,Peroxiredoxin-5,E1_11_1_15,,,
308,VIT_18s0001g14440,534,0.2597,Molecular chaperone DnaJ,K03686,,vv50132Primary_active_transporter_cat_A5_to_A8,
309,VIT_11s0016g01580,528,0.2578,DNA binding,,,,
310,VIT_18s0166g00210,531,0.2574,Regulator of chromosome condensation (RCC1),RCC1,,vv50112Nuclear_pore_complex,
311,VIT_09s0002g02310,528,0.2563,Metallo-beta-lactamase,E3_5_2_6,,vv10311Penicillin_and_cephalosporin_biosynthesis,
312,VIT_11s0016g03500,516,0.2507,Unknown protein,,,,
313,VIT_12s0059g00190,516,0.2498,Beta-expansin (EXPB3),EXPB3,,vv30003Auxin_signaling,
314,VIT_09s0002g08420,514,0.2498,Unknown,,,,
315,VIT_10s0092g00220,513,0.2494,Integral membrane family protein UPF0497,,,,
316,VIT_11s0016g04270,513,0.2482,Hydrolase  alpha/beta fold,,,,
317,VIT_19s0014g05160,513,0.2471,RPS2 (resistant to p. syringae 2),K13459,,vv34626Plant-pathogen_interaction,
318,VIT_13s0019g00350,511,0.2471,ARF GTPase activator  ARF-GAP Domain 13,AGD13,,vv50110Protein_coat,
319,VIT_16s0115g00090,511,0.2456,No hit,,,,
320,VIT_05s0020g05050,501,0.2421,Cellulose synthase CSLE1,E2_4_1_12_CSLE1,,vv40006Cell_wall,
321,VIT_05s0077g01740,499,0.2404,Polygalacturonase GH28,E3_2_1_15,,vv40006Cell_wall,
322,VIT_00s0301g00180,497,0.2403,NADPH quinone oxidoreductase,E1_6_5_5,,vv10740Riboflavin_metabolism,
323,VIT_01s0011g05750,495,0.2397,Zinc finger (C3HC4-type ring finger),ZFC3HC4_224,,vv60078Other_zf-C3HC4,
324,VIT_03s0038g01180<br>VIT_03s0038g01260,492,0.2369,
325,VIT_05s0094g00140,484,0.2353,Protein binding protein,,,,
326,VIT_02s0012g01190,485,0.2337,Zinc finger (C2H2 type) family,C2H2FAM_14,,vv60017C2H2,
327,VIT_14s0060g02220,481,0.2323,F-actin capping protein alpha subunit,K10364,,vv44810Regulation_of_actin_cytoskeleton,
328,VIT_05s0020g00700,479,0.2322,Squamosa promoter-binding protein 12 (SPL12),SPL12_4,,vv60055SBP,
329,VIT_15s0048g02050,475,0.2299,Hydrolase  alpha/beta fold family protein  expressed,,,,
330,VIT_10s0116g01050,474,0.2295,Oxidosqualene Cyclase,E5_4_99_7,,vv10100Biosynthesis_of_steroids,
331,VIT_15s0048g01860,465,0.2258,No hit,,VvERF041,,
332,VIT_12s0142g00230,466,0.2253,CYP718,,,,
333,VIT_05s0020g02160,463,0.2236,Squamosa promoter-binding protein 7 (SPL7),SPL7,,vv60055SBP,
334,VIT_00s0218g00140,458,0.2223,Anthocyanidine rhamnosyl-transferase,RHATR,,vv10942Anthocyanin_biosynthesis,
335,VIT_06s0004g03360,462,0.2218,Carbamoyl phosphate synthase large subunit,E6_3_5_5,,vv10240Pyrimidine_metabolism,vv10251Glutamate_metabolism
336,VIT_14s0128g00790,454,0.2202,Lipoxygenase (LOX1),E1_13_11_12,,vv10592alpha-Linolenic_acid_metabolism,
337,VIT_16s0050g01500,454,0.2191,EMB2261 (embryo defective 2261),,,,
338,VIT_04s0008g06960,449,0.2163,No hit,,,,
339,VIT_11s0016g04320,445,0.2152,Nudix hydrolase 20,,,,
340,VIT_16s0050g01870,447,0.2149,CAAX amino terminal protease,,,,
341,VIT_03s0017g01490,442,0.2145,Berberine bridge enzyme,E1_21_3_3,,vv10950Alkaloid_biosynthesis_I,
342,VIT_17s0000g09900,442,0.2131,Unknown protein,,,,
343,VIT_13s0175g00120,436,0.2121,ABA-responsive element-binding protein 3 (AREB3),AREB3_1,VvbZIP34,vv30001ABA_signaling,vv60012BZIP
344,VIT_00s0186g00090,435,0.2106,Zinc finger (C3HC4-type ring finger),ZFC3HC4_5,,vv60078Other_zf-C3HC4,
345,VIT_12s0059g02740,438,0.2105,SET domain protein,SETDOM_2,,vv60056SET_PCG,
346,VIT_16s0039g01270,435,0.2102,No hit,,,,
347,VIT_01s0011g01900,438,0.2102,Glutathione S-transferase  C-terminal,E2_5_1_18,,vv10480Glutathione_metabolism,
348,VIT_14s0036g01220,431,0.2074,Ribosomal protein L18P/L5E,K02883,,vv23010Ribosome,
349,VIT_18s0001g10050,429,0.2070,LRX1 (leucine-rich repeat/extensin 1),EXTENSIN,,vv40006Cell_wall,
350,VIT_08s0007g05030,424,0.2047,Myb domain protein 36,MYB36_2,MYB150,vv60044MYB,
351,VIT_11s0052g00220,420,0.2030,Unknown protein,,,,
352,VIT_00s2263g00010,413,0.2020,No hit,,,,
353,VIT_03s0088g00470,415,0.2013,Auxin responsive SAUR protein,SAUR,,vv30003Auxin_signaling,
354,VIT_07s0031g01680,411,0.1993,CYP86A1,,,,
355,VIT_15s0046g00410,412,0.1990,Seven in absentia SINA1p,K04506,,vv24120Ubiquitin_mediated_proteolysis,
356,VIT_17s0000g06410,405,0.1949,MYB transcription factor MIXTA-like 2,MIXTAL2,MYB142,vv30009Flower_development,vv60044MYB
357,VIT_14s0108g00090,402,0.1945,Cupin  RmlC-type,,,,
358,VIT_17s0000g08600,402,0.1940,Signal recognition particle receptor beta subunit,K12272,,vv23060Protein_export,vv50132Primary_active_transporter_cat_A5_to_A8
359,VIT_18s0001g13080,401,0.1930,Unknown protein,,,,
360,VIT_02s0025g00340,400,0.1930,Monodehydroascorbate reductase  chloroplast precursor,E1_6_5_4,,vv10053Ascorbate_and_aldarate_metabolism,
361,VIT_09s0054g01270,393,0.1909,Receptor kinase ARK3,,,,
362,VIT_15s0046g00280,389,0.1894,Unknown,,,,
363,VIT_00s0301g00050,391,0.1881,3'(2') 5'-bisphosphate nucleotidase,E3_1_3_7,,vv10920Sulfur_metabolism,
364,VIT_13s0074g00540,387,0.1877,Lysine histidine transporter 1,LHT1,,vv50123Porters_cat_18_to_29,
365,VIT_16s0050g00690,384,0.1863,Protein kinase,,,,
366,VIT_04s0008g01480,386,0.1859,NOL1/NOP2/sun family protein,K03500,,,
367,VIT_15s0048g01010,384,0.1857,2'-hydroxy isoflavone/dihydroflavonol reductase,E1_3_1_45,,vv10943Isoflavonoid_biosynthesis,
368,VIT_09s0018g01290,383,0.1841,Unknown protein,,,,
369,VIT_11s0052g00570,377,0.1827,Nodulin MtN21,MTN21,,vv50122Porters_cat_7_to_17,
370,VIT_08s0007g01660,374,0.1799,Chaperone protein dnaJ-related,K03686,,vv50132Primary_active_transporter_cat_A5_to_A8,
371,VIT_01s0026g02120,367,0.1778,Microtubule end binding protein 1 (EB1),K10436,,vv44810Regulation_of_actin_cytoskeleton,
372,VIT_16s0022g01650,367,0.1767,Receptor serine/threonine kinase PR5K,,,,
373,VIT_05s0051g00390,363,0.1765,Disease resistance-responsive,,,,
374,VIT_04s0008g05060,363,0.1760,C-5 cytosine-specific DNA methylase,E2_1_1_37,,vv10271Methionine_metabolism,
375,VIT_00s0583g00010,363,0.1760,Transcription initiation factor TFIIH subunit H4,K03144,,vv23022Basal_transcription_factors,vv23420Nucleotide_excision_repair
376,VIT_01s0026g02030,364,0.1758,Basic helix-loop-helix (bHLH) family,BHLHDOM_59,,vv60011BHLH,
377,VIT_16s0013g00290,359,0.1738,Heat shock protein binding,,,,
378,VIT_06s0004g06560,358,0.1738,ABC transporter G member 23,ABCG23,,vv52010ABC_transporters,
379,VIT_08s0007g00070,359,0.1738,RNA recognition motif (RRM)-containing protein,,,,
380,VIT_07s0104g00420,359,0.1734,Endo-1 3;1 4-beta-D-glucanase precursor,E3_2_1_73,,,
381,VIT_01s0011g00280,357,0.1730,feronia receptor-like kinase,,,,
382,VIT_16s0098g00570,356,0.1726,ABC transporter B member 16,ABCB16,,vv52010ABC_transporters,
383,VIT_11s0016g01240,354,0.1718,DENN (AEX-3) domain-containing protein,,,,
384,VIT_06s0004g04820,349,0.1680,Salt stress-inducible protein kinase,,,,
385,VIT_17s0000g06780,334,0.1619,Dimethylaniline monooxygenase,E1_14_13_8,,vv11000Single_reactions,
386,VIT_04s0008g03630,333,0.1613,Binding,,,,
387,VIT_18s0089g00640,331,0.1608,No hit,,,,
388,VIT_13s0019g04090,330,0.1603,Ubiquitin-conjugating enzyme E2 C,K06688,,vv24120Ubiquitin_mediated_proteolysis,
389,VIT_04s0008g01250,333,0.1603,Unknown,,,,
390,VIT_08s0058g00190,333,0.1603,No hit,,,,
391,VIT_12s0057g00470,330,0.1590,C2 domain containing protein,,,,
392,VIT_05s0049g01810,327,0.1586,No hit,,,,
393,VIT_03s0038g04110,327,0.1581,AT-hook DNA-binding protein,,,,
394,VIT_17s0000g06290,325,0.1581,Lipase GDSL,,,,
395,VIT_00s0513g00020,324,0.1555,Peptidyl-prolyl cis-trans isomerase-like 2,K10598,,vv23040Spliceosome,vv24120Ubiquitin_mediated_proteolysis
396,VIT_03s0038g03690,319,0.1540,Unknown protein,,,,
397,VIT_13s0019g00040,308,0.1492,Beta-N-acetylhexosaminidase,E3_2_1_52,,vv10511N-Glycan_degradation,vv10530Aminosugars_metabolism
398,VIT_11s0016g05340,305,0.1486,Ethylene-responsive transcription factor SHINE 3,SHINE3_2,VvERF043,vv30008Ethylene_signaling,vv60003AP2_EREBP
399,VIT_09s0018g02100,308,0.1483,Anthocyaninless2 (ANL2),ANL2_2,,vv60034HB,
400,VIT_01s0011g03380,304,0.1469,Dihydrolipoamide S-acetyltransferase (LTA2),E2_3_1_12,,vv10010Glycolysis,vv10252Alanine_and_aspartate_metabolism
401,VIT_05s0077g00530,298,0.1451,Unknown protein,,,,
402,VIT_17s0000g02830,302,0.1451,R protein MLA10,K13475,,vv34627R_proteins_from_Plant-pathogen_interaction,
403,VIT_12s0055g01140,297,0.1440,Lipid transfer protein,LTP,,,
404,VIT_13s0019g02710,298,0.1435,Rho guanyl-nucleotide exchange factor ROPGEF5,ROPGEF5,,,
405,VIT_16s0050g02020<br>VIT_16s0050g02030,297,0.1435,
406,VIT_10s0092g00150,297,0.1429,Patatin protein 3,,,,
407,VIT_16s0013g01500,294,0.1424,Disease resistance protein,,,,
408,VIT_12s0059g01030,291,0.1417,Dentin sialophosphoprotein,,,,
409,VIT_01s0137g00410,292,0.1413,CYP86A2,,,,
410,VIT_16s0100g00360,292,0.1413,Per1,,,,
411,VIT_12s0034g00730,289,0.1405,No hit,,,,
412,VIT_10s0116g01660,290,0.1402,Lactoylglutathione lyase,E4_4_1_5,,vv10620Pyruvate_metabolism,
413,VIT_18s0001g03240,288,0.1401,DREB sub A-5 of ERF/AP2 transcription factor,ERF012,VvERF008,vv30008Ethylene_signaling,vv60003AP2_EREBP
414,VIT_14s0006g02290,289,0.1400,DREB sub A-4 of ERF/AP2 transcription factor,TINY_2,VvERF028,vv30008Ethylene_signaling,vv60003AP2_EREBP
415,VIT_16s0039g01710,287,0.1385,Myb domain protein 9,MYB9,MYB181,vv60044MYB,
416,VIT_18s0001g07590,285,0.1376,Argininosuccinate lyase,E4_3_2_1,,vv10220Urea_cycle_and_metabolism_of_amino_groups,vv10252Alanine_and_aspartate_metabolism
417,VIT_19s0090g01150,285,0.1370,SWIB complex BAF60b domain-containing protein,SWIB_11,,vv60092SWIB,
418,VIT_13s0019g02810,280,0.1353,Glucuronosyl transferase,E2_4_1_17,,vv10040Pentose_glucuronate_interconversion,vv10500Starch_and_sucrose_metabolism
419,VIT_05s0029g00630,278,0.1347,Unknown,,,,
420,VIT_14s0030g01950,276,0.1330,Transferase,,,,
421,VIT_12s0134g00670,274,0.1326,Anthocyanin 5-aromatic acyltransferase,E2_3_1_153,,vv10941Flavonoid_biosynthesis,vv10942Anthocyanin_biosynthesis
422,VIT_19s0085g00540,272,0.1317,DELLA protein RGL1 (RGA-like protein 1),RGL1_2,,vv30010Gibberellin_signaling,vv60032GRAS
423,VIT_06s0009g02640,274,0.1315,Hydroxymethylglutaryl-CoA lyase,E4_1_3_4,,vv10072Synthesis_and_degradation_of_ketone_bodies,vv10280Valine_leucine_and_isoleucine_degradation
424,VIT_09s0002g03620,273,0.1313,NADP-dependent malic enzyme,E1_1_1_39,,vv10620Pyruvate_metabolism,vv10710Carbon_fixation
425,VIT_06s0080g00760,270,0.1308,Unknown protein,,,,
426,VIT_14s0068g00140,266,0.1289,No hit,,,,
427,VIT_01s0026g02540,266,0.1287,Zinc finger (C3HC4-type ring finger),ZFC3HC4_54,,vv60078Other_zf-C3HC4,
428,VIT_12s0059g02360,264,0.1276,Myb caprice CPC,CAPRICE_3,,vv60045MYBrelated,
429,VIT_03s0063g00550,263,0.1275,Fw2.2 ORFX,,,,
430,VIT_14s0006g03260,264,0.1274,Rhomboid,,,,
431,VIT_00s0762g00010,260,0.1263,S-locus lectin protein kinase family,,,,
432,VIT_14s0066g02410,262,0.1263,Betaine-aldehyde dehydrogenase,E1_2_1_8,,vv10260Glycine_serine_and_threonine_metabolism,vv50101Channels_and_pores
433,VIT_11s0016g05360,260,0.1255,Phospholipase D alpha 1 precursor (PLD 1) (Choline phosphatase 1),PLDA1,,vv10564Glycerophospholipid_metabolism,vv10565Ether_lipid_metabolism
434,VIT_00s1348g00020,257,0.1236,Ternary complex factor MIP1,,,,
435,VIT_05s0020g01410,250,0.1216,Ribosome 60S subunit biogenesis protein,K07565,,,
436,VIT_08s0007g02610,250,0.1207,TLD domain-containing protein KIAA1609,,,,
437,VIT_18s0072g01020,247,0.1204,Unknown protein,,,,
438,VIT_14s0006g02900,248,0.1199,Monoglyceride lipase,E3_1_1_23,,vv10561Glycerolipid_metabolism,
439,VIT_03s0180g00280,246,0.1195,Indole-3-acetate beta-glucosyltransferase,E2_4_1_121,,vv11002Auxin_biosynthesis,
440,VIT_14s0006g00410,248,0.1193,Binding,,,,
441,VIT_01s0011g02080,245,0.1183,Ribosomal protein L36a/L44 (RPL36aB) 60S,K02920,,vv23010Ribosome,
442,VIT_14s0128g00400,242,0.1174,Ras homolog gene family  member T1,K07870,,,
443,VIT_13s0156g00360,241,0.1171,Emsy N terminus domain-containing protein,,,,
444,VIT_12s0028g02960,241,0.1160,No hit,,,,
445,VIT_13s0067g03260,236,0.1141,Pheophorbidase,E3_1_1_82,,vv10860Porphyrin_and_chlorophyll_metabolism,
446,VIT_07s0104g00190,234,0.1129,7S globulin precursor  basic,,,,
447,VIT_11s0103g00650,230,0.1117,Pathogenesis-related homeodomain protein (PRHA),PRHA_1,VvHB41,vv60034HB,
448,VIT_19s0014g05000,229,0.1107,Zinc finger (C2H2 type) family,C2H2FAM_16,,vv60017C2H2,
449,VIT_12s0059g02240,229,0.1096,Unknown,,,,
450,VIT_16s0115g00510,226,0.1092,Oxidosqualene Cyclase,E5_4_99_7,,vv10100Biosynthesis_of_steroids,
451,VIT_05s0020g03420,222,0.1079,PHD finger transcription factor,PHDFG_4,,vv60048PHD,
452,VIT_08s0007g02010,221,0.1073,No hit,,,,
453,VIT_05s0102g00130,219,0.1062,Unknown protein,,,,
454,VIT_11s0016g05000,219,0.1057,Dynein light chain LC8-type,K10418,,vv44810Regulation_of_actin_cytoskeleton,
455,VIT_00s2380g00010,215,0.1042,S-locus lectin protein kinase,,,,
456,VIT_11s0016g04180,216,0.1041,Coatomer protein complex  subunit beta 2,COPB2,,vv50110Protein_coat,
457,VIT_10s0092g00510,215,0.1041,CYP71D10p,E1_14_13_73,,vv10902Monoterpenoid_biosynthesis,
458,VIT_09s0002g08210,213,0.1030,Disease resistance protein (NBS-LRR class) RPG1-B,,,,
459,VIT_01s0010g02770,211,0.1018,Adenylate kinase-b,E2_7_4_3,,vv10230Purine_metabolism,
460,VIT_17s0000g06380,209,0.1008,YGL010w,,,,
461,VIT_05s0020g04290,209,0.1005,No hit,,,,
462,VIT_15s0046g00310,207,0.1003,Transcription factor TINY,ERF023,VvERF015,vv30008Ethylene_signaling,vv60003AP2_EREBP
463,VIT_14s0030g01650,204,0.0988,Unknown protein,,,,
464,VIT_19s0015g00510,203,0.0987,Pectate lyase 2,E4_2_2_2,,vv40006Cell_wall,
465,VIT_09s0002g03510,203,0.0983,ELF7 (early flowering 7),ELF7,,vv30009Flower_development,
466,VIT_18s0122g00220,203,0.0980,Phosphodiesterase/alkaline phosphatase D,E3_1_4_1,,,
467,VIT_01s0026g00180,203,0.0978,Serine/threonine kinase protein,,,,
468,VIT_13s0067g01350,199,0.0958,Basic helix-loop-helix (bHLH) family,BHLHDOM_16,,vv60011BHLH,
469,VIT_06s0009g01360,196,0.0952,R protein  PRF  disease resistance protein,K13453,,vv34627R_proteins_from_Plant-pathogen_interaction,
470,VIT_19s0014g03720,197,0.0950,Unknown protein,,,,
471,VIT_13s0019g05160,191,0.0918,Pullulanase,E3_2_1_41,,,
472,VIT_02s0012g01780,189,0.0914,WD-repeat protein 74,,,,
473,VIT_16s0022g01190<br>VIT_00s1492g00010<br>VIT_16s0022g01000<br>VIT_16s0022g01140,188,0.0910,
474,VIT_10s0003g00830,190,0.0909,Sodium/calcium exchanger family protein,NACAEX,,vv50123Porters_cat_18_to_29,
475,VIT_15s0021g02110,188,0.0906,AP2 domain-containing transcription factor TINY,TINY_8,VvERF029,vv30008Ethylene_signaling,vv60003AP2_EREBP
476,VIT_02s0154g00110<br>VIT_00s0233g00030,184,0.0896,
477,VIT_19s0027g00210,184,0.0893,DNA repair protein recA  chloroplast precursor,,,,
478,VIT_06s0009g03390,182,0.0881,No hit,,,,
479,VIT_03s0063g00880,182,0.0879,Calmodulin-binding protein,,,,
480,VIT_09s0002g06320,181,0.0879,R protein disease resistance protein,RPROT,,vv34627R_proteins_from_Plant-pathogen_interaction,
481,VIT_04s0008g03100,179,0.0874,Unknown protein,,,,
482,VIT_05s0049g01400,179,0.0868,Alcohol oxidase,E1_1_3_13,,vv10680Methane_metabolism,
483,VIT_04s0044g00500,178,0.0865,Unknown protein,,,,
484,VIT_13s0019g03340<br>VIT_04s0044g01780,178,0.0863,
485,VIT_14s0006g00110,179,0.0863,No hit,,,,
486,VIT_13s0156g00300,176,0.0854,No hit,,,,
487,VIT_18s0072g00160,177,0.0854,Peroxidase 12,E1_11_1_7,,vv10360Phenylalanine_metabolism,vv10680Methane_metabolism
488,VIT_05s0049g01120<br>VIT_05s0049g01090,174,0.0843,
489,VIT_00s0144g00220,174,0.0839,R protein disease resistance protein,RPROT,,vv34627R_proteins_from_Plant-pathogen_interaction,
490,VIT_02s0025g02620,172,0.0828,BDG1 (BODYGUARD1) hydrolase,,,,
491,VIT_07s0005g04020,170,0.0828,Leucine Rich Repeat receptor-like kinase,,,,
492,VIT_18s0001g13670,167,0.0806,Glyoxal oxidase-related,,,,
493,VIT_07s0005g05210,165,0.0802,No hit,,,,
494,VIT_14s0006g00570,163,0.0789,Unknown protein,,,,
495,VIT_15s0046g03090,160,0.0771,DTA2 (downstream target of AGL15 2),,,,
496,VIT_19s0014g04220,158,0.0765,S-locus protein kinase,,,,
497,VIT_06s0004g02690,158,0.0758,Glycosyl transferase family 2 protein,,,,
498,VIT_08s0007g04870,153,0.0737,Zinc finger protein ATRZ-1A,ATRZ1A,,,
499,VIT_00s0181g00040,151,0.0727,TIR1 (transport inhibitor response 1),TIR1,,vv30003Auxin_signaling,
500,VIT_04s0023g01300,149,0.0717,Aminopeptidase P,E3_4_11_9,,,
501,VIT_14s0068g00150,147,0.0716,No hit,,,,
502,VIT_01s0011g00720,149,0.0712,WRKY DNA-binding protein 57,WRKY57,VvWRKY01,vv60066WRKY,
503,VIT_12s0059g00260,146,0.0708,Splicing factor STA1 (stabilized1),STABILIZED1,,vv23040Spliceosome,vv30009Flower_development
504,VIT_17s0000g10110,145,0.0704,Response regulator ARR11 Type-B,ARR11_3,,vv30007Cytokinin_signaling,vv60006ARR-B
505,VIT_17s0000g03070,145,0.0704,R protein MLA10,K13475,,vv34627R_proteins_from_Plant-pathogen_interaction,
506,VIT_04s0023g01970,144,0.0694,Aldose 1-epimerase,E5_1_3_3,,vv10010Glycolysis,
507,VIT_04s0023g01720,142,0.0688,SEC14 cytosolic factor  putative,SEC14,,vv50122Porters_cat_7_to_17,
508,VIT_00s0262g00010,142,0.0686,Receptor kinase RK20-1,,,,
509,VIT_10s0116g01870,141,0.0679,MATE efflux family protein,MATE,,vv50125Porters_cat_66_to_94,
510,VIT_01s0026g01180,136,0.0661,No hit,,,,
511,VIT_09s0002g04170,136,0.0661,Acyl-CoA synthetases (Acyl-activating enzyme 13),E6_2_1_3,,vv10071Fatty_acid_metabolism,vv50104Group_translocators
512,VIT_13s0067g00730,136,0.0658,Carboxylic ester hydrolase,E3_1_1_1,,,
513,VIT_09s0054g01370,134,0.0650,Beta-amyrin synthase,E5_4_99_BAS,,vv10900Terpenoid_biosynthesis,
514,VIT_07s0005g01040,134,0.0650,Glycosyl transferase family 8 protein,,,,
515,VIT_08s0040g00520,135,0.0650,Leucine-rich repeat protein kinase,,,,
516,VIT_12s0035g00050,133,0.0643,No hit,,,,
517,VIT_12s0028g02480,129,0.0625,Lipase GDSL,,,,
518,VIT_19s0014g02070,127,0.0612,flavonol 3-O-glucosyltransferase,E2_4_1_91,,vv10941Flavonoid_biosynthesis,
519,VIT_18s0001g14660,127,0.0612,P-glycoprotein 13,PGP13,,vv52010ABC_transporters,
520,VIT_15s0021g02650,126,0.0609,Lipase GDSL,,,,
521,VIT_18s0076g00280,124,0.0605,Protein tyrosine phosphatase,K01104,,,
522,VIT_04s0008g03800,124,0.0604,RNA recognition motif (RRM)-containing protein,,,,
523,VIT_02s0025g02630,125,0.0604,Lipase GDSL,,,,
524,VIT_01s0011g03490,124,0.0599,3-ketoacyl-CoA synthase,,,,
525,VIT_14s0108g01200,123,0.0598,Vesicle transport v-SNARE 13,K08493,,vv24130SNARE_interactions_in_vesicular_transport,
526,VIT_04s0008g05520,122,0.0589,Unknown protein,,,,
527,VIT_03s0017g01070,122,0.0587,CYP86C2,,,,
528,VIT_18s0001g10270,121,0.0586,Basic helix-loop-helix protein SPATULA,SPATULA_1,,vv60011BHLH,
529,VIT_01s0010g01290,121,0.0584,Unknown protein,,,,
530,VIT_01s0011g03580,121,0.0581,Unknown protein,,,,
531,VIT_11s0016g04540,119,0.0577,ABC transporter G member 22,ABCG22,,vv52010ABC_transporters,
532,VIT_01s0011g03660,119,0.0575,IMP dehydrogenase/GMP reductase,E1_1_1_205,VvERF121,vv10230Purine_metabolism,
533,VIT_12s0057g01450,119,0.0575,Subtilisin protease,,,,
534,VIT_12s0059g02010,119,0.0574,Glutamate formiminotransferase,E2_1_2_5,,vv10251Glutamate_metabolism,vv10670One_carbon_pool_by_folate
535,VIT_10s0003g05780,118,0.0568,Lipid transfer protein 12,LTP12,,,
536,VIT_10s0116g00920,117,0.0563,CERK1 (chitin elicitor receptor kinase 1),K13429,,vv34626Plant-pathogen_interaction,
537,VIT_04s0008g01290,116,0.0560,CGA1 (cytokinin-responsive GATA factor 1),CGA1,,vv30007Cytokinin_signaling,vv60016C2C2-GATA
538,VIT_09s0002g07670,116,0.0560,No hit,,,,
539,VIT_12s0142g00240,116,0.0560,PDF1 (protodermal factor1),PDF1_1,,,
540,VIT_14s0068g00660,115,0.0554,ATAN11 (ANTHOCYANIN11),,,,
541,VIT_05s0102g00370,115,0.0553,Receptor protein kinase (ACR4),,,,
542,VIT_01s0010g01090,114,0.0552,Peroxidase ATP23a,E1_11_1_7,,vv10360Phenylalanine_metabolism,vv10680Methane_metabolism
543,VIT_08s0007g07100,113,0.0546,Male sterility 2,,,,
544,VIT_05s0020g00690,113,0.0544,PPR2,,,,
545,VIT_09s0054g01250,113,0.0544,Cycloartenol synthase,E5_4_99_8,,vv10100Biosynthesis_of_steroids,
546,VIT_07s0005g06210,112,0.0539,RPM1 (resistance to p. syringae pv maculicola 1),K13457,,vv34626Plant-pathogen_interaction,
547,VIT_18s0001g10780,110,0.0534,Unknown protein,,,,
548,VIT_14s0030g00690,108,0.0525,ABI3-interacting protein 2,AIP2,,vv30001ABA_signaling,
549,VIT_15s0045g00710,107,0.0520,R protein disease resistance protein,RPROT,,vv34627R_proteins_from_Plant-pathogen_interaction,
550,VIT_00s0179g00110,107,0.0517,Protein phosphatase 2C,,,,
551,VIT_09s0018g01280,107,0.0515,Ribulose bisphosphate carboxylase/oxygenase activase 2,,,,
552,VIT_18s0001g10660,105,0.0511,Methionyl-tRNA synthetase,E6_1_1_10,,vv10271Methionine_metabolism,vv10450Selenoamino_acid_metabolism
553,VIT_13s0019g03290,104,0.0501,Unknown protein,,,,
554,VIT_01s0137g00130,104,0.0501,B-keto acyl reductase,,,,
555,VIT_10s0003g00620,103,0.0498,Lipase GDSL,,,,
556,VIT_02s0012g02780,102,0.0494,Cytochrome b5 domain-containing protein,,,,
557,VIT_00s0477g00040,101,0.0487,Clathrin assembly protein 16,CAP16,,vv50110Protein_coat,
558,VIT_10s0003g00210,97,0.0469,Unknown,,,,
559,VIT_01s0011g02330,97,0.0467,Unknown protein,,,,
560,VIT_01s0026g01090,96,0.0466,Unknown,,,,
561,VIT_07s0104g00430,96,0.0463,Endo-1 3;1 4-beta-D-glucanase precursor,E3_2_1_73,,,
562,VIT_18s0072g00480,95,0.0459,Hydroxyproline-rich glycoprotein family protein,HRGP,,vv40006Cell_wall,
563,VIT_17s0000g06800,95,0.0459,Unknown protein,,,,
564,VIT_00s0187g00050,95,0.0458,No hit,,,,
565,VIT_14s0060g00620,94,0.0455,Ribosome-binding factor A; Glycoside hydrolase  family 28,K02834,,,
566,VIT_04s0023g02920,94,0.0455,Unknown protein,,,,
567,VIT_09s0054g01290,94,0.0453,Beta-amyrin synthase,E5_4_99_BAS,,vv10900Terpenoid_biosynthesis,
568,VIT_04s0008g00750,92,0.0448,Unknown protein,,,,
569,VIT_17s0000g03940,92,0.0446,ferulate 5-hydroxylase,K09755,,vv10940Phenylpropanoid_biosynthesis,
570,VIT_09s0002g02200,91,0.0444,Root hair defective 3 GTP-binding (RHD3),,,,
571,VIT_14s0066g00310,91,0.0441,Unknown protein,,,,
572,VIT_16s0100g00620,90,0.0434,Calmodulin-binding region IQD24,,,,
573,VIT_08s0056g00070,89,0.0433,Methylenetetrahydrofolate dehydrogenase,E1_5_1_15,,vv10670One_carbon_pool_by_folate,
574,VIT_05s0077g00870,89,0.0432,Lipase GDSL,,,,
575,VIT_13s0047g00010,88,0.0428,ZIFL2 (zinc induced facilitator-like 1),ZIFL1,,vv50121Porters_cat_1_to_6,
576,VIT_12s0028g03400,88,0.0425,No hit,,,,
577,VIT_13s0084g00380,87,0.0419,flavonol sulfotransferase,E2_8_2_27,,vv10941Flavonoid_biosynthesis,
578,VIT_10s0003g00900,86,0.0416,Anthranilate N-hydroxycinnamoyl/benzoyltransferase,E2_3_1_144,,vv10400Phenylalanine_tyrosine_and_tryptophan_biosynthesis,
579,VIT_04s0043g00510,86,0.0416,Ethylene-responsive transcription factor ERF003,ERF003_1,,vv30008Ethylene_signaling,vv60003AP2_EREBP
580,VIT_05s0020g04210,86,0.0414,Sulfate adenylyltransferase 3,E2_7_7_4,,vv10230Purine_metabolism,vv10450Selenoamino_acid_metabolism
581,VIT_15s0046g00550,85,0.0411,Wax synthase,E2_3_1_75,,vv11000Single_reactions,
582,VIT_07s0205g00180,85,0.0409,Basic helix-loop-helix (bHLH) family,BHLHDOM_30,,vv60011BHLH,
583,VIT_00s0471g00030,84,0.0405,GTP-binding protein engB,K03978,,,
584,VIT_05s0094g00540,83,0.0402,Acyl-[acyl-carrier-protein] desaturase,E1_14_19_2,,vv11040Biosynthesis_of_unsaturated_fatty_acids,
585,VIT_04s0023g03230,82,0.0398,Auxin-responsive SAUR9,SAUR9,,vv30003Auxin_signaling,
586,VIT_07s0005g03300,82,0.0396,Inorganic phosphate transporter 1-4,PHT1_4,,vv50121Porters_cat_1_to_6,
587,VIT_07s0005g01290,81,0.0395,DnaJ homolog  subfamily C  member 7,K09527,,vv50132Primary_active_transporter_cat_A5_to_A8,
588,VIT_04s0008g06520,78,0.0378,Calcineurin phosphoesterase,,,,
589,VIT_19s0085g01000,77,0.0372,RGLG2 (ring Domain LIGASE2),RGLG2,,vv50004Auxin_transport,
590,VIT_05s0020g02300,76,0.0371,TRNA/rRNA methyltransferase (SpoU),K02533,,,
591,VIT_04s0023g03240,76,0.0367,Transcription factor TFIIF,K03138,,vv23022Basal_transcription_factors,
592,VIT_06s0009g02160,74,0.0357,NADH dehydrogenase (ubiquinone) flavoprotein 2,K03943,,vv10190Oxidative_phosphorylation,vv50134Primary_active_transporter_cat_D1
593,VIT_19s0014g04270,73,0.0354,S-locus protein kinase,,,,
594,VIT_01s0127g00050,73,0.0352,SOUL heme-binding,,,,
595,VIT_08s0058g00740,73,0.0352,Iron-responsive transporter,FERROPORTINREL,,vv50109Incompletely_characterized_transport_systems,
596,VIT_18s0041g00890,72,0.0348,UDP-glucose: anthocyanidin 5 3-O-glucosyltransferase,RHGT1,,vv10942Anthocyanin_biosynthesis,
597,VIT_02s0012g01100,71,0.0344,Protein phosphatase 2C POLTERGEIST-like 1,,,,
598,VIT_16s0022g01630,71,0.0343,Unknown protein,,,,
599,VIT_10s0116g00730,69,0.0334,Monoglyceride lipase,E3_1_1_23,,vv10561Glycerolipid_metabolism,
600,VIT_18s0001g00370,67,0.0325,Ceramidase,E3_5_1_23,,vv10600Sphingolipid_metabolism,
601,VIT_09s0096g00390,67,0.0322,Disease resistance protein (NBS-LRR class),,,,
602,VIT_06s0009g01000,66,0.0319,Zinc finger (C3HC4-type ring finger) CIC7E11,CIC7E11_2,,vv60078Other_zf-C3HC4,
603,VIT_01s0026g02040,65,0.0314,No hit,,,,
604,VIT_00s0189g00100,64,0.0311,No hit,,,,
605,VIT_18s0086g00190,64,0.0310,Permease nonimprinted in Prader-Willi/Angelman,NIPA,,vv50122Porters_cat_7_to_17,
606,VIT_04s0023g02790,64,0.0310,Dehydration-responsive protein,,,,
607,VIT_04s0044g00680,63,0.0303,S-receptor kinase,,,,
608,VIT_16s0050g00630,61,0.0294,Prolyl 4-hydroxylase,E1_14_11_2,,vv10330Arginine_and_proline_metabolismis,
609,VIT_14s0066g00400,60,0.0290,Chalcone isomerase,E5_5_1_6,,vv10941Flavonoid_biosynthesis,
610,VIT_16s0022g01540<br>VIT_16s0022g01500,60,0.0290,
611,VIT_01s0011g01790,59,0.0286,Galactose-binding like,,,,
612,VIT_17s0000g02840,58,0.0282,Pre-mRNA-splicing factor SPF27,K12861,,vv23040Spliceosome,
613,VIT_11s0052g00670,58,0.0282,Villin,K05768,,vv44810Regulation_of_actin_cytoskeleton,
614,VIT_18s0089g00510,57,0.0276,Isopentenyltransferase 1,E2_5_1_27,,vv10908Zeatin_biosynthesis,
615,VIT_18s0001g03860,57,0.0275,Unknown protein,,,,
616,VIT_14s0068g01510,56,0.0272,Import inner membrane translocase subunit Tim8  Mitochondrial,TIM8,,vv50132Primary_active_transporter_cat_A5_to_A8,
617,VIT_14s0108g00100,56,0.0272,Serine carboxypeptidase S10,,,,
618,VIT_16s0050g00820,56,0.0271,EMB1691 (embryo defective 1691),,,,
619,VIT_03s0017g01570,56,0.0270,FAD-binding domain-containing protein,,,,
620,VIT_13s0067g00560,55,0.0267,Cinnamyl alcohol dehydrogenase,E1_1_1_195,,vv10940Phenylpropanoid_biosynthesis,
621,VIT_14s0066g01860,55,0.0266,Zinc finger protein 5,ZFP5_2,,vv60017C2H2,
622,VIT_17s0000g03400,55,0.0264,Unknown protein,,,,
623,VIT_18s0001g14910,54,0.0261,Mannitol dehydrogenase,E1_1_1_67,,vv10051Fructose_and_mannose_metabolism,
624,VIT_19s0090g00440,53,0.0256,Unknown protein,,,,
625,VIT_06s0004g01870,52,0.0253,No transmitting tract,NTT_2,,vv60017C2H2,
626,VIT_12s0028g03110,52,0.0252,Caffeoyl-CoA 3-O-methyltransferase,E2_1_1_104,,vv10940Phenylpropanoid_biosynthesis,
627,VIT_07s0031g02420,52,0.0252,F-box domain containing protein,,,,
628,VIT_13s0019g01990,52,0.0251,Phospholipid/glycerol acyltransferase,E2_3_1_51,,vv10561Glycerolipid_metabolism,vv10564Glycerophospholipid_metabolism
629,VIT_12s0028g01390,51,0.0249,Small heat shock protein ACD31,,,,
630,VIT_05s0062g00700,51,0.0247,UDP-glucose:flavonoid 7-O-glucosyltransferase,E2_4_1_237,,vv10941Flavonoid_biosynthesis,
631,VIT_14s0006g01740,51,0.0247,AAR2 protein,,,,
632,VIT_02s0087g00370,51,0.0247,Anthranilate N-hydroxycinnamoyl/benzoyltransferase,E2_3_1_144,,vv10400Phenylalanine_tyrosine_and_tryptophan_biosynthesis,
633,VIT_06s0004g01090,51,0.0246,Protein kinase,,,,
634,VIT_06s0009g01040,51,0.0246,No hit,,,,
635,VIT_11s0037g01400,50,0.0243,Zinc finger (C3HC4-type ring finger),ZFC3HC4_80,,vv60078Other_zf-C3HC4,
636,VIT_19s0027g00220,50,0.0242,Unknown protein,,,,
637,VIT_13s0019g04460,50,0.0242,Phenylalanine ammonia-lyase 2 (PAL2),E4_3_1_5,,vv10350Tyrosine_metabolism,vv10360Phenylalanine_metabolism
638,VIT_10s0003g01380,50,0.0241,Myb family,MYBGE_9,,vv60029G2-like,
639,VIT_19s0014g03380,50,0.0240,3'(2') 5'-bisphosphate nucleotidase,E3_1_3_7,,vv10920Sulfur_metabolism,
640,VIT_12s0035g00530,49,0.0237,Unknown protein,,,,
641,VIT_04s0079g00790,48,0.0234,Acyl-CoA synthetases (Acyl-activating enzyme 11),E6_2_1_3,,vv10071Fatty_acid_metabolism,vv50104Group_translocators
642,VIT_15s0046g03730,48,0.0233,Digalactosyldiacylglycerol synthase,E2_4_1_184,,vv10561Glycerolipid_metabolism,
643,VIT_04s0008g00860,48,0.0232,Ndr family protein,,,,
644,VIT_19s0015g02530,48,0.0232,No hit,,,,
645,VIT_01s0010g01870,48,0.0232,Salicylic acid-induced fragment 1 protein,,,,
646,VIT_01s0026g00080,48,0.0231,Metal-dependent phosphohydrolase HD domain-containing protein,K07023,,,
647,VIT_02s0012g01940,47,0.0228,Myb KAN2 (KANADI 2),KANADI2_1,,vv60029G2-like,
648,VIT_11s0052g00230,46,0.0223,Accelerated cell death 11 (ACD11),,,,
649,VIT_18s0001g11650,45,0.0219,Pentatricopeptide repeat,,,,
650,VIT_01s0010g00380,45,0.0219,FLS2 (flagellin-sensitive 2),K13420,,vv34626Plant-pathogen_interaction,
651,VIT_10s0092g00480,45,0.0216,CYP71D10p,E1_14_13_73,,vv10902Monoterpenoid_biosynthesis,
652,VIT_13s0064g01740<br>VIT_13s0064g01750,44,0.0214,
653,VIT_15s0021g01610,43,0.0209,Ethylene responsive element binding factor 2,ERF2,VvERF074,vv30008Ethylene_signaling,
654,VIT_18s0089g00800,43,0.0208,Kinesin motor protein,KMOTOR,,vv44810Regulation_of_actin_cytoskeleton,
655,VIT_08s0007g06080,43,0.0208,Beta 1-3 glucanase [Vitis vinifera],E3_2_1_6,,,
656,VIT_01s0011g00560,42,0.0203,DREPP plasma membrane polypeptide,,,,
657,VIT_14s0060g00830,41,0.0200,Unknown protein,,,,
658,VIT_04s0008g01410,40,0.0193,Ran-binding protein 1 RanBP1,RANBP1,,vv50109Incompletely_characterized_transport_systems,
659,VIT_09s0002g03940,39,0.0189,AP2/EREBP transcription factor,TINY2_1,VvERF034,vv30008Ethylene_signaling,vv60003AP2_EREBP
660,VIT_00s0203g00170,39,0.0188,Myb domain protein 92,MYB92_1,MYB136,vv60044MYB,
661,VIT_17s0053g00610,38,0.0185,Xyloglucan endotransglucosylase/hydrolase protein 9 precursor,E2_4_1_207,,vv40006Cell_wall,
662,VIT_17s0000g09140,38,0.0184,Elongation factor Tu  mitochondrial,K02358,,vv34626Plant-pathogen_interaction,
663,VIT_00s0477g00060,38,0.0183,Unknown protein,,,,
664,VIT_10s0003g05420,38,0.0183,S-2-hydroxy-acid oxidase  peroxisomal,E1_1_3_15,,vv10630Glyoxylate_and_dicarboxylate_metabolism,
665,VIT_18s0076g00260,38,0.0183,Unknown protein,,,,
666,VIT_19s0015g01170,37,0.0180,MYB divaricata,DIVARICATA_5,,vv30009Flower_development,vv60044MYB
667,VIT_01s0011g01640,37,0.0179,ARE1,VPS52,,vv50111Tethering_factors,
668,VIT_09s0054g00430,37,0.0178,Unknown protein,,,,
669,VIT_16s0022g02080,36,0.0174,Exostosin family protein,K02366,,vv11030Glycan_structures-biosynthesis1,
670,VIT_15s0046g00250,36,0.0174,Transducin protein,,,,
671,VIT_04s0044g01620,36,0.0173,RGLG1 (ring Domain LIGASE1),RGLG1,,vv50004Auxin_transport,
672,VIT_00s0480g00020,35,0.0169,Hydroxyproline-rich glycoprotein family protein,,,,
673,VIT_09s0018g01460,35,0.0168,Receptor kinase TRKe,,,,
674,VIT_09s0054g01180,34,0.0163,Cycloartenol synthase,E5_4_99_8,,vv10100Biosynthesis_of_steroids,
675,VIT_06s0004g06020,33,0.0160,Alpha-glucan phosphorylase  H isozyme,E2_4_1_1,,vv10500Starch_and_sucrose_metabolism,
676,VIT_06s0061g00240,33,0.0160,ABC transporter G member 7,ABCG7,,vv52010ABC_transporters,
677,VIT_05s0020g03920,33,0.0159,Stress-induced-phosphoprotein 1,K09553,,,
678,VIT_04s0023g02680,33,0.0159,Dimethyladenosine transferase,K02528,,,
679,VIT_13s0019g04630,32,0.0156,Unknown protein,,,,
680,VIT_15s0048g02510,32,0.0154,Basic helix-loop-helix (bHLH) family,BHLHDOM_35,,vv60011BHLH,
681,VIT_14s0030g02300,32,0.0153,CRSP complex subunit 2,,,,
682,VIT_12s0028g03780,31,0.0150,Riboflavin synthase alpha chain,E2_5_1_9,,vv10740Riboflavin_metabolism,
683,VIT_13s0106g00110<br>VIT_12s0059g00030<br>VIT_12s0034g00970<br>VIT_12s0034g00780<br>VIT_12s0034g00950<br>VIT_00s0269g00080<br>VIT_16s0013g00940<br>VIT_12s0034g00410<br>VIT_12s0034g00800,31,0.0150,
684,VIT_02s0087g00220,31,0.0150,Constitutive disease resistance 1,,,,
685,VIT_06s0004g06210,31,0.0149,CYP86A1,,,,
686,VIT_06s0061g00280,31,0.0149,2-phosphoglycerate kinase,K05715,,vv10010Glycolysis,
687,VIT_10s0042g01070,30,0.0145,Zinc finger (C3HC4-type ring finger),ZFC3HC4_68,,vv60078Other_zf-C3HC4,
688,VIT_18s0122g01280,30,0.0145,Niemann-Pick C1 protein precursor,NPC1,,vv50121Porters_cat_1_to_6,
689,VIT_02s0025g04600,30,0.0144,Subtilisin protease C1,,,,
690,VIT_02s0025g03280,30,0.0144,Aminopeptidase N,E3_4_11_2,,vv10480Glutathione_metabolism,
691,VIT_11s0016g00880,29,0.0141,Strictosidine synthase; Soluble quinoprotein glucose dehydrogenase,E4_3_3_2,,vv10900Terpenoid_biosynthesis,vv10902Monoterpenoid_biosynthesis
692,VIT_00s2776g00010,29,0.0140,S-locus lectin protein kinase,,,,
693,VIT_15s0021g00360,28,0.0135,Pentatricopeptide repeat-containing protein,,,,
694,VIT_11s0052g00490,28,0.0135,No hit,,,,
695,VIT_06s0004g07420,27,0.0131,Unknown protein,,,,
696,VIT_12s0035g00060,27,0.0130,DNA (cytosine-5)-methyltransferase,E2_1_1_37,,vv10271Methionine_metabolism,
697,VIT_17s0000g08270,27,0.0130,No hit,,,,
698,VIT_16s0022g00900,27,0.0130,No hit,,,,
699,VIT_00s1314g00010,26,0.0127,Basic helix-loop-helix (bHLH) family,BHLHDOM_89,,vv60011BHLH,
700,VIT_13s0106g00250,26,0.0126,Carboxylic ester hydrolase,E3_1_1_1,,,
701,VIT_09s0002g06100,25,0.0121,Mov34,,,,
702,VIT_04s0069g00360,25,0.0121,No hit,,,,
703,VIT_19s0014g04410,24,0.0117,S-locus protein kinase,,,,
704,VIT_12s0028g00250,24,0.0117,Isoprenylcysteine carboxyl methyltransferase,E2_1_1_100,,vv10271Methionine_metabolism,
705,VIT_07s0151g00740,24,0.0117,Non-specific lipid-transfer protein,,,,
706,VIT_05s0077g01770,24,0.0117,PUMILIO 24 (APUM24),,,,
707,VIT_00s0379g00050,24,0.0116,Short-chain dehydrogenase/reductase (SDR),,,,
708,VIT_15s0046g03150,24,0.0116,DTA2 (downstream target of AGL15 2),,,,
709,VIT_02s0025g00010,24,0.0116,No hit,,,,
710,VIT_09s0002g03030,24,0.0115,FRK1 (FLG22-induced receptor-like kinase 1),FRK1,,vv34626Plant-pathogen_interaction,
711,VIT_05s0020g02060,24,0.0115,No hit,,,,
712,VIT_11s0052g00530,23,0.0111,Zinc-binding protein,,,,
713,VIT_12s0028g03620,23,0.0111,Unknown protein,,,,
714,VIT_00s0181g00070,23,0.0111,ARV2,,,,
715,VIT_03s0038g02020,23,0.0111,Amidase,E3_5_1_4,,vv10220Urea_cycle_and_metabolism_of_amino_groups,vv10360Phenylalanine_metabolism
716,VIT_08s0058g01020,22,0.0107,Saposin B domain-containing protein,SAPB,,vv50101Channels_and_pores,
717,VIT_05s0051g00230,22,0.0107,R protein L6,K13477,,vv34627R_proteins_from_Plant-pathogen_interaction,
718,VIT_07s0104g01270,22,0.0107,Kinase interacting family protein,,,,
719,VIT_12s0057g01500,22,0.0106,Calcium exchanger 5,K07300_CAX5,,vv50123Porters_cat_18_to_29,
720,VIT_18s0001g11560,22,0.0106,CyP82A3,,,,
721,VIT_12s0035g00840,22,0.0106,Unknown protein,,,,
722,VIT_06s0009g00480,21,0.0102,Aluminium-tolerance ALMT1,ALMT1,,vv50125Porters_cat_66_to_94,
723,VIT_06s0004g00230,21,0.0102,WRKY DNA-binding protein 48,WRKY48_2,VvWRKY15,vv60066WRKY,
724,VIT_07s0151g00510,21,0.0102,GCN5 N-acetyltransferase (GNAT),GCN5_22,,vv60082GNAT,
725,VIT_00s0179g00150,20,0.0096,Heat shock transcription factor A6B,HSFA6B_4,,vv60037HSF,
726,VIT_11s0103g00140,19,0.0092,Potassium-sodium symporter HKT1,HKT1,,vv50124Porters_cat_30_to_64,
727,VIT_02s0012g01630,19,0.0092,Transmembrane protein 41B,TMEM41B,,vv50109Incompletely_characterized_transport_systems,
728,VIT_06s0080g00040,19,0.0092,ABC transporter G member 22,ABCG22,,vv52010ABC_transporters,
729,VIT_11s0016g00610,19,0.0091,Unknown,,,,
730,VIT_03s0038g01830,18,0.0087,Proline-rich protein 4,,,,
731,VIT_02s0236g00100,18,0.0087,Unknown,,,,
732,VIT_08s0007g02600,18,0.0087,Unknown protein,,,,
733,VIT_06s0004g03310,17,0.0082,Hydrolase  alpha/beta fold,,,,
734,VIT_09s0096g00880<br>VIT_00s0606g00010,16,0.0078,
735,VIT_08s0058g01030,16,0.0078,Saposin B domain-containing protein,SAPB,,vv50101Channels_and_pores,
736,VIT_18s0001g03120,16,0.0078,Ethylene-responsive transcription factor ERF003,ERF003_6,,vv30008Ethylene_signaling,vv60003AP2_EREBP
737,VIT_08s0058g00450,16,0.0078,Substrate carrier  Mitochondrial,K03454,,vv50123Porters_cat_18_to_29,
738,VIT_08s0058g01110,16,0.0078,Ovate family protein 4 OFP4,OFP4_1,,vv60086OFP,
739,VIT_00s0131g00360,16,0.0077,No hit,,,,
740,VIT_04s0023g02930,16,0.0077,Unknown protein,,,,
741,VIT_14s0083g00920,16,0.0077,No hit,,,,
742,VIT_08s0058g00010,16,0.0077,Receptor Like Protein 33,,,,
743,VIT_01s0026g00570,15,0.0073,Bet v I allergen,,,,
744,VIT_11s0103g00530,15,0.0073,Oxysterol binding protein,,,,
745,VIT_01s0011g03540,15,0.0073,Lateral organ boundaries protein 41,LBD41_3,,vv60007AS2,
746,VIT_05s0094g01280,15,0.0073,Ribosome subunit biogenesis protein 60S,K07565,,,
747,VIT_11s0016g04290,15,0.0073,3-hydroxyisobutyryl-CoA hydrolase,E3_1_2_4,,vv10280Valine_leucine_and_isoleucine_degradation,vv10410Beta-alanine_metabolism
748,VIT_01s0026g02650,15,0.0072,KH domain-containing protein,,,,
749,VIT_12s0034g01840,15,0.0072,3-ketoacyl-CoA synthase 7,,,,
750,VIT_11s0016g00640,15,0.0072,Auxin response factor 11 ARF19,ARF19,,vv30003Auxin_signaling,vv60004ARF
751,VIT_01s0011g06430,14,0.0068,NADPH-dependent codeinone reductase,E1_1_1_247,,vv10950Alkaloid_biosynthesis_I,
752,VIT_01s0182g00130,14,0.0068,PHO1-like protein,PHO1,,vv50125Porters_cat_66_to_94,
753,VIT_14s0036g00850,14,0.0067,Endoribonuclease L-PSP,,,,
754,VIT_13s0019g00810,13,0.0063,Methionyl-tRNA synthetase (AtcpMetRS),E6_1_1_10,,vv10271Methionine_metabolism,vv10450Selenoamino_acid_metabolism
755,VIT_05s0020g04520,13,0.0063,AT rich interactive domain 2 (ARID  RFX-like),ARID2,,vv60005ARID,
756,VIT_01s0026g01190,13,0.0063,CW14,,,,
757,VIT_18s0001g09890,13,0.0063,D-3-phosphoglycerate dehydrogenase,E1_1_1_95,,vv10260Glycine_serine_and_threonine_metabolism,
758,VIT_16s0013g02090,13,0.0063,F-box family protein,,,,
759,VIT_12s0028g00940,13,0.0063,Electron transfer flavoprotein alpha-subunit precursor (Alpha-ETF),K03522,,,
760,VIT_04s0008g06310,13,0.0062,Octicosapeptide/Phox/Bem1p (PB1) domain-containing protein,BEM1P,,vv50132Primary_active_transporter_cat_A5_to_A8,
761,VIT_18s0001g10130,13,0.0062,Zinc finger (C2H2 type) family,C2H2FAM_11,VvERF006,vv60017C2H2,
762,VIT_00s0508g00040,12,0.0058,Unknown protein,,,,
763,VIT_03s0063g01730,12,0.0058,Viral-response family protein-like,,,,
764,VIT_17s0000g09020,12,0.0058,No hit,,,,
765,VIT_04s0023g02100,12,0.0058,Unknown,,,,
766,VIT_05s0077g01330,12,0.0058,Unknown,,,,
767,VIT_10s0042g00960,12,0.0058,DNAJ heat shock N-terminal domain-containing protein,DNAJREL,,vv50132Primary_active_transporter_cat_A5_to_A8,
768,VIT_13s0047g00260,12,0.0058,Calcium/calmodulin-dependent protein kinase (CaM kinase) II,K04515,,vv34020Calcium_signaling_pathway,
769,VIT_14s0068g01300,12,0.0058,Serine palmitoyltransferase,E2_3_1_50,,vv10600Sphingolipid_metabolism,
770,VIT_00s0384g00020,12,0.0058,Basic helix-loop-helix (bHLH) family,BHLHDOM_93,,vv60011BHLH,
771,VIT_01s0127g00810,12,0.0058,Adaptor-related protein complex 1  sigma 2,AP1S2,,vv50110Protein_coat,
772,VIT_16s0100g00470,12,0.0058,BCL2 binding anthogene,,,,
773,VIT_14s0083g01120,11,0.0053,MAP3K-like protein kinase  putative  expressed,,,,
774,VIT_04s0023g00990,11,0.0053,Unknown protein,,,,
775,VIT_19s0015g00780,11,0.0053,DNA-directed RNA Polymerase III subunit C5,K03027,,vv23020RNA_polymerase,
776,VIT_03s0038g02680,11,0.0053,Zeta-carotene desaturase,E1_14_99_30,,vv10906Carotenoid_biosynthesis,
777,VIT_18s0001g05800,11,0.0053,Dehydration-responsive protein,,,,
778,VIT_00s0414g00020,10,0.0048,Cellulose synthase CSLE1,E2_4_1_12_CSLE1,,vv40006Cell_wall,
779,VIT_15s0021g01010,10,0.0048,Phosphatidylinositol-4-phosphate 5-kinase,E2_7_1_68,,vv10562Inositol_phosphate_metabolism,vv34070Phosphatidylinositol_signaling_system
780,VIT_01s0011g00420,10,0.0048,RPK1 (receptor-like protein kinase 1),,,,
781,VIT_16s0013g00590,10,0.0048,Plastocyanin domain-containing protein,K02638,,vv10195Photosynthesis,vv50113Thylakoid_targeting_pathway
782,VIT_04s0044g00390,9,0.0044,Nodulin MtN21 family,MTN21,,vv50122Porters_cat_7_to_17,
783,VIT_15s0021g01220,9,0.0044,Transcription factor,TRIHELIXDOM_9,,vv60062Trihelix,
784,VIT_02s0087g00720,9,0.0044,Receptor protein kinase,,,,
785,VIT_19s0135g00100,9,0.0044,Ribosomal protein L18A (RPL18aB) 60S,K02882,,vv23010Ribosome,
786,VIT_16s0050g00230,9,0.0044,Zinc knuckle,ZFC2HC,,,
787,VIT_11s0016g02930,9,0.0044,Derlin-3  putative [Ricinus communis],K13989,,vv50133Primary_active_transporter_cat_A9_to_A18,
788,VIT_19s0014g04050,9,0.0044,S-locus lectin protein kinase,,,,
789,VIT_08s0007g00550,9,0.0044,ftsh3 (FtsH protease 3),FTSH3,,vv50133Primary_active_transporter_cat_A9_to_A18,
790,VIT_12s0059g00890,9,0.0044,Dienelactone hydrolase,E3_1_1_45,,vv11000Single_reactions,
791,VIT_17s0000g05800,9,0.0044,Delta-1-pyrroline-5-carboxylate dehydrogenase (P5CDH),E1_5_1_12,,vv10251Glutamate_metabolism,vv10330Arginine_and_proline_metabolism
792,VIT_13s0084g00130,9,0.0044,CXE carboxylesterase,E3_1_1_1,,,
793,VIT_01s0011g02170,9,0.0044,Endo-1 4-beta-glucanase,E3_2_1_4,,vv40006Cell_wall,
794,VIT_16s0098g00480,9,0.0044,Lipase class 3,,,,
795,VIT_13s0019g04720,9,0.0043,Vacuolar protein sorting 33,VPS33,,vv50111Tethering_factors,
796,VIT_03s0063g01890,9,0.0043,Ring-H2 finger protein ATL3G,,,,
797,VIT_04s0023g03710,9,0.0043,Myb domain protein 4,MYB4_1,MYB4B,vv60044MYB,
798,VIT_09s0018g00300,9,0.0043,N-acetyltransferase hookless1 HLS1,HLS1_2,,vv30008Ethylene_signaling,vv50004Auxin_transport
799,VIT_08s0007g09040,9,0.0043,DnaJ homolog  subfamily A  member 5,K09506_2,,vv50132Primary_active_transporter_cat_A5_to_A8,vv60017C2H2
800,VIT_11s0016g01160,9,0.0043,GCN5 N-acetyltransferase (GNAT),GCN5_3,,vv60082GNAT,
801,VIT_05s0062g00930<br>VIT_13s0084g00500<br>VIT_18s0089g00810<br>VIT_18s0072g00010,9,0.0043,
802,VIT_12s0059g01590,9,0.0043,Lipase GDSL,,,,
803,VIT_16s0013g00210,9,0.0043,Metacaspase 1,,,,
804,VIT_15s0046g02530,9,0.0043,Rho guanyl-nucleotide exchange factor ROPGEF2,ROPGEF2,,,
805,VIT_17s0000g00120,9,0.0043,Exostosin,K02366,,vv11030Glycan_structures-biosynthesis1,
806,VIT_08s0007g07820,9,0.0043,RLK902 (receptor-like kinase 902),,,,
807,VIT_13s0019g00470,7,0.0034,No hit,,,,
808,VIT_11s0052g00800,7,0.0034,Protein kinase family,,,,
809,VIT_14s0083g00240,7,0.0034,Stress protein,,,,
810,VIT_14s0083g01180,6,0.0029,Unknown protein,,,,
811,VIT_07s0104g00880,6,0.0029,Arabidopsis histidine phosphotransfer AHP1,AHP1,,vv30007Cytokinin_signaling,
812,VIT_13s0067g02530,6,0.0029,Unknown protein,,,,
813,VIT_01s0011g00840,6,0.0029,Ankyrin,K10380,,vv50108Accessory_factors_involved_in_transport,
814,VIT_07s0005g05560,6,0.0029,No hit,,,,
815,VIT_05s0020g03750,6,0.0029,Protease inhibitor/seed storage/lipid transfer protein (LTP),,,,
816,VIT_00s0266g00020<br>VIT_00s0372g00020<br>VIT_00s0271g00010<br>VIT_00s0385g00020<br>VIT_00s0522g00020<br>VIT_00s0372g00060<br>VIT_00s0372g00030<br>VIT_00s0385g00010,6,0.0029,
817,VIT_07s0095g00790,6,0.0029,Homeodomain GLABROUS12,HDG12_1,,vv60034HB,
818,VIT_11s0052g01530,6,0.0029,MATE efflux family protein,MATE,,vv50125Porters_cat_66_to_94,
819,VIT_00s0229g00110,6,0.0029,Agenet domain-containing protein,,,,
820,VIT_09s0002g00420,6,0.0029,Senescence-associated protein,,,,
821,VIT_14s0081g00720,6,0.0029,Basic helix-loop-helix (bHLH) family,BHLHDOM_9,,vv60011BHLH,
822,VIT_07s0005g04700,6,0.0029,Dihydroneopterin aldolase,E4_1_2_25,,vv10790Folate_biosynthesis,
823,VIT_09s0054g00500,6,0.0029,No hit,,,,
824,VIT_13s0067g02360,6,0.0029,Peroxidase  class III,E1_11_1_7,,vv10360Phenylalanine_metabolism,vv10680Methane_metabolism
825,VIT_13s0019g02500,6,0.0029,No hit,,,,
826,VIT_01s0011g00950,6,0.0029,RPM1 (resistance to p. syringae pv maculicola 1),K13457,,vv34626Plant-pathogen_interaction,
827,VIT_08s0007g05180,6,0.0029,Unknown,,,,
828,VIT_07s0151g01130,6,0.0029,Patatin,,,,
829,VIT_19s0014g01940,6,0.0029,Unknown,,,,
830,VIT_10s0071g00310,6,0.0029,F-box/LRR-repeat protein 2,,,,
831,VIT_06s0080g00850,6,0.0029,Cysteine peptidase,E3_4_22_x,,,
832,VIT_18s0001g11600,6,0.0029,Transducin protein,,,,
833,VIT_16s0098g00650,6,0.0029,No hit,,,,
834,VIT_00s0335g00080,6,0.0029,R protein MLA10,K13475,,vv34627R_proteins_from_Plant-pathogen_interaction,
835,VIT_01s0011g05860,6,0.0029,Aspartate-semialdehyde dehydrogenase,E1_2_1_11,,vv10260Glycine_serine_and_threonine_metabolism,vv10300Lysine_biosynthesis
836,VIT_16s0050g01100,6,0.0029,Zinc finger (C2H2 type) family,C2H2FAM_37,,vv60017C2H2,
837,VIT_08s0007g00010,6,0.0029,ARF GTPase activator  ARF-GAP Domain 6,AGD6,,vv50110Protein_coat,
838,VIT_03s0017g02330,6,0.0029,Coproporphyrinogen III oxidase  chloroplast precursor,E1_3_3_3,,vv10860Porphyrin_and_chlorophyll_metabolism,
839,VIT_07s0031g00790,6,0.0029,Steroid nuclear receptor  ligand-binding,,,,
840,VIT_07s0031g03180,6,0.0029,No hit,,,,
841,VIT_14s0060g01090,6,0.0029,LNG1 (LONGIFOLIA1),,,,
842,VIT_05s0020g04540,6,0.0029,Beta-ketoacyl-CoA synthase,E2_3_1_41,,vv10061Fatty_acid_biosynthesis,
843,VIT_05s0049g01850,6,0.0029,Unknown protein,,,,
844,VIT_13s0019g05230,4,0.0019,NAC domain-containing protein50,NAC050,VvNAC21,vv60046NAC,
845,VIT_17s0000g02770,4,0.0019,Disease resistance protein (CC-NBS-LRR class),,,,
846,VIT_00s1373g00010,4,0.0019,Transducin protein,,,,
847,VIT_08s0007g07800,4,0.0019,RAB GTPase RABA4D,K07976,,,
848,VIT_06s0061g00590,4,0.0019,Nodulin family protein,,,,
849,VIT_09s0002g03140,4,0.0019,Lipase GDSL,,,,
850,VIT_07s0005g03960,3,0.0015,Peptide transporter protein 3,PTR3,,vv50122Porters_cat_7_to_17,
851,VIT_18s0001g09940,3,0.0015,VFB1 (VIER F- box  proteinE 1),,,,
852,VIT_16s0050g01220,3,0.0015,Heavy-metal-associated domain-containing protein,,,,
853,VIT_16s0022g02350,3,0.0015,ACI13,,,,
854,VIT_07s0151g00960,3,0.0015,WD repeat domain 5,WDR5,,vv50133Primary_active_transporter_cat_A9_to_A18,
855,VIT_04s0023g01890,3,0.0015,Unknown protein,,,,
856,VIT_07s0104g00270,3,0.0015,Isopentenyltransferase 5,E2_5_1_27,,vv10908Zeatin_biosynthesis,
857,VIT_12s0059g00420<br>VIT_12s0059g00370<br>VIT_12s0059g00310<br>VIT_12s0059g00340<br>VIT_12s0059g00350<br>VIT_12s0059g00400<br>VIT_12s0059g00430,3,0.0015,
858,VIT_00s0286g00050,3,0.0015,S-locus protein kinase,,,,
859,VIT_08s0056g00270,3,0.0015,Unknown protein,,,,
860,VIT_18s0001g13680,3,0.0015,Histone H3,,,,
861,VIT_04s0023g01060,3,0.0015,Proton gradient regulation 3,PGR3,,,
862,VIT_18s0001g14990,3,0.0015,Dual-specific kinase DSK1,,,,
863,VIT_15s0048g02460,3,0.0015,Quercetin 3-O-methyltransferase 1,E2_1_1_76,,vv10941Flavonoid_biosynthesis,
864,VIT_07s0005g02420,3,0.0015,Haloacid dehalogenase hydrolase,E3_1_3_18,,vv10630Glyoxylate_and_dicarboxylate_metabolism,
865,VIT_16s0039g01220,3,0.0015,C2 domain-containing protein,,,,
866,VIT_06s0004g02080,3,0.0015,TRNA-specific 2-thiouridylase,K00566,,vv24122Sulfur_relay_system,
867,VIT_08s0007g08870,3,0.0015,Unknown,,,,
868,VIT_09s0002g05890,3,0.0015,No hit,,,,
869,VIT_01s0011g05370,3,0.0015,Phosphoglucomutase  cytoplasmic,E5_4_2_2,,vv10010Glycolysis,vv10030Pentose_phosphate
870,VIT_10s0071g00620,3,0.0015,No hit,,,,
871,VIT_04s0044g00660,3,0.0015,S-receptor kinase,,,,
872,VIT_18s0001g15600,3,0.0015,Vacuolar protein sorting 45,VPS45,,vv24130SNARE_interactions_in_vesicular_transport,
873,VIT_11s0016g00290,3,0.0015,Pectinesterase PME3,E3_1_1_11,,vv40006Cell_wall,
874,VIT_13s0067g01800,3,0.0015,Histidine acid phosphatase,E3_1_3_2,,vv10740Riboflavin_metabolism,
875,VIT_14s0030g02020,3,0.0015,Aldo/keto reductase,E1_1_1_21,,vv10040Pentose_glucuronate_interconversion,vv10051Fructose_and_mannose_metabolism
876,VIT_02s0025g02970,3,0.0015,flavanone 3-beta-hydroxylase,E1_14_11_9,,vv10941Flavonoid_biosynthesis,
877,VIT_14s0006g03090,3,0.0015,Cellulose synthase CESA9,E2_4_1_12_CESA9,,vv40006Cell_wall,
878,VIT_19s0090g01790,3,0.0015,Armadillo/beta-catenin repeat,,,,
879,VIT_07s0031g00750,3,0.0015,MATE efflux family protein,MATE,,vv50125Porters_cat_66_to_94,
880,VIT_08s0032g00730,3,0.0015,F-box and JmjC domain protein,JMJD7_1,,vv60038Jumonji,
881,VIT_16s0013g02170,3,0.0015,Protein kinase,,,,
882,VIT_11s0016g02490,3,0.0015,Ndr family protein,,,,
883,VIT_02s0012g01170,3,0.0015,Pyruvate kinase,E2_7_1_40,,vv10010Glycolysis,vv10230Purine_metabolism
884,VIT_15s0046g00010,3,0.0015,No hit,,,,
885,VIT_08s0007g07240,3,0.0015,Armadillo helical,,,,
886,VIT_00s0218g00100,3,0.0015,Metal transporter Nramp6,NRAMP6,,vv50124Porters_cat_30_to_64,
887,VIT_10s0071g00270,3,0.0015,Abscisic acid-insensitive protein 3 (ABI3),ABI3_1,,vv30001ABA_signaling,vv30003Auxin_signaling
888,VIT_18s0166g00220,3,0.0015,No hit,,,,
889,VIT_02s0025g02500,3,0.0015,Metal-nicotianamine transporter YSL1,YSL1,,vv50125Porters_cat_66_to_94,
890,VIT_10s0116g01760,3,0.0015,Myb caprice CPC,CAPRICE_2,,vv60045MYBrelated,
891,VIT_07s0141g00040,3,0.0015,Protein phosphatase 2C,E3_1_3_16,,,
892,VIT_14s0083g00050,3,0.0015,DDT domain-containing protein,DDTDOM_3,,vv60025DDT,
893,VIT_13s0067g01840,3,0.0015,ferritin,E1_16_3_1,,vv10860Porphyrin_and_chlorophyll_metabolism,
894,VIT_07s0005g03590,3,0.0015,NADH dehydrogenase subunit 7,K05579,,vv10190Oxidative_phosphorylation,vv50134Primary_active_transporter_cat_D1
895,VIT_15s0046g01170,3,0.0015,Dihydroflavonol 4-reductase (dihydrokaempferol 4-reductase) (BAN),E1_1_1_219,,vv10941Flavonoid_biosynthesis,
896,VIT_14s0060g01680,3,0.0015,TPR3 (topless-related 3),TPR3,,vv30003Auxin_signaling,
897,VIT_09s0018g01180,3,0.0015,TTL (transthyretin-like protein),TTRL,,vv50109Incompletely_characterized_transport_systems,
898,VIT_17s0000g06930,3,0.0015,Unfertilized embryo sac 10 UNE10,UNE10_3,,vv60011BHLH,
899,VIT_00s0286g00130,3,0.0015,S-locus lectin protein kinase,,,,
900,VIT_02s0012g01660,3,0.0015,ATPase PGP2 (P-glycoprotein 2),PGP2,,vv52010ABC_transporters,
901,VIT_09s0070g00500,3,0.0015,Ubiquitin-specific protease 3 (UBP3),K01072,,,
902,VIT_03s0017g01480,3,0.0015,Integral membrane Yip1 family protein,YIP1,,vv50110Protein_coat,
903,VIT_15s0046g02150,3,0.0014,WRKY DNA-binding protein 24,WRKY24,VvWRKY48,vv60066WRKY,
904,VIT_17s0000g00490,3,0.0014,Sterile alpha motif (SAM) domain-containing,,,,
905,VIT_07s0005g06550,3,0.0014,Unknown protein,,,,
906,VIT_15s0107g00380,3,0.0014,Basic helix-loop-helix (bHLH) family,BHLHDOM_10,,vv60011BHLH,
907,VIT_03s0038g01510,3,0.0014,Unknown protein,,,,
908,VIT_09s0070g00450,3,0.0014,No hit,,,,
909,VIT_12s0028g03480,3,0.0014,Wax synthase,E2_3_1_75,,vv11000Single_reactions,
910,VIT_12s0057g00800,3,0.0014,Receptor Like Protein 27,,,,
911,VIT_16s0050g01570,3,0.0014,Synbindin TRAPPC1,TRAPPC1,,vv50110Protein_coat,
912,VIT_18s0001g08570,3,0.0014,Amino acid permease,AAPREL,,vv50123Porters_cat_18_to_29,
913,VIT_06s0009g00320,3,0.0014,U-box protein,,,,
914,VIT_09s0054g01340,3,0.0014,Beta-amyrin synthase,E5_4_99_BAS,,vv10900Terpenoid_biosynthesis,
915,VIT_15s0045g01090,3,0.0014,Unknown protein,,,,
916,VIT_14s0030g01070,3,0.0014,No hit,,,,
917,VIT_17s0000g09780,3,0.0014,Methionine sulfoxide reductase A,E1_8_4_11,,vv10271Methionine_metabolism,
918,VIT_06s0004g06740,3,0.0014,No hit,,,,
919,VIT_18s0041g02150,3,0.0014,Lipase GDSL,,,,
920,VIT_09s0018g01650,3,0.0014,Wrinkled1 (AP2/ERBP),WRINKLED1_1,VvAP2-06,vv30008Ethylene_signaling,vv60003AP2_EREBP
921,VIT_14s0006g00250,3,0.0014,Cysteine-rich repeat secretory protein 60,,,,
922,VIT_13s0073g00170,3,0.0014,Exocyst subunit EXO70 A1,EXO70A1,,vv50111Tethering_factors,
923,VIT_07s0005g06300,3,0.0014,Phototropic-responsive NPH3,,,,
924,VIT_12s0142g00310,3,0.0014,Oxygen evolving enhancer 3 (PsbQ),K08901,,vv10195Photosynthesis,vv50113Thylakoid_targeting_pathway
925,VIT_17s0053g00590,3,0.0014,Kinase interacting protein,,,,
926,VIT_14s0060g00680,3,0.0014,Lipase GDSL,,,,
927,VIT_07s0031g01720,3,0.0014,Ras-related protein Rab-7A,K07897,,vv44145Phagosome,
928,VIT_08s0007g00480,3,0.0014,Oxysterol binding protein,,,,
929,VIT_08s0040g00380,3,0.0014,Zinc finger (DHHC type) family,ZFDHHC_22,,vv60079Other_zf-DHHC,
930,VIT_18s0001g05400,3,0.0014,Unknown,,,,
931,VIT_12s0142g00250,3,0.0014,Potassium transporter (KUP7),KUP7,,vv50125Porters_cat_66_to_94,
932,VIT_06s0080g00120,3,0.0014,Male sterility 2 (MS2) Acyl-CoA reductase,,,,
933,VIT_14s0068g00340,3,0.0014,Transcription initiation factor TFIID subunit 8,TAF8,,vv23022Basal_transcription_factors,
934,VIT_18s0122g00590,3,0.0014,DNA-binding protein,,,,
935,VIT_02s0025g01190,3,0.0014,Extra-large G-protein (XLG1),,,,
936,VIT_13s0019g03020,3,0.0014,Glucosyltransferase-2,,,,
937,VIT_12s0034g01770,3,0.0014,Unknown,,,,
938,VIT_01s0011g06370,3,0.0014,Clathrin assembly protein 13,CAP13,,vv50110Protein_coat,
939,VIT_15s0048g02900,3,0.0014,CYP78A3p,,,,
940,VIT_10s0116g00910,3,0.0014,CERK1 (chitin elicitor receptor kinase 1),K13429,,vv34626Plant-pathogen_interaction,
941,VIT_14s0066g01210,3,0.0014,Carbonic anhydrase  chloroplast precursor,E4_2_1_1,,vv10910Nitrogen_metabolism,vv50124Porters_cat_30_to_64
942,VIT_03s0017g01080,3,0.0014,No hit,,,,
943,VIT_18s0122g01370,3,0.0014,Unknown protein,,,,
944,VIT_12s0035g01200,3,0.0014,AMP-dependent synthetase and ligase,E6_2_1_x,,,
945,VIT_18s0001g05380,3,0.0014,TTL1 (tetratricopetide-repeat thioredoxin-like 1),,,,
946,VIT_04s0008g05890,3,0.0014,Hydroxycinnamoyl-CoA:shikimate hydroxycinnamoyltransferase,E2_3_1_133,,vv10940Phenylpropanoid_biosynthesis,
947,VIT_00s0181g00030,3,0.0014,No hit,,,,
948,VIT_17s0000g05450,3,0.0014,ELF5 (early flowering 5),ELF5,,vv30009Flower_development,
949,VIT_01s0011g01230,3,0.0014,GTP-binding protein (ERG),E3_6_5_1,,,
950,VIT_09s0054g00120,3,0.0014,Kinesin family member 22,K10403,,vv44810Regulation_of_actin_cytoskeleton,
951,VIT_08s0040g01920,3,0.0014,Crinkly4,,,,
952,VIT_15s0046g03500,3,0.0014,Metal ion binding,,,,
953,VIT_07s0005g02950,3,0.0014,AN3 (ANGUSITFOLIA3),AN3_2,,vv60031GIF,
954,VIT_11s0016g05630,3,0.0014,Acetylglucosaminyltransferase,E2_4_1_223,,vv11030Glycan_structures-biosynthesis1,
