Vv_m2,2000,1000,VIT_17s0000g09270
rank,node,Fabs,Frel,Functional-annotation,Name-EC-KeggID,Updated-name,Network1,Network2
1,VIT_06s0080g00760,2070,1.0000,Unknown protein,,,,
2,VIT_12s0059g00190,2068,0.9995,Beta-expansin (EXPB3),EXPB3,,vv30003Auxin_signaling,
3,VIT_14s0068g02010,2054,0.9995,IMP dehydrogenase/GMP reductase,E1_1_1_205,,vv10230Purine_metabolism,
4,VIT_04s0069g01120,2071,0.9986,Acyl-activating enzyme 7,E6_2_1_3,,vv10071Fatty_acid_metabolism,vv50104Group_translocators
5,VIT_10s0003g00600,2058,0.9985,Lipase GDSL,,,,
6,VIT_05s0102g00370,2060,0.9981,Receptor protein kinase (ACR4),,,,
7,VIT_07s0031g01680,2088,0.9971,CYP86A1,,,,
8,VIT_14s0128g00160,2079,0.9971,Protein kinase CDG1,,,,
9,VIT_07s0129g00070<br>VIT_07s0129g00150,2071,0.9952,
10,VIT_13s0073g00140,2071,0.9952,Ovate family protein 13 OFP13,OFP13_2,,vv60086OFP,
11,VIT_09s0002g03050,2082,0.9938,Lipase GDSL,,,,
12,VIT_16s0022g00370,2052,0.9937,GDP-mannose transporter (GONST1),GONST1,,vv50122Porters_cat_7_to_17,
13,VIT_07s0151g00510,2048,0.9932,GCN5 N-acetyltransferase (GNAT),GCN5_22,,vv60082GNAT,
14,VIT_18s0089g00510,2044,0.9874,Isopentenyltransferase 1,E2_5_1_27,,vv10908Zeatin_biosynthesis,
15,VIT_17s0000g03750,2037,0.9845,Chitin elicitor-binding CEBIP LysM domain-containing,K13473,,vv34626Plant-pathogen_interaction,
16,VIT_10s0003g00560,2044,0.9817,Wuschel homeobox 9,WOX9,VvHB37,vv60034HB,
17,VIT_15s0021g02300,2034,0.9817,Squamosa promoter-binding protein 8 (SPL8),SPL8,,vv60055SBP,
18,VIT_03s0038g01960,2040,0.9808,Proline-rich family protein,,,,
19,VIT_05s0077g01670,2021,0.9782,Major cherry allergen Pru av 1.0202,,,,
20,VIT_12s0057g01450,2023,0.9773,Subtilisin protease,,,,
21,VIT_14s0068g01540,2009,0.9748,PBS1 (avrPphB susceptible 1),K13430,,vv34626Plant-pathogen_interaction,
22,VIT_04s0044g00190,2017,0.9739,Mannitol dehydrogenase,E1_1_1_67,,vv10051Fructose_and_mannose_metabolism,
23,VIT_12s0059g01830,1996,0.9675,Unknown,,,,
24,VIT_03s0063g00370,1993,0.9665,Nitrite reductase,E1_7_7_1,,vv10910Nitrogen_metabolism,
25,VIT_05s0062g01140,1992,0.9623,Aromatic and neutral transporter 1,ANT1,,vv50123Porters_cat_18_to_29,
26,VIT_02s0025g01190,1986,0.9617,Extra-large G-protein (XLG1),,,,
27,VIT_14s0128g00510<br>VIT_14s0128g00550,1986,0.9608,
28,VIT_00s0225g00070,1968,0.9581,MATE efflux family protein,MATE,,vv50125Porters_cat_66_to_94,
29,VIT_13s0067g02910,1993,0.9577,Non-specific lipid-transfer protein,,,,
30,VIT_05s0077g00530,1943,0.9314,Unknown protein,,,,
31,VIT_10s0597g00050,1914,0.9296,Heat shock transcription factor B2A,HSFB2A_3,,vv60037HSF,
32,VIT_14s0060g02330,1917,0.9279,Actin binding formin homology 1,FH2,,vv44810Regulation_of_actin_cytoskeleton,
33,VIT_15s0046g02410,1915,0.9278,Aquaporin TMP-C,TMPC,,vv50101Channels_and_pores,
34,VIT_00s0286g00110,1901,0.9148,S-locus protein kinase,,,,
35,VIT_14s0060g01090,1886,0.9138,LNG1 (LONGIFOLIA1),,,,
36,VIT_02s0012g02030,1860,0.9069,Homeobox-7,VVHB7_1,VvHB09,vv60034HB,
37,VIT_03s0038g03160<br>VIT_03s0038g03140,1867,0.9037,
38,VIT_11s0118g00180,1877,0.8998,HHP1 (heptahelical protein 1),,,,
39,VIT_01s0011g02800,1858,0.8993,RIC7 (ROP-interactive crib motif-containing protein 7),,,,
40,VIT_01s0011g00720,1855,0.8983,WRKY DNA-binding protein 57,WRKY57,VvWRKY01,vv60066WRKY,
41,VIT_03s0038g01830,1860,0.8968,Proline-rich protein 4,,,,
42,VIT_01s0146g00410,1848,0.8940,GEM-like protein 5,,,,
43,VIT_04s0008g06300,1841,0.8920,Leucine-rich repeat family,,,,
44,VIT_09s0002g03940,1830,0.8914,AP2/EREBP transcription factor,TINY2_1,VvERF034,vv30008Ethylene_signaling,vv60003AP2_EREBP
45,VIT_12s0059g01820,1829,0.8896,Protein phosphatase 1D,K10147,,,
46,VIT_01s0011g02780,1820,0.8788,Unknown protein,,,,
47,VIT_10s0116g00630,1814,0.8763,Unknown protein,,,,
48,VIT_13s0067g00400,1789,0.8618,Anthranilate synthase alpha 1,E4_1_3_27,,vv10400Phenylalanine_tyrosine_and_tryptophan_biosynthesis,
49,VIT_03s0110g00100,1767,0.8603,CYP86A8,,,,
50,VIT_01s0011g03210,1770,0.8551,Aspartyl protease,E3_4_23_x,,,
51,VIT_07s0031g02440,1754,0.8461,Amino acid permease 3,AAP3,,vv50123Porters_cat_18_to_29,
52,VIT_19s0014g04690,1744,0.8429,Indole-3-acetic acid-amido synthetase,AUXINBIOSYNTHESIS_GH3,,vv11002Auxin_biosynthesis,
53,VIT_05s0094g00470,1737,0.8355,Zinc finger (C3HC4-type ring finger),ZFC3HC4_201,,vv60078Other_zf-C3HC4,
54,VIT_00s0286g00130,1726,0.8346,S-locus lectin protein kinase,,,,
55,VIT_00s0286g00050,1710,0.8277,S-locus protein kinase,,,,
56,VIT_01s0010g00710,1706,0.8214,Armadillo/beta-catenin repeat protein / U-box domain-containing protein ,,,,
57,VIT_18s0001g10830,1691,0.8193,Patatin,,,,
58,VIT_11s0016g04300,1679,0.8158,Nudix hydrolase 20  chloroplast precursor (AtNUDT20),,,,
59,VIT_15s0021g02110,1684,0.8116,AP2 domain-containing transcription factor TINY,TINY_8,VvERF029,vv30008Ethylene_signaling,vv60003AP2_EREBP
60,VIT_14s0066g02640,1672,0.8093,No hit,,,,
61,VIT_15s0046g01960,1651,0.8022,Hydroquinone glucosyltransferase,E2_4_1_218,,vv10500Starch_and_sucrose_metabolism,
62,VIT_18s0001g14910,1659,0.8014,Mannitol dehydrogenase,E1_1_1_67,,vv10051Fructose_and_mannose_metabolism,
63,VIT_03s0038g04500,1660,0.8000,Bifunctional dihydrofolate reductase-thymidylate synthase 1,K13998,,vv10240Pyrimidine_metabolism,vv10670One_carbon_pool_by_folate
64,VIT_17s0000g03770,1653,0.7989,No hit,,,,
65,VIT_10s0071g00280,1641,0.7982,No hit,,,,
66,VIT_10s0003g05420,1639,0.7929,S-2-hydroxy-acid oxidase  peroxisomal,E1_1_3_15,,vv10630Glyoxylate_and_dicarboxylate_metabolism,
67,VIT_13s0019g05100,1629,0.7908,Amino acid binding protein,,,,
68,VIT_17s0053g00780,1638,0.7890,Homeodomain GLABROUS11,HDG11_1,VvHB60,vv60034HB,
69,VIT_07s0129g00270,1629,0.7881,Casein kinase II alpha chain,K03097,,vv23008Ribosome_biogenesis_in_Eukaryotes,vv34710Circadian_rhythm
70,VIT_18s0122g00220,1635,0.7880,Phosphodiesterase/alkaline phosphatase D,E3_1_4_1,,,
71,VIT_04s0023g02840,1606,0.7762,Leucine-rich repeat disease resistance protein,,,,
72,VIT_06s0004g06070,1594,0.7730,Unknown protein,,,,
73,VIT_10s0092g00510,1588,0.7671,CYP71D10p,E1_14_13_73,,vv10902Monoterpenoid_biosynthesis,
74,VIT_08s0058g00870,1589,0.7650,Unknown protein,,,,
75,VIT_04s0023g01590,1567,0.7614,No hit,,,,
76,VIT_05s0094g00560,1577,0.7607,Stearoyl-ACP desaturase,E1_14_19_2,,vv11040Biosynthesis_of_unsaturated_fatty_acids,
77,VIT_08s0007g05030,1580,0.7600,Myb domain protein 36,MYB36_2,MYB150,vv60044MYB,
78,VIT_15s0046g03240,1574,0.7589,Unknown protein,,,,
79,VIT_02s0025g03320,1563,0.7543,CYP86A2,,,,
80,VIT_01s0010g03810,1562,0.7502,No hit,,,,
81,VIT_13s0019g04260,1539,0.7471,Monoglyceride lipase,E3_1_1_23,,vv10561Glycerolipid_metabolism,
82,VIT_00s0361g00090,1533,0.7435,Phototropic-responsive NPH3 protein,,,,
83,VIT_01s0010g03800,1533,0.7427,Unknown protein,,,,
84,VIT_19s0090g00730,1540,0.7422,No hit,,,,
85,VIT_02s0025g00750,1529,0.7419,Pinoresinol forming dirigent protein,DIRPR,,vv10940Phenylpropanoid_biosynthesis,
86,VIT_13s0156g00540,1521,0.7401,Disease resistance protein (CC-NBS-LRR class),,,,
87,VIT_18s0001g13080,1502,0.7284,Unknown protein,,,,
88,VIT_15s0046g00500,1509,0.7283,Wax synthase,E2_3_1_75,,vv11000Single_reactions,
89,VIT_13s0064g01510,1502,0.7267,Auxin-independent growth promoter,,,,
90,VIT_09s0002g03140,1495,0.7240,Lipase GDSL,,,,
91,VIT_16s0098g01870,1483,0.7171,SOS3 (salt overly sensitive 3),E3_1_3_16,,,
92,VIT_05s0124g00100,1455,0.7039,Unknown,,,,
93,VIT_03s0063g01890,1447,0.7004,Ring-H2 finger protein ATL3G,,,,
94,VIT_06s0004g07220,1444,0.6989,Indole-3-acetate beta-glucosyltransferase,E2_4_1_121,,vv11002Auxin_biosynthesis,
95,VIT_05s0029g00690,1439,0.6975,RPM1-interacting protein 4,K13456,,vv34626Plant-pathogen_interaction,
96,VIT_18s0001g14660,1420,0.6893,P-glycoprotein 13,PGP13,,vv52010ABC_transporters,
97,VIT_07s0031g01670,1434,0.6871,CYP96A10,,,,
98,VIT_01s0011g04740,1400,0.6796,LPR1 (Low Phosphate Root1) multicopper oxidase,,,,
99,VIT_15s0046g01790,1403,0.6768,ARID/BRIGHT DNA-binding domain-containing protein / ELM2,ARID_4,,vv60005ARID,
100,VIT_10s0071g00270,1394,0.6747,Abscisic acid-insensitive protein 3 (ABI3),ABI3_1,,vv30001ABA_signaling,vv30003Auxin_signaling
101,VIT_01s0026g02530,1377,0.6681,Beta-1 3-galactosyltransferase,K07819,,vv10602Glycosphingolipid_biosynthesis,
102,VIT_14s0068g00150,1385,0.6671,No hit,,,,
103,VIT_12s0035g00010,1371,0.6620,DNA (cytosine-5)-methyltransferase (ATHIM),E2_1_1_37,,vv10271Methionine_metabolism,
104,VIT_13s0067g01580,1372,0.6593,Anthocyaninless2 (ANL2),ANL2_4,,vv60034HB,
105,VIT_18s0001g10050,1364,0.6593,LRX1 (leucine-rich repeat/extensin 1),EXTENSIN,,vv40006Cell_wall,
106,VIT_12s0034g00250,1360,0.6567,Aquaporin PIP1A,PIP1A,,vv50101Channels_and_pores,
107,VIT_02s0025g02600,1350,0.6553,Glyoxal oxidase,,,,
108,VIT_07s0005g01520,1354,0.6532,WRKY DNA-binding protein 35,WRKY35,VvWRKY18,vv60066WRKY,
109,VIT_18s0072g00580<br>VIT_11s0065g00040,1340,0.6486,
110,VIT_09s0002g06750,1349,0.6479,ERF/AP2 transcription factor sub B-6 SHINE,SHINE1_1,VvERF042,vv30008Ethylene_signaling,vv60003AP2_EREBP
111,VIT_19s0090g01050,1325,0.6420,Endo-beta-1 4-glucanase,E3_2_1_4,,vv40006Cell_wall,
112,VIT_06s0009g03390,1332,0.6395,No hit,,,,
113,VIT_19s0014g00090,1316,0.6382,Glucan endo-1 3-beta-glucosidase 4 precursor,E3_2_1_39,,vv10500Starch_and_sucrose_metabolism,
114,VIT_11s0065g00170,1318,0.6373,Squamosa promoter-binding protein 2 (SPL2),SPL2_3,,vv60055SBP,
115,VIT_13s0019g02880,1313,0.6331,UDP-glucoronosyl/UDP-glucosyl transferase,,,,
116,VIT_12s0028g00450,1306,0.6321,Carrier protein  Mitochondrial,K03454,,vv50123Porters_cat_18_to_29,
117,VIT_01s0137g00410,1311,0.6318,CYP86A2,,,,
118,VIT_14s0006g02960,1308,0.6313,KH domain containing protein,,,,
119,VIT_17s0000g00120,1301,0.6303,Exostosin,K02366,,vv11030Glycan_structures-biosynthesis1,
120,VIT_06s0004g01550,1291,0.6261,Phosphoribosylanthranilate transferase,E2_4_2_18,,vv10400Phenylalanine_tyrosine_and_tryptophan_biosynthesis,
121,VIT_16s0039g01910,1296,0.6246,Vegetative storage protein win4.5,,,,
122,VIT_11s0016g05340,1292,0.6227,Ethylene-responsive transcription factor SHINE 3,SHINE3_2,VvERF043,vv30008Ethylene_signaling,vv60003AP2_EREBP
123,VIT_10s0003g00620,1287,0.6220,Lipase GDSL,,,,
124,VIT_10s0003g00420,1271,0.6170,Auxin response factor 3,ARF3_2,,vv30003Auxin_signaling,vv60004ARF
125,VIT_16s0039g02750,1253,0.6094,NADH glutamate dehydrogenase,E1_4_1_3,,vv10251Glutamate_metabolism,vv10330Arginine_and_proline_metabolism
126,VIT_18s0001g05400,1256,0.6094,Unknown,,,,
127,VIT_04s0044g02010,1253,0.6074,Gibberellin 20 oxidase 2,E1_14_11_12,,vv10904Diterpenoid_biosynthesis,
128,VIT_07s0005g04760,1253,0.6047,PfkB-type carbohydrate kinase,,,,
129,VIT_00s0445g00040,1260,0.6034,Unknown,,,,
130,VIT_14s0066g01790,1245,0.6009,GASA like,GASAL,,vv30010Gibberellin_signaling,
131,VIT_15s0046g02380,1238,0.6001,CYP86A8,,,,
132,VIT_08s0007g00700,1245,0.5997,PCS1 (promotion of cell survival1) peptidase,,,,
133,VIT_18s0001g00560,1245,0.5994,Alpha-amylase / 1 4-alpha-D-glucan glucanohydrolase,E3_2_1_1,,vv10500Starch_and_sucrose_metabolism,
134,VIT_03s0180g00320,1244,0.5987,Indole-3-acetate beta-glucosyltransferase,E2_4_1_121,,vv11002Auxin_biosynthesis,
135,VIT_16s0022g00090,1241,0.5975,No hit,,,,
136,VIT_00s0684g00010,1238,0.5952,Protein kinase,,,,
137,VIT_01s0010g01870,1227,0.5930,Salicylic acid-induced fragment 1 protein,,,,
138,VIT_03s0063g00670,1226,0.5923,Cyclin-dependent kinase inhibitor ICK5,ICK5,,vv44110Cell_cycle,
139,VIT_05s0029g00510,1230,0.5908,Aquaporin PIP PIP1A,PIP1A,,vv50101Channels_and_pores,
140,VIT_15s0021g02290,1217,0.5882,Squamosa promoter-binding protein 2 (SPL2),SPL2_2,,vv60055SBP,
141,VIT_01s0026g01300,1218,0.5867,Unknown protein,,,,
142,VIT_12s0059g02310,1221,0.5865,PDF2 (protodermal factor2),PDF2_4,VvHB44,vv60034HB,
143,VIT_04s0008g05440,1220,0.5857,Ethylene-responsive transcription factor SHINE 3,SHINE3_1,VvERF044,vv30008Ethylene_signaling,vv60003AP2_EREBP
144,VIT_03s0038g01410,1198,0.5785,Aquaporin PIP PIP1A,PIP1A,,vv50101Channels_and_pores,
145,VIT_09s0002g03130,1192,0.5764,FRK1 (FLG22-induced receptor-like kinase 1),FRK1,,vv34626Plant-pathogen_interaction,
146,VIT_08s0007g07690,1192,0.5750,Polygalacturonase inhibiting protein PGIP1,PGIP,,,
147,VIT_04s0023g03710,1189,0.5719,Myb domain protein 4,MYB4_1,MYB4B,vv60044MYB,
148,VIT_04s0008g03630,1154,0.5635,Binding,,,,
149,VIT_04s0008g01850,1164,0.5610,Trihelix DNA-binding protein (GT2),GT2_2,,vv60062Trihelix,
150,VIT_18s0001g04520,1160,0.5593,No hit,,,,
151,VIT_00s0823g00020<br>VIT_00s0670g00020,1157,0.5581,
152,VIT_00s1190g00010<br>VIT_00s0936g00010,1157,0.5579,
153,VIT_05s0020g01960,1147,0.5571,Na+/H+ antiporter isoform 2,NHX2,,vv50124Porters_cat_30_to_64,
154,VIT_03s0063g00580,1144,0.5551,Rad54,K10875,,vv23440Homologous_recombination,vv60058SNF2
155,VIT_05s0020g04320,1149,0.5543,Pentatricopeptide repeat-containing protein,,,,
156,VIT_00s1663g00010,1147,0.5530,No hit,,,,
157,VIT_01s0026g00710,1123,0.5478,Cyclin delta-2,CYCD1_1,,vv44110Cell_cycle,
158,VIT_08s0007g02920,1127,0.5450,ATAN11 (ANTHOCYANIN11),,,,
159,VIT_09s0002g02220,1116,0.5391,Protein kinase CDG1,,,,
160,VIT_13s0019g05110,1119,0.5382,Amino acid binding protein,,,,
161,VIT_14s0068g01520,1114,0.5371,Double-stranded RNA-binding (DsRBD) domain-containing protein,,,,
162,VIT_01s0011g00080,1101,0.5355,Universal stress protein (USP) family protein,,,,
163,VIT_10s0116g00680,1104,0.5331,PDF2 (protodermal factor2),PDF2_2,VvHB35,vv60034HB,
164,VIT_19s0085g01010,1107,0.5322,No hit,,,,
165,VIT_16s0022g00340,1105,0.5320,Unknown,,,,
166,VIT_18s0001g11160,1082,0.5247,Unknown protein,,,,
167,VIT_10s0042g00060,1086,0.5241,No hit,,,,
168,VIT_17s0000g02660,1070,0.5209,Myb domain protein 6,MYB6_2,MYBC2-L2,vv60044MYB,
169,VIT_11s0016g04160,1084,0.5199,Sulfate transporter 3.5,SULTR3_5,,vv50124Porters_cat_30_to_64,
170,VIT_18s0001g10870,1073,0.5194,Patatin,,,,
171,VIT_08s0007g02890,1080,0.5187,Unknown protein,,,,
172,VIT_18s0001g10060,1068,0.5172,LRX1 (leucine-rich repeat/extensin 1),EXTENSIN,,vv40006Cell_wall,
173,VIT_13s0019g02500,1070,0.5172,No hit,,,,
174,VIT_04s0008g06170,1059,0.5121,Unknown protein,,,,
175,VIT_04s0023g01930,1044,0.5048,Basic helix-loop-helix (bHLH) family,BHLHDOM_15,,vv60011BHLH,
176,VIT_08s0007g00820,1044,0.5041,Proteinase inhibitor,,,,
177,VIT_16s0022g01810,1044,0.5029,AT-hook protein 1,,,,
178,VIT_11s0016g05510,1043,0.5010,Unknown protein,,,,
179,VIT_03s0038g02380,1020,0.4937,RAC G-protein Rac1,RAC1,,vv34020Calcium_signaling_pathway,
180,VIT_04s0044g01380,1013,0.4910,Myb domain protein 52,MYB52_3,MYB166,vv60044MYB,
181,VIT_16s0022g01740,1018,0.4908,Unknown protein,,,,
182,VIT_00s0456g00040<br>VIT_00s0374g00030,1015,0.4903,
183,VIT_12s0034g02560,1015,0.4887,DNA (cytosine-5)-methyltransferase (ATHIM),E2_1_1_37,,vv10271Methionine_metabolism,
184,VIT_14s0066g00400,1002,0.4855,Chalcone isomerase,E5_5_1_6,,vv10941Flavonoid_biosynthesis,
185,VIT_17s0000g01700,996,0.4835,Leucine-rich repeat transmembrane protein kinase,,,,
186,VIT_11s0016g00330,992,0.4825,Pectinesterase family,E3_1_1_11,,vv40006Cell_wall,
187,VIT_17s0000g00130,993,0.4799,SEC14 cytosolic factor,SEC14,,vv50122Porters_cat_7_to_17,
188,VIT_08s0007g02280,986,0.4784,Phospholipase C,E3_1_4_3,,vv10260Glycine_serine_and_threonine_metabolism,vv10562Inositol_phosphate_metabolism
189,VIT_17s0000g01000,979,0.4759,Amino acid-binding ACT,,,,
190,VIT_08s0032g00740,983,0.4742,Pentatricopeptide (PPR) repeat-containing,,,,
191,VIT_01s0026g00570,973,0.4728,Bet v I allergen,,,,
192,VIT_16s0050g02100,971,0.4711,Disease resistance,,,,
193,VIT_07s0005g05260<br>VIT_07s0005g05230,959,0.4633,
194,VIT_12s0057g01060,950,0.4632,Jasmonate O-methyltransferase,E2_1_1_141,,vv10592alpha-Linolenic_acid_metabolism,
195,VIT_00s0317g00160,952,0.4624,Chalcone and stilbene synthases,E2_3_1_74,,vv10941Flavonoid_biosynthesis,
196,VIT_12s0057g00700,939,0.4594,Glucan endo-1 3-beta-glucosidase 3 precursor,E3_2_1_39,,vv10500Starch_and_sucrose_metabolism,
197,VIT_13s0067g01410,943,0.4567,Anthranilate N-hydroxycinnamoyl/benzoyltransferase,E2_3_1_144,,vv10400Phenylalanine_tyrosine_and_tryptophan_biosynthesis,
198,VIT_13s0019g01520,926,0.4471,Protease inhibitor/seed storage/lipid transfer protein (LTP),,,,
199,VIT_18s0122g01280,924,0.4451,Niemann-Pick C1 protein precursor,NPC1,,vv50121Porters_cat_1_to_6,
200,VIT_17s0000g02650,922,0.4443,Myb domain protein 7,MYB7_2,MYBC2-L4,vv60044MYB,
201,VIT_07s0005g00390,916,0.4432,Beta Glucosidase 11,BGLU11,,,
202,VIT_01s0011g04720,919,0.4423,Multi copper oxidase type 1,,,,
203,VIT_01s0010g02030,913,0.4415,Gamma-thionin precursor,,,,
204,VIT_14s0006g02290,908,0.4382,DREB sub A-4 of ERF/AP2 transcription factor,TINY_2,VvERF028,vv30008Ethylene_signaling,vv60003AP2_EREBP
205,VIT_13s0019g04450,907,0.4373,ATSYTA/NTMC2T1.1/NTMC2TYPE1.1/SYTA,NTMC2T1_1,,vv50109Incompletely_characterized_transport_systems,
206,VIT_00s0229g00160,903,0.4360,formyltetrahydrofolate deformylase,E3_5_1_10,,vv10630Glyoxylate_and_dicarboxylate_metabolism,vv10670One_carbon_pool_by_folate
207,VIT_12s0178g00090,891,0.4309,Diacylglycerol kinase 1,E2_7_1_107,,vv10561Glycerolipid_metabolism,vv10564Glycerophospholipid_metabolism
208,VIT_17s0000g05020,882,0.4286,Squamosa promoter-binding protein 6 (SPL6),SPL6_2,,vv60055SBP,
209,VIT_02s0025g02620,883,0.4266,BDG1 (BODYGUARD1) hydrolase,,,,
210,VIT_01s0011g02250,879,0.4250,Metal-nicotianamine transporter YSL7,YSL7,,vv50125Porters_cat_66_to_94,
211,VIT_13s0175g00120,868,0.4216,ABA-responsive element-binding protein 3 (AREB3),AREB3_1,VvbZIP34,vv30001ABA_signaling,vv60012BZIP
212,VIT_15s0046g01430,863,0.4185,Aldose 1-epimerase,E5_1_3_3,,vv10010Glycolysis,
213,VIT_04s0008g06790,859,0.4144,Biopterin transport protein BT1,BIOPTERIN,,vv50125Porters_cat_66_to_94,
214,VIT_13s0064g00790,854,0.4144,No hit,,,,
215,VIT_19s0085g00480,849,0.4127,No hit,,,,
216,VIT_19s0015g02070,846,0.4097,(-)-germacrene D synthase,E4_2_3_22,,vv10900Terpenoid_biosynthesis,
217,VIT_11s0052g01790,842,0.4079,No hit,,,,
218,VIT_11s0016g00290,843,0.4065,Pectinesterase PME3,E3_1_1_11,,vv40006Cell_wall,
219,VIT_13s0320g00070,839,0.4055,Myosin-like protein XIF,MYOSINXIF,,vv44810Regulation_of_actin_cytoskeleton,
220,VIT_02s0025g02020,832,0.4027,Abl interactor 3 (ABIL3),,,,
221,VIT_18s0001g09920,828,0.4021,Cyclin delta-3 (CYCD3_1),CYCD3,,vv30007Cytokinin_signaling,vv44110Cell_cycle
222,VIT_00s0270g00130,831,0.4016,RKF2 (receptor-like serine/threonine kinase 2),,,,
223,VIT_10s0003g03300,835,0.4016,Unknown protein,,,,
224,VIT_19s0027g00440,816,0.3940,DnaJ homolog  subfamily C  member 14,K09534,,vv50132Primary_active_transporter_cat_A5_to_A8,
225,VIT_12s0035g00060,817,0.3915,DNA (cytosine-5)-methyltransferase,E2_1_1_37,,vv10271Methionine_metabolism,
226,VIT_18s0001g11120,802,0.3899,Ternary complex factor MIP1,,,,
227,VIT_03s0063g01880,807,0.3893,Acyl-CoA synthetase long-chain member 2,E6_2_1_3_LACS2,,vv10071Fatty_acid_metabolism,vv44146Peroxisome
228,VIT_11s0016g04540,792,0.3839,ABC transporter G member 22,ABCG22,,vv52010ABC_transporters,
229,VIT_07s0129g00990,792,0.3833,Protein kinase,,,,
230,VIT_03s0017g00710,793,0.3814,flavonol synthase,E1_14_11_23,,vv10941Flavonoid_biosynthesis,
231,VIT_12s0028g02400,779,0.3760,Leaf senescence protein,,,,
232,VIT_14s0030g00660,777,0.3759,Shikimate dehydrogenase,E1_1_1_25,,vv10400Phenylalanine_tyrosine_and_tryptophan_biosynthesis,
233,VIT_15s0048g02680,769,0.3719,Calmodulin-binding region IQD17,,,,
234,VIT_17s0000g07210,770,0.3713,flavonoid 3'-hydroxylase [Vitis vinifera],E1_14_13_21,,vv10941Flavonoid_biosynthesis,
235,VIT_17s0000g07720,741,0.3566,Sterile alpha motif (SAM) domain-containing protein,,,,
236,VIT_11s0016g01460,720,0.3516,BRXL4 (Brevis radix like 4),,,,
237,VIT_18s0001g00370,726,0.3499,Ceramidase,E3_5_1_23,,vv10600Sphingolipid_metabolism,
238,VIT_16s0098g01740,725,0.3494,Unknown protein,,,,
239,VIT_17s0000g00320,717,0.3489,Auxin response factor 2,ARF2_1,,vv30003Auxin_signaling,vv60004ARF
240,VIT_02s0025g04910,720,0.3473,Growth-regulating factor 5,GRF5_3,,vv60033GRF,
241,VIT_00s0361g00040,713,0.3461,Anthocyanidin reductase,E1_3_1_77,,vv10941Flavonoid_biosynthesis,
242,VIT_19s0027g01810,706,0.3424,Invertase/pectin methylesterase inhibitor,PMEI,,vv40006Cell_wall,
243,VIT_10s0003g03910,702,0.3396,TCP family transcription factor 24,TCP24,,vv60061TCP,
244,VIT_18s0001g01730,704,0.3390,Shikimate kinase,E2_7_1_71,,vv10400Phenylalanine_tyrosine_and_tryptophan_biosynthesis,
245,VIT_09s0002g04170,701,0.3386,Acyl-CoA synthetases (Acyl-activating enzyme 13),E6_2_1_3,,vv10071Fatty_acid_metabolism,vv50104Group_translocators
246,VIT_17s0000g06110,698,0.3357,Glutathione S-transferase 9 GSTU9,E2_5_1_18_GSTU9,,vv10480Glutathione_metabolism,
247,VIT_09s0002g01540,691,0.3349,Unknown protein,,,,
248,VIT_01s0010g01740,686,0.3317,Tobamovirus multiplication 1 homolog 3,,,,
249,VIT_04s0023g03040,687,0.3312,Lactoylglutathione lyase,E4_4_1_5,,vv10620Pyruvate_metabolism,
250,VIT_12s0057g00560,684,0.3312,PAT1 (Phytochrome a signal transduction 1),PAT1,,vv60032GRAS,
251,VIT_11s0016g01290,684,0.3312,CYP72A1,K13400,,vv10902Monoterpenoid_biosynthesis,
252,VIT_18s0001g07490,682,0.3306,Auxin-independent growth promoter,AXI1,,vv30003Auxin_signaling,
253,VIT_15s0046g02460,671,0.3242,Growth-on protein GRO11,,,,
254,VIT_14s0060g00680,672,0.3231,Lipase GDSL,,,,
255,VIT_09s0054g00430,667,0.3225,Unknown protein,,,,
256,VIT_10s0092g00490,666,0.3222,CYP71A12,,,,
257,VIT_05s0020g01070,661,0.3207,IAA31,IAA31,,vv30003Auxin_signaling,vv60008AUXIAA
258,VIT_19s0085g00060,666,0.3207,ABC transporter B member 11,K05664,,vv52010ABC_transporters,
259,VIT_06s0004g08290,644,0.3146,KH domain-containing protein,,,,
260,VIT_04s0008g00620,644,0.3128,Myb domain protein 68,MYB68_2,MYB153,vv60044MYB,
261,VIT_08s0007g02000,647,0.3123,Glycerol-3-phosphate acyltransferase 8,E2_3_1_15,,vv10561Glycerolipid_metabolism,vv10564Glycerophospholipid_metabolism
262,VIT_17s0000g06740,644,0.3122,Zinc finger (C2H2 type) family,C2H2FAM_6,,vv60017C2H2,
263,VIT_13s0067g01350,649,0.3120,Basic helix-loop-helix (bHLH) family,BHLHDOM_16,,vv60011BHLH,
264,VIT_07s0005g01670,638,0.3097,No hit,,,,
265,VIT_00s0346g00070,633,0.3059,Rhamnogalacturonate lyase,RHGTL,,vv40006Cell_wall,
266,VIT_14s0030g00960,633,0.3051,R protein MLA10,K13475,,vv34627R_proteins_from_Plant-pathogen_interaction,
267,VIT_17s0000g10060,633,0.3045,Lipase GDSL,,,,
268,VIT_08s0007g09000,629,0.3040,Glycerol-3-phosphate dehydrogenase,E1_1_1_8,,vv10564Glycerophospholipid_metabolism,
269,VIT_16s0050g00830,627,0.3039,Beta-ketoacyl-CoA synthase,E2_3_1_41,,vv10061Fatty_acid_biosynthesis,
270,VIT_07s0104g00090,618,0.2993,Transparent testa 8 TT8,TT8,,vv60011BHLH,
271,VIT_14s0066g02270,615,0.2985,Endonuclease/exonuclease/phosphatase family protein,E3_1_30_x,,,
272,VIT_01s0010g03850,614,0.2962,Calmodulin-binding protein,CMTA4,,vv60020CAMTA,
273,VIT_08s0007g07090,613,0.2957,Sphingosine-1-phosphate phosphatase,K04716,,vv10600Sphingolipid_metabolism,
274,VIT_17s0053g00680,610,0.2947,Argonaute protein (AGO1),,,,
275,VIT_06s0004g00750,603,0.2930,Acyl-CoA synthetases (Acyl-activating enzyme 18),E6_2_1_3,,vv10071Fatty_acid_metabolism,vv50104Group_translocators
276,VIT_03s0091g00040,611,0.2926,Limonoid UDP-glucosyltransferase,E2_4_1_120,,vv10940Phenylpropanoid_biosynthesis,
277,VIT_18s0001g13500,592,0.2860,forkhead-associated domain-containing protein,FHADOM_9,,vv60028FHA,
278,VIT_06s0004g07670,589,0.2850,Unknown protein,,,,
279,VIT_12s0142g00640,589,0.2847,FLS2 (flagellin-sensitive 2),K13420,,vv34626Plant-pathogen_interaction,
280,VIT_02s0087g00260,589,0.2844,RPD1 (root primordium defective 1),,,,
281,VIT_08s0007g06760,582,0.2831,Cation efflux family protein MTPc3,MTPC3,,vv50121Porters_cat_1_to_6,
282,VIT_01s0011g05320,584,0.2828,Thaumatin,,,,
283,VIT_16s0050g01540,579,0.2813,Unknown,,,,
284,VIT_10s0116g01840,583,0.2810,No hit,,,,
285,VIT_17s0000g02420,582,0.2806,Auxin transport protein (PIN3),PIN3,,vv50004Auxin_transport,vv50125Porters_cat_66_to_94
286,VIT_15s0046g00600,571,0.2769,No hit,,,,
287,VIT_09s0002g06400,572,0.2765,No hit,,,,
288,VIT_18s0041g00720,576,0.2755,No hit,,,,
289,VIT_18s0001g03000,571,0.2753,Universal stress protein (USP) family protein,,,,
290,VIT_14s0030g00650,566,0.2737,Shikimate dehydrogenase,E1_1_1_25,,vv10400Phenylalanine_tyrosine_and_tryptophan_biosynthesis,
291,VIT_12s0028g01850,557,0.2688,Receptor kinase TRKe,,,,
292,VIT_09s0054g01220,554,0.2687,Cycloartenol synthase,E5_4_99_8,,vv10100Biosynthesis_of_steroids,
293,VIT_14s0068g00170,554,0.2680,No hit,,,,
294,VIT_00s1314g00010,554,0.2672,Basic helix-loop-helix (bHLH) family,BHLHDOM_89,,vv60011BHLH,
295,VIT_19s0014g02350,555,0.2668,Squamosa promoter-binding protein 4 (SPL4),SPL4_1,,vv60055SBP,
296,VIT_07s0031g01270,550,0.2658,Ring-H2 finger A2A,RHA2A,,vv60078Other_zf-C3HC4,
297,VIT_10s0042g00820,548,0.2638,Transparent testa16,TT16_2,,vv60042MADS,
298,VIT_17s0000g01260,543,0.2637,Squamosa promoter-binding protein 13 (SPL13),SPL13_1,,vv60055SBP,
299,VIT_13s0074g00660,545,0.2620,ABC transporter G member 22,ABCG22,,vv52010ABC_transporters,
300,VIT_19s0090g00710,539,0.2604,No hit,,,,
301,VIT_01s0011g04560,534,0.2597,S locus-linked protein SLL2,,,,
302,VIT_00s0207g00010,535,0.2576,Anthranilate N-benzoyltransferase protein 1,E2_3_1_144,,vv10400Phenylalanine_tyrosine_and_tryptophan_biosynthesis,
303,VIT_07s0031g00760,532,0.2566,EF hand,,,,
304,VIT_14s0081g00200,528,0.2554,AN3 (ANGUSITFOLIA3),AN3_1,,vv60031GIF,
305,VIT_09s0018g02100,528,0.2546,Anthocyaninless2 (ANL2),ANL2_2,,vv60034HB,
306,VIT_06s0061g00470,522,0.2528,Myb domain protein 36,MYB36_1,MYB149,vv60044MYB,
307,VIT_12s0035g00680,521,0.2511,ACR4 (Arabidopsis CRINKLY4),,,,
308,VIT_14s0068g00260,514,0.2477,Serine carboxypeptidase S10,,,,
309,VIT_16s0039g00720,510,0.2469,Folate-biopterin transporter,FBT,,vv50125Porters_cat_66_to_94,
310,VIT_02s0025g02250,509,0.2463,Dof zinc finger protein DOF4.6,DOF4_6_2,,vv60015C2C2-DOF,
311,VIT_18s0001g01640,508,0.2460,UDP-sugar pyrophospharylase,E2_7_7_23,,vv10530Aminosugars_metabolism,
312,VIT_19s0014g05000,506,0.2456,Zinc finger (C2H2 type) family,C2H2FAM_16,,vv60017C2H2,
313,VIT_06s0004g01500,501,0.2416,Lipoxygenase (LOX2),E1_13_11_12,,vv10592alpha-Linolenic_acid_metabolism,
314,VIT_02s0025g01410,498,0.2400,Acyl-CoA synthetase long-chain member 2,E6_2_1_3_LACS2,,vv10071Fatty_acid_metabolism,vv44146Peroxisome
315,VIT_14s0108g01080,496,0.2400,Myb domain protein 106,MYB106_2,MYB141,vv60044MYB,
316,VIT_19s0014g03510,486,0.2363,ARF GTPase activator  ARF-GAP Domain 5,AGD5,,vv50110Protein_coat,
317,VIT_18s0041g00710,483,0.2337,UDP-glucose: anthocyanidin 5 3-O-glucosyltransferase,RHGT1,,vv10942Anthocyanin_biosynthesis,
318,VIT_07s0005g01290,478,0.2300,DnaJ homolog  subfamily C  member 7,K09527,,vv50132Primary_active_transporter_cat_A5_to_A8,
319,VIT_14s0060g01940,476,0.2297,Epoxide hydrolase,E3_3_2_10,,,
320,VIT_14s0066g00300,475,0.2294,Unknown,,,,
321,VIT_17s0000g04260,473,0.2286,Universal stress protein (USP) family protein,,,,
322,VIT_17s0000g00620,463,0.2248,Protein kinase CRK1,,,,
323,VIT_08s0007g03140,460,0.2236,Rac GTPase activating protein 1,RHOGAP,,vv50109Incompletely_characterized_transport_systems,
324,VIT_01s0011g03430,463,0.2236,No hit,,,,
325,VIT_07s0005g05180,455,0.2209,No hit,,,,
326,VIT_19s0015g02680,453,0.2189,Glutathione S-transferase 25 GSTU25,E2_5_1_18_GSTU25,,vv10480Glutathione_metabolism,
327,VIT_19s0027g01310,452,0.2173,Polygalacturonase GH28,E3_2_1_15,,vv40006Cell_wall,
328,VIT_08s0040g03400,446,0.2156,Short-chain dehydrogenase/reductase,,,,
329,VIT_07s0005g04380,442,0.2145,IAA12,IAA12,,vv30003Auxin_signaling,vv60008AUXIAA
330,VIT_04s0008g07040,440,0.2115,Peroxidase,E1_11_1_7,,vv10360Phenylalanine_metabolism,vv10680Methane_metabolism
331,VIT_15s0046g00310,437,0.2115,Transcription factor TINY,ERF023,VvERF015,vv30008Ethylene_signaling,vv60003AP2_EREBP
332,VIT_03s0038g03570,433,0.2105,Monocopper oxidase SKS5 (SKU5 Similar 5),SKS5,,vv50109Incompletely_characterized_transport_systems,
333,VIT_08s0040g02250,435,0.2093,No hit,,,,
334,VIT_12s0028g01820,433,0.2076,Aspartate transaminase  mitochondrial,E2_6_1_1,vv10710Carbon_fixation,vv10252Alanine_and_aspartate_metabolism,vv10272Cysteine_metabolism
335,VIT_05s0062g01130,419,0.2023,Aromatic and neutral transporter 1,ANT1,,vv50123Porters_cat_18_to_29,
336,VIT_07s0005g05210,419,0.2018,No hit,,,,
337,VIT_02s0025g03130<br>VIT_02s0025g03120,415,0.2005,
338,VIT_09s0054g01370,410,0.1985,Beta-amyrin synthase,E5_4_99_BAS,,vv10900Terpenoid_biosynthesis,
339,VIT_16s0050g00390,410,0.1983,4-coumarate-CoA ligase,E6_2_1_12,,vv10940Phenylpropanoid_biosynthesis,vv50104Group_translocators
340,VIT_18s0089g00800,403,0.1955,Kinesin motor protein,KMOTOR,,vv44810Regulation_of_actin_cytoskeleton,
341,VIT_19s0090g00400,391,0.1899,Zinc finger (C3HC4-type ring finger),ZFC3HC4_83,,vv60078Other_zf-C3HC4,
342,VIT_11s0016g01670,393,0.1895,Ankyrin repeat,,,,
343,VIT_12s0035g00880,389,0.1889,Lactoylglutathione lyase,E4_4_1_5,,vv10620Pyruvate_metabolism,
344,VIT_12s0034g02570,389,0.1888,Leucine Rich Repeat receptor-like kinase,,,,
345,VIT_13s0067g02390,393,0.1880,Unknown,,,,
346,VIT_00s0225g00080,387,0.1865,MATE efflux family protein,MATE,,vv50125Porters_cat_66_to_94,
347,VIT_14s0081g00520,383,0.1851,ERF12,ERF12_1,VvERF060,vv30008Ethylene_signaling,vv60003AP2_EREBP
348,VIT_02s0033g01050,379,0.1842,Anthraniloyal-CoA: methanol anthraniloyal transferase,AMAT,,vv10400Phenylalanine_tyrosine_and_tryptophan_biosynthesis,
349,VIT_06s0004g04590,377,0.1831,Epsin N-terminal homology (ENTH) domain-containing,ENTH,,vv50110Protein_coat,
350,VIT_13s0047g00140,376,0.1823,RKF1 (receptor-like kinase in flowers 1),,,,
351,VIT_08s0007g08840,375,0.1820,Glycosyl transferaseHGA1,,,,
352,VIT_13s0019g00860,377,0.1819,Small heat-shock protein HSP17.5 Cytosolic class I,,,,
353,VIT_00s0179g00230,377,0.1819,No hit,,,,
354,VIT_03s0038g00220,374,0.1810,Purple acid phosphatase 10 ATPAP10/PAP10,E3_1_3_2,,vv10740Riboflavin_metabolism,
355,VIT_01s0011g01860,371,0.1795,No hit,,,,
356,VIT_15s0021g02410,370,0.1789,Malate dehydrogenase  cytosolic,E1_1_1_37,,vv10020Citrate_cycle,vv10620Pyruvate_metabolism
357,VIT_04s0008g01970,369,0.1786,ER (ERECTA),,,,
358,VIT_14s0030g02310,367,0.1785,Auxin-induced protein 22D,IAA22D_4,,vv30003Auxin_signaling,vv60008AUXIAA
359,VIT_13s0139g00300,371,0.1782,R protein disease resistance protein,RPROT,,vv34627R_proteins_from_Plant-pathogen_interaction,
360,VIT_04s0044g01540,370,0.1776,UDP-glucuronic acid:anthocyanin glucuronosyltransferase,E2_4_1_236,,vv10941Flavonoid_biosynthesis,
361,VIT_16s0100g00520,353,0.1711,ATPP2-A13,,,,
362,VIT_05s0051g00690,353,0.1695,No hit,,,,
363,VIT_04s0008g01250,346,0.1667,Unknown,,,,
364,VIT_00s0477g00060,343,0.1661,Unknown protein,,,,
365,VIT_08s0040g01490,343,0.1659,Unknown,,,,
366,VIT_14s0030g00730,340,0.1646,Vesicle-associated membrane protein 27 VAP27-2,VAP27_2,,vv50109Incompletely_characterized_transport_systems,
367,VIT_00s0194g00210<br>VIT_00s0194g00250,338,0.1639,
368,VIT_14s0128g00790,334,0.1625,Lipoxygenase (LOX1),E1_13_11_12,,vv10592alpha-Linolenic_acid_metabolism,
369,VIT_03s0088g00270,336,0.1624,No hit,,,,
370,VIT_13s0019g02460,329,0.1595,Proton-dependent oligopeptide transport (POT) family protein,POT,VvHB45,vv50122Porters_cat_7_to_17,
371,VIT_04s0008g01800,329,0.1595,Myb domain protein 7,MYB7_3,MYBPA7,vv60044MYB,
372,VIT_07s0104g00190,324,0.1563,7S globulin precursor  basic,,,,
373,VIT_01s0011g05110,325,0.1563,Major latex protein 22,,,,
374,VIT_14s0006g01610,319,0.1546,PMI2 (plastid movement impaired 2),,,,
375,VIT_19s0014g00780,315,0.1531,RKF1 (receptor-like kinase in flowers 1),,,,
376,VIT_11s0016g02850,313,0.1522,Phosphofructokinase,E2_7_1_90,,vv10051Fructose_and_mannose_metabolism,
377,VIT_18s0001g12020,315,0.1519,Brassinosteroid Signaling positive regulator (BZR1),BZR1_2,,vv30005Brassinosteroids_signaling,vv60010BES1
378,VIT_11s0037g00320,314,0.1515,Serine carboxypeptidase S10,,,,
379,VIT_16s0100g00250,311,0.1495,Mandelonitrile lyase-like protein,E4_1_2_10,,vv10460Cyanoamino_acid_metabolism,
380,VIT_03s0063g00360,310,0.1494,Glycoprotein 3-alpha-L-fucosyltransferase,E2_4_1_214,,vv11030Glycan_structures-biosynthesis1,
381,VIT_18s0001g12110,309,0.1493,No hit,,,,
382,VIT_07s0005g00830,309,0.1493,Subtilisin protease,,,,
383,VIT_04s0043g00560,300,0.1449,DD1A protein,,,,
384,VIT_14s0068g02140,297,0.1430,SWIB complex BAF60b domain-containing protein,SWIB_9,,vv60092SWIB,
385,VIT_08s0056g00240,293,0.1422,Unknown protein,,,,
386,VIT_09s0002g02490,293,0.1415,Dof zinc finger protein 1,ADOF1,,vv60015C2C2-DOF,
387,VIT_05s0077g00880,288,0.1388,Peroxidase,E1_11_1_7,,vv10360Phenylalanine_metabolism,vv10680Methane_metabolism
388,VIT_10s0116g00800,283,0.1375,CYP77A3,,,,
389,VIT_00s0484g00020,283,0.1372,Receptor kinase ARK3,,,,
390,VIT_16s0100g00710,277,0.1336,Leucin-rich repeat protein kinase,,,,
391,VIT_06s0061g01360,275,0.1329,Unknown protein,,,,
392,VIT_04s0023g02620,275,0.1326,Ubiquitin-conjugating enzyme E2 W,K10688,,vv24120Ubiquitin_mediated_proteolysis,
393,VIT_10s0092g00370,274,0.1322,CYP71D7,E1_14_13_73,,vv10902Monoterpenoid_biosynthesis,
394,VIT_14s0006g01790,273,0.1321,Beta-mannosidase,E3_2_1_25,,vv10511N-Glycan_degradation,
395,VIT_04s0023g00660,271,0.1319,No hit,,,,
396,VIT_17s0000g00330,268,0.1294,Inducer of CBF expression 1 ICE1,ICE1_3,,vv60011BHLH,
397,VIT_06s0061g00220,267,0.1286,Transcription initiation factor TFIIB,K03124,,vv23022Basal_transcription_factors,
398,VIT_05s0051g00120,263,0.1277,N-6 Adenine-specific DNA methylase,E2_1_1_72,,vv10271Methionine_metabolism,
399,VIT_06s0004g07840,258,0.1251,Endo/excinuclease,,,,
400,VIT_10s0003g01960,257,0.1243,RKF1 (receptor-like kinase in flowers 1),,,,
401,VIT_19s0085g01000,257,0.1236,RGLG2 (ring Domain LIGASE2),RGLG2,,vv50004Auxin_transport,
402,VIT_17s0000g05890,255,0.1232,Protein kinase APK1B,,,,
403,VIT_08s0105g00400,257,0.1228,GT-1-like transcription factor,GT1L,,vv60062Trihelix,
404,VIT_11s0016g00590,245,0.1187,Invertase/pectin methylesterase inhibitor,PMEI,,vv40006Cell_wall,
405,VIT_07s0104g00970,244,0.1169,Histone H2AXb HTA3,H2AXb,,,
406,VIT_06s0061g00240,237,0.1144,ABC transporter G member 7,ABCG7,,vv52010ABC_transporters,
407,VIT_05s0020g01100,235,0.1139,Myb domain protein 61,MYB61_3,MYB146,vv60044MYB,
408,VIT_12s0035g01910,235,0.1138,Heat shock protein 18.2 kDa class II,K13993,,vv24141Protein_processing_in_endoplasmic_reticulum,
409,VIT_11s0065g00130,235,0.1132,Taxane 10-beta-hydroxylase,E1_14_13_76,,vv10904Diterpenoid_biosynthesis,
410,VIT_08s0040g01190,234,0.1129,3-oxoacyl-reductase  chloroplast precursor,E1_1_1_100,,vv10061Fatty_acid_biosynthesis,vv11040Biosynthesis_of_unsaturated_fatty_acids
411,VIT_02s0012g01180,232,0.1128,Unknown protein,,,,
412,VIT_08s0007g04950,228,0.1101,Xyloglucan endotransglucosylase/hydrolase 32,E2_4_1_207,,vv40006Cell_wall,
413,VIT_00s0593g00010,225,0.1095,Pentatricopeptide (PPR) repeat-containing protein,,,,
414,VIT_08s0007g08010,226,0.1091,No hit,,,,
415,VIT_04s0008g03950,225,0.1089,RD22,,,,
416,VIT_06s0080g00560,225,0.1085,Beta-alanine synthase,E3_5_1_53,,vv10220Urea_cycle_and_metabolism_of_amino_groups,
417,VIT_14s0030g00220,223,0.1084,Sugar transporter ERD6-like 5,ERD6L5,,vv50121Porters_cat_1_to_6,
418,VIT_07s0031g00430,212,0.1024,No hit,,,,
419,VIT_18s0001g11100,210,0.1019,Serine carboxypeptidase,,,,
420,VIT_06s0061g00890,210,0.1016,Carboxypeptidase,E3_4_17_22,,,
421,VIT_01s0011g02330,209,0.1006,Unknown protein,,,,
422,VIT_13s0074g00390,209,0.1004,CYP77A2,,,,
423,VIT_12s0059g01650,208,0.0995,Division site determinant MinD  Plastid,MIND1,,vv44110Cell_cycle,
424,VIT_05s0077g01650,199,0.0968,Major allergen Pru ar 1,,,,
425,VIT_00s0246g00120,194,0.0934,No hit,,,,
426,VIT_01s0011g05620,195,0.0933,No hit,,,,
427,VIT_10s0042g00080,192,0.0933,Peroxidase 50,E1_11_1_7,,vv10360Phenylalanine_metabolism,vv10680Methane_metabolism
428,VIT_07s0005g04790,190,0.0921,Myosin-like protein XIB,MYOSINXIB,,vv44810Regulation_of_actin_cytoskeleton,
429,VIT_00s0274g00080,189,0.0917,Benzoquinone reductase,E1_6_5_6,,vv10740Riboflavin_metabolism,
430,VIT_18s0122g00590,190,0.0916,DNA-binding protein,,,,
431,VIT_10s0003g04240,186,0.0902,Tyrosine decarboxylase,E4_1_1_25,,vv10350Tyrosine_metabolism,vv10950Alkaloid_biosynthesis_I
432,VIT_14s0128g00210,187,0.0899,Xyloglucanase inhibitor,,,,
433,VIT_08s0007g08110,184,0.0895,1-acyl-sn-glycerol-3-phosphate acyltransferase,E2_3_1_51,,vv10561Glycerolipid_metabolism,vv10564Glycerophospholipid_metabolism
434,VIT_17s0000g02260,184,0.0890,Aldose 1-epimerase,E5_1_3_3,,vv10010Glycolysis,
435,VIT_03s0088g01150,183,0.0885,Squalene monooxygenase,E1_14_99_7,,vv10100Biosynthesis_of_steroids,vv10900Terpenoid_biosynthesis
436,VIT_18s0041g00100,182,0.0882,Unknown protein,,,,
437,VIT_07s0205g00180,181,0.0878,Basic helix-loop-helix (bHLH) family,BHLHDOM_30,,vv60011BHLH,
438,VIT_11s0016g04750,180,0.0868,Potassium channel AKT1,AKT1,,vv30001ABA_signaling,vv50101Channels_and_pores
439,VIT_15s0046g02400,180,0.0868,Glycerol-3-phosphate acyltransferase 8,E2_3_1_15,,vv10561Glycerolipid_metabolism,vv10564Glycerophospholipid_metabolism
440,VIT_13s0156g00450,175,0.0839,R protein disease resistance protein,RPROT,,vv34627R_proteins_from_Plant-pathogen_interaction,
441,VIT_04s0008g02520,173,0.0832,ATP binding protein,,,,
442,VIT_13s0019g01260,171,0.0827,Enoyl reductase,K10258,,vv11040Biosynthesis_of_unsaturated_fatty_acids,
443,VIT_02s0012g01660,167,0.0813,ATPase PGP2 (P-glycoprotein 2),PGP2,,vv52010ABC_transporters,
444,VIT_09s0054g00540,166,0.0803,Copia transposable element,,,,
445,VIT_08s0040g03120,165,0.0800,Pseudo-response regulator 7 (APRR7),APRR7_1,,vv30007Cytokinin_signaling,vv34710Circadian_rhythm
446,VIT_19s0014g03790,166,0.0794,Diacylglycerol kinase,E2_7_1_107,,vv10561Glycerolipid_metabolism,vv10564Glycerophospholipid_metabolism
447,VIT_01s0026g02120,164,0.0793,Microtubule end binding protein 1 (EB1),K10436,,vv44810Regulation_of_actin_cytoskeleton,
448,VIT_05s0020g02050,162,0.0781,DnaJ homolog  subfamily B  member 12,K09518,,vv50132Primary_active_transporter_cat_A5_to_A8,
449,VIT_17s0000g07570,161,0.0775,formin 8,FH8,,vv44810Regulation_of_actin_cytoskeleton,
450,VIT_03s0038g02400,159,0.0772,Protein kinase,,,,
451,VIT_05s0049g01400,152,0.0734,Alcohol oxidase,E1_1_3_13,,vv10680Methane_metabolism,
452,VIT_01s0026g00680,149,0.0721,RNase H domain-containing protein,K01163,,,
453,VIT_03s0017g00610,134,0.0650,Disease resistance protein (CC-NBS-LRR class),,,,
454,VIT_17s0000g09210,134,0.0649,No pollen (Osnop),,,,
455,VIT_09s0002g02980,133,0.0642,FRK1 (FLG22-induced receptor-like kinase 1),FRK1,,vv34626Plant-pathogen_interaction,
456,VIT_05s0077g02270,131,0.0634,Unknown protein,,,,
457,VIT_06s0004g01860,130,0.0629,Zinc transporter ZIP3,ZIP3,,vv50121Porters_cat_1_to_6,
458,VIT_01s0011g01560,130,0.0627,Transparent testa16,TT16_4,,vv60042MADS,
459,VIT_01s0150g00390,129,0.0621,Minichromosome maintenance protein 2,K02540,,vv23030DNA_replication,vv44110Cell_cycle
460,VIT_08s0007g05160,128,0.0619,Flavonoid 3' 5'-hydroxylase,E1_14_13_88,,vv10941Flavonoid_biosynthesis,
461,VIT_19s0014g02360,128,0.0618,Phytosulfokine receptor precursor,,,,
462,VIT_19s0015g01890,126,0.0612,BRL3 (BRI1-like 3),BRL3,,vv30005Brassinosteroids_signaling,
463,VIT_13s0067g00730,125,0.0604,Carboxylic ester hydrolase,E3_1_1_1,,,
464,VIT_05s0029g00140,123,0.0595,Ethylene-responsive transcription factor ERF062,ERF062,VvERF005,vv30008Ethylene_signaling,vv60003AP2_EREBP
465,VIT_09s0002g06070,123,0.0595,Late embryogenesis abundant protein,,,,
466,VIT_18s0041g00840,122,0.0589,UDP-glucose: anthocyanidin 5 3-O-glucosyltransferase,E2_4_1_238,,vv10941Flavonoid_biosynthesis,vv10942Anthocyanin_biosynthesis
467,VIT_03s0017g01440,121,0.0584,Berberine bridge enzyme,E1_21_3_3,,vv10950Alkaloid_biosynthesis_I,
468,VIT_19s0093g00590,117,0.0565,Myosin heavy chain-like protein,K10352,,vv44810Regulation_of_actin_cytoskeleton,
469,VIT_12s0035g01480,116,0.0565,No hit,,,,
470,VIT_05s0062g00430,117,0.0563,UDP-glucose:flavonoid 7-O-glucosyltransferase,E2_4_1_237,,vv10941Flavonoid_biosynthesis,
471,VIT_02s0025g02680,115,0.0556,Growth-regulating factor 5,GRF5_1,,vv60033GRF,
472,VIT_03s0017g01490,113,0.0546,Berberine bridge enzyme,E1_21_3_3,,vv10950Alkaloid_biosynthesis_I,
473,VIT_08s0007g01110,110,0.0532,No hit,,,,
474,VIT_03s0088g01140,109,0.0528,Squalene monooxygenase 2,E1_14_99_7,,vv10100Biosynthesis_of_steroids,vv10900Terpenoid_biosynthesis
475,VIT_12s0034g00790,109,0.0527,Kinetochore protein,KINETOCHORE,,vv44110Cell_cycle,
476,VIT_15s0021g00450,108,0.0522,Unknown protein,,,,
477,VIT_13s0047g00010,108,0.0519,ZIFL2 (zinc induced facilitator-like 1),ZIFL1,,vv50121Porters_cat_1_to_6,
478,VIT_07s0191g00050,107,0.0517,Peroxidase 17,E1_11_1_7,,vv10360Phenylalanine_metabolism,vv10680Methane_metabolism
479,VIT_07s0005g02790,105,0.0505,RPK1 (receptor-like protein kinase 1),,,,
480,VIT_02s0025g00580,102,0.0498,Glycoside hydrolase  family 5,,,,
481,VIT_04s0023g03650,102,0.0497,Galactose mutarotase-like,E5_1_3_3,,vv10010Glycolysis,
482,VIT_01s0011g00400,101,0.0491,Nuclear transport factor 2 (NTF2),NTF2,,vv50133Primary_active_transporter_cat_A9_to_A18,
483,VIT_00s0225g00060,101,0.0487,MATE efflux family protein,MATE,,vv50125Porters_cat_66_to_94,
484,VIT_14s0083g00380,101,0.0487,Unknown,,,,
485,VIT_01s0150g00480,101,0.0486,Protein binding protein,,,,
486,VIT_13s0106g00250,97,0.0471,Carboxylic ester hydrolase,E3_1_1_1,,,
487,VIT_02s0241g00050,97,0.0470,Unknown protein,,,,
488,VIT_01s0011g01730,97,0.0468,ATPP2-A9 (Phloem protein 2-A9),,,,
489,VIT_10s0003g02960,96,0.0461,Glycosyl hydrolase family 17 protein,,,,
490,VIT_16s0100g00270,94,0.0454,Peptidoglycan-binding LysM domain-containing protein,,,,
491,VIT_04s0008g05790,91,0.0439,No hit,,,,
492,VIT_00s0187g00030,91,0.0438,Lysine-ketoglutarate reductase,E1_5_1_10,,vv10300Lysine_biosynthesis,
493,VIT_12s0057g01440,89,0.0432,Heavy-metal-associated domain-containing protein,,,,
494,VIT_06s0061g00230,89,0.0430,ABC transporter G member 7,ABCG7,,vv52010ABC_transporters,
495,VIT_18s0001g07200,89,0.0430,Suppressor of ACAULIS 51,SAC51,,,
496,VIT_08s0007g00890,88,0.0424,Tropinone reductase,E1_1_1_206,,vv10220Urea_cycle_and_metabolism_of_amino_groups,
497,VIT_06s0004g07920,88,0.0424,WNK5 (Arabidopsis WNK kinase 5),,,,
498,VIT_16s0100g00230,85,0.0410,Glucose-methanol-choline (GMC) oxidoreductase family protein,E1_1_99_1,,vv10260Glycine_serine_and_threonine_metabolism,
499,VIT_08s0040g02190,82,0.0397,Unknown,,,,
500,VIT_18s0001g06420,80,0.0384,No hit,,,,
501,VIT_09s0054g00690,77,0.0372,Vacuolar processing enzyme alpha,,,,
502,VIT_10s0003g03330,77,0.0371,Receptor-like serine-threonine protein kinase,,,,
503,VIT_15s0046g03540,75,0.0363,No hit,,,,
504,VIT_11s0065g01110,75,0.0362,Unknown,,,,
505,VIT_18s0001g01750,73,0.0353,No hit,,,,
506,VIT_14s0036g01030,72,0.0350,Ankyrin repeat,,,,
507,VIT_12s0059g02420,72,0.0347,Peroxidase ATP11A (gb|X98802).,E1_11_1_7,,vv10360Phenylalanine_metabolism,vv10680Methane_metabolism
508,VIT_09s0002g02210,71,0.0343,Adhesion of calyx edges (ACE),,,,
509,VIT_07s0005g01470,70,0.0340,Unknown protein,,,,
510,VIT_18s0122g01440,70,0.0336,AMP-dependent synthetase and ligase,E6_2_1_x,,,
511,VIT_04s0023g01110,68,0.0329,PQ-loop repeat protein,,,,
512,VIT_00s0286g00100,68,0.0327,S-locus protein kinase,,,,
513,VIT_00s0665g00030,68,0.0325,Unknown protein,,,,
514,VIT_18s0072g00390,67,0.0325,SET Domain group 41,SDG41,,vv60056SET_PCG,
515,VIT_13s0067g02790,67,0.0323,Cytochrome P450  family 79  subfamily A  polypeptide 2,K12153,,vv10966Glucosinolate_biosynthesis,
516,VIT_11s0037g00230,65,0.0316,Cyclic nucleotide gated channel 5,K05391_CNGC5,,vv34626Plant-pathogen_interaction,vv50101Channels_and_pores
517,VIT_02s0025g01780,65,0.0313,Cellulose synthase CSLG3,E2_4_1_12_CSLG3,,vv40006Cell_wall,
518,VIT_17s0000g02590,64,0.0310,Laccase,E1_10_3_2,,vv11000Single_reactions,vv50109Incompletely_characterized_transport_systems
519,VIT_18s0001g07020,64,0.0308,No hit,,,,
520,VIT_19s0027g01490,63,0.0304,R protein MLA10,K13475,,vv34627R_proteins_from_Plant-pathogen_interaction,
521,VIT_13s0019g00900,63,0.0304,Integral membrane protein  MtN24,,,,
522,VIT_07s0095g00790,62,0.0301,Homeodomain GLABROUS12,HDG12_1,,vv60034HB,
523,VIT_07s0005g03310,61,0.0295,Cofilin,K05765,,vv44810Regulation_of_actin_cytoskeleton,
524,VIT_08s0007g00940,60,0.0292,LHW (lonesome highway),LHW_3,,vv60011BHLH,
525,VIT_03s0017g00830,60,0.0290,2OG-Fe(II) oxygenase,,,,
526,VIT_09s0018g01650,58,0.0281,Wrinkled1 (AP2/ERBP),WRINKLED1_1,VvAP2-06,vv30008Ethylene_signaling,vv60003AP2_EREBP
527,VIT_12s0059g01590,57,0.0277,Lipase GDSL,,,,
528,VIT_04s0023g02570,58,0.0277,Peroxidase 72,E1_11_1_7,,vv10360Phenylalanine_metabolism,vv10680Methane_metabolism
529,VIT_09s0054g01320,56,0.0272,No hit,,,,
530,VIT_06s0080g00750,56,0.0271,Unknown protein,,,,
531,VIT_17s0053g00590,56,0.0269,Kinase interacting protein,,,,
532,VIT_10s0003g00050,55,0.0266,Squamosa promoter-binding protein 3 (SPL3),SPL3,,vv60055SBP,
533,VIT_02s0025g02290<br>VIT_02s0025g02280<br>VIT_02s0025g02300,55,0.0265,
534,VIT_01s0182g00130,54,0.0262,PHO1-like protein,PHO1,,vv50125Porters_cat_66_to_94,
535,VIT_04s0008g05520,53,0.0257,Unknown protein,,,,
536,VIT_00s0207g00150,53,0.0256,Ternary complex factor MIP1,,,,
537,VIT_03s0088g00340<br>VIT_03s0091g00010,52,0.0254,
538,VIT_01s0011g03780,52,0.0252,Zinc finger protein 6,ZFP6_2,,vv60017C2H2,
539,VIT_18s0001g09020,49,0.0237,Exo70 exocyst complex subunit G1,EXO70G1,,vv50111Tethering_factors,
540,VIT_17s0000g08460,49,0.0237,Carbonic anhydrase  chloroplast precursor,E4_2_1_1,,vv10910Nitrogen_metabolism,vv50124Porters_cat_30_to_64
541,VIT_03s0063g01720,48,0.0231,S-N-methylcoclaurine 3'-hydroxylase,E1_14_13_71,,vv10950Alkaloid_biosynthesis_I,
542,VIT_18s0157g00040,47,0.0228,CF9,K13446,,vv34626Plant-pathogen_interaction,
543,VIT_08s0040g01820,47,0.0228,No hit,,,,
544,VIT_01s0011g03550,47,0.0228,Unknown,,,,
545,VIT_14s0006g01580,47,0.0226,Unknown protein,,,,
546,VIT_07s0005g03590,44,0.0213,NADH dehydrogenase subunit 7,K05579,,vv10190Oxidative_phosphorylation,vv50134Primary_active_transporter_cat_D1
547,VIT_05s0062g00520,44,0.0212,UDP-glucose:flavonoid 7-O-glucosyltransferase,E2_4_1_237,,vv10941Flavonoid_biosynthesis,
548,VIT_11s0016g01280,43,0.0210,DNA-directed RNA polymerase III subunit C4,K03026,,vv23020RNA_polymerase,
549,VIT_15s0046g01900,43,0.0209,ferric reduction oxidase 2,FRO2,,vv50105Transport_electron_carriers,
550,VIT_05s0020g04120,42,0.0203,DnaJ homolog  subfamily A  member 1,K09502,,vv50132Primary_active_transporter_cat_A5_to_A8,
551,VIT_18s0075g00800,42,0.0203,TIR-NBS disease resistance,,,,
552,VIT_10s0003g01550,40,0.0195,IMK2 (inflorescence meristem receptor-like kinase 2),,,,
553,VIT_07s0005g01910,40,0.0193,Myb family transcription factor DNA methyltransferase 1 associated,MYBDMAP1,,vv60045MYBrelated,
554,VIT_04s0023g01170,40,0.0193,Unknown protein,,,,
555,VIT_08s0007g01620,40,0.0193,Lectin,,,,
556,VIT_18s0001g11080,39,0.0188,RNA-binding protein 47C' ATRBP47C',,,,
557,VIT_14s0068g00690,39,0.0188,OTU cysteine protease,,,,
558,VIT_15s0045g01590,38,0.0185,Eceriferum 1 (CER1 protein) Sterol desaturase,,,,
559,VIT_13s0019g00690,38,0.0184,Carnitine racemase,,,,
560,VIT_15s0021g02270,38,0.0184,Unknown protein,,,,
561,VIT_11s0016g03660,38,0.0184,Glucose transporter 2 plastidic,PGTR2,,vv50121Porters_cat_1_to_6,
562,VIT_10s0003g01010,38,0.0184,Lipase GDSL,,,,
563,VIT_14s0068g00140,38,0.0184,No hit,,,,
564,VIT_01s0011g00470,37,0.0180,Metallophosphatase,,,,
565,VIT_05s0020g04850,37,0.0180,H1flk,,,,
566,VIT_10s0003g00980,37,0.0178,Unknown protein,,,,
567,VIT_13s0064g01740<br>VIT_13s0064g01750,36,0.0175,
568,VIT_00s0399g00020,36,0.0174,Protease inhibitor/seed storage/lipid transfer protein (LTP),,,,
569,VIT_02s0012g01680,36,0.0174,Trehalose phosphatase 5,E3_1_3_12,,vv10500Starch_and_sucrose_metabolism,
570,VIT_11s0052g00620,35,0.0169,AHA2 (Arabidopsis H(+)-ATPase 2),K01535,,vv10190Oxidative_phosphorylation,vv50131Primary_active_transporter_cat_A2_to_A4
571,VIT_12s0035g00890,35,0.0169,Ion channel DMI1  chloroplast precursor,DMI1,,vv50101Channels_and_pores,
572,VIT_13s0067g02530,34,0.0165,Unknown protein,,,,
573,VIT_01s0026g01460,34,0.0164,Thioredoxin H-type 2 (Trx-H-2),,,,
574,VIT_07s0005g03210,34,0.0164,Ethylene-responsive transcription factor ERF098,ERF098_4,VvERF094,vv30008Ethylene_signaling,vv60003AP2_EREBP
575,VIT_07s0129g00170,34,0.0164,Porin,K07267,,vv50101Channels_and_pores,
576,VIT_12s0035g00050,34,0.0164,No hit,,,,
577,VIT_02s0087g00200,34,0.0162,Aspartic proteinase nepenthesin-1 precursor,E3_4_23_12,,,
578,VIT_18s0001g05580,33,0.0160,Unknown protein,,,,
579,VIT_19s0090g01540,32,0.0155,Beta-1 2-xylosyltransferase,E2_4_2_38,,vv11030Glycan_structures-biosynthesis1,
580,VIT_03s0017g00920,32,0.0155,R protein  PRF  disease resistance protein,K13453,,vv34627R_proteins_from_Plant-pathogen_interaction,
581,VIT_11s0052g00870,32,0.0154,IAA33,IAA33,,vv30003Auxin_signaling,vv60008AUXIAA
582,VIT_05s0020g03600,32,0.0154,CDPK adapter protein 1,,,,
583,VIT_17s0000g02230,31,0.0150,Jasmonate ZIM domain-containing protein 3,JAZ3_2,,vv30011Jasmonate_signaling,vv34626Plant-pathogen_interaction
584,VIT_18s0166g00220,30,0.0145,No hit,,,,
585,VIT_06s0004g02990,30,0.0145,GRIK2 (geminivirus rep  interacting  kinase 2),GRIK2,,,
586,VIT_14s0006g02570,30,0.0145,Protease inhibitor/seed storage/lipid transfer protein (LTP),,,,
587,VIT_18s0122g00320,30,0.0145,PLATZ transcription factor,PLATZFAM_5,,vv60049PLATZ,
588,VIT_01s0127g00680,30,0.0145,SRO2 (similar to rcd one 2),E2_4_2_30,,vv10760Nicotinate_and_nicotinamide_metabolism,
589,VIT_02s0033g01020,30,0.0144,Anthraniloyal-CoA: methanol anthraniloyal transferase,AMAT,,vv10400Phenylalanine_tyrosine_and_tryptophan_biosynthesis,
590,VIT_03s0180g00100,29,0.0142,Unknown protein,,,,
591,VIT_15s0046g00150,29,0.0141,DOF affecting germination 1,DAG1_1,,vv60015C2C2-DOF,
592,VIT_08s0007g03710,29,0.0141,ABC transporter G member 22,ABCG22,,vv52010ABC_transporters,
593,VIT_13s0067g03050,29,0.0141,Leucine-rich repeat transmembrane protein kinase,,,,
594,VIT_19s0014g01840,29,0.0140,Argonaute1-1,,,,
595,VIT_08s0007g08680,28,0.0136,Unknown protein,,,,
596,VIT_00s0665g00020,28,0.0135,Carrier protein  Mitochondrial,K03454,,vv50123Porters_cat_18_to_29,
597,VIT_13s0019g00710,28,0.0135,Carnitine racemase,,,,
598,VIT_08s0007g07110,28,0.0135,Unknown protein,,,,
599,VIT_07s0005g02360,27,0.0131,Unknown protein,,,,
600,VIT_02s0234g00110,26,0.0126,Oleosin OLE-4,,,,
601,VIT_06s0004g06240,26,0.0126,Zinc finger (C2H2 type) family,C2H2FAM_31,,vv60017C2H2,
602,VIT_11s0016g02050,26,0.0126,Nucleosome assembly protein (NAP1),,,,
603,VIT_13s0067g02880,26,0.0126,Zinc finger (C3HC4-type ring finger),ZFC3HC4_197,,vv60078Other_zf-C3HC4,
604,VIT_00s0183g00050,25,0.0121,No hit,,,,
605,VIT_16s0050g02620,24,0.0117,Abscisic acid receptor PYL8  RCAR3,RCAR3,,vv30001ABA_signaling,
606,VIT_00s0541g00010,24,0.0116,Unknown,,,,
607,VIT_18s0086g00190,24,0.0116,Permease nonimprinted in Prader-Willi/Angelman,NIPA,,vv50122Porters_cat_7_to_17,
608,VIT_01s0010g03710,24,0.0116,Squamosa promoter-binding protein 2 (SPL2),SPL2_1,,vv60055SBP,
609,VIT_02s0025g03140,24,0.0115,Nodulin MtN21 family,MTN21,,vv50122Porters_cat_7_to_17,
610,VIT_07s0031g00520,23,0.0111,Unknown protein,,,,
611,VIT_02s0025g04550,23,0.0111,Glucose-methanol-choline (GMC) oxidoreductase,E1_1_99_1,,vv10260Glycine_serine_and_threonine_metabolism,
612,VIT_09s0002g01650,23,0.0110,5'-nucleotidase surE,E3_1_3_5,,vv10230Purine_metabolism,vv10240Pyrimidine_metabolism
613,VIT_03s0063g00200,22,0.0107,Histidinol-phosphatase,E3_1_3_15,,vv10340Histidine_metabolism,
614,VIT_04s0008g01030,22,0.0106,Unknown protein,,,,
615,VIT_14s0108g01200,22,0.0106,Vesicle transport v-SNARE 13,K08493,,vv24130SNARE_interactions_in_vesicular_transport,
616,VIT_11s0052g00800,22,0.0106,Protein kinase family,,,,
617,VIT_12s0028g03060,22,0.0106,HSL1 (HAESA-like 1),,,,
618,VIT_00s0187g00050,22,0.0106,No hit,,,,
619,VIT_04s0008g06000,21,0.0102,Ethylene-responsive transcription factor ERF003,ERF003_2,VvERF045,vv30008Ethylene_signaling,vv60003AP2_EREBP
620,VIT_16s0098g00410,21,0.0102,Receptor kinase homolog LRK10,,,,
621,VIT_00s0194g00220,21,0.0102,Unknown,,,,
622,VIT_13s0106g00700,20,0.0097,Aspartyl aminopeptidase,E3_4_11_21,,,
623,VIT_09s0018g01700,20,0.0097,Unknown protein,,,,
624,VIT_06s0004g01350,19,0.0092,Emsy N terminus domain-containing protein,,,,
625,VIT_12s0059g01870,19,0.0092,GH3-like protein,AUXINBIOSYNTHESIS_GH3,,vv11002Auxin_biosynthesis,
626,VIT_01s0011g05360,19,0.0092,High mobility group protein HMGI/Y-1,HMGIY_5,,vv60035HMG,
627,VIT_07s0129g00360,18,0.0087,Peroxidase 73,E1_11_1_7,,vv10360Phenylalanine_metabolism,vv10680Methane_metabolism
628,VIT_09s0002g06990,18,0.0087,Phosphatidic acid phosphatase / PAP2,E3_1_3_4,,vv10561Glycerolipid_metabolism,vv10564Glycerophospholipid_metabolism
629,VIT_14s0030g01330,18,0.0087,No hit,,,,
630,VIT_13s0067g03150,18,0.0087,Rhodanese like protein,K07146,,,
631,VIT_03s0038g01180<br>VIT_03s0038g01260,18,0.0086,
632,VIT_06s0004g03400,18,0.0086,Myosin heavy chain,K10352,,vv44810Regulation_of_actin_cytoskeleton,
633,VIT_13s0067g00370,17,0.0082,Pinene synthase,E4_2_3_14,,vv10902Monoterpenoid_biosynthesis,
634,VIT_04s0008g03090,17,0.0082,Unknown protein,,,,
635,VIT_19s0014g05160,17,0.0082,RPS2 (resistant to p. syringae 2),K13459,,vv34626Plant-pathogen_interaction,
636,VIT_05s0020g01900,17,0.0082,No hit,,,,
637,VIT_03s0017g00310,17,0.0082,No hit,,,,
638,VIT_08s0007g05720,17,0.0082,No hit,,,,
639,VIT_13s0156g00500,17,0.0082,R protein disease resistance protein,RPROT,,vv34627R_proteins_from_Plant-pathogen_interaction,
640,VIT_19s0014g00680,17,0.0082,RKF1 (receptor-like kinase in flowers 1),,,,
641,VIT_16s0039g00010,16,0.0078,ABC transporter G member 7,ABCG7,,vv52010ABC_transporters,
642,VIT_13s0156g00350,16,0.0077,Zeaxanthin epoxidase (ZEP) (ABA1),E1_14_13_90_3,,vv10906Carotenoid_biosynthesis,vv60028FHA
643,VIT_16s0098g01890,16,0.0077,Phosphatidylinositol 3- and 4-kinase / ubiquitin,,,,
644,VIT_06s0004g05930,16,0.0077,Proliferating cell nuclear antigen (PCNA),K04802,,vv23030DNA_replication,vv23410Base_excision_repair
645,VIT_10s0116g01710,16,0.0077,Galactosyltransferase family protein,E2_4_x_x,,,
646,VIT_01s0011g01840,16,0.0077,No hit,,,,
647,VIT_12s0055g00820,15,0.0073,Serine carboxypeptidase II,,,,
648,VIT_14s0066g00480,15,0.0073,Heterogeneous nuclear ribonucleoprotein A1/A3,K12741,,vv23040Spliceosome,
649,VIT_07s0005g01870,15,0.0073,Unknown,,,,
650,VIT_13s0067g00110,15,0.0073,CYP72A1,K13400,,vv10902Monoterpenoid_biosynthesis,
651,VIT_12s0028g03900,15,0.0073,No hit,,,,
652,VIT_04s0008g05900,15,0.0073,ARR12,ARR12,,vv30007Cytokinin_signaling,vv60006ARR-B
653,VIT_08s0007g05210,15,0.0073,Amino acid permease,AAPREL,,vv50123Porters_cat_18_to_29,
654,VIT_08s0007g00570,15,0.0073,WRKY DNA-binding protein 49,WRKY49,VvWRKY27,vv60066WRKY,
655,VIT_14s0108g01010,15,0.0072,Myb domain protein 105,MYB105_3,MYB168,vv60044MYB,
656,VIT_02s0025g02700,15,0.0072,Glutaredoxin family protein,,,,
657,VIT_11s0206g00050<br>VIT_11s0149g00410,15,0.0072,
658,VIT_18s0001g09600,14,0.0068,HOS15 (High expression of osmotically responsive genes 15),,,,
659,VIT_17s0000g08560,14,0.0068,Phosphate/phosphoenolpyruvate translocator CUE1 (cab underexpressed 1),CUE1,,vv50122Porters_cat_7_to_17,
660,VIT_07s0197g00250,14,0.0068,Disease resistance protein (CC-NBS-LRR class),,,,
661,VIT_13s0067g03890,14,0.0068,Beta-ketoacyl-CoA synthase,E2_3_1_41,,vv10061Fatty_acid_biosynthesis,
662,VIT_00s0820g00020,14,0.0068,Anthocyanidine rhamnosyl-transferase,RHATR,,vv10942Anthocyanin_biosynthesis,
663,VIT_17s0000g08550,14,0.0068,Myb domain protein 98,MYB98_2,MYB98,vv60044MYB,
664,VIT_15s0046g03190,14,0.0068,Myb domain protein 17,MYB17_2,MYB17A,vv60044MYB,
665,VIT_00s0183g00140,13,0.0063,NADP-dependent malic enzyme,E1_1_1_39,,vv10620Pyruvate_metabolism,vv10710Carbon_fixation
666,VIT_06s0061g00620,13,0.0063,Short-chain dehydrogenase carbonyl reductase 3,,,,
667,VIT_08s0056g00800,13,0.0063,Myb domain protein 60,MYB60,MYB60,vv60044MYB,
668,VIT_02s0241g00110,13,0.0063,Aminomethyltransferase,E2_1_2_10,,vv10260Glycine_serine_and_threonine_metabolism,vv10670One_carbon_pool_by_folate
669,VIT_08s0007g05840,13,0.0063,No hit,,,,
670,VIT_06s0004g03020,13,0.0063,Beta-galactosidase,E3_2_1_23,,vv10052Galactose_metabolism,vv10511N-Glycan_degradation
671,VIT_13s0019g00420,13,0.0062,F-box family protein,,,,
672,VIT_19s0090g00840,12,0.0058,WRKY DNA-binding protein 6,WRKY6_2,VvWRKY55,vv60066WRKY,
673,VIT_01s0011g00290,12,0.0058,Unknown protein,,,,
674,VIT_04s0008g02250,12,0.0058,Beta-ketoacyl-CoA synthase,E2_3_1_41,,vv10061Fatty_acid_biosynthesis,
675,VIT_03s0038g03910,12,0.0058,ANTR2 (anion transporter 2),ANTR2,,vv50121Porters_cat_1_to_6,
676,VIT_11s0016g03980,12,0.0058,Unknown protein,,,,
677,VIT_02s0087g00470,12,0.0058,Anthraniloyal-CoA: methanol anthraniloyal transferase,AMAT,,vv10400Phenylalanine_tyrosine_and_tryptophan_biosynthesis,
678,VIT_04s0044g00070,12,0.0058,RAB GDP dissociation inhibitor 1 ATGD1,,,,
679,VIT_18s0001g00280,12,0.0058,OPCL1 (OPC-8:0 COA ligase1),K10526,,vv10592alpha-Linolenic_acid_metabolism,vv50104Group_translocators
680,VIT_05s0049g00760,12,0.0058,No hit,,,,
681,VIT_12s0055g00370,12,0.0058,Harpin-induced protein,,,,
682,VIT_10s0003g04320,12,0.0058,PINOID,PINOID,,vv50004Auxin_transport,vv50125Porters_cat_66_to_94
683,VIT_17s0053g00810,12,0.0058,Cyclic nucleotide-binding transporter 1,K05391_CNBT1,,vv34626Plant-pathogen_interaction,vv50101Channels_and_pores
684,VIT_06s0004g08400,11,0.0053,No hit,,,,
685,VIT_14s0060g02140,10,0.0049,Rubber elongation factor (REF),,,,
686,VIT_15s0021g01350,10,0.0048,Transducin family protein / WD-40 repeat,,,,
687,VIT_03s0063g01680,10,0.0048,CYP82C1p,,,,
688,VIT_03s0091g00680,9,0.0044,NPY2 (naked pins in yuc mutants 2),,,,
689,VIT_06s0080g00300,9,0.0044,Pentatricopeptide (PPR) repeat-containing,,,,
690,VIT_13s0064g01640,9,0.0044,Beta-primeverosidase,E3_2_1_149,,vv11000Single_reactions,
691,VIT_12s0134g00500,9,0.0044,Cyclin D6,CYCD6_1,,vv44110Cell_cycle,
692,VIT_17s0000g05320,9,0.0044,IFA binding protein,,,,
693,VIT_06s0004g07770,9,0.0044,Peroxidase,E1_11_1_7,,vv10360Phenylalanine_metabolism,vv10680Methane_metabolism
694,VIT_00s0620g00020,9,0.0044,Nuclear RNA-binding protein,,,,
695,VIT_08s0056g01130,9,0.0044,Mini zinc finger 2 MIF2,MIF2_2,,vv60068Zf-HD,
696,VIT_09s0002g02380,9,0.0044,Thioredoxin 2,,,,
697,VIT_01s0011g04710,9,0.0043,Copper-binding family protein,,,,
698,VIT_08s0040g00160,9,0.0043,Unknown protein,,,,
699,VIT_07s0151g01040,9,0.0043,Ent-kaurene synthase A  chloroplast precursor,E5_5_1_13,,vv10904Diterpenoid_biosynthesis,
700,VIT_16s0039g00890,9,0.0043,Myb TKI1 (TSL-kinase  interacting  protein 1),TKI1_3,,vv60045MYBrelated,
701,VIT_17s0000g07890,9,0.0043,Rac-like GTP-binding protein ARAC10 (GTPase protein ROP10),ROP10,,vv34020Calcium_signaling_pathway,
702,VIT_05s0102g00710,9,0.0043,fructokinase-1,E2_7_1_4,,vv10051Fructose_and_mannose_metabolism,vv10500Starch_and_sucrose_metabolism
703,VIT_18s0001g04020,8,0.0039,TIR-NBS-LRR disease resistance,,,,
704,VIT_18s0001g05480,8,0.0039,Unknown protein,,,,
705,VIT_07s0031g00930,8,0.0039,No hit,,,,
706,VIT_08s0007g04330,7,0.0034,CHUP1 (chloroplast unusual positioning 1),CHUP1,,vv44810Regulation_of_actin_cytoskeleton,
707,VIT_00s1430g00010,7,0.0034,Protein kinase,,,,
708,VIT_02s0087g00720,7,0.0034,Receptor protein kinase,,,,
709,VIT_05s0062g00820,7,0.0034,Unknown protein,,,,
710,VIT_14s0068g01830,7,0.0034,Unknown protein,,,,
711,VIT_08s0007g08920,6,0.0029,Zeatin O-glucosyltransferase,E2_4_1_215,,vv10908Zeatin_biosynthesis,
712,VIT_13s0067g01980,6,0.0029,Proteinase inhibitor (LUTI),,,,
713,VIT_03s0038g02050,6,0.0029,Dirigent protein pDIR7,,,,
714,VIT_08s0056g01070,6,0.0029,MATE efflux family protein,MATE,,vv50125Porters_cat_66_to_94,
715,VIT_19s0090g01160,6,0.0029,Lipase GDSL,,,,
716,VIT_14s0066g02120,6,0.0029,Photosystem I P700 apoprotein A1 [Vitis vinifera],K02689,,vv10195Photosynthesis,vv50105Transport_electron_carriers
717,VIT_15s0046g00650,6,0.0029,Wax synthase,E2_3_1_75,,vv11000Single_reactions,
718,VIT_06s0004g05200,6,0.0029,No hit,,,,
719,VIT_08s0007g02150,6,0.0029,Receptor ser/thr protein kinase,,,,
720,VIT_17s0000g03550,6,0.0029,Basic helix-loop-helix (bHLH) family,BHLHDOM_37,,vv60011BHLH,
721,VIT_17s0000g02470,6,0.0029,Thaumatin,,,,
722,VIT_08s0007g06860,6,0.0029,Pinene synthase,E4_2_3_14,,vv10902Monoterpenoid_biosynthesis,
723,VIT_00s0194g00340,6,0.0029,No hit,,,,
724,VIT_06s0009g01620,6,0.0029,Harpin-induced protein,,,,
725,VIT_13s0147g00100,6,0.0029,Nucleic acid-binding  OB-fold,,,,
726,VIT_06s0004g07270,6,0.0029,UDP-glucoronosyl and UDP-glucosyl transferase,,,,
727,VIT_00s0984g00010,6,0.0029,Phosphoglycerate mutase,E5_4_2_1,,vv10010Glycolysis,
728,VIT_18s0089g01270,6,0.0029,Heat shock protein precursor 22.0 kDa class IV,K13993,,vv24141Protein_processing_in_endoplasmic_reticulum,
729,VIT_12s0028g03480,6,0.0029,Wax synthase,E2_3_1_75,,vv11000Single_reactions,
730,VIT_06s0009g03350,6,0.0029,Phosphatidylglycerol specific phospholipase C,E3_1_4_3,,vv10260Glycine_serine_and_threonine_metabolism,vv10562Inositol_phosphate_metabolism
731,VIT_17s0000g01050,6,0.0029,Corticosteroid 11-beta-dehydrogenase isozyme 1,E1_1_1_146,,vv10140C21-Steroid_hormone_metabolism,
732,VIT_11s0016g05880,6,0.0029,Ubiquitin-specific protease 12 UBP12,,,,
733,VIT_11s0016g01450,6,0.0029,Unknown protein,,,,
734,VIT_00s0246g00130,6,0.0029,No hit,,,,
735,VIT_00s0286g00140<br>VIT_00s0484g00010<br>VIT_00s2549g00010,6,0.0029,
736,VIT_12s0034g00010,6,0.0029,No hit,,,,
737,VIT_04s0008g05470,6,0.0029,EIN3-binding F-box protein 2,EBF2,,vv30008Ethylene_signaling,
738,VIT_00s0313g00040,6,0.0029,PAS2 (PASTICCINO 2),K10703,,vv11040Biosynthesis_of_unsaturated_fatty_acids,
739,VIT_08s0007g00750,6,0.0029,SRG1 (senescence-related gene 1),,,,
740,VIT_17s0000g10260,6,0.0029,AarF domain containing kinase,K08869,,,
741,VIT_18s0086g00320,5,0.0024,No hit,,,,
742,VIT_14s0006g02530,4,0.0019,Non-specific lipid-transfer protein 2 (LTP 2),,,,
743,VIT_06s0004g06890,4,0.0019,Potassium transporter (KUP1),KUP1,,vv50125Porters_cat_66_to_94,
744,VIT_11s0016g01300,4,0.0019,TT2 (transparent testa 2),TT2_4,MYBPAR,vv44110Cell_cycle,vv60044MYB
745,VIT_00s0233g00100,4,0.0019,PLATZ transcription factor,PLATZFAM_7,,vv60049PLATZ,
746,VIT_01s0011g04430,4,0.0019,MATE efflux family protein,MATE,,vv50125Porters_cat_66_to_94,
747,VIT_13s0084g00820,4,0.0019,Pepsin A,,,,
748,VIT_00s0361g00020,3,0.0015,Anthocyanidin reductase [Vitis vinifera],E1_3_1_77,,vv10941Flavonoid_biosynthesis,
749,VIT_12s0059g01470,3,0.0015,Unknown protein,,,,
750,VIT_12s0059g01900,3,0.0015,Unknown protein,,,,
751,VIT_09s0002g06580,3,0.0015,Glycosyl hydrolase family 28 protein,,,,
752,VIT_05s0051g00980,3,0.0015,No hit,,,,
753,VIT_04s0008g06310,3,0.0015,Octicosapeptide/Phox/Bem1p (PB1) domain-containing protein,BEM1P,,vv50132Primary_active_transporter_cat_A5_to_A8,
754,VIT_18s0041g00730,3,0.0015,Peptide chain release factor eRF subunit 1,K03265,,vv23015mRNA_surveillance_pathway,
755,VIT_08s0056g00430,3,0.0015,Unknown protein,,,,
756,VIT_07s0005g01380,3,0.0015,Histidine kinase homolog CKI1,CKI1,,vv30007Cytokinin_signaling,
757,VIT_14s0006g01930,3,0.0015,Unknown protein,,,,
758,VIT_18s0001g09450,3,0.0015,Unknown protein,,,,
759,VIT_17s0000g06130,3,0.0015,Glutathione S-transferase 9 GSTU9,E2_5_1_18_GSTU9,,vv10480Glutathione_metabolism,
760,VIT_04s0044g01520,3,0.0015,GA 20-oxidase 2,E1_14_11_12,,vv10904Diterpenoid_biosynthesis,
761,VIT_16s0050g00900,3,0.0015,AnthoMATE3  anthocyanin permease AM3,ANTHOMATE3,,vv50125Porters_cat_66_to_94,
762,VIT_01s0011g01870,3,0.0015,Peptidase  trypsin serine and cysteine proteases,,,,
763,VIT_00s0271g00110,3,0.0015,flavodoxin-like quinone reductase 1,FQR1,,vv30003Auxin_signaling,
764,VIT_18s0041g00860,3,0.0015,No hit,,,,
765,VIT_00s1995g00010,3,0.0015,Phosphoenolpyruvate carboxykinase,E4_1_1_49,,vv10020Citrate_cycle,vv10620Pyruvate_metabolism
766,VIT_02s0109g00230,3,0.0015,Early-responsive to dehydration protein / ERD protein,,,,
767,VIT_09s0054g01360,3,0.0015,Cycloartenol synthase,E5_4_99_8,,vv10100Biosynthesis_of_steroids,
768,VIT_05s0094g00230,3,0.0015,Chitinase 5,E3_2_1_14,,vv10530Aminosugars_metabolism,
769,VIT_00s0271g00070,3,0.0015,Pentatricopeptide (PPR) repeat-containing protein,,,,
770,VIT_00s0652g00030,3,0.0015,Microtubule organization 1 protein (MOR1),MOR1,,vv44810Regulation_of_actin_cytoskeleton,
771,VIT_15s0046g02300,3,0.0015,Beta-cyanoalanine synthase,E2_5_1_47,,vv10272Cysteine_metabolism,vv10450Selenoamino_acid_metabolism
772,VIT_03s0180g00150,3,0.0015,Receptor protein kinase,,,,
773,VIT_06s0004g00590,3,0.0015,Lysine decarboxylase,E4_1_1_18,,vv10300Lysine_biosynthesis,
774,VIT_10s0092g00480,3,0.0015,CYP71D10p,E1_14_13_73,,vv10902Monoterpenoid_biosynthesis,
775,VIT_01s0010g00740,3,0.0015,Basic helix-loop-helix (bHLH) family,BHLHDOM_19,,vv60011BHLH,
776,VIT_16s0100g00610,3,0.0014,CYP87A3,,,,
777,VIT_00s0125g00180,3,0.0014,Zinc finger (C3HC4-type ring finger),ZFC3HC4,,,
778,VIT_03s0017g00970,3,0.0014,No hit,,,,
779,VIT_08s0040g00430,3,0.0014,COP9 signalosome complex subunit 2,,,,
780,VIT_07s0031g01540,3,0.0014,4-alpha-glucanotransferase,E2_4_1_25,,vv10500Starch_and_sucrose_metabolism,
781,VIT_00s1542g00010,3,0.0014,Receptor protein kinase,,,,
782,VIT_02s0012g01100,3,0.0014,Protein phosphatase 2C POLTERGEIST-like 1,,,,
783,VIT_16s0098g00740,3,0.0014,Ovate family protein 10 OFP10,OFP10_1,,vv60086OFP,
784,VIT_11s0037g01400,3,0.0014,Zinc finger (C3HC4-type ring finger),ZFC3HC4_80,,vv60078Other_zf-C3HC4,
785,VIT_08s0058g01110,3,0.0014,Ovate family protein 4 OFP4,OFP4_1,,vv60086OFP,
786,VIT_00s0271g00050,3,0.0014,Pentatricopeptide (PPR) repeat-containing protein,,,,
787,VIT_14s0066g02200,3,0.0014,Unknown protein,,,,
788,VIT_08s0007g08080,3,0.0014,G protein beta subunit-like,K08266,,vv34150mTOR_signaling_pathway,
789,VIT_04s0008g05830,3,0.0014,Armadillo/beta-catenin repeat,,,,
790,VIT_05s0020g03850,3,0.0014,Pentatricopeptide (PPR) repeat-containing protein,,,,
791,VIT_02s0025g03630,3,0.0014,Cu2+-exporting ATPase HMA5 (heavy metal ATPase 5),K01533_HMA5,,vv50131Primary_active_transporter_cat_A2_to_A4,
792,VIT_13s0019g03660,3,0.0014,Unknown protein,,,,
793,VIT_14s0068g00160,3,0.0014,No hit,,,,
794,VIT_18s0001g06410,3,0.0014,Ribosomal protein 60S,,,,
795,VIT_06s0004g06650,3,0.0014,1-phosphatidylinositol-4 5-bisphosphate phosphodiesterase,E3_1_4_11,,vv10562Inositol_phosphate_metabolism,vv30001ABA_signaling
796,VIT_08s0007g04100,3,0.0014,CYPLXXVIA2,,,,
797,VIT_07s0151g00010,3,0.0014,No hit,,,,
798,VIT_18s0001g02720,3,0.0014,fatty acid elongation1 (FAE1),,,,
799,VIT_01s0026g01370,3,0.0014,Glutathione S-transferase 29 GSTU18,E2_5_1_18_GSTU18,,vv10480Glutathione_metabolism,
800,VIT_14s0030g00300,3,0.0014,Sugar transporter ERD6-like 3,ERD6L3,,vv50121Porters_cat_1_to_6,
801,VIT_11s0037g00490,3,0.0014,Translation initiation factor eIF-4F,K03260,,vv23013RNA_transport,
802,VIT_08s0040g02970,3,0.0014,Protein phosphatase 2C,E3_1_3_16,,,
803,VIT_13s0019g03510,3,0.0014,Zinc finger (CCCH-type) family protein,CCCHFAM_14,,vv60018C3H,
804,VIT_19s0015g01010,3,0.0014,Farnesyl diphosphate synthase,E2_5_1_10,,vv10100Biosynthesis_of_steroids,vv10900Terpenoid_biosynthesis
805,VIT_14s0060g00330,3,0.0014,Aspartyl protease,E3_4_23_40,,,
806,VIT_08s0007g06270,3,0.0014,Squamosa promoter-binding protein 9 (SPL9),SPL9_2,,vv60055SBP,
807,VIT_05s0049g01410,3,0.0014,Phosphate transporter 1,PHO1,,vv50125Porters_cat_66_to_94,
808,VIT_03s0038g03550,3,0.0014,Unknown protein,,,,
809,VIT_09s0070g00220,3,0.0014,No hit,,,,
810,VIT_02s0154g00360,3,0.0014,No hit,,,,
811,VIT_02s0087g00630,3,0.0014,Alcohol oxidase,E1_1_3_13,,vv10680Methane_metabolism,
