Vv_m2,2000,1000,VIT_17s0000g10060
rank,node,Fabs,Frel,Functional-annotation,Name-EC-KeggID,Updated-name,Network1,Network2
1,VIT_15s0046g02400,2071,1.0000,Glycerol-3-phosphate acyltransferase 8,E2_3_1_15,,vv10561Glycerolipid_metabolism,vv10564Glycerophospholipid_metabolism
2,VIT_13s0019g01260,2069,1.0000,Enoyl reductase,K10258,,vv11040Biosynthesis_of_unsaturated_fatty_acids,
3,VIT_06s0009g02640,2073,1.0000,Hydroxymethylglutaryl-CoA lyase,E4_1_3_4,,vv10072Synthesis_and_degradation_of_ketone_bodies,vv10280Valine_leucine_and_isoleucine_degradation
4,VIT_08s0056g00260,2068,1.0000,Harpin-induced protein,,,,
5,VIT_03s0088g01150,2070,1.0000,Squalene monooxygenase,E1_14_99_7,,vv10100Biosynthesis_of_steroids,vv10900Terpenoid_biosynthesis
6,VIT_18s0001g14660,2072,1.0000,P-glycoprotein 13,PGP13,,vv52010ABC_transporters,
7,VIT_02s0025g02620,2074,0.9995,BDG1 (BODYGUARD1) hydrolase,,,,
8,VIT_02s0025g01190,2067,0.9995,Extra-large G-protein (XLG1),,,,
9,VIT_02s0025g04550,2078,0.9981,Glucose-methanol-choline (GMC) oxidoreductase,E1_1_99_1,,vv10260Glycine_serine_and_threonine_metabolism,
10,VIT_00s0207g00010,2071,0.9981,Anthranilate N-benzoyltransferase protein 1,E2_3_1_144,,vv10400Phenylalanine_tyrosine_and_tryptophan_biosynthesis,
11,VIT_04s0023g02810,2079,0.9976,Aldehyde dehydrogenase 3B1,E1_2_1_3,vv10561Glycerolipid_metabolism,vv10010Glycolysis,vv10071Fatty_acid_metabolism
12,VIT_11s0118g00180,2065,0.9976,HHP1 (heptahelical protein 1),,,,
13,VIT_18s0001g14910,2048,0.9951,Mannitol dehydrogenase,E1_1_1_67,,vv10051Fructose_and_mannose_metabolism,
14,VIT_16s0039g00010,2057,0.9928,ABC transporter G member 7,ABCG7,,vv52010ABC_transporters,
15,VIT_14s0128g00160,2047,0.9856,Protein kinase CDG1,,,,
16,VIT_13s0019g04260,2019,0.9773,Monoglyceride lipase,E3_1_1_23,,vv10561Glycerolipid_metabolism,
17,VIT_02s0025g03320,2003,0.9700,CYP86A2,,,,
18,VIT_11s0052g01600,1991,0.9693,UDP-glucose flavonoid 3-O-glucosyltransferase 7,E2_4_1_91,,vv10941Flavonoid_biosynthesis,
19,VIT_17s0000g00130,2015,0.9669,SEC14 cytosolic factor,SEC14,,vv50122Porters_cat_7_to_17,
20,VIT_09s0002g03140,1979,0.9584,Lipase GDSL,,,,
21,VIT_12s0059g01870,1978,0.9551,GH3-like protein,AUXINBIOSYNTHESIS_GH3,,vv11002Auxin_biosynthesis,
22,VIT_03s0038g01960,1984,0.9529,Proline-rich family protein,,,,
23,VIT_09s0002g03050,1966,0.9447,Lipase GDSL,,,,
24,VIT_08s0056g00800,1943,0.9432,Myb domain protein 60,MYB60,MYB60,vv60044MYB,
25,VIT_13s0074g00390,1955,0.9426,CYP77A2,,,,
26,VIT_03s0038g04500,1943,0.9409,Bifunctional dihydrofolate reductase-thymidylate synthase 1,K13998,,vv10240Pyrimidine_metabolism,vv10670One_carbon_pool_by_folate
27,VIT_09s0002g04170,1945,0.9346,Acyl-CoA synthetases (Acyl-activating enzyme 13),E6_2_1_3,,vv10071Fatty_acid_metabolism,vv50104Group_translocators
28,VIT_06s0009g01420,1928,0.9314,Protease inhibitor/seed storage/lipid transfer protein (LTP),,,,
29,VIT_03s0063g01880,1909,0.9276,Acyl-CoA synthetase long-chain member 2,E6_2_1_3_LACS2,,vv10071Fatty_acid_metabolism,vv44146Peroxisome
30,VIT_07s0130g00040,1899,0.9165,Myb domain protein 4,MYB4_10,MYB3,vv60044MYB,
31,VIT_13s0019g04460,1888,0.9112,Phenylalanine ammonia-lyase 2 (PAL2),E4_3_1_5,,vv10350Tyrosine_metabolism,vv10360Phenylalanine_metabolism
32,VIT_00s0194g00070,1887,0.9112,Constans-like 10,COL10_1,,vv30009Flower_development,vv34710Circadian_rhythm
33,VIT_06s0061g00230,1895,0.9106,ABC transporter G member 7,ABCG7,,vv52010ABC_transporters,
34,VIT_10s0003g00620,1890,0.9100,Lipase GDSL,,,,
35,VIT_02s0025g04410,1868,0.9020,Beta-ketoacyl-CoA synthase,E2_3_1_41,,vv10061Fatty_acid_biosynthesis,
36,VIT_11s0016g04540,1860,0.9016,ABC transporter G member 22,ABCG22,,vv52010ABC_transporters,
37,VIT_02s0087g00280,1854,0.8948,Glycosyl transferase family 1 protein,,,,
38,VIT_02s0025g01750,1842,0.8886,Cellulose synthase CSLG3,E2_4_1_12_CSLG3,,vv40006Cell_wall,
39,VIT_18s0001g13080,1808,0.8764,Unknown protein,,,,
40,VIT_04s0008g02250,1818,0.8757,Beta-ketoacyl-CoA synthase,E2_3_1_41,,vv10061Fatty_acid_biosynthesis,
41,VIT_08s0056g01070,1790,0.8602,MATE efflux family protein,MATE,,vv50125Porters_cat_66_to_94,
42,VIT_06s0009g01410,1786,0.8599,No hit,,,,
43,VIT_14s0066g00400,1781,0.8587,Chalcone isomerase,E5_5_1_6,,vv10941Flavonoid_biosynthesis,
44,VIT_04s0023g01090,1768,0.8574,Unknown,,,,
45,VIT_09s0002g05000,1769,0.8538,R protein disease resistance protein,RPROT,,vv34627R_proteins_from_Plant-pathogen_interaction,
46,VIT_17s0000g04210,1754,0.8486,Oleosin OLE-5,,,,
47,VIT_03s0063g02610,1753,0.8465,GRP7 (cold  circadian rhythm  and RNA binding 2),GRP7,,vv50133Primary_active_transporter_cat_A9_to_A18,
48,VIT_17s0053g00780,1740,0.8382,Homeodomain GLABROUS11,HDG11_1,VvHB60,vv60034HB,
49,VIT_14s0030g01950,1737,0.8351,Transferase,,,,
50,VIT_01s0127g00260,1734,0.8345,ATP-citrate synthase,E4_1_3_6,,vv10020Citrate_cycle,
51,VIT_13s0074g00500,1729,0.8293,Cellulose synthase CSLA09,E2_4_1_12_CSLA09,,vv40006Cell_wall,
52,VIT_07s0005g04020,1713,0.8279,Leucine Rich Repeat receptor-like kinase,,,,
53,VIT_10s0003g03330,1718,0.8244,Receptor-like serine-threonine protein kinase,,,,
54,VIT_15s0046g02380,1689,0.8175,CYP86A8,,,,
55,VIT_02s0012g01660,1682,0.8090,ATPase PGP2 (P-glycoprotein 2),PGP2,,vv52010ABC_transporters,
56,VIT_07s0031g01670,1668,0.8085,CYP96A10,,,,
57,VIT_14s0066g02440,1660,0.8031,Glycosyl transferase family 14 protein,,,,
58,VIT_04s0023g03880,1654,0.7967,Unknown,,,,
59,VIT_01s0011g03380,1644,0.7938,Dihydrolipoamide S-acetyltransferase (LTA2),E2_3_1_12,,vv10010Glycolysis,vv10252Alanine_and_aspartate_metabolism
60,VIT_14s0060g01940,1635,0.7925,Epoxide hydrolase,E3_3_2_10,,,
61,VIT_08s0007g09000,1638,0.7917,Glycerol-3-phosphate dehydrogenase,E1_1_1_8,,vv10564Glycerophospholipid_metabolism,
62,VIT_13s0067g00730,1611,0.7756,Carboxylic ester hydrolase,E3_1_1_1,,,
63,VIT_14s0006g02990,1593,0.7707,3-ketoacyl-CoA synthase,,,,
64,VIT_10s0003g03530,1582,0.7691,Lupeol synthase,E5_4_99_8,,vv10100Biosynthesis_of_steroids,
65,VIT_05s0102g00370,1572,0.7605,Receptor protein kinase (ACR4),,,,
66,VIT_12s0057g01450,1541,0.7477,Subtilisin protease,,,,
67,VIT_10s0003g05420,1525,0.7389,S-2-hydroxy-acid oxidase  peroxisomal,E1_1_3_15,,vv10630Glyoxylate_and_dicarboxylate_metabolism,
68,VIT_13s0019g02880,1523,0.7368,UDP-glucoronosyl/UDP-glucosyl transferase,,,,
69,VIT_08s0032g00530,1508,0.7289,Rhomboid,,,,
70,VIT_18s0001g14800,1499,0.7277,Lipase 3 (EXL3) family II extracellular,,,,
71,VIT_02s0109g00350,1509,0.7237,Carboxyl-terminal proteinase,,,,
72,VIT_18s0041g00420,1497,0.7221,Patellin-5,,,,
73,VIT_03s0038g01830,1483,0.7206,Proline-rich protein 4,,,,
74,VIT_09s0018g01650,1496,0.7189,Wrinkled1 (AP2/ERBP),WRINKLED1_1,VvAP2-06,vv30008Ethylene_signaling,vv60003AP2_EREBP
75,VIT_19s0015g00740,1475,0.7136,Prefoldin,,,,
76,VIT_14s0060g02250,1472,0.7121,Unknown protein,,,,
77,VIT_13s0074g00660,1474,0.7121,ABC transporter G member 22,ABCG22,,vv52010ABC_transporters,
78,VIT_14s0083g00320,1472,0.7104,Cinnamoyl-CoA reductase,E1_2_1_44,,vv10940Phenylpropanoid_biosynthesis,
79,VIT_07s0031g01680,1478,0.7038,CYP86A1,,,,
80,VIT_05s0102g00940,1437,0.6949,R protein  PRF  disease resistance protein,K13453,,vv34627R_proteins_from_Plant-pathogen_interaction,
81,VIT_14s0066g00310,1426,0.6932,Unknown protein,,,,
82,VIT_00s0531g00060,1442,0.6909,Cellulose synthase CSLE1,E2_4_1_12_CSLE1,,vv40006Cell_wall,
83,VIT_18s0001g03470,1422,0.6866,Flavonol synthase,E1_14_11_23,,vv10941Flavonoid_biosynthesis,
84,VIT_08s0007g06870,1419,0.6845,Zinc finger protein 8,ZFP8,,vv60017C2H2,
85,VIT_12s0034g01140,1398,0.6790,Plastocyanin domain-containing protein,K02638,,vv10195Photosynthesis,vv50113Thylakoid_targeting_pathway
86,VIT_00s0187g00090,1381,0.6704,No hit,,,,
87,VIT_10s0003g00210,1384,0.6702,Unknown,,,,
88,VIT_12s0059g01590,1380,0.6683,Lipase GDSL,,,,
89,VIT_10s0003g00600,1385,0.6678,Lipase GDSL,,,,
90,VIT_04s0008g06300,1386,0.6667,Leucine-rich repeat family,,,,
91,VIT_02s0241g00060,1378,0.6641,Unknown protein,,,,
92,VIT_18s0001g06940,1369,0.6633,Purine permease 1 (PUP1),PUP1,,vv10908Zeatin_biosynthesis,vv50122Porters_cat_7_to_17
93,VIT_00s2525g00010,1362,0.6564,Unknown,,,,
94,VIT_05s0049g00310,1366,0.6552,E8 protein,E8,,vv30008Ethylene_signaling,
95,VIT_11s0052g01630,1337,0.6450,Anthocyanidin 3-O-glucosyltransferase,E2_4_1_115,,vv10942Anthocyanin_biosynthesis,
96,VIT_02s0012g01830,1324,0.6418,Heat shock cognate 70 kDa protein 3 (HSC70-3) (HSP70-3),HSC703,,vv23040Spliceosome,vv24141Protein_processing_in_endoplasmic_reticulum
97,VIT_14s0030g00670,1326,0.6412,Dehydroquinate dehydratase,E4_2_1_10,,vv10400Phenylalanine_tyrosine_and_tryptophan_biosynthesis,
98,VIT_04s0008g03930,1319,0.6394,RD22,,,,
99,VIT_01s0026g00570,1323,0.6388,Bet v I allergen,,,,
100,VIT_07s0005g01470,1319,0.6381,Unknown protein,,,,
101,VIT_00s0469g00040,1301,0.6331,Cellulose synthase CSLE1,E2_4_1_12_CSLE1,,vv40006Cell_wall,
102,VIT_14s0060g01850,1295,0.6265,Unknown,,,,
103,VIT_08s0007g02150,1293,0.6240,Receptor ser/thr protein kinase,,,,
104,VIT_00s0323g00060,1293,0.6240,Invertase/pectin methylesterase inhibitor,PMEI,,vv40006Cell_wall,
105,VIT_06s0080g00040,1282,0.6196,ABC transporter G member 22,ABCG22,,vv52010ABC_transporters,
106,VIT_00s0183g00070,1271,0.6164,No hit,,,,
107,VIT_03s0038g04210,1272,0.6160,Phototropin-2,K08282,,vv50101Channels_and_pores,
108,VIT_01s0011g03490,1268,0.6126,3-ketoacyl-CoA synthase,,,,
109,VIT_18s0001g15450,1267,0.6103,Alcohol dehydrogenase 3,E1_1_1_1,,vv10010Glycolysis,vv10071Fatty_acid_metabolism
110,VIT_18s0001g14790,1238,0.5989,Lipase 3 (EXL3) family II extracellular,,,,
111,VIT_19s0085g00030,1229,0.5917,Unknown protein,,,,
112,VIT_12s0059g02310,1228,0.5912,PDF2 (protodermal factor2),PDF2_4,VvHB44,vv60034HB,
113,VIT_10s0003g02120,1224,0.5902,Lipase GDSL,,,,
114,VIT_01s0011g01790,1211,0.5887,Galactose-binding like,,,,
115,VIT_04s0043g00560,1194,0.5836,DD1A protein,,,,
116,VIT_00s0516g00010,1201,0.5805,Unknown,,,,
117,VIT_01s0026g02120,1176,0.5703,Microtubule end binding protein 1 (EB1),K10436,,vv44810Regulation_of_actin_cytoskeleton,
118,VIT_11s0016g05630,1181,0.5700,Acetylglucosaminyltransferase,E2_4_1_223,,vv11030Glycan_structures-biosynthesis1,
119,VIT_00s0286g00130,1180,0.5692,S-locus lectin protein kinase,,,,
120,VIT_03s0017g01280,1175,0.5685,ABC transporter G member 7,ABCG7,,vv52010ABC_transporters,
121,VIT_03s0063g00200,1175,0.5674,Histidinol-phosphatase,E3_1_3_15,,vv10340Histidine_metabolism,
122,VIT_04s0008g03600,1166,0.5657,Tocopherol cyclase,K09834,,vv10100Biosynthesis_of_steroids,
123,VIT_18s0122g00590,1171,0.5627,DNA-binding protein,,,,
124,VIT_05s0049g01450,1167,0.5616,No hit,,,,
125,VIT_08s0007g07140,1140,0.5515,Esterase/lipase/thioesterase family protein,,,,
126,VIT_16s0039g01670,1133,0.5489,Cinnamoyl-CoA reductase,E1_2_1_44,,vv10940Phenylpropanoid_biosynthesis,
127,VIT_08s0056g00270,1136,0.5483,Unknown protein,,,,
128,VIT_10s0003g03870,1130,0.5464,Ornithine aminotransferase,E2_6_1_13,,vv10330Arginine_and_proline_metabolism,
129,VIT_10s0116g00680,1121,0.5413,PDF2 (protodermal factor2),PDF2_2,VvHB35,vv60034HB,
130,VIT_13s0067g03890,1101,0.5360,Beta-ketoacyl-CoA synthase,E2_3_1_41,,vv10061Fatty_acid_biosynthesis,
131,VIT_18s0001g14390,1107,0.5322,Transducin protein,,,,
132,VIT_16s0039g01900,1106,0.5320,Myb KAN2 (KANADI 2),KANADI2_2,,vv60029G2-like,
133,VIT_09s0002g01980,1098,0.5304,Myosin-like protein XIK,MYOSINXIK,,vv44810Regulation_of_actin_cytoskeleton,
134,VIT_13s0067g00160,1089,0.5294,NADPH2:quinone reductase,E1_6_5_5,,vv10740Riboflavin_metabolism,
135,VIT_15s0046g00500,1097,0.5289,Wax synthase,E2_3_1_75,,vv11000Single_reactions,
136,VIT_14s0060g00900,1088,0.5256,Unknown protein,,,,
137,VIT_18s0001g05030,1080,0.5235,Glucan 1 3-beta-glucosidase precursor,E3_2_1_58,,vv10500Starch_and_sucrose_metabolism,
138,VIT_02s0087g00400,1075,0.5181,Pectinacetylesterase,PAE,,vv40006Cell_wall,
139,VIT_09s0018g00070,1074,0.5163,F-box family protein,,,,
140,VIT_11s0052g01670,1067,0.5145,Ycf2,,,,
141,VIT_16s0100g00470,1067,0.5122,BCL2 binding anthogene,,,,
142,VIT_19s0090g01040,1051,0.5087,No hit,,,,
143,VIT_06s0004g05420,1038,0.5032,No hit,,,,
144,VIT_08s0058g01230,1030,0.4993,Non-specific lipid-transfer protein,,,,
145,VIT_14s0060g01790,1034,0.4976,Unknown protein,,,,
146,VIT_06s0004g02690,1017,0.4930,Glycosyl transferase family 2 protein,,,,
147,VIT_04s0008g06230,1012,0.4929,Ubiquitin family,,,,
148,VIT_02s0012g01940,1022,0.4925,Myb KAN2 (KANADI 2),KANADI2_1,,vv60029G2-like,
149,VIT_06s0009g00320,1015,0.4918,U-box protein,,,,
150,VIT_16s0050g00830,1013,0.4891,Beta-ketoacyl-CoA synthase,E2_3_1_41,,vv10061Fatty_acid_biosynthesis,
151,VIT_01s0011g04430,1006,0.4865,MATE efflux family protein,MATE,,vv50125Porters_cat_66_to_94,
152,VIT_01s0010g00720,996,0.4835,Unknown,,,,
153,VIT_07s0005g06290,997,0.4816,Cytochrome b5 isoform Cb5-C,,,,
154,VIT_03s0063g00350,994,0.4790,Unknown,,,,
155,VIT_00s0975g00010,991,0.4785,Cellulose synthase CSLE1,E2_4_1_12_CSLE1,,vv40006Cell_wall,
156,VIT_00s0399g00020,976,0.4756,Protease inhibitor/seed storage/lipid transfer protein (LTP),,,,
157,VIT_16s0100g00360,982,0.4733,Per1,,,,
158,VIT_05s0094g00560,981,0.4730,Stearoyl-ACP desaturase,E1_14_19_2,,vv11040Biosynthesis_of_unsaturated_fatty_acids,
159,VIT_06s0009g00960,975,0.4717,Ubiquitin-specific protease 12 (UBP12),,,,
160,VIT_05s0124g00100,970,0.4675,Unknown,,,,
161,VIT_04s0008g05400,960,0.4669,Serine hydrolase [Vitis vinifera],E4_3_1_18,,vv10260Glycine_serine_and_threonine_metabolism,
162,VIT_00s0220g00130,964,0.4666,Allyl alcohol dehydrogenase,,,,
163,VIT_15s0046g00510,957,0.4612,Wax synthase,E2_3_1_75,,vv11000Single_reactions,
164,VIT_00s0313g00040,945,0.4556,PAS2 (PASTICCINO 2),K10703,,vv11040Biosynthesis_of_unsaturated_fatty_acids,
165,VIT_02s0087g00630,941,0.4522,Alcohol oxidase,E1_1_3_13,,vv10680Methane_metabolism,
166,VIT_14s0006g02960,928,0.4511,KH domain containing protein,,,,
167,VIT_15s0046g02140,929,0.4471,Ribosomal protein L46 39S,,,,
168,VIT_19s0090g00710,923,0.4457,No hit,,,,
169,VIT_11s0052g00800,923,0.4450,Protein kinase family,,,,
170,VIT_13s0067g02390,923,0.4450,Unknown,,,,
171,VIT_14s0083g00370,923,0.4448,Unknown protein,,,,
172,VIT_00s0415g00020,913,0.4415,Endoribonuclease E-like protein,,,,
173,VIT_07s0031g00490,911,0.4412,MAP3K protein kinase,,,,
174,VIT_18s0001g06640,915,0.4399,Zinc finger (C3HC4-type ring finger),ZFC3HC4_60,,vv60078Other_zf-C3HC4,
175,VIT_14s0060g01810,902,0.4357,Unknown protein,,,,
176,VIT_07s0031g02910,900,0.4335,Receptor-like kinase,,,,
177,VIT_17s0000g05460,896,0.4318,Nodulin,,,,
178,VIT_10s0116g00170,892,0.4318,S-locus lectin protein kinase,,,,
179,VIT_13s0067g03470,888,0.4286,Glutathione S-transferase GSTO1,E2_5_1_18_GSTO1,,vv10480Glutathione_metabolism,
180,VIT_01s0011g02430,869,0.4208,Metal-dependent phosphohydrolase HD domain-containing protein,K07023,,,
181,VIT_18s0072g00760,872,0.4196,G-protein-coupled receptor,,,,
182,VIT_07s0005g01670,870,0.4189,No hit,,,,
183,VIT_02s0236g00030,864,0.4186,Unknown,,,,
184,VIT_14s0060g01840,862,0.4156,Unknown protein,,,,
185,VIT_18s0122g01280,853,0.4141,Niemann-Pick C1 protein precursor,NPC1,,vv50121Porters_cat_1_to_6,
186,VIT_14s0030g00730,856,0.4119,Vesicle-associated membrane protein 27 VAP27-2,VAP27_2,,vv50109Incompletely_characterized_transport_systems,
187,VIT_01s0150g00060,853,0.4113,SOUL heme-binding,,,,
188,VIT_16s0039g00750<br>VIT_00s1209g00010<br>VIT_16s0039g00420,844,0.4083,
189,VIT_15s0046g02410,843,0.4065,Aquaporin TMP-C,TMPC,,vv50101Channels_and_pores,
190,VIT_18s0041g02100<br>VIT_19s0085g00570,839,0.4053,
191,VIT_17s0000g03750,840,0.4052,Chitin elicitor-binding CEBIP LysM domain-containing,K13473,,vv34626Plant-pathogen_interaction,
192,VIT_02s0012g01930,828,0.4023,RCD1 (radical-induced cell death1),,,,
193,VIT_12s0028g03480,829,0.4007,Wax synthase,E2_3_1_75,,vv11000Single_reactions,
194,VIT_11s0016g02350,829,0.3999,Ubiquinone/menaquinone biosynthesis methyltransferase UbiE,K06127,,vv10130Ubiquinone_biosynthesis,
195,VIT_00s0414g00020,821,0.3957,Cellulose synthase CSLE1,E2_4_1_12_CSLE1,,vv40006Cell_wall,
196,VIT_05s0136g00140,808,0.3940,AarF domain containing kinase,K08869,,,
197,VIT_14s0066g00300,810,0.3911,Unknown,,,,
198,VIT_18s0122g01400,791,0.3834,Exostosin family protein,K02366,,vv11030Glycan_structures-biosynthesis1,
199,VIT_18s0041g02430<br>VIT_18s0041g02410,785,0.3829,
200,VIT_00s0484g00030,787,0.3811,ARK3 (Arabidopsis Receptor Kinase 3),,,,
201,VIT_11s0016g04270,791,0.3807,Hydrolase  alpha/beta fold,,,,
202,VIT_06s0080g00760,782,0.3794,Unknown protein,,,,
203,VIT_13s0067g02910,770,0.3743,Non-specific lipid-transfer protein,,,,
204,VIT_09s0054g01210,771,0.3728,Beta-amyrin synthase,E5_4_99_BAS,,vv10900Terpenoid_biosynthesis,
205,VIT_12s0059g01830,773,0.3727,Unknown,,,,
206,VIT_16s0098g00840,766,0.3718,Unknown protein,,,,
207,VIT_14s0036g01290,762,0.3695,Subtilisin-like proteinase AIR3,,,,
208,VIT_05s0020g02920,764,0.3684,Unknown protein,,,,
209,VIT_03s0017g00640,768,0.3675,Oxoglutarate/malate translocator DIT2.1,DIT2_1,,vv50124Porters_cat_30_to_64,
210,VIT_10s0003g00980,756,0.3665,Unknown protein,,,,
211,VIT_16s0022g02090,757,0.3661,Embryo-specific 3,,,,
212,VIT_18s0001g14810,754,0.3630,Lipase 3 (EXL3) family II extracellular,,,,
213,VIT_18s0001g08480,744,0.3620,EMB1273 [Arabidopsis lyrata subsp. lyrata],,,,
214,VIT_10s0597g00050,748,0.3619,Heat shock transcription factor B2A,HSFB2A_3,,vv60037HSF,
215,VIT_18s0001g01130,748,0.3608,Alpha-expansin 1 precursor,EXPA1,,vv30003Auxin_signaling,
216,VIT_06s0004g01770,739,0.3560,Acetyl-CoA carboxylase  biotin carboxylase,E6_4_1_2,,vv10061Fatty_acid_biosynthesis,vv10620Pyruvate_metabolism
217,VIT_04s0008g05440,734,0.3551,Ethylene-responsive transcription factor SHINE 3,SHINE3_1,VvERF044,vv30008Ethylene_signaling,vv60003AP2_EREBP
218,VIT_18s0001g10820,727,0.3510,Proteasome 26S regulatory subunit (RPN11),K03030,,vv23050Proteasome,
219,VIT_17s0000g02830,717,0.3482,R protein MLA10,K13475,,vv34627R_proteins_from_Plant-pathogen_interaction,
220,VIT_06s0009g02480,714,0.3466,Myb domain protein 65,MYB65_1,MYB159,vv60044MYB,
221,VIT_08s0058g00870,720,0.3465,Unknown protein,,,,
222,VIT_17s0000g02990,711,0.3453,MATE efflux family protein,MATE,,vv50125Porters_cat_66_to_94,
223,VIT_08s0007g08490,704,0.3408,Zinc proteinase,,,,
224,VIT_08s0007g00700,695,0.3354,PCS1 (promotion of cell survival1) peptidase,,,,
225,VIT_05s0077g01670,696,0.3337,Major cherry allergen Pru av 1.0202,,,,
226,VIT_03s0038g00360,700,0.3329,Isochorismatase hydrolase,E3_3_2_1,,vv10130Ubiquinone_biosynthesis,
227,VIT_11s0016g00330,673,0.3251,Pectinesterase family,E3_1_1_11,,vv40006Cell_wall,
228,VIT_04s0008g03480,671,0.3240,Beta-carotene 15 15'-monooxygenase,E1_14_99_36,,vv10906Carotenoid_biosynthesis,
229,VIT_00s0187g00050,661,0.3193,No hit,,,,
230,VIT_04s0008g03950,657,0.3192,RD22,,,,
231,VIT_11s0016g01280,662,0.3183,DNA-directed RNA polymerase III subunit C4,K03026,,vv23020RNA_polymerase,
232,VIT_13s0019g02990<br>VIT_13s0019g02890<br>VIT_13s0019g02910,655,0.3173,
233,VIT_15s0048g02000,654,0.3173,Homeodomain GLABROUS1,HDG1_1,VvHB53,vv60034HB,
234,VIT_17s0000g09270,647,0.3138,MATE efflux family protein,MATE,,vv50125Porters_cat_66_to_94,
235,VIT_05s0062g00930<br>VIT_13s0084g00500<br>VIT_18s0089g00810<br>VIT_18s0072g00010,650,0.3133,
236,VIT_17s0000g06630,644,0.3116,Unknown protein,,,,
237,VIT_00s0586g00020,639,0.3096,Unknown protein,,,,
238,VIT_05s0077g02180,638,0.3096,Chalcone reductase,CHALR,,vv10941Flavonoid_biosynthesis,
239,VIT_01s0010g02740,638,0.3085,4-coumarate-CoA ligase,E6_2_1_12,,vv10940Phenylpropanoid_biosynthesis,vv50104Group_translocators
240,VIT_15s0021g00050,637,0.3085,Eceriferum 1 (CER1 protein) Sterol desaturase,,,,
241,VIT_04s0008g02520,634,0.3050,ATP binding protein,,,,
242,VIT_16s0050g01750,632,0.3047,Unknown,,,,
243,VIT_01s0011g00720,631,0.3045,WRKY DNA-binding protein 57,WRKY57,VvWRKY01,vv60066WRKY,
244,VIT_05s0029g00310,629,0.3043,Serine hydroxymethyltransferase 1,E2_1_2_1,,vv10260Glycine_serine_and_threonine_metabolism,vv10670One_carbon_pool_by_folate
245,VIT_17s0000g07950,629,0.3042,Unknown protein,,,,
246,VIT_01s0010g02770,627,0.3017,Adenylate kinase-b,E2_7_4_3,,vv10230Purine_metabolism,
247,VIT_03s0017g01290,613,0.2974,ABC transporter G member 7,ABCG7,,vv52010ABC_transporters,
248,VIT_07s0129g00070<br>VIT_07s0129g00150,613,0.2956,
249,VIT_18s0001g13390,613,0.2941,Papain cysteine proteinase isoform II,E3_4_22_2,,,
250,VIT_18s0072g01000,602,0.2925,Dihydrolipoamide S-acetyltransferase,E2_3_1_12,,vv10010Glycolysis,vv10252Alanine_and_aspartate_metabolism
251,VIT_13s0067g03820,605,0.2924,Chalcone--flavonone isomerase (Chalcone isomerase),E5_5_1_6,,vv10941Flavonoid_biosynthesis,
252,VIT_00s0225g00070,594,0.2857,MATE efflux family protein,MATE,,vv50125Porters_cat_66_to_94,
253,VIT_09s0054g01360,590,0.2847,Cycloartenol synthase,E5_4_99_8,,vv10100Biosynthesis_of_steroids,
254,VIT_00s0183g00050,584,0.2832,No hit,,,,
255,VIT_02s0033g01330,579,0.2818,Acyl-CoA binding protein,,,,
256,VIT_13s0064g00160,583,0.2808,Unknown protein,,,,
257,VIT_15s0046g00480,580,0.2797,Wax synthase,E2_3_1_75,,vv11000Single_reactions,
258,VIT_11s0016g02310,575,0.2776,Thioredoxin 2,,,,
259,VIT_10s0116g01210,571,0.2760,Aspartyl protease,E3_4_23_40,,,
260,VIT_10s0116g00820,567,0.2742,Adenosine/AMP deaminase,E3_5_4_4,,vv10230Purine_metabolism,
261,VIT_08s0007g00570,565,0.2737,WRKY DNA-binding protein 49,WRKY49,VvWRKY27,vv60066WRKY,
262,VIT_05s0020g04110,562,0.2720,ELIP1 (early light-inducible protein),,,,
263,VIT_07s0005g00790,563,0.2713,Pollen Ole e 1 allergen and extensin,,,,
264,VIT_14s0128g00210,561,0.2706,Xyloglucanase inhibitor,,,,
265,VIT_05s0020g01980,555,0.2677,Acyl carrier protein  mitochondrial 3,K02078,,vv50134Primary_active_transporter_cat_D1,
266,VIT_16s0050g02390,552,0.2660,Plastid division protein PDV1,PDV1,,vv44110Cell_cycle,
267,VIT_01s0026g01340,548,0.2651,Glutathione S-transferase 29 GSTU18,E2_5_1_18_GSTU18,,vv10480Glutathione_metabolism,
268,VIT_05s0051g00610,547,0.2650,No hit,,,,
269,VIT_14s0068g02010,541,0.2621,IMP dehydrogenase/GMP reductase,E1_1_1_205,,vv10230Purine_metabolism,
270,VIT_02s0236g00050<br>VIT_02s0236g00010,533,0.2609,
271,VIT_14s0066g02640,534,0.2586,No hit,,,,
272,VIT_12s0142g00640,534,0.2571,FLS2 (flagellin-sensitive 2),K13420,,vv34626Plant-pathogen_interaction,
273,VIT_02s0012g01100,532,0.2569,Protein phosphatase 2C POLTERGEIST-like 1,,,,
274,VIT_08s0040g00520,531,0.2568,Leucine-rich repeat protein kinase,,,,
275,VIT_14s0108g00510,528,0.2564,Nucleosome assembly protein (NAP-related) NRP2,,,,
276,VIT_10s0405g00040,529,0.2564,Auxin-responsive protein,AUXREG,,vv30003Auxin_signaling,
277,VIT_15s0046g01960,529,0.2558,Hydroquinone glucosyltransferase,E2_4_1_218,,vv10500Starch_and_sucrose_metabolism,
278,VIT_06s0004g06560,526,0.2546,ABC transporter G member 23,ABCG23,,vv52010ABC_transporters,
279,VIT_06s0004g01460<br>VIT_06s0004g01450,529,0.2542,
280,VIT_14s0006g02530,521,0.2530,Non-specific lipid-transfer protein 2 (LTP 2),,,,
281,VIT_01s0150g00550,524,0.2529,Histone-lysine N-methyltransferase ASHR2,E2_1_1_43ASHR2_1,,vv10300Lysine_biosynthesis,vv60056SET_PCG
282,VIT_04s0008g06310,513,0.2479,Octicosapeptide/Phox/Bem1p (PB1) domain-containing protein,BEM1P,,vv50132Primary_active_transporter_cat_A5_to_A8,
283,VIT_04s0023g02680,513,0.2479,Dimethyladenosine transferase,K02528,,,
284,VIT_16s0050g01110,509,0.2465,Polygalacturonase GH28,E3_2_1_15,,vv40006Cell_wall,
285,VIT_16s0050g00090,496,0.2397,Cytochrome B561,K08360,,vv50105Transport_electron_carriers,
286,VIT_18s0001g12160,495,0.2381,Unknown protein,,,,
287,VIT_08s0040g02820,490,0.2373,Unknown protein,,,,
288,VIT_06s0004g07920,482,0.2321,WNK5 (Arabidopsis WNK kinase 5),,,,
289,VIT_09s0002g05620,476,0.2304,Unknown protein,,,,
290,VIT_11s0016g01980,478,0.2304,Unknown protein,,,,
291,VIT_06s0004g01340,478,0.2304,Esterase/lipase/thioesterase,,,,
292,VIT_18s0001g06950,475,0.2299,Purine permease 1 (PUP1),PUP1,,vv10908Zeatin_biosynthesis,vv50122Porters_cat_7_to_17
293,VIT_08s0056g00190,462,0.2249,Pyruvate kinase,E2_7_1_40,,vv10010Glycolysis,vv10230Purine_metabolism
294,VIT_01s0150g00170,461,0.2236,SEC14 cytosolic factor,SEC14,,vv50122Porters_cat_7_to_17,
295,VIT_08s0058g01210,461,0.2226,Non-specific lipid transfer protein LTP1,LTP1,,,
296,VIT_17s0000g02230,455,0.2206,Jasmonate ZIM domain-containing protein 3,JAZ3_2,,vv30011Jasmonate_signaling,vv34626Plant-pathogen_interaction
297,VIT_04s0008g05500,449,0.2160,S-receptor kinase,,,,
298,VIT_19s0014g05010,443,0.2148,Unknown protein,,,,
299,VIT_00s0266g00020<br>VIT_00s0372g00020<br>VIT_00s0271g00010<br>VIT_00s0385g00020<br>VIT_00s0522g00020<br>VIT_00s0372g00060<br>VIT_00s0372g00030<br>VIT_00s0385g00010,443,0.2145,
300,VIT_18s0041g00270,442,0.2136,R protein  PRF  disease resistance protein,K13453,,vv34627R_proteins_from_Plant-pathogen_interaction,
301,VIT_18s0001g08110,439,0.2126,Glutamyl-tRNA reductase  chloroplast precursor,E1_2_1_70,,vv10860Porphyrin_and_chlorophyll_metabolism,
302,VIT_05s0029g00510,437,0.2104,Aquaporin PIP PIP1A,PIP1A,,vv50101Channels_and_pores,
303,VIT_17s0000g06190,426,0.2060,Myb domain protein 94,MYB94_2,MYB30A,vv60044MYB,
304,VIT_14s0068g02290,419,0.2042,Disease resistance protein,K13466,,vv34626Plant-pathogen_interaction,
305,VIT_11s0037g01210,419,0.2038,Eceriferum 1 (CER1 protein) Sterol desaturase,,,,
306,VIT_08s0007g02700,420,0.2037,Secoisolariciresinol dehydrogenase,SIRD,,vv10940Phenylpropanoid_biosynthesis,
307,VIT_01s0127g00130,424,0.2037,Cysteine-rich receptor-like protein kinase 3,,,,
308,VIT_04s0008g02920,422,0.2036,Desiccation protein PCC13-62 precursor,,,,
309,VIT_05s0029g00480,422,0.2033,Eceriferum 2 (CER2),,,,
310,VIT_11s0016g05050,417,0.2032,Kelch repeat-containing F-box protein,,,,
311,VIT_14s0030g00650,420,0.2029,Shikimate dehydrogenase,E1_1_1_25,,vv10400Phenylalanine_tyrosine_and_tryptophan_biosynthesis,
312,VIT_19s0014g03720,419,0.2026,Unknown protein,,,,
313,VIT_08s0007g02000,416,0.2004,Glycerol-3-phosphate acyltransferase 8,E2_3_1_15,,vv10561Glycerolipid_metabolism,vv10564Glycerophospholipid_metabolism
314,VIT_10s0003g03650,417,0.2001,Beta-amyrin synthase,E5_4_99_BAS,,vv10900Terpenoid_biosynthesis,
315,VIT_06s0004g03310,410,0.1974,Hydrolase  alpha/beta fold,,,,
316,VIT_08s0007g02780,407,0.1965,Asp/Glu racemase,K01797,,,
317,VIT_05s0049g00430,400,0.1929,1-aminocyclopropane-1-carboxylate oxidase homolog 1,E1_14_17_4,,vv10640Propanoate_metabolism,vv30008Ethylene_signaling
318,VIT_10s0116g01030,396,0.1920,Stigma-specific Stig1,,,,
319,VIT_01s0137g00410,395,0.1915,CYP86A2,,,,
320,VIT_00s0532g00050,391,0.1905,Basic helix-loop-helix ILR3,ILR3_4,,vv11002Auxin_biosynthesis,vv60011BHLH
321,VIT_06s0004g03490,393,0.1895,Nuclear transcription factor Y subunit B related,NFYBREL_5,,vv60021CCAAT,
322,VIT_09s0002g08590,389,0.1880,Pentatricopeptide (PPR) repeat-containing protein,,,,
323,VIT_14s0060g01800,390,0.1877,Unknown,,,,
324,VIT_03s0063g01460,389,0.1873,Cytochrome b6f complex subunit (petM),K02643,,vv10195Photosynthesis,vv50105Transport_electron_carriers
325,VIT_04s0008g02870,387,0.1865,Transcription factor,TRIHELIXDOM_12,,vv60062Trihelix,
326,VIT_15s0046g01820,384,0.1854,Ring-H2 finger B1A,RHB1A,,vv60078Other_zf-C3HC4,
327,VIT_01s0010g00550,379,0.1833,Prolyl oligopeptidase,E3_4_21_26,,,
328,VIT_05s0049g01810,373,0.1804,No hit,,,,
329,VIT_00s0203g00170,372,0.1794,Myb domain protein 92,MYB92_1,MYB136,vv60044MYB,
330,VIT_15s0046g00490,371,0.1793,Wax synthase,E2_3_1_75,,vv11000Single_reactions,
331,VIT_17s0000g08790,370,0.1788,EMB2759 (embryo defective 2759),,,,
332,VIT_03s0038g03600,370,0.1785,Serine/threonine kinase,,,,
333,VIT_05s0049g00480,367,0.1769,Zinc finger (C3HC4-type ring finger),ZFC3HC4_65,,vv60078Other_zf-C3HC4,
334,VIT_16s0013g00680,367,0.1768,No hit,,,,
335,VIT_15s0046g03240,364,0.1759,Unknown protein,,,,
336,VIT_12s0059g00200,361,0.1748,Lanthionine synthetase C,,,,
337,VIT_11s0052g01640,359,0.1744,flavonol 3-O-glucosyltransferase,E2_4_1_91,,vv10941Flavonoid_biosynthesis,
338,VIT_07s0141g00610,363,0.1744,Zinc finger (C3HC4-type ring finger),ZFC3HC4_217,,vv60078Other_zf-C3HC4,
339,VIT_18s0001g01200,360,0.1733,No hit,,,,
340,VIT_13s0019g02860,356,0.1716,UDP-glucoronosyl and UDP-glucosyl transferase,,,,
341,VIT_11s0016g00580,353,0.1713,Unknown,,,,
342,VIT_11s0016g05010,346,0.1672,Lactoylglutathione lyase,E4_4_1_5,,vv10620Pyruvate_metabolism,
343,VIT_08s0007g06680,347,0.1669,PMR5 (powdery mildew resistant 5),,,,
344,VIT_19s0014g02630,343,0.1654,No hit,,,,
345,VIT_06s0061g01480,341,0.1648,ABC transporter G member 22,ABCG22,,vv52010ABC_transporters,
346,VIT_12s0028g00590,338,0.1633,3-hydroxyisobutyryl-CoA hydrolase,E3_1_2_4,,vv10280Valine_leucine_and_isoleucine_degradation,vv10410Beta-alanine_metabolism
347,VIT_08s0007g00060,338,0.1632,5-oxoprolinase,E3_5_2_9,,vv10480Glutathione_metabolism,
348,VIT_19s0027g00800,337,0.1632,Ycf2,,,,
349,VIT_04s0008g04230,336,0.1625,ABC transporter G member 22,ABCG22,,vv52010ABC_transporters,
350,VIT_04s0023g03820,335,0.1616,3-dehydroquinate synthase,E4_2_3_4,,vv10400Phenylalanine_tyrosine_and_tryptophan_biosynthesis,
351,VIT_19s0090g00400,332,0.1604,Zinc finger (C3HC4-type ring finger),ZFC3HC4_83,,vv60078Other_zf-C3HC4,
352,VIT_18s0001g05390,332,0.1600,(-)-germacrene D synthase,E4_2_3_22,,vv10900Terpenoid_biosynthesis,
353,VIT_11s0149g00060,328,0.1596,Unknown,,,,
354,VIT_03s0038g03910,328,0.1589,ANTR2 (anion transporter 2),ANTR2,,vv50121Porters_cat_1_to_6,
355,VIT_05s0020g00470,327,0.1586,DEAD box RNA helicase 1,DRH1,,vv23040Spliceosome,vv50133Primary_active_transporter_cat_A9_to_A18
356,VIT_15s0048g02410,324,0.1569,Myb CCA1 (circadian clock associated 1),CCA1,,vv34710Circadian_rhythm,vv60045MYBrelated
357,VIT_01s0010g01870,327,0.1564,Salicylic acid-induced fragment 1 protein,,,,
358,VIT_05s0062g01090,322,0.1554,Unknown,,,,
359,VIT_12s0057g01230,322,0.1546,No hit,,,,
360,VIT_18s0001g11940,318,0.1540,Metalloendopeptidase,,,,
361,VIT_02s0012g00180,319,0.1535,Serine protease,,,,
362,VIT_04s0044g01870,314,0.1522,Auxin efflux carrier,AUXEFF,,vv50004Auxin_transport,vv50125Porters_cat_66_to_94
363,VIT_06s0004g05200,314,0.1513,No hit,,,,
364,VIT_17s0000g07530,307,0.1483,Transportin-SR,TRANSPORTINSR,,vv50112Nuclear_pore_complex,
365,VIT_18s0164g00170<br>VIT_18s0164g00110,307,0.1482,
366,VIT_19s0014g04090<br>VIT_10s0071g00450<br>VIT_10s0071g00440<br>VIT_19s0015g02410<br>VIT_19s0014g04160,304,0.1474,
367,VIT_19s0015g02030,299,0.1441,UDP-galactose transporter 6,UTR6,,vv50122Porters_cat_7_to_17,
368,VIT_15s0045g01590,292,0.1398,Eceriferum 1 (CER1 protein) Sterol desaturase,,,,
369,VIT_08s0032g00440,286,0.1386,Syntaxin 1B/2/3/4,K08486,,vv24130SNARE_interactions_in_vesicular_transport,vv50101Channels_and_pores
370,VIT_10s0116g01710,284,0.1373,Galactosyltransferase family protein,E2_4_x_x,,,
371,VIT_01s0137g00170,280,0.1357,B-keto acyl reductase,,,,
372,VIT_13s0074g00220,280,0.1347,flavonol 3-O-methyltransferase,E2_1_1_76,,vv10941Flavonoid_biosynthesis,
373,VIT_11s0052g00240,279,0.1343,Accelerated cell death 11 (ACD11),,,,
374,VIT_18s0086g00530,276,0.1340,H(+)-ATPase AHA10 (autoinhibited H(+)-ATPase isoform 10),K01535,,vv10190Oxidative_phosphorylation,vv50131Primary_active_transporter_cat_A2_to_A4
375,VIT_03s0110g00100,274,0.1325,CYP86A8,,,,
376,VIT_12s0055g00810,272,0.1318,Cationic peroxidase,E1_11_1_7,,vv10360Phenylalanine_metabolism,vv10680Methane_metabolism
377,VIT_11s0037g01400,272,0.1318,Zinc finger (C3HC4-type ring finger),ZFC3HC4_80,,vv60078Other_zf-C3HC4,
378,VIT_18s0001g07020,271,0.1312,No hit,,,,
379,VIT_03s0017g01700,271,0.1305,Glycine cleavage system H protein  mitochondrial,E1_4_4_2,,vv10260Glycine_serine_and_threonine_metabolism,
380,VIT_18s0041g02400,265,0.1285,Aldehyde oxidase,E1_2_3_7,,vv11002Auxin_biosynthesis,
381,VIT_00s2887g00010,263,0.1280,Syntaxin 52,K08503,,vv24130SNARE_interactions_in_vesicular_transport,
382,VIT_00s0414g00040,262,0.1269,Cellulose synthase CSLE1,E2_4_1_12_CSLE1,,vv40006Cell_wall,
383,VIT_17s0000g04450,260,0.1262,Phospholipid-transporting ATPase,K01530,,vv50131Primary_active_transporter_cat_A2_to_A4,
384,VIT_10s0116g01640,260,0.1262,Glucan endo-1 3-beta-glucosidase 3 precursor,E3_2_1_39,,vv10500Starch_and_sucrose_metabolism,
385,VIT_04s0044g01700,253,0.1227,RNA polymerase I specific transcription initiation factor RRN3,RRN3,,,
386,VIT_08s0058g00140,248,0.1193,Ammonium transporter 2,AMT2,,vv50101Channels_and_pores,
387,VIT_07s0005g01790,247,0.1186,Acyl-CoA synthetase long-chain member 2,E6_2_1_3_LACS2,,vv10071Fatty_acid_metabolism,vv44146Peroxisome
388,VIT_02s0025g04360,244,0.1183,S-N-methylcoclaurine 3'-hydroxylase,E1_14_13_71,,vv10950Alkaloid_biosynthesis_I,
389,VIT_17s0000g02260,243,0.1173,Aldose 1-epimerase,E5_1_3_3,,vv10010Glycolysis,
390,VIT_14s0006g02690,240,0.1162,Delta 7-sterol-C5-desaturase (STE1),K00258,,vv10902Monoterpenoid_biosynthesis,
391,VIT_01s0011g00560,235,0.1141,DREPP plasma membrane polypeptide,,,,
392,VIT_05s0077g01740,236,0.1141,Polygalacturonase GH28,E3_2_1_15,,vv40006Cell_wall,
393,VIT_14s0108g01080,235,0.1141,Myb domain protein 106,MYB106_2,MYB141,vv60044MYB,
394,VIT_00s0225g00090,237,0.1140,Copper amine oxidase,E1_4_3_4,,vv10220Urea_cycle_and_metabolism_of_amino_groups,vv10340Histidine_metabolism
395,VIT_00s1349g00010,235,0.1139,Cellulose synthase CSLE1,E2_4_1_12_CSLE1,,vv40006Cell_wall,
396,VIT_05s0049g00300,234,0.1135,1-aminocyclopropane-1-carboxylate oxidase homolog 1,E1_14_17_4,,vv10640Propanoate_metabolism,vv30008Ethylene_signaling
397,VIT_13s0047g00790,234,0.1135,No hit,,,,
398,VIT_06s0004g05020,232,0.1122,Haloacid dehalogenase hydrolase,E3_1_3_18,,vv10630Glyoxylate_and_dicarboxylate_metabolism,
399,VIT_19s0015g01210,230,0.1115,KH domain-containing protein,,,,
400,VIT_12s0142g00330,229,0.1104,Copper-transporting ATPase PAA1,K01533_PAA1,,vv50131Primary_active_transporter_cat_A2_to_A4,
401,VIT_15s0024g00920,227,0.1096,NFD4 (nuclear fusion defective 4),,,,
402,VIT_05s0049g01400,226,0.1090,Alcohol oxidase,E1_1_3_13,,vv10680Methane_metabolism,
403,VIT_00s0316g00010,218,0.1060,Disease resistance protein,K13466,,vv34626Plant-pathogen_interaction,
404,VIT_05s0020g01070,219,0.1054,IAA31,IAA31,,vv30003Auxin_signaling,vv60008AUXIAA
405,VIT_18s0001g01750,220,0.1054,No hit,,,,
406,VIT_19s0014g03930,217,0.1049,TRM5 tRNA methyltransferase 5,K07055,,,
407,VIT_11s0052g00570,216,0.1040,Nodulin MtN21,MTN21,,vv50122Porters_cat_7_to_17,
408,VIT_05s0029g00300,214,0.1038,DNA repair protein RAD50,K10866,,vv23440Homologous_recombination,vv23450Non_homologous_end_joining
409,VIT_15s0046g00650,210,0.1021,Wax synthase,E2_3_1_75,,vv11000Single_reactions,
410,VIT_07s0129g00860,206,0.0992,CYP81E1 Isoflavone 2'-hydroxylase,E1_14_13_89,,vv10943Isoflavonoid_biosynthesis,
411,VIT_09s0002g06750,203,0.0988,ERF/AP2 transcription factor sub B-6 SHINE,SHINE1_1,VvERF042,vv30008Ethylene_signaling,vv60003AP2_EREBP
412,VIT_10s0116g01580,204,0.0979,No hit,,,,
413,VIT_12s0055g00930,202,0.0976,Heavy-metal-associated domain-containing protein,,,,
414,VIT_01s0026g02530,201,0.0966,Beta-1 3-galactosyltransferase,K07819,,vv10602Glycosphingolipid_biosynthesis,
415,VIT_00s0391g00010<br>VIT_00s0324g00080<br>VIT_00s1251g00010<br>VIT_00s0324g00100,200,0.0966,
416,VIT_11s0016g03070,197,0.0956,Hexokinase-2,E2_7_1_1,,vv10010Glycolysis,vv10051Fructose_and_mannose_metabolism
417,VIT_01s0137g00510,198,0.0956,CYP71B10,CYP71B10,,vv10940Phenylpropanoid_biosynthesis,
418,VIT_12s0059g01960,197,0.0953,Unknown protein,,,,
419,VIT_09s0002g05800,195,0.0951,Proteasome 26S AAA-ATPase subunit (RPT6a),K03066,,vv23050Proteasome,
420,VIT_09s0002g03620,196,0.0949,NADP-dependent malic enzyme,E1_1_1_39,,vv10620Pyruvate_metabolism,vv10710Carbon_fixation
421,VIT_06s0004g00030,192,0.0931,S-adenosyl-L-methionine:salicylic acid carboxyl methyltransferase,SAMTBSCMT,,vv10360Phenylalanine_metabolism,
422,VIT_08s0007g05490,193,0.0927,Pyruvate kinase,E2_7_1_40,,vv10010Glycolysis,vv10230Purine_metabolism
423,VIT_18s0001g14780,191,0.0924,Lipase 3 (EXL3) family II extracellular,,,,
424,VIT_10s0003g05490,190,0.0916,Toprim domain-containing protein,,,,
425,VIT_00s0532g00030,190,0.0915,Thioredoxin H,,,,
426,VIT_08s0007g07240,187,0.0905,Armadillo helical,,,,
427,VIT_04s0210g00180,184,0.0884,Isocitrate dehydrogenase subunit 1,E1_1_1_41,,vv10020Citrate_cycle,
428,VIT_01s0026g02620,182,0.0879,Expansin [Vitis labrusca x Vitis vinifera] EXPA15,EXPA15,,vv30003Auxin_signaling,
429,VIT_19s0090g01440,182,0.0875,Fimbrin 2,FIMBRIN2,,vv44810Regulation_of_actin_cytoskeleton,
430,VIT_12s0134g00670,177,0.0857,Anthocyanin 5-aromatic acyltransferase,E2_3_1_153,,vv10941Flavonoid_biosynthesis,vv10942Anthocyanin_biosynthesis
431,VIT_15s0048g02880,177,0.0855,Ubiquitin thiolesterase,,,,
432,VIT_00s0391g00070,176,0.0854,3-deoxy-D-arabino-heptulosonate 7-phosphate synthase,E2_5_1_54,,vv10400Phenylalanine_tyrosine_and_tryptophan_biosynthesis,
433,VIT_18s0041g00710,174,0.0844,UDP-glucose: anthocyanidin 5 3-O-glucosyltransferase,RHGT1,,vv10942Anthocyanin_biosynthesis,
434,VIT_18s0041g02110,173,0.0843,Unknown protein,,,,
435,VIT_08s0007g03560,173,0.0839,Anthocyanin membrane protein 1 (Anm1),ANM1,,vv50122Porters_cat_7_to_17,
436,VIT_06s0004g05070,170,0.0828,Zinc transporter (ZIP2),ZIP2,,vv50121Porters_cat_1_to_6,
437,VIT_13s0084g00090,171,0.0826,Nodulin MtN21 family,MTN21,,vv50122Porters_cat_7_to_17,
438,VIT_09s0002g03460,172,0.0823,Taurine dioxygenase,E1_14_11_17,,vv10272Cysteine_metabolism,
439,VIT_05s0062g00700,170,0.0823,UDP-glucose:flavonoid 7-O-glucosyltransferase,E2_4_1_237,,vv10941Flavonoid_biosynthesis,
440,VIT_01s0026g01640,167,0.0810,Band 7 family,BAND7,,vv50108Accessory_factors_involved_in_transport,
441,VIT_10s0116g00630,163,0.0791,Unknown protein,,,,
442,VIT_18s0001g14310,163,0.0789,Flavonone- 3-hydroxylase,E1_14_11_9,,vv10941Flavonoid_biosynthesis,
443,VIT_13s0067g00400,163,0.0787,Anthranilate synthase alpha 1,E4_1_3_27,,vv10400Phenylalanine_tyrosine_and_tryptophan_biosynthesis,
444,VIT_13s0067g02880,162,0.0783,Zinc finger (C3HC4-type ring finger),ZFC3HC4_197,,vv60078Other_zf-C3HC4,
445,VIT_06s0004g01510,161,0.0776,Lipoxygenase (LOX2),E1_13_11_12,,vv10592alpha-Linolenic_acid_metabolism,
446,VIT_15s0045g01600,160,0.0768,Eceriferum 1 (CER1 protein) Sterol desaturase,,,,
447,VIT_15s0046g01430,158,0.0765,Aldose 1-epimerase,E5_1_3_3,,vv10010Glycolysis,
448,VIT_15s0024g00910,156,0.0759,NFD4 (nuclear fusion defective 4),,,,
449,VIT_15s0046g00230,155,0.0748,Lateral organ boundaries protein 1,LBD1_1,,vv60007AS2,
450,VIT_15s0024g01260,155,0.0747,DJ-1 protein / protease,,,,
451,VIT_07s0151g00510,152,0.0738,GCN5 N-acetyltransferase (GNAT),GCN5_22,,vv60082GNAT,
452,VIT_18s0001g09260,151,0.0733,Unknown protein,,,,
453,VIT_15s0024g00770,151,0.0729,No hit,,,,
454,VIT_14s0006g02550,147,0.0710,Non-specific lipid-transfer protein 2 (LTP 2),,,,
455,VIT_06s0004g02510,147,0.0707,Unknown protein,,,,
456,VIT_04s0008g03640,145,0.0704,FAD-binding domain-containing protein,,,,
457,VIT_03s0038g01410,145,0.0701,Aquaporin PIP PIP1A,PIP1A,,vv50101Channels_and_pores,
458,VIT_19s0014g02170,145,0.0699,4-amino-4-deoxychorismate lyase,E4_1_3_38,,vv10790Folate_biosynthesis,
459,VIT_01s0011g04260,143,0.0693,Zinc finger (CCCH-type) family protein,CCCHFAM_8,,vv60018C3H,
460,VIT_07s0005g05260<br>VIT_07s0005g05230,143,0.0691,
461,VIT_17s0000g02360,143,0.0688,Receptor protein kinase,,,,
462,VIT_16s0013g01940,139,0.0669,Kinase-like protein TMKL1,,,,
463,VIT_18s0001g04860,137,0.0656,Aspartate transaminase.,E2_6_1_1,vv10710Carbon_fixation,vv10252Alanine_and_aspartate_metabolism,vv10272Cysteine_metabolism
464,VIT_06s0004g07900,132,0.0641,Ovate family protein 17 OFP17,OFP17_1,,vv60086OFP,
465,VIT_13s0019g01530,132,0.0638,Adaptor-related protein complex 3  beta 2 subunit,AP3B2,,vv50110Protein_coat,
466,VIT_07s0255g00060,132,0.0636,Prolyl oligopeptidase family,,,,
467,VIT_08s0007g07500,128,0.0625,PHD finger transcription factor,PHDFG_25,,vv60048PHD,
468,VIT_19s0014g04600,130,0.0625,S-locus protein kinase,,,,
469,VIT_08s0007g08180,128,0.0620,Unknown protein,,,,
470,VIT_18s0001g01250,126,0.0610,Senescence-inducible chloroplast stay-green protein 2,,,,
471,VIT_04s0210g00070,125,0.0607,Strictosidine synthase,E4_3_3_2,,vv10900Terpenoid_biosynthesis,vv10902Monoterpenoid_biosynthesis
472,VIT_00s0384g00020,125,0.0607,Basic helix-loop-helix (bHLH) family,BHLHDOM_93,,vv60011BHLH,
473,VIT_09s0002g02210,124,0.0597,Adhesion of calyx edges (ACE),,,,
474,VIT_18s0001g02460,124,0.0597,Unknown protein,,,,
475,VIT_17s0000g01730,124,0.0597,Adenylate kinase,E2_7_4_3,,vv10230Purine_metabolism,
476,VIT_05s0020g04540,121,0.0583,Beta-ketoacyl-CoA synthase,E2_3_1_41,,vv10061Fatty_acid_biosynthesis,
477,VIT_01s0011g01070,120,0.0579,No hit,,,,
478,VIT_04s0008g05300,119,0.0570,Phosphate translocator,PTLREL,,vv50122Porters_cat_7_to_17,
479,VIT_03s0063g00670,117,0.0565,Cyclin-dependent kinase inhibitor ICK5,ICK5,,vv44110Cell_cycle,
480,VIT_09s0002g00390,117,0.0563,Translation initiation factor eIF-2B alpha subunit,K03239,,vv23013RNA_transport,
481,VIT_17s0000g10420,115,0.0559,DNA-binding protein GT-1-related,GT1REL_3,,vv60062Trihelix,
482,VIT_00s0456g00040<br>VIT_00s0374g00030,116,0.0558,
483,VIT_00s0198g00050,115,0.0556,No hit,,,,
484,VIT_18s0089g01030,115,0.0556,Ethylene-responsive transcription factor,TINY_10,VvERF017,vv30008Ethylene_signaling,vv60003AP2_EREBP
485,VIT_10s0003g01100,114,0.0554,Cysteine protease RCR3,K13441,,vv34626Plant-pathogen_interaction,
486,VIT_01s0026g00180,114,0.0550,Serine/threonine kinase protein,,,,
487,VIT_02s0025g03070,112,0.0543,Zinc finger (C3HC4-type ring finger),ZFC3HC4_116,,vv60078Other_zf-C3HC4,
488,VIT_19s0090g01160,108,0.0521,Lipase GDSL,,,,
489,VIT_08s0040g02830,102,0.0494,Calcium-transporting ATPase 1  endoplasmic reticulum-type ECA1,K01537,,vv34020Calcium_signaling_pathway,vv50131Primary_active_transporter_cat_A2_to_A4
490,VIT_11s0052g01400,102,0.0493,Ribitol kinase,E2_7_1_47,,vv10040Pentose_glucuronate_interconversion,
491,VIT_15s0048g02720,99,0.0482,fatty acid elongase,E2_3_1_41,,vv10061Fatty_acid_biosynthesis,
492,VIT_09s0018g01920,98,0.0475,Exocyst complex component EXO84 B,EXO84B,,vv50111Tethering_factors,
493,VIT_02s0236g00020,98,0.0474,Unknown,,,,
494,VIT_04s0044g01160,98,0.0470,Aminotransferase  class V,,,,
495,VIT_12s0055g00080,96,0.0466,Photosystem II PsbD,K02706,,vv10195Photosynthesis,vv50135Primary_active_transporter_cat_D3_to_E2
496,VIT_13s0019g03020,91,0.0441,Glucosyltransferase-2,,,,
497,VIT_10s0042g00960,91,0.0439,DNAJ heat shock N-terminal domain-containing protein,DNAJREL,,vv50132Primary_active_transporter_cat_A5_to_A8,
498,VIT_05s0020g00690,90,0.0438,PPR2,,,,
499,VIT_18s0001g12170,90,0.0434,CYP72A1,K13400,,vv10902Monoterpenoid_biosynthesis,
500,VIT_08s0040g00440,88,0.0426,Unknown protein,,,,
501,VIT_08s0007g03370,88,0.0424,Unknown protein,,,,
502,VIT_08s0040g02250,88,0.0424,No hit,,,,
503,VIT_12s0178g00090,87,0.0422,Diacylglycerol kinase 1,E2_7_1_107,,vv10561Glycerolipid_metabolism,vv10564Glycerophospholipid_metabolism
504,VIT_12s0028g01690,86,0.0416,WRKY DNA-binding protein 65,WRKY65_2,,vv60066WRKY,
505,VIT_09s0002g05730,86,0.0414,Esterase,,,,
506,VIT_06s0009g03390,84,0.0408,No hit,,,,
507,VIT_08s0040g03400,84,0.0406,Short-chain dehydrogenase/reductase,,,,
508,VIT_18s0041g00430,81,0.0393,Patellin-1,,,,
509,VIT_03s0088g00470,80,0.0387,Auxin responsive SAUR protein,SAUR,,vv30003Auxin_signaling,
510,VIT_14s0128g00510<br>VIT_14s0128g00550,79,0.0385,
511,VIT_00s0317g00160,79,0.0381,Chalcone and stilbene synthases,E2_3_1_74,,vv10941Flavonoid_biosynthesis,
512,VIT_18s0001g13150,79,0.0380,BEL1 homeotic protein 3,BLH3,VvHB68,vv60034HB,
513,VIT_11s0118g00210,78,0.0378,Nodulation receptor kinase,,,,
514,VIT_12s0057g01000,77,0.0370,Unknown protein,,,,
515,VIT_00s0125g00200,75,0.0362,No hit,,,,
516,VIT_08s0040g00800,72,0.0346,Nodulin MtN21,MTN21,,vv50122Porters_cat_7_to_17,
517,VIT_08s0007g03140,72,0.0346,Rac GTPase activating protein 1,RHOGAP,,vv50109Incompletely_characterized_transport_systems,
518,VIT_14s0066g01380,72,0.0344,Calcium homeostasis regulator CHoR1,CHOR1,,,
519,VIT_13s0106g00790,71,0.0344,Mevalonate diphosphate decarboxylase (MVD1),E4_1_1_33,,vv10100Biosynthesis_of_steroids,
520,VIT_11s0016g01240,71,0.0343,DENN (AEX-3) domain-containing protein,,,,
521,VIT_14s0128g00890,71,0.0341,SNF4 (Sucrose NonFermenting 4),,,,
522,VIT_11s0052g00870,70,0.0341,IAA33,IAA33,,vv30003Auxin_signaling,vv60008AUXIAA
523,VIT_18s0001g08800,68,0.0329,Lecithine cholesterol acyltransferase-like protein,E2_3_1_43,,vv10564Glycerophospholipid_metabolism,
524,VIT_05s0029g00330,68,0.0327,Adenosylhomocysteinase (S-adenosyl-L-homocysteine hydrolase),E3_3_1_1,,vv10271Methionine_metabolism,vv10450Selenoamino_acid_metabolism
525,VIT_11s0016g03410,66,0.0320,Unknown protein,,,,
526,VIT_11s0052g00220,65,0.0316,Unknown protein,,,,
527,VIT_14s0036g00260,64,0.0310,Cc-nbs-lrr resistance protein,,,,
528,VIT_13s0019g05290,64,0.0309,Acyl-CoA binding,,,,
529,VIT_08s0007g05160,64,0.0308,Flavonoid 3' 5'-hydroxylase,E1_14_13_88,,vv10941Flavonoid_biosynthesis,
530,VIT_16s0039g02750,63,0.0303,NADH glutamate dehydrogenase,E1_4_1_3,,vv10251Glutamate_metabolism,vv10330Arginine_and_proline_metabolism
531,VIT_16s0013g00700,62,0.0299,Multidrug resistance-associated protein 3,MRP3,,vv52010ABC_transporters,
532,VIT_18s0001g11100,61,0.0294,Serine carboxypeptidase,,,,
533,VIT_14s0006g01290,61,0.0293,Myb domain protein 113,MYB113_2,MYBA6,vv60044MYB,
534,VIT_08s0007g00890,59,0.0286,Tropinone reductase,E1_1_1_206,,vv10220Urea_cycle_and_metabolism_of_amino_groups,
535,VIT_11s0065g00170,58,0.0282,Squamosa promoter-binding protein 2 (SPL2),SPL2_3,,vv60055SBP,
536,VIT_09s0054g00350,58,0.0282,Ycf2,,,,
537,VIT_00s0532g00070,57,0.0277,CRK10 (cysteine-rich RLK10); kinase,,,,
538,VIT_05s0077g01010,57,0.0276,HCF107 (high chlorophyll fluorescent 107),,,,
539,VIT_04s0008g00860,57,0.0276,Ndr family protein,,,,
540,VIT_07s0129g00910,57,0.0276,Protein kinase,,,,
541,VIT_03s0063g00340,57,0.0275,No hit,,,,
542,VIT_10s0116g01040,57,0.0275,Stigma-specific Stig1,,,,
543,VIT_06s0004g05930,56,0.0272,Proliferating cell nuclear antigen (PCNA),K04802,,vv23030DNA_replication,vv23410Base_excision_repair
544,VIT_06s0009g01750,56,0.0271,ATP-dependent RNA helicase DOB1,K12598,,vv23018RNA_degradation,
545,VIT_02s0025g02640,55,0.0265,Unknown protein,,,,
546,VIT_04s0008g05410,54,0.0262,Serine hydrolase [Vitis vinifera],E4_3_1_18,,vv10260Glycine_serine_and_threonine_metabolism,
547,VIT_06s0004g06520,54,0.0262,Ammonium transporter 1  member 1 (AMT1.1),AMT1_1,,vv50101Channels_and_pores,
548,VIT_18s0072g00580<br>VIT_11s0065g00040,54,0.0262,
549,VIT_19s0093g00230,54,0.0261,No hit,,,,
550,VIT_06s0004g05780,54,0.0261,UDP-glucoronosyl and UDP-glucosyl transferase,,,,
551,VIT_05s0094g00880,54,0.0260,Unknown,,,,
552,VIT_14s0066g02270,54,0.0258,Endonuclease/exonuclease/phosphatase family protein,E3_1_30_x,,,
553,VIT_19s0090g00730,53,0.0257,No hit,,,,
554,VIT_04s0079g00790,53,0.0257,Acyl-CoA synthetases (Acyl-activating enzyme 11),E6_2_1_3,,vv10071Fatty_acid_metabolism,vv50104Group_translocators
555,VIT_18s0001g12190,52,0.0252,CYP721A1,,,,
556,VIT_19s0015g01980,52,0.0251,Unknown,,,,
557,VIT_15s0046g00850<br>VIT_19s0138g00070<br>VIT_05s0062g01300,52,0.0250,
558,VIT_02s0012g01860,51,0.0247,RNA recognition motif (RRM)-containing protein,,,,
559,VIT_09s0002g00410,51,0.0247,No hit,,,,
560,VIT_18s0001g13320,49,0.0237,Dehydration-responsive element-binding protein 2D,DREB2D,VvERF036,vv30008Ethylene_signaling,vv60003AP2_EREBP
561,VIT_07s0005g06090,48,0.0232,Pore-forming toxin-like protein Hfr-2,HFR2,,vv50101Channels_and_pores,
562,VIT_16s0050g01870,47,0.0228,CAAX amino terminal protease,,,,
563,VIT_02s0012g01570,47,0.0228,Cinnamoyl-CoA reductase,E1_2_1_44,,vv10940Phenylpropanoid_biosynthesis,
564,VIT_19s0014g05360,47,0.0227,Replication protein A 70 kDa DNA-binding subunit,K07466,,vv23030DNA_replication,vv23420Nucleotide_excision_repair
565,VIT_04s0069g01120,46,0.0223,Acyl-activating enzyme 7,E6_2_1_3,,vv10071Fatty_acid_metabolism,vv50104Group_translocators
566,VIT_15s0046g01640,46,0.0222,Abl interactor protein 1 (ABIL1),,,,
567,VIT_07s0005g05300,46,0.0222,Self-incompatibility protein-related,,,,
568,VIT_14s0066g01210,46,0.0221,Carbonic anhydrase  chloroplast precursor,E4_2_1_1,,vv10910Nitrogen_metabolism,vv50124Porters_cat_30_to_64
569,VIT_08s0040g02640,45,0.0219,Serine/threonine-protein kinase AFC1,K08287,,,
570,VIT_06s0004g00330,44,0.0212,Hcr2-p4.1,,,,
571,VIT_05s0020g04850,43,0.0209,H1flk,,,,
572,VIT_13s0156g00540,43,0.0208,Disease resistance protein (CC-NBS-LRR class),,,,
573,VIT_10s0116g01880,43,0.0208,MATE efflux family protein,MATE,,vv50125Porters_cat_66_to_94,
574,VIT_07s0005g06180,43,0.0208,RPM1 (resistance to p. syringae pv maculicola 1),K13457,,vv34626Plant-pathogen_interaction,
575,VIT_10s0003g05690,42,0.0204,Ribulose bisphosphate carboxylase  large chain,E4_1_1_39,,vv10710Carbon_fixation,
576,VIT_05s0051g00170,42,0.0204,RRS1 (resistant to ralstonia solanacearum 1),RRS1,,vv34627R_proteins_from_Plant-pathogen_interaction,
577,VIT_09s0070g00240,42,0.0203,Cinnamoyl-CoA reductase,E1_2_1_44,,vv10940Phenylpropanoid_biosynthesis,
578,VIT_18s0122g01250,41,0.0199,No hit,,,,
579,VIT_00s0267g00030,40,0.0195,Unknown,,,,
580,VIT_18s0001g09210,40,0.0195,Basic helix-loop-helix (bHLH) family,BHLHDOM_36,,vv60011BHLH,
581,VIT_06s0004g01870,40,0.0194,No transmitting tract,NTT_2,,vv60017C2H2,
582,VIT_02s0012g02030,40,0.0193,Homeobox-7,VVHB7_1,VvHB09,vv60034HB,
583,VIT_10s0042g00560,40,0.0193,Unknown protein,,,,
584,VIT_05s0020g02930,40,0.0193,DNA-directed RNA polymerase III subunit C3,K03023,,vv23020RNA_polymerase,
585,VIT_04s0008g03160,40,0.0192,G protein protein gamma subunit (AGG2),,,,
586,VIT_14s0060g01730,39,0.0189,No hit,,,,
587,VIT_19s0014g04690,39,0.0188,Indole-3-acetic acid-amido synthetase,AUXINBIOSYNTHESIS_GH3,,vv11002Auxin_biosynthesis,
588,VIT_08s0040g01970,38,0.0185,fasciclin arabinogalactan-protein (FLA11),FLA11,,vv40006Cell_wall,
589,VIT_18s0122g01240,38,0.0183,Serine/threonine Protein kinase BNK1,,,,
590,VIT_13s0019g01540,38,0.0182,Protease inhibitor/seed storage/lipid transfer protein (LTP),,,,
591,VIT_12s0059g02420,37,0.0180,Peroxidase ATP11A (gb|X98802).,E1_11_1_7,,vv10360Phenylalanine_metabolism,vv10680Methane_metabolism
592,VIT_14s0060g02370,37,0.0179,DegP protease,E3_4_21_107,,,
593,VIT_00s0347g00120,37,0.0179,S-locus lectin protein kinase,,,,
594,VIT_00s2263g00010,36,0.0175,No hit,,,,
595,VIT_13s0064g00960,36,0.0174,Myb domain protein 46,MYB46,MYB186,vv60044MYB,
596,VIT_06s0061g00240,36,0.0173,ABC transporter G member 7,ABCG7,,vv52010ABC_transporters,
597,VIT_00s0676g00040<br>VIT_00s0239g00090<br>VIT_02s0012g03160<br>VIT_07s0005g06400<br>VIT_00s0239g00120<br>VIT_00s0173g00060<br>VIT_00s0308g00030,35,0.0171,
598,VIT_02s0087g00320,35,0.0169,Glycosyl transferase family 1 protein,,,,
599,VIT_00s0173g00150,35,0.0168,No hit,,,,
600,VIT_03s0088g00270,34,0.0164,No hit,,,,
601,VIT_12s0057g01060,33,0.0160,Jasmonate O-methyltransferase,E2_1_1_141,,vv10592alpha-Linolenic_acid_metabolism,
602,VIT_00s0441g00020<br>VIT_00s0525g00020,33,0.0160,
603,VIT_00s2380g00010,33,0.0160,S-locus lectin protein kinase,,,,
604,VIT_07s0005g01090,32,0.0155,ATP binding protein,,,,
605,VIT_14s0006g02860,32,0.0154,Unknown protein,,,,
606,VIT_09s0002g02400,32,0.0154,Prenylated rab acceptor (PRA1),,,,
607,VIT_01s0026g00990,31,0.0151,Pyruvate dehydrogenase E1 component alpha subunit,E1_2_4_1_IAR4,,vv10010Glycolysis,vv10252Alanine_and_aspartate_metabolism
608,VIT_11s0016g03740,31,0.0149,Rho guanyl-nucleotide exchange factor ROPGEF8,ROPGEF8,,,
609,VIT_14s0068g00170,31,0.0149,No hit,,,,
610,VIT_08s0058g01270,30,0.0146,Zinc finger (C3HC4-type ring finger),ZFC3HC4_94,,vv60078Other_zf-C3HC4,
611,VIT_03s0017g00920,30,0.0145,R protein  PRF  disease resistance protein,K13453,,vv34627R_proteins_from_Plant-pathogen_interaction,
612,VIT_17s0000g01050,30,0.0145,Corticosteroid 11-beta-dehydrogenase isozyme 1,E1_1_1_146,,vv10140C21-Steroid_hormone_metabolism,
613,VIT_01s0150g00430,30,0.0145,Unknown protein,,,,
614,VIT_13s0074g00610,30,0.0145,UDP-glucose:sesaminol 2'-O-glucoside-O-glucosyltransferase,E2_4_1_236,,vv10941Flavonoid_biosynthesis,
615,VIT_14s0066g01220,29,0.0141,ATMYB66/WER/WER1 (WEREWOLF 1),WEREWOLF_7,MYB156,vv44110Cell_cycle,vv60044MYB
616,VIT_02s0087g00720,29,0.0141,Receptor protein kinase,,,,
617,VIT_19s0015g01610,29,0.0141,No hit,,,,
618,VIT_00s0199g00030,29,0.0141,Ubiquitin-specific protease 16,,,,
619,VIT_16s0022g02060,29,0.0140,K+ efflux antiporter (KEA5),KEA5,,vv50124Porters_cat_30_to_64,
620,VIT_03s0063g00140,29,0.0140,Caffeoyl-CoA O-methyltransferase,E2_1_1_104,,vv10940Phenylpropanoid_biosynthesis,
621,VIT_18s0001g05580,28,0.0137,Unknown protein,,,,
622,VIT_12s0028g03900,28,0.0136,No hit,,,,
623,VIT_03s0063g00940,28,0.0135,CRK (CDPK-related kinase),,,,
624,VIT_13s0106g00250,28,0.0135,Carboxylic ester hydrolase,E3_1_1_1,,,
625,VIT_17s0000g06280,28,0.0135,Geranylgeranyl reductase,CHLP,,vv10100Biosynthesis_of_steroids,
626,VIT_12s0035g01980,28,0.0134,PHD finger protein alfin,ALFINDOM3,,vv60002Alfin-like,
627,VIT_06s0004g00500,28,0.0134,Armadillo helical,,,,
628,VIT_05s0051g00050,27,0.0132,Myosin-like protein XIB,MYOSINXIB,,vv44810Regulation_of_actin_cytoskeleton,
629,VIT_06s0004g08150,27,0.0131,Trans-cinnamate 4-monooxygenase,E1_14_13_11,,vv10360Phenylalanine_metabolism,vv10940Phenylpropanoid_biosynthesis
630,VIT_14s0068g00650,27,0.0131,Unknown,,,,
631,VIT_13s0074g00680,27,0.0131,ABC transporter G member 22,ABCG22,,vv52010ABC_transporters,
632,VIT_11s0037g00070,27,0.0130,NADP-dependent glyceraldehyde-3-phosphate dehydrogenase,E1_2_1_41,,vv10220Urea_cycle_and_metabolism_of_amino_groups,vv50101Channels_and_pores
633,VIT_08s0007g03680,26,0.0126,Unknown,,,,
634,VIT_19s0027g01810,26,0.0126,Invertase/pectin methylesterase inhibitor,PMEI,,vv40006Cell_wall,
635,VIT_15s0045g01440,26,0.0125,Eceriferum 1 (CER1 protein) Sterol desaturase,,,,
636,VIT_18s0001g13380,26,0.0125,Papain cysteine proteinase isoform I,E3_4_22_2,,,
637,VIT_06s0004g06750,25,0.0122,Armadillo/beta-catenin repeat,,,,
638,VIT_13s0067g02420,25,0.0121,No hit,,,,
639,VIT_14s0068g01300,25,0.0121,Serine palmitoyltransferase,E2_3_1_50,,vv10600Sphingolipid_metabolism,
640,VIT_05s0020g00700,25,0.0120,Squamosa promoter-binding protein 12 (SPL12),SPL12_4,,vv60055SBP,
641,VIT_05s0020g01900,24,0.0117,No hit,,,,
642,VIT_09s0054g00840,24,0.0116,Unknown protein,,,,
643,VIT_10s0003g01000,24,0.0116,Malate dehydrogenase,E1_1_1_37,,vv10020Citrate_cycle,vv10620Pyruvate_metabolism
644,VIT_12s0035g00620,24,0.0115,BZIP transcription factor,BZIPDOM_15,VvbZIP32,vv60012BZIP,
645,VIT_03s0038g00220,22,0.0107,Purple acid phosphatase 10 ATPAP10/PAP10,E3_1_3_2,,vv10740Riboflavin_metabolism,
646,VIT_11s0016g01120,22,0.0107,Tubulin-tyrosine ligase,TUBULINTL,,vv44810Regulation_of_actin_cytoskeleton,
647,VIT_06s0080g00050,22,0.0106,ABC transporter G member 22,ABCG22,,vv52010ABC_transporters,
648,VIT_14s0060g01780,22,0.0106,Unknown protein,,,,
649,VIT_09s0018g00330,22,0.0106,No hit,,,,
650,VIT_02s0087g00370,22,0.0106,Anthranilate N-hydroxycinnamoyl/benzoyltransferase,E2_3_1_144,,vv10400Phenylalanine_tyrosine_and_tryptophan_biosynthesis,
651,VIT_06s0004g08250,22,0.0106,Leucine-rich repeat transmembrane protein kinase  putative,,,,
652,VIT_14s0006g01740,21,0.0102,AAR2 protein,,,,
653,VIT_19s0014g00570,21,0.0102,Disease resistance protein RFL1,,,,
654,VIT_06s0009g01210,20,0.0097,Leucine-rich repeat protein kinase,,,,
655,VIT_04s0008g05380,20,0.0097,Serine hydrolase [Vitis vinifera],E4_3_1_18,,vv10260Glycine_serine_and_threonine_metabolism,
656,VIT_03s0017g00530,20,0.0097,Elongation factor 1-alpha HBS1,K14416,,vv23015mRNA_surveillance_pathway,
657,VIT_17s0000g07470,20,0.0097,Binding,,,,
658,VIT_05s0077g00530,19,0.0092,Unknown protein,,,,
659,VIT_11s0118g00060,19,0.0092,Exostosin-like,K02366,,vv11030Glycan_structures-biosynthesis1,
660,VIT_16s0022g00090,19,0.0092,No hit,,,,
661,VIT_02s0033g01020,19,0.0092,Anthraniloyal-CoA: methanol anthraniloyal transferase,AMAT,,vv10400Phenylalanine_tyrosine_and_tryptophan_biosynthesis,
662,VIT_18s0001g05790,19,0.0091,Unknown protein,,,,
663,VIT_15s0048g02150,19,0.0091,Methionine aminopeptidase 2B,E3_4_11_18,,,
664,VIT_11s0052g00880,19,0.0091,NADPH-cytochrome P450 oxydoreductase isoform 3,E1_6_2_4,,vv10195Photosynthesis,
665,VIT_15s0046g00520,19,0.0091,Wax synthase,E2_3_1_75,,vv11000Single_reactions,
666,VIT_06s0009g02780,18,0.0087,Histone mRNA exonuclease 1,K01175,,,
667,VIT_03s0088g00280,18,0.0087,Ribosomal RNA small subunit methyltransferase E,K09761,,,
668,VIT_14s0060g01830,18,0.0087,Unknown protein,,,,
669,VIT_01s0127g00710,18,0.0087,Mov34 STAM-binding protein,K11866,,vv50111Tethering_factors,
670,VIT_19s0015g02530,18,0.0086,No hit,,,,
671,VIT_05s0124g00090,17,0.0082,Golgi transport 1 protein B,GOT1B,,vv50109Incompletely_characterized_transport_systems,
672,VIT_10s0003g03780,16,0.0078,Unknown protein,,,,
673,VIT_19s0090g01730,16,0.0078,Zinc finger (C2H2 type) family,C2H2FAM_50,,vv60017C2H2,
674,VIT_00s0160g00220,16,0.0078,Unknown protein,,,,
675,VIT_01s0010g03950,16,0.0078,Pentatricopeptide (PPR) repeat-containing protein,,,,
676,VIT_02s0012g01250,16,0.0077,Carnitine/acylcarnitine carrier  Mitochondrial,BOU,,vv50123Porters_cat_18_to_29,
677,VIT_14s0060g02440,16,0.0077,Indeterminate(ID)-domain 2,IDD2_5,,vv60017C2H2,
678,VIT_11s0118g00810,16,0.0077,Peptidyl-prolyl cis-trans isomerase,K01802,,,
679,VIT_07s0005g03860,16,0.0077,Transcription termination factor mitochondrial mTERF,MTERF_21,,vv60085MTERF,
680,VIT_15s0021g00060,15,0.0073,Eceriferum 1 (CER1 protein) Sterol desaturase,,,,
681,VIT_16s0013g00120,15,0.0073,Unknown,,,,
682,VIT_06s0009g01460,15,0.0072,Homoserine dehydrogenase,E1_1_1_3,,vv10260Glycine_serine_and_threonine_metabolism,vv10300Lysine_biosynthesis
683,VIT_02s0025g01410,15,0.0072,Acyl-CoA synthetase long-chain member 2,E6_2_1_3_LACS2,,vv10071Fatty_acid_metabolism,vv44146Peroxisome
684,VIT_15s0021g02110,15,0.0072,AP2 domain-containing transcription factor TINY,TINY_8,VvERF029,vv30008Ethylene_signaling,vv60003AP2_EREBP
685,VIT_18s0001g00030,14,0.0068,CYP87A2,,,,
686,VIT_00s0361g00090,14,0.0068,Phototropic-responsive NPH3 protein,,,,
687,VIT_19s0085g00440,14,0.0068,R protein MLA10,K13475,,vv34627R_proteins_from_Plant-pathogen_interaction,
688,VIT_15s0046g00600,13,0.0063,No hit,,,,
689,VIT_14s0068g00140,13,0.0063,No hit,,,,
690,VIT_17s0000g02340,13,0.0063,Leucine-rich repeat receptor-like protein kinase 1,,,,
691,VIT_12s0028g02370,13,0.0063,Methyltransferase type 11,,,,
692,VIT_06s0061g01290,13,0.0063,No hit,,,,
693,VIT_07s0031g01740,13,0.0063,ATP synthase 24 kDa subunit,,,,
694,VIT_00s0216g00030,13,0.0063,Nuclear transport factor 2 (NTF2),NTF2,,vv50133Primary_active_transporter_cat_A9_to_A18,
695,VIT_08s0056g01150,12,0.0058,NADH-cytochrome b5 reductase,E1_6_2_2,,vv50135Primary_active_transporter_cat_D3_to_E2,
696,VIT_17s0000g03250,12,0.0058,Unknown protein,,,,
697,VIT_11s0016g04320,12,0.0058,Nudix hydrolase 20,,,,
698,VIT_08s0007g01360,12,0.0058,Unknown protein,,,,
699,VIT_16s0115g00340,12,0.0058,UDP-glucose: anthocyanidin 5 3-O-glucosyltransferase,E2_4_1_238,,vv10941Flavonoid_biosynthesis,vv10942Anthocyanin_biosynthesis
700,VIT_18s0157g00140,12,0.0058,Alliin lyase,E4_4_1_4,,vv10272Cysteine_metabolism,
701,VIT_12s0035g01480,12,0.0058,No hit,,,,
702,VIT_03s0038g01180<br>VIT_03s0038g01260,12,0.0058,
703,VIT_00s2839g00010,12,0.0058,No hit,,,,
704,VIT_00s0515g00040,12,0.0058,R protein MLA10,K13475,,vv34627R_proteins_from_Plant-pathogen_interaction,
705,VIT_18s0089g00510,12,0.0058,Isopentenyltransferase 1,E2_5_1_27,,vv10908Zeatin_biosynthesis,
706,VIT_13s0101g00060,12,0.0058,No hit,,,,
707,VIT_05s0062g01140,12,0.0058,Aromatic and neutral transporter 1,ANT1,,vv50123Porters_cat_18_to_29,
708,VIT_18s0164g00100,12,0.0058,Laccase,E1_10_3_2,,vv11000Single_reactions,vv50109Incompletely_characterized_transport_systems
709,VIT_19s0027g00810,12,0.0058,Per1,,,,
710,VIT_00s0762g00010,11,0.0053,S-locus lectin protein kinase family,,,,
711,VIT_02s0012g00190,11,0.0053,Unknown protein,,,,
712,VIT_06s0004g02740,11,0.0053,GATA transcription factor 10,BME3_ZF_2,,vv10904Diterpenoid_biosynthesis,vv60016C2C2-GATA
713,VIT_14s0171g00420,10,0.0049,Unknown protein,,,,
714,VIT_10s0071g00850,10,0.0049,Binding,,,,
715,VIT_14s0066g01320,10,0.0048,formate dehydrogenase (FDH),E1_2_1_2,,vv10630Glyoxylate_and_dicarboxylate_metabolism,vv10680Methane_metabolism
716,VIT_07s0005g06360,10,0.0048,E3 ubiquitin-protein ligase PRT1,,,,
717,VIT_02s0012g02760,10,0.0048,Methionyl-tRNA synthetase,E6_1_1_10,,vv10271Methionine_metabolism,vv10450Selenoamino_acid_metabolism
718,VIT_14s0068g01380,10,0.0048,Constans-like 14,COL14_2,,vv30009Flower_development,vv34710Circadian_rhythm
719,VIT_18s0086g00510,10,0.0048,Unknown,,,,
720,VIT_12s0134g00450,10,0.0048,S-locus lectin protein kinase,,,,
721,VIT_14s0068g00930,10,0.0048,Chalcone synthase,E2_3_1_74,,vv10941Flavonoid_biosynthesis,
722,VIT_15s0048g02390,10,0.0048,Wall-associated receptor kinase-like 14,,,,
723,VIT_10s0042g00900,9,0.0044,No hit,,,,
724,VIT_14s0006g03090,9,0.0044,Cellulose synthase CESA9,E2_4_1_12_CESA9,,vv40006Cell_wall,
725,VIT_06s0080g00400,9,0.0044,Ribosomal protein L10A (RPL10aA) 60S,K02865,,vv23010Ribosome,
726,VIT_06s0004g00950,9,0.0044,HUB2 (histone mono-ubiquitination 2),HUB2,,vv60078Other_zf-C3HC4,
727,VIT_09s0018g01890,9,0.0044,No hit,,,,
728,VIT_16s0022g00080,9,0.0044,HcrVf2 protein,,,,
729,VIT_02s0154g00430,9,0.0044,Unknown,,,,
730,VIT_02s0025g01960,9,0.0044,No hit,,,,
731,VIT_03s0038g04110,9,0.0044,AT-hook DNA-binding protein,,,,
732,VIT_17s0000g00070,9,0.0043,Unknown protein,,,,
733,VIT_01s0010g02610,9,0.0043,Unknown protein,,,,
734,VIT_00s0975g00020,9,0.0043,Cellulose synthase CSLE1,E2_4_1_12_CSLE1,,vv40006Cell_wall,
735,VIT_02s0025g04560,9,0.0043,Copper amine oxidase,E1_4_3_4,,vv10220Urea_cycle_and_metabolism_of_amino_groups,vv10340Histidine_metabolism
736,VIT_04s0023g01130,9,0.0043,E3 ubiquitin-protein ligase RNF5,K10666_155,,vv24141Protein_processing_in_endoplasmic_reticulum,vv60078Other_zf-C3HC4
737,VIT_07s0031g02780,9,0.0043,Cyclase/dehydrase,,,,
738,VIT_02s0025g03860,9,0.0043,Unknown protein,,,,
739,VIT_17s0000g06930,8,0.0039,Unfertilized embryo sac 10 UNE10,UNE10_3,,vv60011BHLH,
740,VIT_19s0014g01940,7,0.0034,Unknown,,,,
741,VIT_19s0090g00560,7,0.0034,Beta-1 3-galactosyltransferase sqv-2,K07820,,vv10602Glycosphingolipid_biosynthesis,
742,VIT_05s0029g01360,7,0.0034,No hit,,,,
743,VIT_01s0010g00710,7,0.0034,Armadillo/beta-catenin repeat protein / U-box domain-containing protein ,,,,
744,VIT_00s0532g00040,7,0.0034,No hit,,,,
745,VIT_19s0015g02850,7,0.0034,No hit,,,,
746,VIT_18s0001g12680,7,0.0033,Unknown protein,,,,
747,VIT_03s0110g00160,6,0.0029,Sucrose synthase,E2_4_1_13,,vv10500Starch_and_sucrose_metabolism,
748,VIT_02s0154g00420,6,0.0029,No hit,,,,
749,VIT_18s0001g07640,6,0.0029,Eceriferum 2 (CER2),,,,
750,VIT_18s0001g13430,6,0.0029,Coatomer alpha subunit,K05236,,vv50110Protein_coat,
751,VIT_04s0023g03890,6,0.0029,Atfp6,,,,
752,VIT_00s0379g00050,6,0.0029,Short-chain dehydrogenase/reductase (SDR),,,,
753,VIT_14s0219g00280,6,0.0029,Glycerol-3-phosphate dehydrogenase (NAD+),E1_1_1_8,,vv10564Glycerophospholipid_metabolism,
754,VIT_09s0054g00690,6,0.0029,Vacuolar processing enzyme alpha,,,,
755,VIT_05s0020g04060,6,0.0029,TIFY 4B (Protein PEAPOD 2),PEAPOD2,,vv60069ZIM,
756,VIT_12s0134g00500,6,0.0029,Cyclin D6,CYCD6_1,,vv44110Cell_cycle,
757,VIT_10s0116g01140,6,0.0029,Stigma-specific Stig1,,,,
758,VIT_07s0005g01290,6,0.0029,DnaJ homolog  subfamily C  member 7,K09527,,vv50132Primary_active_transporter_cat_A5_to_A8,
759,VIT_14s0108g00740,6,0.0029,GASA4,GASA4,,vv30010Gibberellin_signaling,
760,VIT_06s0004g03360,6,0.0029,Carbamoyl phosphate synthase large subunit,E6_3_5_5,,vv10240Pyrimidine_metabolism,vv10251Glutamate_metabolism
761,VIT_05s0020g01830,6,0.0029,UPF0497 family,,,,
762,VIT_13s0047g00200,6,0.0029,Subtilisin,SBT5_2,,,
763,VIT_02s0154g00440,6,0.0029,Unknown protein,,,,
764,VIT_04s0008g02510,6,0.0029,Receptor kinase homolog LRK10,,,,
765,VIT_08s0105g00120,6,0.0029,No hit,,,,
766,VIT_18s0001g10600,6,0.0029,Unknown,,,,
767,VIT_14s0066g00900,6,0.0029,Cysteine-rich receptor-like protein kinase 42,,,,
768,VIT_06s0061g00250,6,0.0029,ABC transporter G member 7,ABCG7,,vv52010ABC_transporters,
769,VIT_09s0002g08440,6,0.0029,No hit,,,,
770,VIT_04s0079g00840<br>VIT_13s0175g00180,6,0.0029,
771,VIT_17s0000g01360,6,0.0029,Unknown protein,,,,
772,VIT_17s0053g00270,6,0.0029,Gag-pol polyprotein,,,,
773,VIT_15s0046g02860,6,0.0029,Riboflavin biosynthesis protein ribD,E3_5_4_26,,vv10740Riboflavin_metabolism,
774,VIT_11s0016g01320,6,0.0029,Myb domain protein 13,MYB13,MYBPA2,vv60044MYB,
775,VIT_10s0003g02420,6,0.0029,SRG1 (senescence-related gene 1) oxidoreductase,,,,
776,VIT_12s0028g03960,6,0.0029,Ankyrin repeat protein family,K10380,,vv50108Accessory_factors_involved_in_transport,
777,VIT_04s0023g02880,6,0.0029,GATA transcription factor 14,GAT14,,vv60016C2C2-GATA,
778,VIT_18s0001g06290,6,0.0029,Ribosomal protein S6 (RPS6B) 40S,K02991,,vv23010Ribosome,vv34150mTOR_signaling_pathway
779,VIT_12s0055g00120,4,0.0019,No hit,,,,
780,VIT_07s0005g02300,4,0.0019,EDA32 (embryo sac development arrest 32),,,,
781,VIT_14s0030g00220,4,0.0019,Sugar transporter ERD6-like 5,ERD6L5,,vv50121Porters_cat_1_to_6,
782,VIT_18s0122g00220,4,0.0019,Phosphodiesterase/alkaline phosphatase D,E3_1_4_1,,,
783,VIT_08s0007g05110,4,0.0019,No hit,,,,
784,VIT_04s0044g00160,4,0.0019,Wuschel-related homeobox 13,WOX13_3,VvHB21,vv60034HB,
785,VIT_14s0219g00150,3,0.0015,Succinate dehydrogenase iron-protein subunit,E1_3_5_1,,vv10020Citrate_cycle,
786,VIT_15s0048g01270,3,0.0015,MADS-box agamous-like 6,AGL6_1,,vv60042MADS,
787,VIT_17s0053g01010,3,0.0015,Transcription initiation factor TFIIB,K03124,,vv23022Basal_transcription_factors,
788,VIT_03s0038g00950,3,0.0015,Auxin-responsive SAUR9,SAUR9,,vv30003Auxin_signaling,
789,VIT_11s0037g00020,3,0.0015,No hit,,,,
790,VIT_03s0038g00120,3,0.0015,Gibberellin-regulated protein 4 (GASA4),GASA4,,vv30010Gibberellin_signaling,
791,VIT_18s0001g05860,3,0.0015,Transparent testa 1,TT1,,vv60017C2H2,
792,VIT_10s0003g05080,3,0.0015,Wall-associated receptor kinase-like 10,,,,
793,VIT_08s0007g01750,3,0.0015,Acetyl co-enzyme A carboxylase carboxyltransferase alpha subunit,E6_4_1_2,,vv10061Fatty_acid_biosynthesis,vv10620Pyruvate_metabolism
794,VIT_17s0000g07800,3,0.0015,Unknown protein,,,,
795,VIT_02s0236g00170,3,0.0015,No hit,,,,
796,VIT_00s0469g00030,3,0.0015,No hit,,,,
797,VIT_04s0008g05260,3,0.0015,Unknown,,,,
798,VIT_04s0008g06330,3,0.0015,TPR1 (topless-related 1),TPR1,,vv30003Auxin_signaling,
799,VIT_12s0034g02200,3,0.0015,RKF3 (receptor-like kinase IN in flowers 3),,,,
800,VIT_13s0067g03050,3,0.0015,Leucine-rich repeat transmembrane protein kinase,,,,
801,VIT_04s0069g00710,3,0.0015,Glutamate receptor 2.8,GLR2_8,,vv50101Channels_and_pores,
802,VIT_11s0016g04710,3,0.0015,Serine-threonine kinase receptor-associated protein STRAP,K13137,,vv23013RNA_transport,
803,VIT_04s0044g00310,3,0.0015,Nodulin MtN21 family,MTN21,,vv50122Porters_cat_7_to_17,
804,VIT_02s0241g00040,3,0.0015,Cyclobutane pyrimidine dimer photolyase,E4_1_99_3,,,
805,VIT_14s0060g00490,3,0.0015,No hit,,,,
806,VIT_06s0004g03210,3,0.0015,Unknown,,,,
807,VIT_18s0041g01480,3,0.0015,No hit,,,,
808,VIT_10s0003g01380,3,0.0015,Myb family,MYBGE_9,,vv60029G2-like,
809,VIT_00s2864g00010,3,0.0015,No hit,,,,
810,VIT_08s0058g01110,3,0.0015,Ovate family protein 4 OFP4,OFP4_1,,vv60086OFP,
811,VIT_16s0050g01500,3,0.0015,EMB2261 (embryo defective 2261),,,,
812,VIT_11s0052g00890,3,0.0015,Unknown protein,,,,
813,VIT_08s0058g01030,3,0.0015,Saposin B domain-containing protein,SAPB,,vv50101Channels_and_pores,
814,VIT_16s0022g01330,3,0.0015,R protein  PRF  disease resistance protein,K13453,,vv34627R_proteins_from_Plant-pathogen_interaction,
815,VIT_05s0062g00830,3,0.0015,Ribosomal protein S1,K02945,,vv23010Ribosome,
816,VIT_18s0157g00170,3,0.0015,Alliin lyase precursor,E4_4_1_4,,vv10272Cysteine_metabolism,
817,VIT_06s0004g05940,3,0.0015,Uncoupling protein 1,PUMP1,,vv50123Porters_cat_18_to_29,
818,VIT_17s0000g03770,3,0.0015,No hit,,,,
819,VIT_14s0066g00550,3,0.0015,ABC transporter B member 5,K05660,,vv52010ABC_transporters,
820,VIT_10s0116g00310,3,0.0015,Auxin response factor 9,ARF9_1,,vv30003Auxin_signaling,vv60004ARF
821,VIT_12s0028g00320,3,0.0015,LHB1B1,K08912,,vv10196Photosynthesis_antenna_proteins,vv50105Transport_electron_carriers
822,VIT_06s0004g00260,3,0.0015,Shoot1 protein,,,,
823,VIT_04s0008g03340,3,0.0015,No hit,,,,
824,VIT_10s0003g00560,3,0.0015,Wuschel homeobox 9,WOX9,VvHB37,vv60034HB,
825,VIT_05s0049g00960,3,0.0015,Cryptochrome 2,CRY2,,vv34710Circadian_rhythm,
826,VIT_12s0028g03400,3,0.0015,No hit,,,,
827,VIT_02s0025g00970,3,0.0015,ABC transporter C member 15,ABCC15,,vv52010ABC_transporters,
828,VIT_18s0075g00570,3,0.0014,Emb1381 (embryo defective 1381),,,,
829,VIT_18s0075g00360,3,0.0014,No hit,,,,
830,VIT_08s0007g05430,3,0.0014,Pyruvate kinase,E2_7_1_40,,vv10010Glycolysis,vv10230Purine_metabolism
831,VIT_12s0034g02560,3,0.0014,DNA (cytosine-5)-methyltransferase (ATHIM),E2_1_1_37,,vv10271Methionine_metabolism,
832,VIT_15s0048g02450,3,0.0014,Caffeate 3-O-methyltransferase 1,E2_1_1_68,,vv10940Phenylpropanoid_biosynthesis,
833,VIT_18s0001g00370,3,0.0014,Ceramidase,E3_5_1_23,,vv10600Sphingolipid_metabolism,
834,VIT_02s0025g00960,3,0.0014,V-type H+-transporting ATPase subunit E,K02150,,vv10190Oxidative_phosphorylation,vv44145Phagosome
835,VIT_00s0246g00060<br>VIT_00s0332g00130,3,0.0014,
836,VIT_14s0128g00400,3,0.0014,Ras homolog gene family  member T1,K07870,,,
837,VIT_19s0085g00710,3,0.0014,Poly(A) binding protein 8,,,,
838,VIT_00s0515g00030,3,0.0014,Unknown protein,,,,
839,VIT_11s0149g00120,3,0.0014,DICER-like 4,DCL4,,vv50133Primary_active_transporter_cat_A9_to_A18,
840,VIT_01s0010g03780,3,0.0014,Histidine kinase (AHK3),AHK3,,vv30007Cytokinin_signaling,
841,VIT_04s0044g00430,3,0.0014,Nodulin MtN21 family,MTN21,,vv50122Porters_cat_7_to_17,
842,VIT_10s0116g01470,3,0.0014,No hit,,,,
843,VIT_10s0003g02960,3,0.0014,Glycosyl hydrolase family 17 protein,,,,
844,VIT_08s0040g02700,3,0.0014,Heavy-metal-associated domain-containing protein,,,,
845,VIT_16s0022g01510,3,0.0014,flavonoid 3' 5'-hydroxylase -like protein,E1_14_13_88,,vv10941Flavonoid_biosynthesis,
846,VIT_08s0007g03750,3,0.0014,1 4-alpha-glucan branching enzyme IIB  chloroplast precursor,E2_4_1_18,,vv10500Starch_and_sucrose_metabolism,
847,VIT_18s0041g00800,3,0.0014,UDP-glucose: anthocyanidin 5 3-O-glucosyltransferase,RHGT1,,vv10942Anthocyanin_biosynthesis,
848,VIT_05s0020g01820,3,0.0014,Integral membrane family protein UPF0497,,,,
849,VIT_09s0002g03370,3,0.0014,No hit,,,,
850,VIT_00s0531g00050,3,0.0014,Acetyl-CoA acetyltransferase  cytosolic 1,E2_3_1_9,,vv10071Fatty_acid_metabolism,vv10072Synthesis_and_degradation_of_ketone_bodies
851,VIT_14s0068g02230,3,0.0014,No hit,,,,
852,VIT_00s0400g00050,3,0.0014,No hit,,,,
853,VIT_13s0074g00370,3,0.0014,Zinc finger (C3HC4-type ring finger),ZFC3HC4_89,,vv60078Other_zf-C3HC4,
854,VIT_06s0004g01550,3,0.0014,Phosphoribosylanthranilate transferase,E2_4_2_18,,vv10400Phenylalanine_tyrosine_and_tryptophan_biosynthesis,
855,VIT_08s0040g00720,3,0.0014,Snf1 protein kinase (KIN10) (SKIN10),K08800,,,
856,VIT_05s0029g00550,3,0.0014,HEAT repeat-containing protein,,,,
857,VIT_18s0164g00060,3,0.0014,Calcium-dependent cysteine-type endopeptidase DEK1,,,,
858,VIT_09s0054g01370,3,0.0014,Beta-amyrin synthase,E5_4_99_BAS,,vv10900Terpenoid_biosynthesis,
859,VIT_18s0001g13330,3,0.0014,Purple acid phosphatase 32- ATPAP32/PAP32,E3_1_3_2,,vv10740Riboflavin_metabolism,
860,VIT_05s0049g01820,3,0.0014,Unknown protein,,,,
861,VIT_14s0006g02290,3,0.0014,DREB sub A-4 of ERF/AP2 transcription factor,TINY_2,VvERF028,vv30008Ethylene_signaling,vv60003AP2_EREBP
862,VIT_09s0002g04570,3,0.0014,Unknown,,,,
863,VIT_00s0335g00080,3,0.0014,R protein MLA10,K13475,,vv34627R_proteins_from_Plant-pathogen_interaction,
864,VIT_00s0245g00030,3,0.0014,Integral membrane family protein,,,,
