Vv_m2,2000,1000,VIT_18s0001g14660
rank,node,Fabs,Frel,Functional-annotation,Name-EC-KeggID,Updated-name,Network1,Network2
1,VIT_13s0074g00390,2059,1.0000,CYP77A2,,,,
2,VIT_10s0003g00620,2076,1.0000,Lipase GDSL,,,,
3,VIT_08s0056g01070,2053,1.0000,MATE efflux family protein,MATE,,vv50125Porters_cat_66_to_94,
4,VIT_00s0207g00010,2060,1.0000,Anthranilate N-benzoyltransferase protein 1,E2_3_1_144,,vv10400Phenylalanine_tyrosine_and_tryptophan_biosynthesis,
5,VIT_18s0001g14910,2072,0.9995,Mannitol dehydrogenase,E1_1_1_67,,vv10051Fructose_and_mannose_metabolism,
6,VIT_02s0025g02620,2073,0.9990,BDG1 (BODYGUARD1) hydrolase,,,,
7,VIT_05s0102g00370,2069,0.9990,Receptor protein kinase (ACR4),,,,
8,VIT_17s0000g10060,2067,0.9990,Lipase GDSL,,,,
9,VIT_11s0016g04540,2059,0.9971,ABC transporter G member 22,ABCG22,,vv52010ABC_transporters,
10,VIT_13s0067g02390,2058,0.9966,Unknown,,,,
11,VIT_04s0043g00560,2062,0.9957,DD1A protein,,,,
12,VIT_02s0025g04550,2055,0.9937,Glucose-methanol-choline (GMC) oxidoreductase,E1_1_99_1,,vv10260Glycine_serine_and_threonine_metabolism,
13,VIT_07s0005g01290,2002,0.9771,DnaJ homolog  subfamily C  member 7,K09527,,vv50132Primary_active_transporter_cat_A5_to_A8,
14,VIT_03s0038g01830,2007,0.9747,Proline-rich protein 4,,,,
15,VIT_11s0016g01320,2015,0.9739,Myb domain protein 13,MYB13,MYBPA2,vv60044MYB,
16,VIT_13s0019g01260,2017,0.9725,Enoyl reductase,K10258,,vv11040Biosynthesis_of_unsaturated_fatty_acids,
17,VIT_06s0004g01550,1994,0.9666,Phosphoribosylanthranilate transferase,E2_4_2_18,,vv10400Phenylalanine_tyrosine_and_tryptophan_biosynthesis,
18,VIT_12s0059g01870,2003,0.9644,GH3-like protein,AUXINBIOSYNTHESIS_GH3,,vv11002Auxin_biosynthesis,
19,VIT_18s0001g13080,1986,0.9636,Unknown protein,,,,
20,VIT_09s0002g03140,2003,0.9625,Lipase GDSL,,,,
21,VIT_00s0475g00020,1983,0.9584,Zinc finger (C3HC4-type ring finger),,,,
22,VIT_05s0049g01810,1981,0.9547,No hit,,,,
23,VIT_09s0018g01650,1957,0.9477,Wrinkled1 (AP2/ERBP),WRINKLED1_1,VvAP2-06,vv30008Ethylene_signaling,vv60003AP2_EREBP
24,VIT_03s0063g01880,1949,0.9420,Acyl-CoA synthetase long-chain member 2,E6_2_1_3_LACS2,,vv10071Fatty_acid_metabolism,vv44146Peroxisome
25,VIT_05s0077g01670,1939,0.9385,Major cherry allergen Pru av 1.0202,,,,
26,VIT_02s0025g03320,1924,0.9376,CYP86A2,,,,
27,VIT_11s0052g01600,1948,0.9374,UDP-glucose flavonoid 3-O-glucosyltransferase 7,E2_4_1_91,,vv10941Flavonoid_biosynthesis,
28,VIT_02s0025g01190,1915,0.9319,Extra-large G-protein (XLG1),,,,
29,VIT_07s0031g00480,1906,0.9217,Protein kinase family,,,,
30,VIT_10s0003g00980,1900,0.9201,Unknown protein,,,,
31,VIT_18s0122g00590,1905,0.9198,DNA-binding protein,,,,
32,VIT_01s0026g02530,1894,0.9172,Beta-1 3-galactosyltransferase,K07819,,vv10602Glycosphingolipid_biosynthesis,
33,VIT_14s0128g00160,1896,0.9159,Protein kinase CDG1,,,,
34,VIT_10s0003g00050,1873,0.9079,Squamosa promoter-binding protein 3 (SPL3),SPL3,,vv60055SBP,
35,VIT_14s0006g01610,1870,0.9064,PMI2 (plastid movement impaired 2),,,,
36,VIT_15s0046g01960,1869,0.9060,Hydroquinone glucosyltransferase,E2_4_1_218,,vv10500Starch_and_sucrose_metabolism,
37,VIT_18s0001g01210,1881,0.9056,Senescence-inducible chloroplast stay-green protein 2,,,,
38,VIT_16s0050g00830,1857,0.9032,Beta-ketoacyl-CoA synthase,E2_3_1_41,,vv10061Fatty_acid_biosynthesis,
39,VIT_18s0001g11100,1866,0.9019,Serine carboxypeptidase,,,,
40,VIT_00s0225g00070,1855,0.9005,MATE efflux family protein,MATE,,vv50125Porters_cat_66_to_94,
41,VIT_07s0031g01680,1854,0.8978,CYP86A1,,,,
42,VIT_10s0003g00600,1850,0.8933,Lipase GDSL,,,,
43,VIT_04s0043g00550,1821,0.8823,Carboxyl-terminal proteinase,,,,
44,VIT_03s0017g00710,1809,0.8799,flavonol synthase,E1_14_11_23,,vv10941Flavonoid_biosynthesis,
45,VIT_00s0313g00040,1805,0.8796,PAS2 (PASTICCINO 2),K10703,,vv11040Biosynthesis_of_unsaturated_fatty_acids,
46,VIT_01s0010g02740,1831,0.8769,4-coumarate-CoA ligase,E6_2_1_12,,vv10940Phenylpropanoid_biosynthesis,vv50104Group_translocators
47,VIT_03s0063g00350,1816,0.8748,Unknown,,,,
48,VIT_11s0118g00810,1785,0.8682,Peptidyl-prolyl cis-trans isomerase,K01802,,,
49,VIT_06s0004g06750,1780,0.8649,Armadillo/beta-catenin repeat,,,,
50,VIT_13s0156g00540,1762,0.8595,Disease resistance protein (CC-NBS-LRR class),,,,
51,VIT_13s0019g04260,1769,0.8554,Monoglyceride lipase,E3_1_1_23,,vv10561Glycerolipid_metabolism,
52,VIT_17s0000g06460,1760,0.8511,Zinc finger (C3HC4-type ring finger),ZFC3HC4_177,,vv60078Other_zf-C3HC4,
53,VIT_05s0049g00310,1758,0.8480,E8 protein,E8,,vv30008Ethylene_signaling,
54,VIT_06s0004g00260,1718,0.8328,Shoot1 protein,,,,
55,VIT_15s0046g01820,1718,0.8304,Ring-H2 finger B1A,RHB1A,,vv60078Other_zf-C3HC4,
56,VIT_02s0012g01660,1711,0.8250,ATPase PGP2 (P-glycoprotein 2),PGP2,,vv52010ABC_transporters,
57,VIT_03s0110g00100,1679,0.8158,CYP86A8,,,,
58,VIT_09s0002g03050,1681,0.8156,Lipase GDSL,,,,
59,VIT_04s0023g01090,1675,0.8065,Unknown,,,,
60,VIT_18s0001g08110,1663,0.8049,Glutamyl-tRNA reductase  chloroplast precursor,E1_2_1_70,,vv10860Porphyrin_and_chlorophyll_metabolism,
61,VIT_11s0065g00170,1661,0.8009,Squamosa promoter-binding protein 2 (SPL2),SPL2_3,,vv60055SBP,
62,VIT_06s0061g01290,1652,0.7969,No hit,,,,
63,VIT_19s0014g04090<br>VIT_10s0071g00450<br>VIT_10s0071g00440<br>VIT_19s0015g02410<br>VIT_19s0014g04160,1639,0.7960,
64,VIT_06s0009g03390,1638,0.7948,No hit,,,,
65,VIT_03s0091g01090,1644,0.7927,Unknown,,,,
66,VIT_14s0030g00960,1642,0.7898,R protein MLA10,K13475,,vv34627R_proteins_from_Plant-pathogen_interaction,
67,VIT_14s0108g00510,1617,0.7853,Nucleosome assembly protein (NAP-related) NRP2,,,,
68,VIT_14s0030g00730,1597,0.7771,Vesicle-associated membrane protein 27 VAP27-2,VAP27_2,,vv50109Incompletely_characterized_transport_systems,
69,VIT_10s0003g05420,1600,0.7744,S-2-hydroxy-acid oxidase  peroxisomal,E1_1_3_15,,vv10630Glyoxylate_and_dicarboxylate_metabolism,
70,VIT_18s0001g05380,1591,0.7693,TTL1 (tetratricopetide-repeat thioredoxin-like 1),,,,
71,VIT_07s0031g00520,1578,0.7660,Unknown protein,,,,
72,VIT_12s0059g01830,1571,0.7626,Unknown,,,,
73,VIT_12s0059g01590,1577,0.7626,Lipase GDSL,,,,
74,VIT_15s0046g02400,1572,0.7616,Glycerol-3-phosphate acyltransferase 8,E2_3_1_15,,vv10561Glycerolipid_metabolism,vv10564Glycerophospholipid_metabolism
75,VIT_04s0008g05400,1556,0.7557,Serine hydrolase [Vitis vinifera],E4_3_1_18,,vv10260Glycine_serine_and_threonine_metabolism,
76,VIT_08s0007g00700,1557,0.7540,PCS1 (promotion of cell survival1) peptidase,,,,
77,VIT_17s0000g03750,1537,0.7490,Chitin elicitor-binding CEBIP LysM domain-containing,K13473,,vv34626Plant-pathogen_interaction,
78,VIT_07s0151g00510,1544,0.7481,GCN5 N-acetyltransferase (GNAT),GCN5_22,,vv60082GNAT,
79,VIT_13s0067g02880,1539,0.7464,Zinc finger (C3HC4-type ring finger),ZFC3HC4_197,,vv60078Other_zf-C3HC4,
80,VIT_19s0093g00590,1549,0.7458,Myosin heavy chain-like protein,K10352,,vv44810Regulation_of_actin_cytoskeleton,
81,VIT_17s0000g08420,1525,0.7425,Unknown protein,,,,
82,VIT_02s0241g00040,1525,0.7364,Cyclobutane pyrimidine dimer photolyase,E4_1_99_3,,,
83,VIT_03s0038g03620,1481,0.7162,Rho guanyl-nucleotide exchange factor ROPGEF1,ROPGEF1,,,
84,VIT_10s0071g00810<br>VIT_10s0071g00840,1481,0.7144,
85,VIT_14s0068g00930,1473,0.7130,Chalcone synthase,E2_3_1_74,,vv10941Flavonoid_biosynthesis,
86,VIT_11s0118g00180,1467,0.7056,HHP1 (heptahelical protein 1),,,,
87,VIT_17s0000g00130,1449,0.7031,SEC14 cytosolic factor,SEC14,,vv50122Porters_cat_7_to_17,
88,VIT_04s0044g00190,1432,0.6915,Mannitol dehydrogenase,E1_1_1_67,,vv10051Fructose_and_mannose_metabolism,
89,VIT_10s0116g01880,1428,0.6912,MATE efflux family protein,MATE,,vv50125Porters_cat_66_to_94,
90,VIT_02s0025g04410,1430,0.6882,Beta-ketoacyl-CoA synthase,E2_3_1_41,,vv10061Fatty_acid_biosynthesis,
91,VIT_17s0000g09270,1414,0.6851,MATE efflux family protein,MATE,,vv50125Porters_cat_66_to_94,
92,VIT_17s0000g10260,1415,0.6826,AarF domain containing kinase,K08869,,,
93,VIT_19s0014g02170,1405,0.6797,4-amino-4-deoxychorismate lyase,E4_1_3_38,,vv10790Folate_biosynthesis,
94,VIT_16s0039g00010,1376,0.6680,ABC transporter G member 7,ABCG7,,vv52010ABC_transporters,
95,VIT_00s0340g00040,1380,0.6663,Beta-hexosaminidase beta chain precursor,E3_2_1_52,,vv10511N-Glycan_degradation,vv10530Aminosugars_metabolism
96,VIT_04s0008g03950,1373,0.6659,RD22,,,,
97,VIT_00s2887g00010,1354,0.6563,Syntaxin 52,K08503,,vv24130SNARE_interactions_in_vesicular_transport,
98,VIT_10s0071g00850,1359,0.6559,Binding,,,,
99,VIT_06s0004g02190,1357,0.6559,Armadillo/beta-catenin repeat,,,,
100,VIT_00s0532g00030,1349,0.6492,Thioredoxin H,,,,
101,VIT_06s0004g06890,1347,0.6482,Potassium transporter (KUP1),KUP1,,vv50125Porters_cat_66_to_94,
102,VIT_03s0088g00260,1338,0.6473,Serine carboxypeptidase S10,,,,
103,VIT_04s0008g05440,1315,0.6359,Ethylene-responsive transcription factor SHINE 3,SHINE3_1,VvERF044,vv30008Ethylene_signaling,vv60003AP2_EREBP
104,VIT_11s0037g01400,1313,0.6343,Zinc finger (C3HC4-type ring finger),ZFC3HC4_80,,vv60078Other_zf-C3HC4,
105,VIT_09s0002g06750,1310,0.6304,ERF/AP2 transcription factor sub B-6 SHINE,SHINE1_1,VvERF042,vv30008Ethylene_signaling,vv60003AP2_EREBP
106,VIT_11s0016g00330,1288,0.6249,Pectinesterase family,E3_1_1_11,,vv40006Cell_wall,
107,VIT_17s0000g09760,1269,0.6154,ABC transporter B member 11,K05664,,vv52010ABC_transporters,
108,VIT_13s0067g02910,1264,0.6109,Non-specific lipid-transfer protein,,,,
109,VIT_00s0220g00180,1251,0.6046,Glycosyl hydrolase family 20 protein,,,,
110,VIT_18s0001g07490,1238,0.5989,Auxin-independent growth promoter,AXI1,,vv30003Auxin_signaling,
111,VIT_18s0001g01250,1247,0.5952,Senescence-inducible chloroplast stay-green protein 2,,,,
112,VIT_08s0007g06680,1224,0.5922,PMR5 (powdery mildew resistant 5),,,,
113,VIT_06s0080g00760,1215,0.5898,Unknown protein,,,,
114,VIT_09s0002g08100,1223,0.5885,Calcineurin,E3_1_3_16,,,
115,VIT_01s0026g00570,1210,0.5879,Bet v I allergen,,,,
116,VIT_14s0006g02990,1206,0.5849,3-ketoacyl-CoA synthase,,,,
117,VIT_05s0049g01820,1209,0.5829,Unknown protein,,,,
118,VIT_08s0056g00800,1202,0.5821,Myb domain protein 60,MYB60,MYB60,vv60044MYB,
119,VIT_13s0067g03890,1200,0.5811,Beta-ketoacyl-CoA synthase,E2_3_1_41,,vv10061Fatty_acid_biosynthesis,
120,VIT_05s0077g00530,1185,0.5733,Unknown protein,,,,
121,VIT_05s0062g01140,1178,0.5727,Aromatic and neutral transporter 1,ANT1,,vv50123Porters_cat_18_to_29,
122,VIT_11s0052g00410,1183,0.5718,Allyl alcohol dehydrogenase,,,,
123,VIT_06s0004g05120,1183,0.5715,ARR1 typeB,ARR1_3,,vv30007Cytokinin_signaling,vv60006ARR-B
124,VIT_14s0083g00910,1185,0.5700,Auxin-independent growth promoter,,,,
125,VIT_08s0007g02000,1179,0.5676,Glycerol-3-phosphate acyltransferase 8,E2_3_1_15,,vv10561Glycerolipid_metabolism,vv10564Glycerophospholipid_metabolism
126,VIT_09s0002g04170,1170,0.5633,Acyl-CoA synthetases (Acyl-activating enzyme 13),E6_2_1_3,,vv10071Fatty_acid_metabolism,vv50104Group_translocators
127,VIT_15s0046g00500,1162,0.5587,Wax synthase,E2_3_1_75,,vv11000Single_reactions,
128,VIT_00s2037g00010,1135,0.5488,Unknown,,,,
129,VIT_03s0038g01960,1132,0.5482,Proline-rich family protein,,,,
130,VIT_15s0046g02410,1124,0.5462,Aquaporin TMP-C,TMPC,,vv50101Channels_and_pores,
131,VIT_04s0008g05380,1122,0.5449,Serine hydrolase [Vitis vinifera],E4_3_1_18,,vv10260Glycine_serine_and_threonine_metabolism,
132,VIT_18s0001g09450,1122,0.5423,Unknown protein,,,,
133,VIT_16s0039g02500,1129,0.5417,Shikimate kinase,E2_7_1_71,,vv10400Phenylalanine_tyrosine_and_tryptophan_biosynthesis,
134,VIT_15s0048g01050,1129,0.5412,Unknown,,,,
135,VIT_14s0066g01040,1121,0.5374,Cytosine methyltransferase (DRM2),E2_1_1_49,,vv11002Auxin_biosynthesis,
136,VIT_13s0019g02810,1093,0.5290,Glucuronosyl transferase,E2_4_1_17,,vv10040Pentose_glucuronate_interconversion,vv10500Starch_and_sucrose_metabolism
137,VIT_04s0008g02250,1088,0.5266,Beta-ketoacyl-CoA synthase,E2_3_1_41,,vv10061Fatty_acid_biosynthesis,
138,VIT_08s0040g02250,1079,0.5253,No hit,,,,
139,VIT_06s0061g00230,1085,0.5226,ABC transporter G member 7,ABCG7,,vv52010ABC_transporters,
140,VIT_12s0057g01450,1068,0.5164,Subtilisin protease,,,,
141,VIT_00s2197g00010,1065,0.5147,Gibberellin 20-oxidase,E1_14_11_12,,vv10904Diterpenoid_biosynthesis,
142,VIT_00s0333g00050,1059,0.5116,DIR1 (defective IN induced resistance 1),,,,
143,VIT_03s0017g00830,1054,0.5092,2OG-Fe(II) oxygenase,,,,
144,VIT_00s0399g00020,1048,0.5051,Protease inhibitor/seed storage/lipid transfer protein (LTP),,,,
145,VIT_04s0023g02810,1051,0.5024,Aldehyde dehydrogenase 3B1,E1_2_1_3,vv10561Glycerolipid_metabolism,vv10010Glycolysis,vv10071Fatty_acid_metabolism
146,VIT_03s0088g00560,1032,0.5019,Citrate synthase,E2_3_3_1,,vv10020Citrate_cycle,vv10630Glyoxylate_and_dicarboxylate_metabolism
147,VIT_13s0106g00250,1027,0.4985,Carboxylic ester hydrolase,E3_1_1_1,,,
148,VIT_12s0059g02310,1032,0.4962,PDF2 (protodermal factor2),PDF2_4,VvHB44,vv60034HB,
149,VIT_08s0007g01360,1019,0.4937,Unknown protein,,,,
150,VIT_04s0044g00450,1015,0.4920,Nodulin MtN21 family,MTN21,,vv50122Porters_cat_7_to_17,
151,VIT_12s0059g01820,1019,0.4906,Protein phosphatase 1D,K10147,,,
152,VIT_10s0116g01580,1005,0.4900,No hit,,,,
153,VIT_01s0011g03210,1007,0.4898,Aspartyl protease,E3_4_23_x,,,
154,VIT_10s0003g01580,1006,0.4895,Unknown protein,,,,
155,VIT_14s0060g01940,1009,0.4893,Epoxide hydrolase,E3_3_2_10,,,
156,VIT_03s0038g00360,1015,0.4885,Isochorismatase hydrolase,E3_3_2_1,,vv10130Ubiquinone_biosynthesis,
157,VIT_18s0072g01000,1006,0.4876,Dihydrolipoamide S-acetyltransferase,E2_3_1_12,,vv10010Glycolysis,vv10252Alanine_and_aspartate_metabolism
158,VIT_06s0004g03310,1013,0.4875,Hydrolase  alpha/beta fold,,,,
159,VIT_13s0019g04460,988,0.4745,Phenylalanine ammonia-lyase 2 (PAL2),E4_3_1_5,,vv10350Tyrosine_metabolism,vv10360Phenylalanine_metabolism
160,VIT_01s0011g03910,982,0.4735,Protein phosphatase 2C,E3_1_3_16,,,
161,VIT_04s0044g00640,980,0.4714,S-receptor kinase,,,,
162,VIT_08s0007g05720,980,0.4707,No hit,,,,
163,VIT_07s0005g01670,970,0.4691,No hit,,,,
164,VIT_00s0762g00010,968,0.4690,S-locus lectin protein kinase family,,,,
165,VIT_01s0150g00390,970,0.4670,Minichromosome maintenance protein 2,K02540,,vv23030DNA_replication,vv44110Cell_cycle
166,VIT_14s0006g02690,967,0.4665,Delta 7-sterol-C5-desaturase (STE1),K00258,,vv10902Monoterpenoid_biosynthesis,
167,VIT_04s0008g03600,959,0.4664,Tocopherol cyclase,K09834,,vv10100Biosynthesis_of_steroids,
168,VIT_03s0063g00670,961,0.4654,Cyclin-dependent kinase inhibitor ICK5,ICK5,,vv44110Cell_cycle,
169,VIT_14s0068g02010,963,0.4648,IMP dehydrogenase/GMP reductase,E1_1_1_205,,vv10230Purine_metabolism,
170,VIT_11s0016g01310,955,0.4629,TT2 (transparent testa 2),TT2_5,MYBPA4,vv44110Cell_cycle,vv60044MYB
171,VIT_06s0009g01460,949,0.4602,Homoserine dehydrogenase,E1_1_1_3,,vv10260Glycine_serine_and_threonine_metabolism,vv10300Lysine_biosynthesis
172,VIT_13s0019g02710,956,0.4598,Rho guanyl-nucleotide exchange factor ROPGEF5,ROPGEF5,,,
173,VIT_06s0009g02640,943,0.4596,Hydroxymethylglutaryl-CoA lyase,E4_1_3_4,,vv10072Synthesis_and_degradation_of_ketone_bodies,vv10280Valine_leucine_and_isoleucine_degradation
174,VIT_12s0028g00930,952,0.4590,Glutathione S-transferase 9 GSTF9,E2_5_1_18_GSTF9,,vv10480Glutathione_metabolism,
175,VIT_03s0088g01150,939,0.4556,Squalene monooxygenase,E1_14_99_7,,vv10100Biosynthesis_of_steroids,vv10900Terpenoid_biosynthesis
176,VIT_13s0067g00730,941,0.4537,Carboxylic ester hydrolase,E3_1_1_1,,,
177,VIT_04s0023g03040,932,0.4526,Lactoylglutathione lyase,E4_4_1_5,,vv10620Pyruvate_metabolism,
178,VIT_01s0150g00060,930,0.4515,SOUL heme-binding,,,,
179,VIT_18s0001g09920,926,0.4476,Cyclin delta-3 (CYCD3_1),CYCD3,,vv30007Cytokinin_signaling,vv44110Cell_cycle
180,VIT_14s0128g00210,919,0.4466,Xyloglucanase inhibitor,,,,
181,VIT_18s0001g07020,917,0.4404,No hit,,,,
182,VIT_06s0004g05200,890,0.4318,No hit,,,,
183,VIT_00s0531g00030,888,0.4269,C2 domain containing protein,,,,
184,VIT_16s0022g02060,858,0.4204,K+ efflux antiporter (KEA5),KEA5,,vv50124Porters_cat_30_to_64,
185,VIT_08s0007g09000,872,0.4180,Glycerol-3-phosphate dehydrogenase,E1_1_1_8,,vv10564Glycerophospholipid_metabolism,
186,VIT_18s0122g01280,847,0.4100,Niemann-Pick C1 protein precursor,NPC1,,vv50121Porters_cat_1_to_6,
187,VIT_07s0141g00640,832,0.4055,ProT1 (PROLINE transporter 1),PROT1,,vv50123Porters_cat_18_to_29,
188,VIT_10s0071g00280,841,0.4043,No hit,,,,
189,VIT_15s0045g00300,825,0.3999,Ankyrin repeat,,,,
190,VIT_13s0067g03050,826,0.3992,Leucine-rich repeat transmembrane protein kinase,,,,
191,VIT_14s0030g01950,811,0.3927,Transferase,,,,
192,VIT_19s0090g00710,809,0.3914,No hit,,,,
193,VIT_05s0020g00420,810,0.3907,Polygalacturonase GH28,E3_2_1_15,,vv40006Cell_wall,
194,VIT_16s0039g01670,800,0.3857,Cinnamoyl-CoA reductase,E1_2_1_44,,vv10940Phenylpropanoid_biosynthesis,
195,VIT_01s0137g00410,800,0.3855,CYP86A2,,,,
196,VIT_08s0007g00820,793,0.3831,Proteinase inhibitor,,,,
197,VIT_13s0019g02990<br>VIT_13s0019g02890<br>VIT_13s0019g02910,796,0.3831,
198,VIT_02s0012g01670,796,0.3827,R-mandelonitrile lyase isoform 1 precursor,E4_1_2_10,,vv10460Cyanoamino_acid_metabolism,
199,VIT_18s0041g01220,781,0.3808,GCN5 N-acetyltransferase (GNAT),GCN5_14,,vv60082GNAT,
200,VIT_18s0122g00220,787,0.3806,Phosphodiesterase/alkaline phosphatase D,E3_1_4_1,,,
201,VIT_02s0087g00630,784,0.3789,Alcohol oxidase,E1_1_3_13,,vv10680Methane_metabolism,
202,VIT_03s0038g00220,785,0.3789,Purple acid phosphatase 10 ATPAP10/PAP10,E3_1_3_2,,vv10740Riboflavin_metabolism,
203,VIT_18s0001g01750,779,0.3782,No hit,,,,
204,VIT_08s0007g03140,784,0.3780,Rac GTPase activating protein 1,RHOGAP,,vv50109Incompletely_characterized_transport_systems,
205,VIT_14s0066g02640,779,0.3760,No hit,,,,
206,VIT_16s0039g01910,781,0.3758,Vegetative storage protein win4.5,,,,
207,VIT_18s0001g14390,771,0.3714,Transducin protein,,,,
208,VIT_01s0011g05030,768,0.3714,Unknown protein,,,,
209,VIT_01s0011g03490,768,0.3708,3-ketoacyl-CoA synthase,,,,
210,VIT_12s0028g02970,768,0.3699,MLO1,K08472,,,
211,VIT_18s0041g00420,758,0.3680,Patellin-5,,,,
212,VIT_10s0092g00710,760,0.3677,Receptor protein kinase,,,,
213,VIT_03s0017g00920,760,0.3668,R protein  PRF  disease resistance protein,K13453,,vv34627R_proteins_from_Plant-pathogen_interaction,
214,VIT_05s0077g02180,751,0.3651,Chalcone reductase,CHALR,,vv10941Flavonoid_biosynthesis,
215,VIT_18s0001g10480,744,0.3586,Unknown protein,,,,
216,VIT_15s0046g02300,729,0.3551,Beta-cyanoalanine synthase,E2_5_1_47,,vv10272Cysteine_metabolism,vv10450Selenoamino_acid_metabolism
217,VIT_01s0011g00080,734,0.3546,Universal stress protein (USP) family protein,,,,
218,VIT_14s0060g00900,732,0.3535,Unknown protein,,,,
219,VIT_13s0019g05290,736,0.3530,Acyl-CoA binding,,,,
220,VIT_05s0124g00580,726,0.3504,Unknown protein,,,,
221,VIT_00s0286g00130,725,0.3499,S-locus lectin protein kinase,,,,
222,VIT_04s0023g01170,724,0.3484,Unknown protein,,,,
223,VIT_06s0004g07920,718,0.3479,WNK5 (Arabidopsis WNK kinase 5),,,,
224,VIT_02s0025g02640,717,0.3465,Unknown protein,,,,
225,VIT_10s0116g01870,715,0.3433,MATE efflux family protein,MATE,,vv50125Porters_cat_66_to_94,
226,VIT_18s0001g10060,717,0.3427,LRX1 (leucine-rich repeat/extensin 1),EXTENSIN,,vv40006Cell_wall,
227,VIT_00s0531g00060,692,0.3337,Cellulose synthase CSLE1,E2_4_1_12_CSLE1,,vv40006Cell_wall,
228,VIT_19s0015g00740,686,0.3332,Prefoldin,,,,
229,VIT_01s0150g00020,693,0.3327,Receptor protein kinase,,,,
230,VIT_14s0006g00910,689,0.3324,ATA15 protein,,,,
231,VIT_09s0002g05700,680,0.3301,Phototropic-responsive NPH3,,,,
232,VIT_06s0080g00800,675,0.3275,Vesicle-associated membrane protein 714,K08515,,vv24130SNARE_interactions_in_vesicular_transport,vv50101Channels_and_pores
233,VIT_00s0225g00090,676,0.3267,Copper amine oxidase,E1_4_3_4,,vv10220Urea_cycle_and_metabolism_of_amino_groups,vv10340Histidine_metabolism
234,VIT_14s0108g01020,672,0.3246,Alpha-expansin 1 precursor,EXPA1,,vv30003Auxin_signaling,
235,VIT_11s0052g00800,670,0.3246,Protein kinase family,,,,
236,VIT_12s0035g01040,670,0.3230,NSL1 (necrotic spotted lesions 1),,,,
237,VIT_08s0007g06220,667,0.3201,No hit,,,,
238,VIT_06s0004g03140,662,0.3189,Isovaleryl-CoA-dehydrogenase (IVD),E1_3_99_10,,vv10280Valine_leucine_and_isoleucine_degradation,
239,VIT_08s0007g01470,661,0.3186,Copper transporter 3,COPT3,,vv50101Channels_and_pores,
240,VIT_10s0116g00630,657,0.3183,Unknown protein,,,,
241,VIT_01s0026g01640,656,0.3180,Band 7 family,BAND7,,vv50108Accessory_factors_involved_in_transport,
242,VIT_05s0062g00930<br>VIT_13s0084g00500<br>VIT_18s0089g00810<br>VIT_18s0072g00010,660,0.3176,
243,VIT_07s0031g02780,655,0.3173,Cyclase/dehydrase,,,,
244,VIT_12s0034g02200,653,0.3162,RKF3 (receptor-like kinase IN in flowers 3),,,,
245,VIT_19s0014g03510,652,0.3157,ARF GTPase activator  ARF-GAP Domain 5,AGD5,,vv50110Protein_coat,
246,VIT_17s0000g00140,651,0.3157,TBP-binding protein,,,,
247,VIT_05s0102g00270,649,0.3120,Cyclin-related,CYCREL,,vv44110Cell_cycle,
248,VIT_04s0023g02840,647,0.3117,Leucine-rich repeat disease resistance protein,,,,
249,VIT_17s0000g08660,639,0.3088,Anthranilate phosphoribosyltransferase  chloroplast precursor,E2_4_2_18,,vv10400Phenylalanine_tyrosine_and_tryptophan_biosynthesis,
250,VIT_13s0019g02880,638,0.3079,UDP-glucoronosyl/UDP-glucosyl transferase,,,,
251,VIT_09s0002g05620,634,0.3069,Unknown protein,,,,
252,VIT_03s0038g00660,625,0.3018,Unknown protein,,,,
253,VIT_05s0124g00100,619,0.2996,Unknown,,,,
254,VIT_06s0004g00810,602,0.2932,Unknown protein,,,,
255,VIT_01s0011g02430,595,0.2880,Metal-dependent phosphohydrolase HD domain-containing protein,K07023,,,
256,VIT_02s0087g00400,599,0.2878,Pectinacetylesterase,PAE,,vv40006Cell_wall,
257,VIT_07s0005g00420,588,0.2845,Zinc finger (C3HC4-type ring finger),ZFC3HC4_195,,vv60078Other_zf-C3HC4,
258,VIT_18s0001g02600,587,0.2838,Ribosomal protein S1  30S,K02945,,vv23010Ribosome,
259,VIT_06s0080g00580,584,0.2823,Rac GTPase activating protein 1,RHOGAP,,vv50109Incompletely_characterized_transport_systems,
260,VIT_17s0000g01700,583,0.2814,Leucine-rich repeat transmembrane protein kinase,,,,
261,VIT_16s0022g02170,583,0.2804,Alpha-L-fucosidase,E3_2_1_51,,vv10511N-Glycan_degradation,
262,VIT_18s0041g00100,579,0.2800,Unknown protein,,,,
263,VIT_06s0009g01420,580,0.2798,Protease inhibitor/seed storage/lipid transfer protein (LTP),,,,
264,VIT_06s0009g01410,573,0.2796,No hit,,,,
265,VIT_18s0041g01150,577,0.2777,Lectin protein kinase,,,,
266,VIT_05s0102g00870,570,0.2771,R protein  PRF  disease resistance protein,K13453,,vv34627R_proteins_from_Plant-pathogen_interaction,
267,VIT_01s0026g00080,566,0.2753,Metal-dependent phosphohydrolase HD domain-containing protein,K07023,,,
268,VIT_02s0012g00580,562,0.2720,Ankyrin protein kinase,,,,
269,VIT_01s0137g00170,564,0.2714,B-keto acyl reductase,,,,
270,VIT_18s0041g00270,561,0.2713,R protein  PRF  disease resistance protein,K13453,,vv34627R_proteins_from_Plant-pathogen_interaction,
271,VIT_14s0066g02440,551,0.2677,Glycosyl transferase family 14 protein,,,,
272,VIT_14s0066g00400,553,0.2673,Chalcone isomerase,E5_5_1_6,,vv10941Flavonoid_biosynthesis,
273,VIT_13s0067g01180,542,0.2612,Leaf senescence related,,,,
274,VIT_12s0034g01140,524,0.2523,Plastocyanin domain-containing protein,K02638,,vv10195Photosynthesis,vv50113Thylakoid_targeting_pathway
275,VIT_11s0037g00070,519,0.2512,NADP-dependent glyceraldehyde-3-phosphate dehydrogenase,E1_2_1_41,,vv10220Urea_cycle_and_metabolism_of_amino_groups,vv50101Channels_and_pores
276,VIT_06s0080g00790,517,0.2500,MYB divaricata,DIVARICATA_2,,vv30009Flower_development,vv60044MYB
277,VIT_00s0394g00010,518,0.2494,Carboxyl-terminal proteinase,,,,
278,VIT_16s0022g00090,511,0.2473,No hit,,,,
279,VIT_13s0019g03310,506,0.2454,Transposon protein,,,,
280,VIT_13s0064g00160,503,0.2452,Unknown protein,,,,
281,VIT_17s0000g02410,493,0.2394,Cold-induced wall associated kinase,,,,
282,VIT_03s0038g03010,489,0.2357,Unknown,,,,
283,VIT_18s0001g06940,484,0.2346,Purine permease 1 (PUP1),PUP1,,vv10908Zeatin_biosynthesis,vv50122Porters_cat_7_to_17
284,VIT_15s0045g01590,480,0.2323,Eceriferum 1 (CER1 protein) Sterol desaturase,,,,
285,VIT_12s0059g00190,478,0.2300,Beta-expansin (EXPB3),EXPB3,,vv30003Auxin_signaling,
286,VIT_01s0011g04430,467,0.2258,MATE efflux family protein,MATE,,vv50125Porters_cat_66_to_94,
287,VIT_15s0048g02420,465,0.2246,No hit,,,,
288,VIT_00s0413g00010,465,0.2242,Laccase (diphenol oxidase) family protein,E1_10_3_2,,vv11000Single_reactions,vv50109Incompletely_characterized_transport_systems
289,VIT_03s0063g01890,464,0.2228,Ring-H2 finger protein ATL3G,,,,
290,VIT_06s0004g06820,461,0.2215,Unknown protein,,,,
291,VIT_11s0016g02350,456,0.2209,Ubiquinone/menaquinone biosynthesis methyltransferase UbiE,K06127,,vv10130Ubiquinone_biosynthesis,
292,VIT_18s0001g10050,449,0.2186,LRX1 (leucine-rich repeat/extensin 1),EXTENSIN,,vv40006Cell_wall,
293,VIT_11s0118g00210,452,0.2177,Nodulation receptor kinase,,,,
294,VIT_08s0007g01620,451,0.2177,Lectin,,,,
295,VIT_16s0100g00360,447,0.2173,Per1,,,,
296,VIT_05s0029g01420,450,0.2172,Ankyrin repeat,K10380,,vv50108Accessory_factors_involved_in_transport,
297,VIT_17s0000g06280,441,0.2145,Geranylgeranyl reductase,CHLP,,vv10100Biosynthesis_of_steroids,
298,VIT_14s0066g00310,444,0.2143,Unknown protein,,,,
299,VIT_19s0014g00080,443,0.2139,Steroid 5alpha-reductase,K09591,,vv10905Brassinosteroid_biosynthesis,
300,VIT_18s0072g00580<br>VIT_11s0065g00040,441,0.2129,
301,VIT_16s0050g00100,439,0.2128,Myosin-related,MYOSINR,,vv44810Regulation_of_actin_cytoskeleton,
302,VIT_08s0040g01520,438,0.2120,Indole-3-acetate beta-glucosyltransferase,E2_4_1_121,,vv11002Auxin_biosynthesis,
303,VIT_18s0001g08800,434,0.2105,Lecithine cholesterol acyltransferase-like protein,E2_3_1_43,,vv10564Glycerophospholipid_metabolism,
304,VIT_18s0041g02110,432,0.2089,Unknown protein,,,,
305,VIT_05s0049g00430,432,0.2088,1-aminocyclopropane-1-carboxylate oxidase homolog 1,E1_14_17_4,,vv10640Propanoate_metabolism,vv30008Ethylene_signaling
306,VIT_02s0025g00730,429,0.2079,Pinoresinol forming dirigent protein,DIRPR,,vv10940Phenylpropanoid_biosynthesis,
307,VIT_15s0046g03240,424,0.2048,Unknown protein,,,,
308,VIT_18s0089g01030,425,0.2044,Ethylene-responsive transcription factor,TINY_10,VvERF017,vv30008Ethylene_signaling,vv60003AP2_EREBP
309,VIT_03s0063g02610,422,0.2037,GRP7 (cold  circadian rhythm  and RNA binding 2),GRP7,,vv50133Primary_active_transporter_cat_A9_to_A18,
310,VIT_15s0048g02410,418,0.2034,Myb CCA1 (circadian clock associated 1),CCA1,,vv34710Circadian_rhythm,vv60045MYBrelated
311,VIT_03s0063g00340,419,0.2034,No hit,,,,
312,VIT_01s0010g01870,419,0.2028,Salicylic acid-induced fragment 1 protein,,,,
313,VIT_04s0008g06300,420,0.2025,Leucine-rich repeat family,,,,
314,VIT_12s0134g00670,417,0.2022,Anthocyanin 5-aromatic acyltransferase,E2_3_1_153,,vv10941Flavonoid_biosynthesis,vv10942Anthocyanin_biosynthesis
315,VIT_00s0676g00040<br>VIT_00s0239g00090<br>VIT_02s0012g03160<br>VIT_07s0005g06400<br>VIT_00s0239g00120<br>VIT_00s0173g00060<br>VIT_00s0308g00030,418,0.2010,
316,VIT_12s0028g03480,411,0.1992,Wax synthase,E2_3_1_75,,vv11000Single_reactions,
317,VIT_00s0586g00020,412,0.1973,Unknown protein,,,,
318,VIT_15s0046g00510,405,0.1968,Wax synthase,E2_3_1_75,,vv11000Single_reactions,
319,VIT_18s0001g12310,408,0.1965,Ovate family protein 7 OFP7,OFP7_2,,vv60086OFP,
320,VIT_17s0000g08790,405,0.1959,EMB2759 (embryo defective 2759),,,,
321,VIT_17s0053g01010,403,0.1948,Transcription initiation factor TFIIB,K03124,,vv23022Basal_transcription_factors,
322,VIT_00s0181g00200<br>VIT_00s0181g00180,404,0.1947,
323,VIT_01s0137g00790,400,0.1930,No hit,,,,
324,VIT_08s0040g00040,394,0.1914,Ubiquitin-conjugating enzyme E2 D/E,K06689,,vv24120Ubiquitin_mediated_proteolysis,vv24141Protein_processing_in_endoplasmic_reticulum
325,VIT_00s0361g00090,395,0.1903,Phototropic-responsive NPH3 protein,,,,
326,VIT_15s0021g02300,392,0.1898,Squamosa promoter-binding protein 8 (SPL8),SPL8,,vv60055SBP,
327,VIT_09s0002g03130,386,0.1866,FRK1 (FLG22-induced receptor-like kinase 1),FRK1,,vv34626Plant-pathogen_interaction,
328,VIT_07s0255g00090,381,0.1842,CYP82C1p,,,,
329,VIT_00s0445g00040,377,0.1829,Unknown,,,,
330,VIT_01s0010g02610,378,0.1827,Unknown protein,,,,
331,VIT_04s0008g02670,367,0.1788,Cryptochrome DASH,CRYDASH,,vv34710Circadian_rhythm,
332,VIT_18s0001g06640,369,0.1782,Zinc finger (C3HC4-type ring finger),ZFC3HC4_60,,vv60078Other_zf-C3HC4,
333,VIT_16s0022g00240,366,0.1778,EIX receptor 2,,,,
334,VIT_06s0009g00480,365,0.1768,Aluminium-tolerance ALMT1,ALMT1,,vv50125Porters_cat_66_to_94,
335,VIT_07s0129g00860,359,0.1741,CYP81E1 Isoflavone 2'-hydroxylase,E1_14_13_89,,vv10943Isoflavonoid_biosynthesis,
336,VIT_14s0060g02330,356,0.1732,Actin binding formin homology 1,FH2,,vv44810Regulation_of_actin_cytoskeleton,
337,VIT_00s0317g00160,354,0.1708,Chalcone and stilbene synthases,E2_3_1_74,,vv10941Flavonoid_biosynthesis,
338,VIT_00s0665g00020,350,0.1692,Carrier protein  Mitochondrial,K03454,,vv50123Porters_cat_18_to_29,
339,VIT_06s0004g05730,350,0.1692,Universal stress protein (USP) family protein,,,,
340,VIT_06s0061g01140,344,0.1672,Phototropic-responsive NPH3,,,,
341,VIT_04s0044g01700,341,0.1654,RNA polymerase I specific transcription initiation factor RRN3,RRN3,,,
342,VIT_14s0083g00320,336,0.1627,Cinnamoyl-CoA reductase,E1_2_1_44,,vv10940Phenylpropanoid_biosynthesis,
343,VIT_04s0069g01120,336,0.1617,Acyl-activating enzyme 7,E6_2_1_3,,vv10071Fatty_acid_metabolism,vv50104Group_translocators
344,VIT_05s0020g02900,334,0.1612,Substrate carrier  Mitochondrial,K03454,,vv44146Peroxisome,vv50123Porters_cat_18_to_29
345,VIT_02s0012g01250,334,0.1610,Carnitine/acylcarnitine carrier  Mitochondrial,BOU,,vv50123Porters_cat_18_to_29,
346,VIT_13s0047g00200,328,0.1591,Subtilisin,SBT5_2,,,
347,VIT_16s0039g00500,326,0.1577,No hit,,,,
348,VIT_11s0016g01160,323,0.1554,GCN5 N-acetyltransferase (GNAT),GCN5_3,,vv60082GNAT,
349,VIT_00s0187g00050,321,0.1548,No hit,,,,
350,VIT_01s0026g00710,318,0.1537,Cyclin delta-2,CYCD1_1,,vv44110Cell_cycle,
351,VIT_18s0001g00220,315,0.1519,Unknown,,,,
352,VIT_04s0044g00070,314,0.1515,RAB GDP dissociation inhibitor 1 ATGD1,,,,
353,VIT_17s0000g01000,313,0.1508,Amino acid-binding ACT,,,,
354,VIT_01s0127g00010,308,0.1502,Carboxyl-terminal proteinase,,,,
355,VIT_08s0040g02820,309,0.1498,Unknown protein,,,,
356,VIT_08s0007g01450,308,0.1495,IMP dehydrogenase,E1_1_1_205,,vv10230Purine_metabolism,
357,VIT_11s0016g05340,308,0.1495,Ethylene-responsive transcription factor SHINE 3,SHINE3_2,VvERF043,vv30008Ethylene_signaling,vv60003AP2_EREBP
358,VIT_04s0023g02870,308,0.1492,Disease resistance protein Hcr2-5D,,,,
359,VIT_11s0016g05050,307,0.1490,Kelch repeat-containing F-box protein,,,,
360,VIT_17s0000g04490,308,0.1490,Extracellular Ca2+ sensing receptor,,,,
361,VIT_17s0000g01050,308,0.1484,Corticosteroid 11-beta-dehydrogenase isozyme 1,E1_1_1_146,,vv10140C21-Steroid_hormone_metabolism,
362,VIT_09s0002g00790,306,0.1483,Beta-ketoacyl-ACP synthase II,E2_3_1_41,,vv10061Fatty_acid_biosynthesis,
363,VIT_02s0109g00350,306,0.1480,Carboxyl-terminal proteinase,,,,
364,VIT_03s0063g00580,297,0.1441,Rad54,K10875,,vv23440Homologous_recombination,vv60058SNF2
365,VIT_10s0116g00680,298,0.1438,PDF2 (protodermal factor2),PDF2_2,VvHB35,vv60034HB,
366,VIT_01s0146g00110,296,0.1435,Peptidyl-prolyl cis-trans isomerase B (cyclophilin B),K03768,,,
367,VIT_05s0020g03330,291,0.1408,Heat shock protein 70,K03283,,vv23040Spliceosome,vv24141Protein_processing_in_endoplasmic_reticulum
368,VIT_05s0049g01450,291,0.1405,No hit,,,,
369,VIT_02s0012g02030,287,0.1383,Homeobox-7,VVHB7_1,VvHB09,vv60034HB,
370,VIT_14s0108g00490,285,0.1370,Cullin 3a,K03869,,vv24120Ubiquitin_mediated_proteolysis,
371,VIT_11s0149g00130,282,0.1361,Mini-chromosome maintenance protein MCM5,K02209,,vv23030DNA_replication,vv44110Cell_cycle
372,VIT_17s0000g02660,281,0.1356,Myb domain protein 6,MYB6_2,MYBC2-L2,vv60044MYB,
373,VIT_19s0014g05140,275,0.1336,R protein disease resistance protein,RPROT,,vv34627R_proteins_from_Plant-pathogen_interaction,
374,VIT_14s0108g01080,277,0.1330,Myb domain protein 106,MYB106_2,MYB141,vv60044MYB,
375,VIT_02s0012g01940,276,0.1322,Myb KAN2 (KANADI 2),KANADI2_1,,vv60029G2-like,
376,VIT_08s0007g02700,274,0.1322,Secoisolariciresinol dehydrogenase,SIRD,,vv10940Phenylpropanoid_biosynthesis,
377,VIT_02s0012g02540,271,0.1311,Chlororespiratory reduction 4 (CRR4),,,,
378,VIT_15s0046g02860,268,0.1305,Riboflavin biosynthesis protein ribD,E3_5_4_26,,vv10740Riboflavin_metabolism,
379,VIT_05s0136g00140,268,0.1295,AarF domain containing kinase,K08869,,,
380,VIT_19s0085g00850,267,0.1293,LEM3 (ligand-effect modulator 3),LEM3,,vv50108Accessory_factors_involved_in_transport,
381,VIT_18s0001g13330,267,0.1290,Purple acid phosphatase 32- ATPAP32/PAP32,E3_1_3_2,,vv10740Riboflavin_metabolism,
382,VIT_16s0022g02090,266,0.1289,Embryo-specific 3,,,,
383,VIT_03s0038g02180,263,0.1271,Glycosyl hydrolase family 10 protein,,,,
384,VIT_00s0532g00050,263,0.1270,Basic helix-loop-helix ILR3,ILR3_4,,vv11002Auxin_biosynthesis,vv60011BHLH
385,VIT_04s0023g03880,261,0.1262,Unknown,,,,
386,VIT_19s0015g00510,258,0.1257,Pectate lyase 2,E4_2_2_2,,vv40006Cell_wall,
387,VIT_14s0060g01780,260,0.1257,Unknown protein,,,,
388,VIT_18s0001g12680,257,0.1244,Unknown protein,,,,
389,VIT_18s0001g06690,252,0.1222,Gibberellin 20 oxidase 2,E1_14_11_12,,vv10904Diterpenoid_biosynthesis,
390,VIT_15s0048g01270,253,0.1221,MADS-box agamous-like 6,AGL6_1,,vv60042MADS,
391,VIT_02s0012g00180,251,0.1221,Serine protease,,,,
392,VIT_08s0007g06870,247,0.1194,Zinc finger protein 8,ZFP8,,vv60017C2H2,
393,VIT_08s0007g06460,247,0.1193,Laccase (diphenol oxidase)-like protein,E1_10_3_2,,vv11000Single_reactions,vv50109Incompletely_characterized_transport_systems
394,VIT_09s0002g07190,244,0.1177,5-hydroxyisobutyryl-coenzyme A hydrolase,E3_1_2_4,,vv10280Valine_leucine_and_isoleucine_degradation,vv10410Beta-alanine_metabolism
395,VIT_05s0020g03890,243,0.1176,Kinase interacting,,,,
396,VIT_00s2525g00010,236,0.1148,Unknown,,,,
397,VIT_03s0038g03910,236,0.1139,ANTR2 (anion transporter 2),ANTR2,,vv50121Porters_cat_1_to_6,
398,VIT_09s0002g03620,233,0.1129,NADP-dependent malic enzyme,E1_1_1_39,,vv10620Pyruvate_metabolism,vv10710Carbon_fixation
399,VIT_09s0002g08590,231,0.1119,Pentatricopeptide (PPR) repeat-containing protein,,,,
400,VIT_08s0007g00200,231,0.1115,Ankyrin repeat,K10380,,vv50108Accessory_factors_involved_in_transport,
401,VIT_18s0001g10750,231,0.1113,Unknown protein,,,,
402,VIT_14s0060g02370,229,0.1109,DegP protease,E3_4_21_107,,,
403,VIT_00s0183g00050,227,0.1104,No hit,,,,
404,VIT_01s0127g00260,227,0.1102,ATP-citrate synthase,E4_1_3_6,,vv10020Citrate_cycle,
405,VIT_14s0068g00170,229,0.1101,No hit,,,,
406,VIT_06s0009g03680,228,0.1094,F-box family protein,,,,
407,VIT_04s0023g03070,225,0.1087,Leucine-rich repeat family protein / extensin,EXTENSIN,,vv40006Cell_wall,
408,VIT_10s0092g00150,224,0.1075,Patatin protein 3,,,,
409,VIT_17s0000g04450,220,0.1073,Phospholipid-transporting ATPase,K01530,,vv50131Primary_active_transporter_cat_A2_to_A4,
410,VIT_14s0068g00920,223,0.1073,Chalcone synthase (CHS),E2_3_1_74,,vv10941Flavonoid_biosynthesis,
411,VIT_05s0020g04060,219,0.1065,TIFY 4B (Protein PEAPOD 2),PEAPOD2,,vv60069ZIM,
412,VIT_00s0406g00010,221,0.1062,Beta-hexosaminidase beta chain precursor,E3_2_1_52,,vv10511N-Glycan_degradation,vv10530Aminosugars_metabolism
413,VIT_13s0067g02790,217,0.1051,Cytochrome P450  family 79  subfamily A  polypeptide 2,K12153,,vv10966Glucosinolate_biosynthesis,
414,VIT_07s0005g01470,216,0.1045,Unknown protein,,,,
415,VIT_03s0017g01290,214,0.1039,ABC transporter G member 7,ABCG7,,vv52010ABC_transporters,
416,VIT_02s0025g01750,212,0.1027,Cellulose synthase CSLG3,E2_4_1_12_CSLG3,,vv40006Cell_wall,
417,VIT_10s0116g01210,211,0.1016,Aspartyl protease,E3_4_23_40,,,
418,VIT_09s0002g08270,208,0.1008,Leucine-rich repeat,,,,
419,VIT_15s0046g01770,208,0.1007,D-erythro-sphingosine kinase,E2_7_1_107,,vv10561Glycerolipid_metabolism,vv10564Glycerophospholipid_metabolism
420,VIT_05s0051g00720,209,0.1004,3-ketoacyl-CoA thiolase PED1,K07513,,vv10062Fatty_acid_elongation_in_mitochondria,vv10071Fatty_acid_metabolism
421,VIT_02s0025g01960,204,0.0992,No hit,,,,
422,VIT_11s0016g03710,204,0.0991,Abl interactor protein 1 (ABIL1),,,,
423,VIT_08s0007g05160,205,0.0980,Flavonoid 3' 5'-hydroxylase,E1_14_13_88,,vv10941Flavonoid_biosynthesis,
424,VIT_13s0074g00660,204,0.0980,ABC transporter G member 22,ABCG22,,vv52010ABC_transporters,
425,VIT_19s0014g04370,199,0.0966,No hit,,,,
426,VIT_15s0024g01260,200,0.0963,DJ-1 protein / protease,,,,
427,VIT_14s0219g00280,199,0.0959,Glycerol-3-phosphate dehydrogenase (NAD+),E1_1_1_8,,vv10564Glycerophospholipid_metabolism,
428,VIT_08s0007g00060,190,0.0920,5-oxoprolinase,E3_5_2_9,,vv10480Glutathione_metabolism,
429,VIT_05s0029g00480,190,0.0914,Eceriferum 2 (CER2),,,,
430,VIT_10s0003g02120,189,0.0913,Lipase GDSL,,,,
431,VIT_00s0323g00060,186,0.0899,Invertase/pectin methylesterase inhibitor,PMEI,,vv40006Cell_wall,
432,VIT_13s0019g05400,183,0.0885,RPG related protein 1 RR1,,,,
433,VIT_06s0009g01750,182,0.0884,ATP-dependent RNA helicase DOB1,K12598,,vv23018RNA_degradation,
434,VIT_07s0005g04700,181,0.0874,Dihydroneopterin aldolase,E4_1_2_25,,vv10790Folate_biosynthesis,
435,VIT_17s0053g00780,179,0.0867,Homeodomain GLABROUS11,HDG11_1,VvHB60,vv60034HB,
436,VIT_02s0087g00720,179,0.0867,Receptor protein kinase,,,,
437,VIT_00s0762g00030,177,0.0851,S-locus lectin protein kinase,,,,
438,VIT_15s0046g01640,178,0.0851,Abl interactor protein 1 (ABIL1),,,,
439,VIT_07s0129g00990,176,0.0851,Protein kinase,,,,
440,VIT_03s0063g01460,176,0.0844,Cytochrome b6f complex subunit (petM),K02643,,vv10195Photosynthesis,vv50105Transport_electron_carriers
441,VIT_01s0010g03930,173,0.0837,WRKY DNA-binding protein 75,WRKY75_1,VvWRKY03,vv60066WRKY,
442,VIT_08s0007g02740,172,0.0835,IAA-amino acid hydrolase 1 (ILR1),K01463,,vv11002Auxin_biosynthesis,
443,VIT_05s0020g00740,173,0.0835,Phosphate translocator,PTLREL,,vv50122Porters_cat_7_to_17,
444,VIT_13s0067g00400,173,0.0833,Anthranilate synthase alpha 1,E4_1_3_27,,vv10400Phenylalanine_tyrosine_and_tryptophan_biosynthesis,
445,VIT_00s0194g00070,170,0.0821,Constans-like 10,COL10_1,,vv30009Flower_development,vv34710Circadian_rhythm
446,VIT_09s0002g03650,169,0.0816,DTA4 (downstream target of AGL15-4),,,,
447,VIT_12s0028g01150,169,0.0815,Transparent testa 12 protein,TT12,,vv50125Porters_cat_66_to_94,
448,VIT_14s0068g01300,168,0.0814,Serine palmitoyltransferase,E2_3_1_50,,vv10600Sphingolipid_metabolism,
449,VIT_09s0002g02220,167,0.0808,Protein kinase CDG1,,,,
450,VIT_18s0041g01210<br>VIT_18s0041g01160<br>VIT_18s0041g01170,164,0.0790,
451,VIT_19s0014g02630,161,0.0779,No hit,,,,
452,VIT_14s0006g02290,161,0.0775,DREB sub A-4 of ERF/AP2 transcription factor,TINY_2,VvERF028,vv30008Ethylene_signaling,vv60003AP2_EREBP
453,VIT_03s0038g01410,160,0.0770,Aquaporin PIP PIP1A,PIP1A,,vv50101Channels_and_pores,
454,VIT_12s0142g00610,159,0.0769,Citrate synthase  glyoxysomal precursor,E2_3_3_1,,vv10020Citrate_cycle,vv10630Glyoxylate_and_dicarboxylate_metabolism
455,VIT_08s0058g00870,159,0.0765,Unknown protein,,,,
456,VIT_17s0000g06000,157,0.0758,Basic helix-loop-helix (bHLH) family,BHLHDOM_56,,vv60011BHLH,
457,VIT_00s0179g00340,155,0.0753,Histone H2A variant 1 HTA11,H2AV1,,,
458,VIT_19s0014g01400,155,0.0750,Agenet domain-containing protein,,,,
459,VIT_07s0129g01100,155,0.0748,Cyclin D,CYCD3_3,,vv44110Cell_cycle,
460,VIT_10s0071g00270,154,0.0741,Abscisic acid-insensitive protein 3 (ABI3),ABI3_1,,vv30001ABA_signaling,vv30003Auxin_signaling
461,VIT_14s0006g00800,151,0.0734,Tubulin alpha-2 chain,K07374,,vv44145Phagosome,vv44810Regulation_of_actin_cytoskeleton
462,VIT_11s0037g01210,151,0.0730,Eceriferum 1 (CER1 protein) Sterol desaturase,,,,
463,VIT_05s0077g01010,151,0.0728,HCF107 (high chlorophyll fluorescent 107),,,,
464,VIT_10s0003g03190,150,0.0725,RNA recognition motif (RRM)-containing,,,,
465,VIT_11s0016g01720,147,0.0709,Threonine synthase,E4_2_3_1,,vv10260Glycine_serine_and_threonine_metabolism,vv10750Vitamin_B6_metabolism
466,VIT_08s0007g02920,145,0.0704,ATAN11 (ANTHOCYANIN11),,,,
467,VIT_14s0068g01520,145,0.0698,Double-stranded RNA-binding (DsRBD) domain-containing protein,,,,
468,VIT_03s0017g00550,143,0.0694,Beta-ureidopropionase,E3_5_1_6,,vv10240Pyrimidine_metabolism,vv10410Beta-alanine_metabolism
469,VIT_10s0003g01010,142,0.0686,Lipase GDSL,,,,
470,VIT_10s0003g03330,142,0.0684,Receptor-like serine-threonine protein kinase,,,,
471,VIT_16s0050g01110,139,0.0673,Polygalacturonase GH28,E3_2_1_15,,vv40006Cell_wall,
472,VIT_02s0012g01440,135,0.0649,Zinc finger (C3HC4-type ring finger),ZFC3HC4_215,,vv60078Other_zf-C3HC4,
473,VIT_07s0031g00470,133,0.0644,DNA polymerase alpha,K02320,,vv23030DNA_replication,
474,VIT_13s0019g02210,133,0.0642,Sterol 4-alpha-methyl-oxidase 1 (SMO1),E1_14_13_72,,vv10100Biosynthesis_of_steroids,
475,VIT_10s0003g01550,132,0.0634,IMK2 (inflorescence meristem receptor-like kinase 2),,,,
476,VIT_12s0028g02490,131,0.0633,No hit,,,,
477,VIT_17s0000g03150,130,0.0625,No hit,,,,
478,VIT_07s0031g01670,128,0.0622,CYP96A10,,,,
479,VIT_05s0077g01450,127,0.0618,GATA transcription factor 16,GAT16_1,,vv60016C2C2-GATA,
480,VIT_06s0004g05070,128,0.0617,Zinc transporter (ZIP2),ZIP2,,vv50121Porters_cat_1_to_6,
481,VIT_14s0006g01290,123,0.0594,Myb domain protein 113,MYB113_2,MYBA6,vv60044MYB,
482,VIT_18s0001g15450,122,0.0591,Alcohol dehydrogenase 3,E1_1_1_1,,vv10010Glycolysis,vv10071Fatty_acid_metabolism
483,VIT_17s0053g00590,120,0.0581,Kinase interacting protein,,,,
484,VIT_18s0157g00140,120,0.0580,Alliin lyase,E4_4_1_4,,vv10272Cysteine_metabolism,
485,VIT_18s0001g11120,121,0.0578,Ternary complex factor MIP1,,,,
486,VIT_17s0000g09980,117,0.0563,REF6 (relative of early flowering 6),REF6,,vv30009Flower_development,vv60038Jumonji
487,VIT_08s0007g08540,116,0.0560,Mg-chelatase subunit XANTHA-F,E6_6_1_1_GUN5,,vv10860Porphyrin_and_chlorophyll_metabolism,vv30001ABA_signaling
488,VIT_12s0134g00010,115,0.0557,Phototropic-responsive NPH3 protein,,,,
489,VIT_04s0008g04470,114,0.0551,Zinc finger  SWIM-type,ZFSWIM_8,,vv60074Orphans_zf-SWIM,
490,VIT_14s0060g01090,114,0.0550,LNG1 (LONGIFOLIA1),,,,
491,VIT_00s0593g00010,113,0.0549,Pentatricopeptide (PPR) repeat-containing protein,,,,
492,VIT_00s0266g00020<br>VIT_00s0372g00020<br>VIT_00s0271g00010<br>VIT_00s0385g00020<br>VIT_00s0522g00020<br>VIT_00s0372g00060<br>VIT_00s0372g00030<br>VIT_00s0385g00010,113,0.0542,
493,VIT_01s0127g00590,110,0.0531,Protein disulfide isomerase,E5_3_4_1,,,
494,VIT_17s0000g02260,108,0.0522,Aldose 1-epimerase,E5_1_3_3,,vv10010Glycolysis,
495,VIT_08s0058g01210,108,0.0521,Non-specific lipid transfer protein LTP1,LTP1,,,
496,VIT_04s0008g04270,106,0.0509,Protein phosphatase 2 (formerly 2A)  regulatory subunit B',K11584,,vv23015mRNA_surveillance_pathway,
497,VIT_17s0000g09120,104,0.0502,Ethylene-responsive DEAD box RNA helicase (RH30),RH30,,vv23040Spliceosome,vv30008Ethylene_signaling
498,VIT_12s0178g00090,102,0.0495,Diacylglycerol kinase 1,E2_7_1_107,,vv10561Glycerolipid_metabolism,vv10564Glycerophospholipid_metabolism
499,VIT_15s0046g02380,102,0.0491,CYP86A8,,,,
500,VIT_19s0014g00160,101,0.0490,LHCII type I CAB-1,K08912,,vv10196Photosynthesis_antenna_proteins,vv50105Transport_electron_carriers
501,VIT_14s0030g00080,101,0.0489,No hit,,,,
502,VIT_18s0001g10090,99,0.0478,Kinesin protein FRA1 (fragile fiber 1),FRA1,,vv44810Regulation_of_actin_cytoskeleton,
503,VIT_00s1349g00010,98,0.0476,Cellulose synthase CSLE1,E2_4_1_12_CSLE1,,vv40006Cell_wall,
504,VIT_01s0011g01790,99,0.0475,Galactose-binding like,,,,
505,VIT_04s0008g03320,96,0.0464,UVB-resistance protein,,,,
506,VIT_05s0020g01830,93,0.0448,UPF0497 family,,,,
507,VIT_03s0038g04210,92,0.0447,Phototropin-2,K08282,,vv50101Channels_and_pores,
508,VIT_14s0060g01850,92,0.0446,Unknown,,,,
509,VIT_12s0028g00320,88,0.0430,LHB1B1,K08912,,vv10196Photosynthesis_antenna_proteins,vv50105Transport_electron_carriers
510,VIT_00s0216g00020,87,0.0420,Glycosyl transferase family 8 protein,,,,
511,VIT_19s0014g05000,84,0.0407,Zinc finger (C2H2 type) family,C2H2FAM_16,,vv60017C2H2,
512,VIT_03s0063g00010,84,0.0406,LRX2 (leucine-rich repeat/extensin 2),EXTENSIN,,vv40006Cell_wall,
513,VIT_06s0004g01770,84,0.0404,Acetyl-CoA carboxylase  biotin carboxylase,E6_4_1_2,,vv10061Fatty_acid_biosynthesis,vv10620Pyruvate_metabolism
514,VIT_18s0041g01180,81,0.0392,No hit,,,,
515,VIT_05s0102g00310,80,0.0387,GUN4,,,,
516,VIT_15s0021g02110,79,0.0382,AP2 domain-containing transcription factor TINY,TINY_8,VvERF029,vv30008Ethylene_signaling,vv60003AP2_EREBP
517,VIT_01s0146g00410,79,0.0381,GEM-like protein 5,,,,
518,VIT_02s0241g00060,78,0.0379,Unknown protein,,,,
519,VIT_00s0225g00100,78,0.0378,Armadillo,,,,
520,VIT_05s0020g01980,77,0.0373,Acyl carrier protein  mitochondrial 3,K02078,,vv50134Primary_active_transporter_cat_D1,
521,VIT_09s0002g03810,77,0.0372,No hit,,,,
522,VIT_18s0001g14790,76,0.0369,Lipase 3 (EXL3) family II extracellular,,,,
523,VIT_11s0065g00130,76,0.0367,Taxane 10-beta-hydroxylase,E1_14_13_76,,vv10904Diterpenoid_biosynthesis,
524,VIT_17s0000g05360,76,0.0366,Germin,,,,
525,VIT_01s0026g01140,75,0.0362,ZCW32 (BIGPETAL  BIGPETALUB),ZCW32_2,,vv60011BHLH,
526,VIT_08s0058g00500,74,0.0357,Breast cancer susceptibility protein 2b,K08775,,vv23440Homologous_recombination,
527,VIT_01s0011g01760,73,0.0356,Lectin,,,,
528,VIT_07s0129g00180,73,0.0355,Ca2+-ATPase 2 ACA2  plasma membrane,K01537,,vv34020Calcium_signaling_pathway,vv50131Primary_active_transporter_cat_A2_to_A4
529,VIT_01s0011g02800,73,0.0351,RIC7 (ROP-interactive crib motif-containing protein 7),,,,
530,VIT_15s0024g00780,71,0.0343,No hit,,,,
531,VIT_01s0026g00530,71,0.0342,Nodulin MtN21 family,MTN21,,vv50122Porters_cat_7_to_17,
532,VIT_03s0038g03520,70,0.0338,Auxin-induced SAUR,SAUR,,vv30003Auxin_signaling,
533,VIT_15s0048g02880,70,0.0338,Ubiquitin thiolesterase,,,,
534,VIT_09s0054g00800,69,0.0334,Unknown protein,,,,
535,VIT_17s0000g02230,69,0.0333,Jasmonate ZIM domain-containing protein 3,JAZ3_2,,vv30011Jasmonate_signaling,vv34626Plant-pathogen_interaction
536,VIT_10s0003g00330,68,0.0328,HSL1 (HAESA-like 1),,,,
537,VIT_11s0016g02010,67,0.0326,Acid phosphatase survival protein SurE,E3_1_3_2_SURE_1,,vv10740Riboflavin_metabolism,vv60037HSF
538,VIT_00s0198g00050,67,0.0325,No hit,,,,
539,VIT_02s0025g02600,67,0.0323,Glyoxal oxidase,,,,
540,VIT_00s1613g00010,66,0.0321,Syntaxin 52,K08503,,vv24130SNARE_interactions_in_vesicular_transport,
541,VIT_18s0122g01240,66,0.0318,Serine/threonine Protein kinase BNK1,,,,
542,VIT_01s0011g03380,65,0.0315,Dihydrolipoamide S-acetyltransferase (LTA2),E2_3_1_12,,vv10010Glycolysis,vv10252Alanine_and_aspartate_metabolism
543,VIT_06s0004g05940,65,0.0314,Uncoupling protein 1,PUMP1,,vv50123Porters_cat_18_to_29,
544,VIT_04s0210g00050,63,0.0305,Strictosidine synthase,E4_3_3_2,,vv10900Terpenoid_biosynthesis,vv10902Monoterpenoid_biosynthesis
545,VIT_07s0129g00070<br>VIT_07s0129g00150,63,0.0305,
546,VIT_08s0058g01340,63,0.0304,Leucine-rich repeat transmembrane protein kinase,,,,
547,VIT_16s0039g02270,63,0.0304,Unknown protein,,,,
548,VIT_01s0010g02580,61,0.0296,Acid phosphatase/vanadium-dependent haloperoxidase,,,,
549,VIT_14s0128g00510<br>VIT_14s0128g00550,61,0.0295,
550,VIT_13s0019g04390,61,0.0294,GATA transcription factor 10,BME3_ZF_1,,vv10904Diterpenoid_biosynthesis,vv60016C2C2-GATA
551,VIT_06s0004g07270,61,0.0293,UDP-glucoronosyl and UDP-glucosyl transferase,,,,
552,VIT_14s0066g00220,60,0.0290,Elongation factor EF-Tu RABE1B,K02358,,vv34626Plant-pathogen_interaction,
553,VIT_00s0238g00070,60,0.0290,TIR-NBS-LRR disease resistance,,,,
554,VIT_02s0087g00420,59,0.0285,Zinc finger (C3HC4-type ring finger),ZFC3HC4_14,,vv60078Other_zf-C3HC4,
555,VIT_13s0084g00800,57,0.0275,Transcription factor,TRIHELIXDOM_7,,vv60062Trihelix,
556,VIT_12s0057g00560,56,0.0271,PAT1 (Phytochrome a signal transduction 1),PAT1,,vv60032GRAS,
557,VIT_17s0053g00680,56,0.0270,Argonaute protein (AGO1),,,,
558,VIT_08s0007g08490,56,0.0270,Zinc proteinase,,,,
559,VIT_16s0098g01750,56,0.0268,Unknown protein,,,,
560,VIT_11s0037g00490,55,0.0266,Translation initiation factor eIF-4F,K03260,,vv23013RNA_transport,
561,VIT_04s0023g00660,55,0.0266,No hit,,,,
562,VIT_10s0042g00820,55,0.0265,Transparent testa16,TT16_2,,vv60042MADS,
563,VIT_03s0038g03600,55,0.0265,Serine/threonine kinase,,,,
564,VIT_18s0122g00320,54,0.0262,PLATZ transcription factor,PLATZFAM_5,,vv60049PLATZ,
565,VIT_08s0007g03370,54,0.0261,Unknown protein,,,,
566,VIT_06s0009g02780,54,0.0261,Histone mRNA exonuclease 1,K01175,,,
567,VIT_18s0001g14670,53,0.0256,Rac-like GTP-binding protein RAC1,RAC1,,vv34020Calcium_signaling_pathway,
568,VIT_19s0090g01180,52,0.0253,Light induced protein like,,,,
569,VIT_15s0021g00500,51,0.0247,NADP-dependent malic enzyme,E1_1_1_39,,vv10620Pyruvate_metabolism,vv10710Carbon_fixation
570,VIT_05s0049g01400,51,0.0247,Alcohol oxidase,E1_1_3_13,,vv10680Methane_metabolism,
571,VIT_12s0142g00640,51,0.0246,FLS2 (flagellin-sensitive 2),K13420,,vv34626Plant-pathogen_interaction,
572,VIT_14s0068g00650,50,0.0240,Unknown,,,,
573,VIT_07s0104g01270,50,0.0240,Kinase interacting family protein,,,,
574,VIT_14s0030g00220,49,0.0238,Sugar transporter ERD6-like 5,ERD6L5,,vv50121Porters_cat_1_to_6,
575,VIT_18s0001g05950,49,0.0236,Cis-zeatin O-beta-D-glucosyltransferase,E2_4_1_215,,vv10908Zeatin_biosynthesis,
576,VIT_03s0063g01620<br>VIT_18s0041g01380<br>VIT_07s0095g00580<br>VIT_18s0041g01570<br>VIT_09s0018g00900<br>VIT_08s0056g00360<br>VIT_04s0008g06900<br>VIT_04s0008g04820<br>VIT_00s0193g00140<br>VIT_06s0009g02050<br>VIT_09s0054g00270<br>VIT_04s0008g04840,49,0.0236,
577,VIT_04s0008g03930,48,0.0232,RD22,,,,
578,VIT_08s0058g00800,46,0.0223,Wound-induced protein WI12,,,,
579,VIT_14s0060g01810,46,0.0223,Unknown protein,,,,
580,VIT_01s0010g01810,44,0.0212,Tetratricopeptide repeat (TPR)-containing,,,,
581,VIT_08s0058g01230,43,0.0207,Non-specific lipid-transfer protein,,,,
582,VIT_05s0077g02080,42,0.0203,Branched chain alpha-keto acid dehydrogenase E2 subunit (din3),E2_3_1_168,,vv10280Valine_leucine_and_isoleucine_degradation,
583,VIT_12s0059g02420,41,0.0198,Peroxidase ATP11A (gb|X98802).,E1_11_1_7,,vv10360Phenylalanine_metabolism,vv10680Methane_metabolism
584,VIT_18s0089g01270,41,0.0197,Heat shock protein precursor 22.0 kDa class IV,K13993,,vv24141Protein_processing_in_endoplasmic_reticulum,
585,VIT_18s0001g11160,40,0.0194,Unknown protein,,,,
586,VIT_07s0005g01790,40,0.0193,Acyl-CoA synthetase long-chain member 2,E6_2_1_3_LACS2,,vv10071Fatty_acid_metabolism,vv44146Peroxisome
587,VIT_14s0066g00300,39,0.0190,Unknown,,,,
588,VIT_12s0059g01900,39,0.0189,Unknown protein,,,,
589,VIT_08s0007g07930,39,0.0189,Clavata1 receptor kinase (CLV1),,,,
590,VIT_16s0022g01340,39,0.0188,Deoxyribodipyrimidine photolyase,E4_1_99_3,,,
591,VIT_00s0540g00040<br>VIT_11s0149g00300,39,0.0187,
592,VIT_08s0007g02100,38,0.0184,Alpha-1 4-glycosyltransferase,,,,
593,VIT_13s0074g00500,38,0.0183,Cellulose synthase CSLA09,E2_4_1_12_CSLA09,,vv40006Cell_wall,
594,VIT_13s0019g05070,36,0.0174,Nodulin family protein,,,,
595,VIT_04s0008g00860,35,0.0169,Ndr family protein,,,,
596,VIT_10s0116g01710,35,0.0169,Galactosyltransferase family protein,E2_4_x_x,,,
597,VIT_05s0077g01680,35,0.0169,Mal d 1 allergen,,,,
598,VIT_16s0022g00900,34,0.0165,No hit,,,,
599,VIT_15s0048g02510,34,0.0164,Basic helix-loop-helix (bHLH) family,BHLHDOM_35,,vv60011BHLH,
600,VIT_09s0054g01770,34,0.0164,Oxidoreductase/ transcriptional repressor,,,,
601,VIT_01s0026g02120,34,0.0164,Microtubule end binding protein 1 (EB1),K10436,,vv44810Regulation_of_actin_cytoskeleton,
602,VIT_19s0014g00090,34,0.0164,Glucan endo-1 3-beta-glucosidase 4 precursor,E3_2_1_39,,vv10500Starch_and_sucrose_metabolism,
603,VIT_12s0059g00670,33,0.0160,NADP-dependent oxidoreductase,E1_6_5_5,,,
604,VIT_01s0010g03540,33,0.0160,Microtubule associated protein (MAP65-6),MAP656,,vv44810Regulation_of_actin_cytoskeleton,
605,VIT_05s0020g01820,33,0.0159,Integral membrane family protein UPF0497,,,,
606,VIT_00s0469g00040,32,0.0155,Cellulose synthase CSLE1,E2_4_1_12_CSLE1,,vv40006Cell_wall,
607,VIT_06s0004g04660,32,0.0155,No hit,,,,
608,VIT_11s0052g01650,32,0.0154,Pathogenesis-related protein 1 precursor (PRP 1),PRP1,,vv30011Jasmonate_signaling,vv34626Plant-pathogen_interaction
609,VIT_06s0004g02620,32,0.0153,Phenylalanine ammonia-lyase,E4_3_1_5,,vv10350Tyrosine_metabolism,vv10360Phenylalanine_metabolism
610,VIT_11s0016g04680,31,0.0151,No hit,,,,
611,VIT_17s0000g08870,31,0.0150,Carboxyl-terminal proteinase,,,,
612,VIT_18s0001g13430,31,0.0150,Coatomer alpha subunit,K05236,,vv50110Protein_coat,
613,VIT_11s0037g00810,31,0.0150,Unknown protein,,,,
614,VIT_19s0090g00280,31,0.0150,RNA-binding protein 45 (RBP45),RBP45,,vv50133Primary_active_transporter_cat_A9_to_A18,
615,VIT_00s0384g00020,30,0.0146,Basic helix-loop-helix (bHLH) family,BHLHDOM_93,,vv60011BHLH,
616,VIT_14s0108g00740,30,0.0145,GASA4,GASA4,,vv30010Gibberellin_signaling,
617,VIT_06s0004g04590,30,0.0145,Epsin N-terminal homology (ENTH) domain-containing,ENTH,,vv50110Protein_coat,
618,VIT_09s0054g00540,30,0.0144,Copia transposable element,,,,
619,VIT_16s0050g00870,30,0.0144,Acyltransferase,E2_3_1_x,,,
620,VIT_05s0062g00920,29,0.0141,No hit,,,,
621,VIT_09s0054g01690,29,0.0140,Transcription factor,,,,
622,VIT_00s0187g00090,29,0.0140,No hit,,,,
623,VIT_03s0038g04500,29,0.0140,Bifunctional dihydrofolate reductase-thymidylate synthase 1,K13998,,vv10240Pyrimidine_metabolism,vv10670One_carbon_pool_by_folate
624,VIT_11s0016g01500,28,0.0135,PHD finger protein alfin,ALFINDOM5,,vv60002Alfin-like,
625,VIT_16s0098g01900,28,0.0135,Pectinesterase family,E3_1_1_11,,vv40006Cell_wall,
626,VIT_19s0015g00250,28,0.0135,Zinc transporter ZIP11,ZIP11,,vv50121Porters_cat_1_to_6,
627,VIT_07s0104g00350,27,0.0132,Circadian clock coupling factor ZGT,,,,
628,VIT_16s0039g01070,27,0.0131,Glutathione S-transferase 25 GSTU7,E2_5_1_18_GSTU7,,vv10480Glutathione_metabolism,
629,VIT_15s0048g02680,27,0.0131,Calmodulin-binding region IQD17,,,,
630,VIT_04s0210g00060,27,0.0130,Mucin-like protein,K06568,,,
631,VIT_18s0001g03470,26,0.0127,Flavonol synthase,E1_14_11_23,,vv10941Flavonoid_biosynthesis,
632,VIT_16s0022g02370,26,0.0126,Unknown protein,,,,
633,VIT_00s0456g00040<br>VIT_00s0374g00030,26,0.0126,
634,VIT_15s0046g03540,26,0.0125,No hit,,,,
635,VIT_14s0068g01710,25,0.0121,Metal-nicotianamine transporter YSL6,YSL6,,vv50125Porters_cat_66_to_94,
636,VIT_09s0002g03880,25,0.0121,Cell division protein FtsH,K03798,,vv50133Primary_active_transporter_cat_A9_to_A18,
637,VIT_07s0031g00320,25,0.0121,Curly leaf PHCLF1,CLF1_1,,vv30009Flower_development,vv60056SET_PCG
638,VIT_14s0068g02230,25,0.0121,No hit,,,,
639,VIT_18s0001g14310,25,0.0121,Flavonone- 3-hydroxylase,E1_14_11_9,,vv10941Flavonoid_biosynthesis,
640,VIT_00s0246g00130,24,0.0116,No hit,,,,
641,VIT_18s0001g05030,24,0.0116,Glucan 1 3-beta-glucosidase precursor,E3_2_1_58,,vv10500Starch_and_sucrose_metabolism,
642,VIT_14s0068g00260,24,0.0115,Serine carboxypeptidase S10,,,,
643,VIT_14s0030g02020,23,0.0112,Aldo/keto reductase,E1_1_1_21,,vv10040Pentose_glucuronate_interconversion,vv10051Fructose_and_mannose_metabolism
644,VIT_00s0347g00120,23,0.0112,S-locus lectin protein kinase,,,,
645,VIT_19s0135g00080,23,0.0112,No hit,,,,
646,VIT_01s0127g00130,23,0.0111,Cysteine-rich receptor-like protein kinase 3,,,,
647,VIT_01s0026g00030,23,0.0111,Unknown protein,,,,
648,VIT_05s0049g01100,23,0.0110,Glutathione S-transferase 25 GSTU7,E2_5_1_18_GSTU7,,vv10480Glutathione_metabolism,
649,VIT_11s0052g00890,22,0.0107,Unknown protein,,,,
650,VIT_10s0071g00860,22,0.0107,Disease resistance protein,,,,
651,VIT_04s0023g03370,22,0.0107,Flavonone- 3-hydroxylase,E1_14_11_9,,vv10941Flavonoid_biosynthesis,
652,VIT_19s0027g01810,22,0.0106,Invertase/pectin methylesterase inhibitor,PMEI,,vv40006Cell_wall,
653,VIT_08s0007g07110,22,0.0106,Unknown protein,,,,
654,VIT_13s0064g00650,21,0.0102,ATAB2,,,,
655,VIT_00s0225g00010,21,0.0102,Unknown protein,,,,
656,VIT_19s0085g00630,21,0.0102,Defective in cullin neddylation DCN1 protein 2,,,,
657,VIT_04s0008g01290,21,0.0102,CGA1 (cytokinin-responsive GATA factor 1),CGA1,,vv30007Cytokinin_signaling,vv60016C2C2-GATA
658,VIT_00s0218g00090,21,0.0101,Exostosin family protein,K02366,,vv11030Glycan_structures-biosynthesis1,
659,VIT_02s0033g00660<br>VIT_02s0033g00850<br>VIT_02s0033g00870<br>VIT_02s0033g00800,21,0.0101,
660,VIT_07s0129g00470,21,0.0101,Unknown protein,,,,
661,VIT_01s0011g04190,21,0.0101,Unknown,,,,
662,VIT_13s0047g00320,20,0.0097,EDA35 (embryo sac development arrest 35),,,,
663,VIT_14s0068g00420,20,0.0097,Alpha-amylase isozyme C2 precursor,E3_2_1_1,,vv10500Starch_and_sucrose_metabolism,
664,VIT_02s0025g00030,20,0.0097,Zinc finger (C3HC4-type ring finger),ZFC3HC4_125,,vv60078Other_zf-C3HC4,
665,VIT_18s0001g13390,20,0.0097,Papain cysteine proteinase isoform II,E3_4_22_2,,,
666,VIT_18s0001g10120,20,0.0097,SPla/RYanodine receptor (SPRY) domain-containing protein,,,,
667,VIT_08s0040g03400,19,0.0092,Short-chain dehydrogenase/reductase,,,,
668,VIT_10s0071g00830,19,0.0092,Binding,,,,
669,VIT_18s0076g00210,19,0.0092,Alpha/beta hydrolase fold,,,,
670,VIT_15s0048g01410,19,0.0092,NTMC2T4/NTMC2TYPE4; NTMC2T4/NTMC2TYPE4,NTMC2T4,,vv50109Incompletely_characterized_transport_systems,
671,VIT_05s0020g00760,19,0.0092,Pyruvate dehydrogenase kinase  Mitochondrial,E2_7_11_2,,vv10010Glycolysis,vv10252Alanine_and_aspartate_metabolism
672,VIT_19s0027g00460,19,0.0092,Glutathione S-transferase 25 GSTU25,E2_5_1_18_GSTU25,,vv10480Glutathione_metabolism,
673,VIT_04s0023g03710,18,0.0087,Myb domain protein 4,MYB4_1,MYB4B,vv60044MYB,
674,VIT_16s0098g01600,18,0.0087,No hit,,,,
675,VIT_12s0028g00920,18,0.0087,Glutathione S-transferase 9 GSTF9,E2_5_1_18_GSTF9,,vv10480Glutathione_metabolism,
676,VIT_14s0060g01300,18,0.0087,Universal stress protein (USP) family protein,,,,
677,VIT_10s0116g01640,18,0.0087,Glucan endo-1 3-beta-glucosidase 3 precursor,E3_2_1_39,,vv10500Starch_and_sucrose_metabolism,
678,VIT_16s0022g01810,18,0.0087,AT-hook protein 1,,,,
679,VIT_07s0130g00040,18,0.0086,Myb domain protein 4,MYB4_10,MYB3,vv60044MYB,
680,VIT_08s0007g07140,18,0.0086,Esterase/lipase/thioesterase family protein,,,,
681,VIT_06s0004g01350,17,0.0083,Emsy N terminus domain-containing protein,,,,
682,VIT_00s0975g00010,17,0.0082,Cellulose synthase CSLE1,E2_4_1_12_CSLE1,,vv40006Cell_wall,
683,VIT_17s0000g10100,17,0.0082,Response regulator ARR11 Type-B,ARR11_1,,vv30007Cytokinin_signaling,vv60006ARR-B
684,VIT_19s0090g00730,16,0.0078,No hit,,,,
685,VIT_05s0049g01860,16,0.0078,Receptor-like protein kinase,,,,
686,VIT_03s0088g00470,16,0.0077,Auxin responsive SAUR protein,SAUR,,vv30003Auxin_signaling,
687,VIT_13s0019g01520,16,0.0077,Protease inhibitor/seed storage/lipid transfer protein (LTP),,,,
688,VIT_17s0000g02010,16,0.0077,Atypical receptor kinase MARK,,,,
689,VIT_16s0098g01810,15,0.0073,Histone H2B   member E,,,,
690,VIT_04s0008g02520,15,0.0073,ATP binding protein,,,,
691,VIT_08s0007g06510,15,0.0072,Protein phosphatase 2C,E3_1_3_16,,,
692,VIT_15s0048g02000,14,0.0068,Homeodomain GLABROUS1,HDG1_1,VvHB53,vv60034HB,
693,VIT_15s0024g00770,14,0.0068,No hit,,,,
694,VIT_05s0049g01200,14,0.0067,S-locus lectin protein kinase,,,,
695,VIT_05s0049g00470,13,0.0063,Electron transfer flavoprotein beta-subunit,K03521,,,
696,VIT_09s0002g02210,13,0.0063,Adhesion of calyx edges (ACE),,,,
697,VIT_05s0136g00100,13,0.0063,Maturase,,,,
698,VIT_17s0000g02350,13,0.0063,Receptor protein kinase,,,,
699,VIT_01s0011g00400,13,0.0063,Nuclear transport factor 2 (NTF2),NTF2,,vv50133Primary_active_transporter_cat_A9_to_A18,
700,VIT_19s0014g04060,13,0.0063,ARK3 (Arabidopsis Receptor Kinase 3),,,,
701,VIT_17s0000g00040,13,0.0063,Pentatricopeptide (PPR) repeat-containing,,,,
702,VIT_19s0090g00400,13,0.0062,Zinc finger (C3HC4-type ring finger),ZFC3HC4_83,,vv60078Other_zf-C3HC4,
703,VIT_15s0048g00270,12,0.0058,Scarecrow transcription factor 6 (SCL6),SCL6_1,,vv60032GRAS,
704,VIT_15s0021g01350,12,0.0058,Transducin family protein / WD-40 repeat,,,,
705,VIT_05s0020g04850,12,0.0058,H1flk,,,,
706,VIT_08s0007g07730,12,0.0058,CYP93A1 2-hydroxyisoflavanone synthase,E1_14_13_86,,vv10943Isoflavonoid_biosynthesis,
707,VIT_12s0028g02120,12,0.0058,No hit,,,,
708,VIT_10s0116g01850,12,0.0058,Unknown protein,,,,
709,VIT_16s0022g01740,12,0.0058,Unknown protein,,,,
710,VIT_02s0033g01210,12,0.0058,Cyclops,,,,
711,VIT_01s0182g00130,12,0.0058,PHO1-like protein,PHO1,,vv50125Porters_cat_66_to_94,
712,VIT_11s0016g00290,12,0.0058,Pectinesterase PME3,E3_1_1_11,,vv40006Cell_wall,
713,VIT_19s0014g03130,11,0.0053,Stem-specific protein TSJT1,,,,
714,VIT_02s0012g00660,11,0.0053,Calcium-binding EF-hand,,,,
715,VIT_12s0134g00450,11,0.0053,S-locus lectin protein kinase,,,,
716,VIT_05s0051g00230,11,0.0053,R protein L6,K13477,,vv34627R_proteins_from_Plant-pathogen_interaction,
717,VIT_17s0000g06400,11,0.0053,NAC domain containing protein 100,NAC100_1,VvNAC05,vv60046NAC,
718,VIT_11s0016g00580,10,0.0049,Unknown,,,,
719,VIT_15s0048g00630,10,0.0049,Protease inhibitor/seed storage/lipid transfer protein (LTP),,,,
720,VIT_06s0004g07960,10,0.0049,Glucose-6-phosphate/phosphate translocator,G6PPTR,,vv50122Porters_cat_7_to_17,
721,VIT_12s0035g02200,10,0.0049,Unknown protein,,,,
722,VIT_00s2776g00010,10,0.0048,S-locus lectin protein kinase,,,,
723,VIT_09s0002g07310,10,0.0048,No hit,,,,
724,VIT_19s0014g05010,10,0.0048,Unknown protein,,,,
725,VIT_01s0137g00290,10,0.0048,Oxysterol binding protein,,,,
726,VIT_10s0003g03870,10,0.0048,Ornithine aminotransferase,E2_6_1_13,,vv10330Arginine_and_proline_metabolism,
727,VIT_11s0052g01400,9,0.0044,Ribitol kinase,E2_7_1_47,,vv10040Pentose_glucuronate_interconversion,
728,VIT_19s0015g02070,9,0.0044,(-)-germacrene D synthase,E4_2_3_22,,vv10900Terpenoid_biosynthesis,
729,VIT_14s0030g01890,9,0.0044,Unknown,,,,
730,VIT_07s0005g01910,9,0.0044,Myb family transcription factor DNA methyltransferase 1 associated,MYBDMAP1,,vv60045MYBrelated,
731,VIT_13s0074g00370,9,0.0044,Zinc finger (C3HC4-type ring finger),ZFC3HC4_89,,vv60078Other_zf-C3HC4,
732,VIT_04s0008g03640,9,0.0044,FAD-binding domain-containing protein,,,,
733,VIT_05s0020g04540,9,0.0044,Beta-ketoacyl-CoA synthase,E2_3_1_41,,vv10061Fatty_acid_biosynthesis,
734,VIT_02s0087g00470,9,0.0044,Anthraniloyal-CoA: methanol anthraniloyal transferase,AMAT,,vv10400Phenylalanine_tyrosine_and_tryptophan_biosynthesis,
735,VIT_08s0040g02970,9,0.0043,Protein phosphatase 2C,E3_1_3_16,,,
736,VIT_13s0084g00550,9,0.0043,Aminotransferase,,,,
737,VIT_15s0046g01430,9,0.0043,Aldose 1-epimerase,E5_1_3_3,,vv10010Glycolysis,
738,VIT_11s0016g02050,9,0.0043,Nucleosome assembly protein (NAP1),,,,
739,VIT_12s0028g01690,9,0.0043,WRKY DNA-binding protein 65,WRKY65_2,,vv60066WRKY,
740,VIT_19s0014g04600,9,0.0043,S-locus protein kinase,,,,
741,VIT_14s0060g00330,9,0.0043,Aspartyl protease,E3_4_23_40,,,
742,VIT_18s0001g01730,9,0.0043,Shikimate kinase,E2_7_1_71,,vv10400Phenylalanine_tyrosine_and_tryptophan_biosynthesis,
743,VIT_07s0031g02560,9,0.0043,UVB-resistance protein UVR8,,,,
744,VIT_00s0640g00020,9,0.0043,Cig3,K14409,,vv23015mRNA_surveillance_pathway,vv30007Cytokinin_signaling
745,VIT_05s0020g00330,9,0.0043,Galactinol synthase,E2_4_1_123,,vv10052Galactose_metabolism,
746,VIT_09s0054g01370,9,0.0043,Beta-amyrin synthase,E5_4_99_BAS,,vv10900Terpenoid_biosynthesis,
747,VIT_11s0016g04270,9,0.0043,Hydrolase  alpha/beta fold,,,,
748,VIT_14s0068g00400,9,0.0043,Hydrolase  alpha/beta fold family,,,,
749,VIT_03s0038g00740,8,0.0039,GC1 (GIANT chloroplast 1),GC1,,vv44110Cell_cycle,
750,VIT_03s0091g00040,7,0.0034,Limonoid UDP-glucosyltransferase,E2_4_1_120,,vv10940Phenylpropanoid_biosynthesis,
751,VIT_00s0332g00110,7,0.0034,Photosystem II PsbF protein,K02708,,vv10195Photosynthesis,vv50135Primary_active_transporter_cat_D3_to_E2
752,VIT_12s0028g00210,7,0.0034,Prenylcysteine alpha-carboxyl methyltransferase,E2_1_1_100,,vv10271Methionine_metabolism,
753,VIT_19s0015g02880,7,0.0034,Glutathione S-transferase 20 GSTU20,E2_5_1_18_GSTU20,,vv10480Glutathione_metabolism,
754,VIT_01s0010g00720,7,0.0034,Unknown,,,,
755,VIT_12s0035g02210,7,0.0034,Unknown protein,,,,
756,VIT_19s0027g00230,7,0.0034,NAC domain-containing protein 22,NAC022,VvNAC33,vv60046NAC,
757,VIT_00s0332g00100,7,0.0034,No hit,,,,
758,VIT_18s0122g01180,7,0.0034,Unknown,,,,
759,VIT_04s0023g03360,6,0.0029,Unknown protein,,,,
760,VIT_04s0008g01300,6,0.0029,Glycine dehydrogenase,E1_4_4_2,,vv10260Glycine_serine_and_threonine_metabolism,
761,VIT_07s0005g01180,6,0.0029,Unknown protein,,,,
762,VIT_03s0088g00340<br>VIT_03s0091g00010,6,0.0029,
763,VIT_03s0088g00060,6,0.0029,Isoflavone reductase,E1_3_1_45,,vv10943Isoflavonoid_biosynthesis,
764,VIT_19s0027g00450,6,0.0029,Pentatricopeptide (PPR) repeat-containing protein,,,,
765,VIT_02s0012g01380,6,0.0029,No hit,,,,
766,VIT_13s0019g00390,6,0.0029,F-box family protein,,,,
767,VIT_16s0013g00640,6,0.0029,No hit,,,,
768,VIT_14s0066g02270,6,0.0029,Endonuclease/exonuclease/phosphatase family protein,E3_1_30_x,,,
769,VIT_14s0083g00690,6,0.0029,Glycosyl transferase family 8 protein,,,,
770,VIT_12s0028g00960,6,0.0029,Phytoene synthase  chloroplast precursor,E2_5_1_32,,vv10100Biosynthesis_of_steroids,vv10900Terpenoid_biosynthesis
771,VIT_05s0077g02300,6,0.0029,UDP-glucuronic acid decarboxylase 2,E4_1_1_35,,vv10500Starch_and_sucrose_metabolism,vv10520Nucleotide_sugars_metabolism
772,VIT_04s0008g05260,6,0.0029,Unknown,,,,
773,VIT_00s0291g00060,6,0.0029,Inorganic phosphate transporter 2-1  chloroplast precursor,PHT2_1,,vv50121Porters_cat_1_to_6,
774,VIT_16s0098g01560,6,0.0029,Glucan endo-1 3-beta-D-glucosidase,E3_2_1_39,,vv10500Starch_and_sucrose_metabolism,
775,VIT_13s0067g01580,6,0.0029,Anthocyaninless2 (ANL2),ANL2_4,,vv60034HB,
776,VIT_11s0016g01280,6,0.0029,DNA-directed RNA polymerase III subunit C4,K03026,,vv23020RNA_polymerase,
777,VIT_01s0011g01110,6,0.0029,Molybdenum cofactor sulfurase,,,,
778,VIT_03s0038g00340,6,0.0029,Salt tolerance homolog2,STH2,,vv60073Orphans_zf-b_box,
779,VIT_04s0023g01930,6,0.0029,Basic helix-loop-helix (bHLH) family,BHLHDOM_15,,vv60011BHLH,
780,VIT_13s0019g00560,6,0.0029,Chaperonin GroEL,K04077,,vv23018RNA_degradation,
781,VIT_02s0087g00490,6,0.0029,10-deacetylbaccatin III 10-O-acetyltransferase,E2_3_1_167,,vv10904Diterpenoid_biosynthesis,
782,VIT_19s0090g01050,6,0.0029,Endo-beta-1 4-glucanase,E3_2_1_4,,vv40006Cell_wall,
783,VIT_13s0084g00520<br>VIT_13s0084g00370,6,0.0029,
784,VIT_18s0001g14800,6,0.0029,Lipase 3 (EXL3) family II extracellular,,,,
785,VIT_14s0060g00240,6,0.0029,Myb domain protein 61,MYB61_2,MYB55B,vv60044MYB,
786,VIT_03s0038g03950,6,0.0029,Phosphate carrier protein,MPHOSPTR,,vv50123Porters_cat_18_to_29,
787,VIT_02s0025g04620,6,0.0029,Phospholipase D beta 1,PLDB1,,vv10564Glycerophospholipid_metabolism,vv10565Ether_lipid_metabolism
788,VIT_07s0151g00360,6,0.0029,Unknown protein,,,,
789,VIT_13s0156g00450,6,0.0029,R protein disease resistance protein,RPROT,,vv34627R_proteins_from_Plant-pathogen_interaction,
790,VIT_19s0015g01170,6,0.0029,MYB divaricata,DIVARICATA_5,,vv30009Flower_development,vv60044MYB
791,VIT_06s0004g08290,6,0.0029,KH domain-containing protein,,,,
792,VIT_05s0102g00940,6,0.0029,R protein  PRF  disease resistance protein,K13453,,vv34627R_proteins_from_Plant-pathogen_interaction,
793,VIT_10s0003g02500,6,0.0029,Malate dehydrogenase  cytoplasmic 1,E1_1_1_37,,vv10020Citrate_cycle,vv10620Pyruvate_metabolism
794,VIT_06s0004g07900,6,0.0029,Ovate family protein 17 OFP17,OFP17_1,,vv60086OFP,
795,VIT_07s0104g00890,6,0.0029,IMK2 (inflorescence meristem receptor-like kinase 2),,,,
796,VIT_12s0035g01970,6,0.0029,Pentatricopeptide (PPR) repeat-containing,,,,
797,VIT_05s0029g00350,6,0.0029,Heat shock transcription factor A5,HSFA5_2,,vv60037HSF,
798,VIT_13s0064g01660,6,0.0029,Prunasin hydrolase isoform PHA precursor,E3_2_1_118,,vv10460Cyanoamino_acid_metabolism,
799,VIT_11s0149g00060,6,0.0029,Unknown,,,,
800,VIT_13s0019g02940,6,0.0029,Cis-zeatin O-beta-D-glucosyltransferase,E2_4_1_215,,vv10908Zeatin_biosynthesis,
801,VIT_09s0002g02400,6,0.0029,Prenylated rab acceptor (PRA1),,,,
802,VIT_16s0098g00400,6,0.0029,Receptor serine/threonine kinase PR5K-l,,,,
803,VIT_05s0062g00830,4,0.0019,Ribosomal protein S1,K02945,,vv23010Ribosome,
804,VIT_08s0040g00890,4,0.0019,Single-stranded nucleic acid binding R3H,,,,
805,VIT_14s0108g00380,4,0.0019,Protein kinase APK1A,,,,
806,VIT_11s0016g00070,4,0.0019,Zinc finger (C3HC4-type ring finger),ZFC3HC4_95,,vv60078Other_zf-C3HC4,
807,VIT_06s0004g01750,4,0.0019,Polygalacturonase inhibitor protein,PGIP,,,
808,VIT_03s0063g00200,4,0.0019,Histidinol-phosphatase,E3_1_3_15,,vv10340Histidine_metabolism,
809,VIT_00s1356g00010,4,0.0019,Zinc finger (C2H2 type) family,C2H2FAM_15,,vv60017C2H2,
810,VIT_08s0040g02830,3,0.0015,Calcium-transporting ATPase 1  endoplasmic reticulum-type ECA1,K01537,,vv34020Calcium_signaling_pathway,vv50131Primary_active_transporter_cat_A2_to_A4
811,VIT_05s0029g01430,3,0.0015,Ankyrin,K10380,,vv50108Accessory_factors_involved_in_transport,
812,VIT_16s0039g02040,3,0.0015,4-coumarate-CoA ligase 3,E6_2_1_12,,vv10940Phenylpropanoid_biosynthesis,vv50104Group_translocators
813,VIT_14s0068g00140,3,0.0015,No hit,,,,
814,VIT_11s0016g03070,3,0.0015,Hexokinase-2,E2_7_1_1,,vv10010Glycolysis,vv10051Fructose_and_mannose_metabolism
815,VIT_18s0001g10150,3,0.0015,Ethylene-responsive transcription factor ERF011,ERF011,VvERF013,vv30008Ethylene_signaling,vv60017C2H2
816,VIT_00s0522g00010<br>VIT_00s0266g00010<br>VIT_00s0372g00070<br>VIT_00s0372g00080<br>VIT_00s0572g00010<br>VIT_00s0372g00040<br>VIT_00s0847g00020<br>VIT_00s0572g00020,3,0.0015,
817,VIT_05s0077g02330,3,0.0015,Transducin protein,,,,
818,VIT_05s0102g00460,3,0.0015,RPD1 (root primordium defective 1),,,,
819,VIT_07s0129g00270,3,0.0015,Casein kinase II alpha chain,K03097,,vv23008Ribosome_biogenesis_in_Eukaryotes,vv34710Circadian_rhythm
820,VIT_17s0000g03070,3,0.0015,R protein MLA10,K13475,,vv34627R_proteins_from_Plant-pathogen_interaction,
821,VIT_10s0003g02280,3,0.0015,SRG1 (senescence-related gene 1) oxidoreductase,,,,
822,VIT_17s0000g01450,3,0.0015,Exocyst subunit EXO70 F1,EXO70F1,,vv50111Tethering_factors,
823,VIT_14s0083g00980,3,0.0015,Pollen Ole e 1 allergen and extensin,,,,
824,VIT_03s0017g01280,3,0.0015,ABC transporter G member 7,ABCG7,,vv52010ABC_transporters,
825,VIT_11s0016g01460,3,0.0015,BRXL4 (Brevis radix like 4),,,,
826,VIT_19s0014g03970,3,0.0015,Calcium-binding EF-hand,,,,
827,VIT_03s0063g01080,3,0.0015,OST1 (open stomata 1) AAPK,OST1,,vv30001ABA_signaling,vv34020Calcium_signaling_pathway
828,VIT_14s0030g00650,3,0.0015,Shikimate dehydrogenase,E1_1_1_25,,vv10400Phenylalanine_tyrosine_and_tryptophan_biosynthesis,
829,VIT_06s0004g02020,3,0.0015,No hit,,,,
830,VIT_13s0019g05010,3,0.0015,Nodulin-like protein,,,,
831,VIT_14s0036g01290,3,0.0015,Subtilisin-like proteinase AIR3,,,,
832,VIT_06s0061g00780,3,0.0015,Zinc finger (C2H2 type) family,C2H2FAM_39,,vv60017C2H2,
833,VIT_13s0084g00740,3,0.0015,No hit,,,,
834,VIT_19s0085g00660,3,0.0015,No hit,,,,
835,VIT_08s0007g00750,3,0.0015,SRG1 (senescence-related gene 1),,,,
836,VIT_14s0036g01030,3,0.0015,Ankyrin repeat,,,,
837,VIT_11s0052g01640,3,0.0015,flavonol 3-O-glucosyltransferase,E2_4_1_91,,vv10941Flavonoid_biosynthesis,
838,VIT_16s0022g01050<br>VIT_16s0022g01030<br>VIT_16s0022g01010<br>VIT_16s0022g01110<br>VIT_16s0022g01100<br>VIT_16s0022g01040<br>VIT_16s0022g00990<br>VITisv_028484,3,0.0015,
839,VIT_10s0042g01010,3,0.0015,CYP714A1,,,,
840,VIT_06s0080g00680,3,0.0015,No hit,,,,
841,VIT_05s0020g02650,3,0.0015,Unknown protein,,,,
842,VIT_06s0004g06140,3,0.0015,Ribosomal protein L4,K02926,,vv23010Ribosome,
843,VIT_05s0077g00610,3,0.0015,Desiccation protein PCC13-62 precursor,,,,
844,VIT_17s0000g09870,3,0.0015,MA3 domain-containing protein,,,,
845,VIT_10s0597g00050,3,0.0015,Heat shock transcription factor B2A,HSFB2A_3,,vv60037HSF,
846,VIT_13s0067g00110,3,0.0015,CYP72A1,K13400,,vv10902Monoterpenoid_biosynthesis,
847,VIT_18s0001g10500,3,0.0015,ABA 8'-hydroxylase CYP707A1,E1_14_13_93,,vv10906Carotenoid_biosynthesis,vv11013ABA_biosynthesis
848,VIT_06s0004g07970,3,0.0014,Alpha-expansin 10 precursor,EXPA10,,vv30003Auxin_signaling,
849,VIT_14s0066g01320,3,0.0014,formate dehydrogenase (FDH),E1_2_1_2,,vv10630Glyoxylate_and_dicarboxylate_metabolism,vv10680Methane_metabolism
850,VIT_08s0007g05110,3,0.0014,No hit,,,,
851,VIT_15s0048g01080,3,0.0014,Unknown,,,,
852,VIT_07s0104g00090,3,0.0014,Transparent testa 8 TT8,TT8,,vv60011BHLH,
853,VIT_04s0210g00070,3,0.0014,Strictosidine synthase,E4_3_3_2,,vv10900Terpenoid_biosynthesis,vv10902Monoterpenoid_biosynthesis
854,VIT_00s0218g00100,3,0.0014,Metal transporter Nramp6,NRAMP6,,vv50124Porters_cat_30_to_64,
855,VIT_18s0001g11710,3,0.0014,Photosystem II PsbO protein,K02716,,vv10195Photosynthesis,vv50113Thylakoid_targeting_pathway
856,VIT_14s0068g00150,3,0.0014,No hit,,,,
857,VIT_12s0059g01320,3,0.0014,Glucan endo-1 3-beta-glucosidase 7 precursor,E3_2_1_39,,vv10500Starch_and_sucrose_metabolism,
858,VIT_15s0045g01360,3,0.0014,No hit,,,,
859,VIT_00s0438g00010,3,0.0014,Cytochrome c oxidase subunit 2,K02261,,vv10190Oxidative_phosphorylation,vv50135Primary_active_transporter_cat_D3_to_E2
860,VIT_06s0004g01460<br>VIT_06s0004g01450,3,0.0014,
861,VIT_06s0004g05930,3,0.0014,Proliferating cell nuclear antigen (PCNA),K04802,,vv23030DNA_replication,vv23410Base_excision_repair
862,VIT_07s0031g00750,3,0.0014,MATE efflux family protein,MATE,,vv50125Porters_cat_66_to_94,
863,VIT_14s0066g02120,3,0.0014,Photosystem I P700 apoprotein A1 [Vitis vinifera],K02689,,vv10195Photosynthesis,vv50105Transport_electron_carriers
864,VIT_03s0038g00120,3,0.0014,Gibberellin-regulated protein 4 (GASA4),GASA4,,vv30010Gibberellin_signaling,
865,VIT_05s0051g00050,3,0.0014,Myosin-like protein XIB,MYOSINXIB,,vv44810Regulation_of_actin_cytoskeleton,
866,VIT_18s0001g07910,3,0.0014,No hit,,,,
867,VIT_03s0038g02050,3,0.0014,Dirigent protein pDIR7,,,,
868,VIT_00s0404g00010,3,0.0014,Beta-galactosidase,E3_2_1_23,,vv10052Galactose_metabolism,vv10511N-Glycan_degradation
869,VIT_00s0823g00020<br>VIT_00s0670g00020,3,0.0014,
870,VIT_07s0005g02380,3,0.0014,Germin-like protein 2 [Vitis vinifera],,,,
871,VIT_17s0000g10110,3,0.0014,Response regulator ARR11 Type-B,ARR11_3,,vv30007Cytokinin_signaling,vv60006ARR-B
872,VIT_13s0067g01440,3,0.0014,Pentatricopeptide (PPR) repeat-containing protein,,,,
873,VIT_14s0128g00180,3,0.0014,Zinc finger (C3HC4-type ring finger),ZFC3HC4_209,,vv60078Other_zf-C3HC4,
874,VIT_08s0007g01020,3,0.0014,Aldo-keto reductase,E1_1_1_21,,vv10040Pentose_glucuronate_interconversion,vv10051Fructose_and_mannose_metabolism
875,VIT_15s0048g03000,3,0.0014,GTPase RABA3,K07976,,,
876,VIT_06s0004g06550,3,0.0014,DDB2 (damaged DNA-binding 2),K10140,,vv23420Nucleotide_excision_repair,vv24120Ubiquitin_mediated_proteolysis
877,VIT_12s0028g00250,3,0.0014,Isoprenylcysteine carboxyl methyltransferase,E2_1_1_100,,vv10271Methionine_metabolism,
878,VIT_09s0002g00410,3,0.0014,No hit,,,,
879,VIT_12s0057g01060,3,0.0014,Jasmonate O-methyltransferase,E2_1_1_141,,vv10592alpha-Linolenic_acid_metabolism,
880,VIT_05s0029g01410,3,0.0014,No hit,,,,
881,VIT_13s0019g01940,3,0.0014,Laccase,E1_10_3_2,,vv11000Single_reactions,vv50109Incompletely_characterized_transport_systems
882,VIT_04s0023g03280,3,0.0014,Zinc finger (Ran-binding),ZFRANBPDOM_3,,vv60080Other_zf,
883,VIT_11s0016g02720,3,0.0014,SNF7.1,SNF7_1,,vv50111Tethering_factors,
884,VIT_10s0116g00820,3,0.0014,Adenosine/AMP deaminase,E3_5_4_4,,vv10230Purine_metabolism,
885,VIT_08s0058g00540,3,0.0014,IMK2 (inflorescence meristem receptor-like kinase 2),,,,
886,VIT_17s0000g08580,3,0.0014,ApaG domain protein,,,,
887,VIT_18s0122g01250,3,0.0014,No hit,,,,
888,VIT_08s0105g00430,3,0.0014,Omega-3 fatty acid desaturase  chloroplast precursor,K10257,,vv11040Biosynthesis_of_unsaturated_fatty_acids,
889,VIT_00s0838g00010,3,0.0014,Transcriptional corepressor LEUNIG,LEUNIG_1,,vv30009Flower_development,vv60041LUG
890,VIT_02s0241g00050,3,0.0014,Unknown protein,,,,
891,VIT_18s0001g00800,3,0.0014,Tetracycline transporter protein,TETRACYCTR,,vv50121Porters_cat_1_to_6,
892,VIT_14s0083g00740,3,0.0014,Amino acid permease,AAPREL,,vv50123Porters_cat_18_to_29,
893,VIT_15s0048g02720,3,0.0014,fatty acid elongase,E2_3_1_41,,vv10061Fatty_acid_biosynthesis,
894,VIT_18s0001g01200,3,0.0014,No hit,,,,
895,VIT_10s0003g03910,3,0.0014,TCP family transcription factor 24,TCP24,,vv60061TCP,
896,VIT_00s2397g00010<br>VIT_16s0050g02690<br>VIT_00s0258g00120<br>VIT_00s1944g00010<br>VIT_00s2304g00010,3,0.0014,
