Vv_m2,2000,1000,VIT_01s0026g02770
rank,node,Fabs,Frel,Functional-annotation,Name-EC-KeggID,Updated-name,Network1,Network2
1,VIT_17s0000g04180,2072,1.0000,TCP family transcription factor BRC2/TCP12 (branched2),TCP12,,vv60061TCP,
2,VIT_18s0041g00790,2071,1.0000,UDP-glycosyltransferase 88B1,,,,
3,VIT_03s0167g00100,2070,1.0000,MADS-box protein SVP (short vegetative phase),SVP_6,,vv30009Flower_development,vv60042MADS
4,VIT_01s0137g00160,2062,1.0000,B-keto acyl reductase,,,,
5,VIT_10s0003g01590,2067,1.0000,Unknown protein,,,,
6,VIT_00s0228g00060,2065,1.0000,Unknown,,,,
7,VIT_06s0080g00290,2060,1.0000,TFL1 (Terminal flower 1),TFL1,,vv30009Flower_development,
8,VIT_18s0122g01460,2072,1.0000,CYP87A3,,,,
9,VIT_01s0011g02920,2071,0.9995,TCP family transcription factor DICHOTOMA,DICHOTOMA,,vv30009Flower_development,vv60061TCP
10,VIT_02s0025g04650,2065,0.9995,MADS-box agamous-like 19,AGL19,,vv60042MADS,
11,VIT_04s0008g03540,2058,0.9995,Transducin protein,,,,
12,VIT_05s0020g01450,2062,0.9985,Heavy-metal-associated domain-containing protein,,,,
13,VIT_03s0038g02660,2063,0.9981,Unknown protein,,,,
14,VIT_03s0038g00310,2061,0.9961,Short internodes,SHI_1,,vv60059SRS,
15,VIT_18s0041g01530,2061,0.9961,CYP706A12,,,,
16,VIT_12s0034g01670,2066,0.9957,No hit,,,,
17,VIT_18s0001g14780,2063,0.9957,Lipase 3 (EXL3) family II extracellular,,,,
18,VIT_16s0050g00070,2050,0.9951,Myb domain protein 17,MYB17_1,MYB17B,vv60044MYB,
19,VIT_03s0038g01860,2054,0.9947,Proline-rich protein 4,,,,
20,VIT_05s0020g00520,2055,0.9937,Alpha-L-arabinofuranosidase,E3_2_1_55,,vv10520Nucleotide_sugars_metabolism,
21,VIT_14s0083g00130,2073,0.9933,RAV1-like ethylene-responsive transcription factor,RAV1_2,VvRAV2,vv30008Ethylene_signaling,vv60003AP2_EREBP
22,VIT_07s0031g01670,2058,0.9923,CYP96A10,,,,
23,VIT_19s0014g04810<br>VIT_19s0014g04800,2056,0.9923,
24,VIT_16s0022g01580,2041,0.9922,3-ketoacyl-CoA synthase,,,,
25,VIT_07s0005g03530,2054,0.9899,Ribulose bisphosphate carboxylase  large chain,E4_1_1_39,,vv10710Carbon_fixation,
26,VIT_16s0022g01570,2033,0.9888,3-ketoacyl-CoA synthase,,,,
27,VIT_09s0054g01330,2060,0.9880,Beta-amyrin synthase,E5_4_99_BAS,,vv10900Terpenoid_biosynthesis,
28,VIT_00s0349g00050,2027,0.9811,Protein FD (BZIP transcription factor 14),FD_2,,vv30009Flower_development,vv60012BZIP
29,VIT_13s0047g00360,2029,0.9802,6-hydroxyisobutyryl-coenzyme A hydrolase,E3_1_2_4,,vv10280Valine_leucine_and_isoleucine_degradation,vv10410Beta-alanine_metabolism
30,VIT_09s0002g03150,2016,0.9791,Lipase GDSL,,,,
31,VIT_18s0041g01810,2026,0.9783,Taxadiene 5-alpha-hydroxylase,E1_14_99_37,,vv10904Diterpenoid_biosynthesis,
32,VIT_11s0016g04460,2021,0.9773,Ornithine decarboxylase,E4_1_1_17,,vv10220Urea_cycle_and_metabolism_of_amino_groups,
33,VIT_05s0077g01020,2026,0.9769,GCN5 N-acetyltransferase (GNAT),GCN5_24,,vv60082GNAT,
34,VIT_02s0033g00610,2023,0.9768,Chromomethylase 2,,,,
35,VIT_03s0063g01440,2018,0.9763,Transcriptional factor B3,TFB3_6,,vv60001ABI3VP1,
36,VIT_05s0077g01360,2023,0.9759,Myb domain protein 111,MYB111_1,MYBF2,vv60044MYB,
37,VIT_06s0004g00030,2003,0.9756,S-adenosyl-L-methionine:salicylic acid carboxyl methyltransferase,SAMTBSCMT,,vv10360Phenylalanine_metabolism,
38,VIT_05s0094g00740,2010,0.9743,Stearoyl-acyl-[acyl-carrier-protein] desaturase,E1_14_19_2,,vv11040Biosynthesis_of_unsaturated_fatty_acids,
39,VIT_18s0001g14770,2013,0.9734,Lipase 3 (EXL3) family II extracellular,,,,
40,VIT_00s0901g00010,2005,0.9719,Ankyrin repeat protein,,,,
41,VIT_00s0411g00040,2010,0.9710,Unknown,,,,
42,VIT_16s0100g00540,2005,0.9700,S-N-methylcoclaurine 3'-hydroxylase,E1_14_13_71,,vv10950Alkaloid_biosynthesis_I,
43,VIT_09s0054g00590,1980,0.9616,No hit,,,,
44,VIT_01s0137g00320,1990,0.9614,TEL1 (Terminal EAR1-like 1),TEL1,,vv44110Cell_cycle,
45,VIT_09s0002g01340,1985,0.9599,Auxin-binding protein ABP19,ABP19,,vv30003Auxin_signaling,
46,VIT_05s0020g03520,1989,0.9590,Ovate family protein 12 OFP12,OFP12_1,,vv60086OFP,
47,VIT_05s0020g04400,1970,0.9586,No hit,,,,
48,VIT_09s0054g01410,1970,0.9503,Beta-amyrin synthase,E5_4_99_BAS,,vv10900Terpenoid_biosynthesis,
49,VIT_03s0088g00680,1964,0.9502,Pathogenesis-related protein 1 precursor (PRP 1),PRP1,,vv30011Jasmonate_signaling,vv34626Plant-pathogen_interaction
50,VIT_18s0075g00010,1959,0.9432,No hit,,,,
51,VIT_15s0021g00050,1938,0.9421,Eceriferum 1 (CER1 protein) Sterol desaturase,,,,
52,VIT_03s0167g00070,1940,0.9399,MADS-box protein SVP (short vegetative phase),SVP_4,,vv30009Flower_development,vv60042MADS
53,VIT_13s0047g00840,1940,0.9354,Serine hydroxymethyltransferase 3,E2_1_2_1,,vv10260Glycine_serine_and_threonine_metabolism,vv10670One_carbon_pool_by_folate
54,VIT_18s0001g03840,1929,0.9350,TEL2 (Terminal EAR1-like 2),TEL2,,vv44110Cell_cycle,
55,VIT_16s0022g02190,1937,0.9344,Chalcone and stilbene synthases,E2_3_1_74,,vv10941Flavonoid_biosynthesis,
56,VIT_18s0041g01590,1923,0.9335,Taxane 10-beta-hydroxylase,E1_14_13_76,,vv10904Diterpenoid_biosynthesis,
57,VIT_05s0102g00880,1919,0.9266,Strictosidine synthase,E4_3_3_2,,vv10900Terpenoid_biosynthesis,vv10902Monoterpenoid_biosynthesis
58,VIT_13s0064g01580<br>VIT_13s0064g01720,1906,0.9221,
59,VIT_09s0054g01500,1894,0.9181,Beta-amyrin synthase,E5_4_99_BAS,,vv10900Terpenoid_biosynthesis,
60,VIT_03s0038g01850,1885,0.9168,Proline-rich protein 4,,,,
61,VIT_01s0137g00130,1893,0.9136,B-keto acyl reductase,,,,
62,VIT_00s0228g00070<br>VIT_00s0228g00010<br>VIT_00s0411g00050,1885,0.9119,
63,VIT_12s0142g00360,1871,0.9087,SHATTERPROOF 2,SHATTERPROOF2,,vv60042MADS,
64,VIT_15s0021g00040,1864,0.9053,Eceriferum 1 (CER1 protein) Sterol desaturase,,,,
65,VIT_09s0002g00600,1878,0.9046,RPP27 (resistance to peronospora parasitica 27),,,,
66,VIT_13s0067g03540,1875,0.9006,S haplotype-specific F-box protein a,,,,
67,VIT_19s0014g03940,1861,0.8999,Sporocyteless,SPOROCYTELESS,,vv60089Other_Nozzle,
68,VIT_13s0064g01710,1873,0.8996,Amygdalin hydrolase isoform AH I precursor,E3_2_1_117,,vv10460Cyanoamino_acid_metabolism,
69,VIT_16s0039g01510,1856,0.8975,Calcium-dependent protein kinase-related,,,,
70,VIT_17s0000g09260,1841,0.8954,No hit,,,,
71,VIT_18s0041g00970,1847,0.8949,UDP-glycosyltransferase 88B1,,,,
72,VIT_08s0056g01100,1845,0.8948,MATE efflux family protein,MATE,,vv50125Porters_cat_66_to_94,
73,VIT_17s0000g07570,1849,0.8924,formin 8,FH8,,vv44810Regulation_of_actin_cytoskeleton,
74,VIT_01s0010g01070,1837,0.8870,No hit,,,,
75,VIT_15s0046g01580,1832,0.8859,Acidic chitinase III,E3_2_1_14,,vv10530Aminosugars_metabolism,
76,VIT_17s0000g05000,1828,0.8839,SEPALLATA1,SEPALLATA1_1,,vv30009Flower_development,vv60042MADS
77,VIT_01s0010g02320,1843,0.8839,Vinorine synthase,E2_3_1_160,,vv10902Monoterpenoid_biosynthesis,
78,VIT_04s0023g02820,1834,0.8826,MADS box transcription factor TM6 (TM6) APETALA3,TM6APETALA3_2,,vv30008Ethylene_signaling,vv30009Flower_development
79,VIT_08s0040g00820,1811,0.8774,CYP94A1,,,,
80,VIT_05s0094g00730,1814,0.8759,Stearoyl-acyl-carrier protein desaturase,E1_14_19_2,,vv11040Biosynthesis_of_unsaturated_fatty_acids,
81,VIT_09s0054g00880,1801,0.8709,Lipase GDSL,,,,
82,VIT_18s0001g08460,1794,0.8675,ATP binding,,,,
83,VIT_19s0027g01130,1799,0.8662,ASML2 (activator of SPOMIN::LUC2  constans-like),ASML2,,vv60070Orphans_CCT,
84,VIT_00s0179g00310,1787,0.8645,Ammonium transporter 2,AMT2,,vv50101Channels_and_pores,
85,VIT_10s0092g00300,1764,0.8555,Unknown,,,,
86,VIT_16s0050g00050,1762,0.8537,Myb domain protein 18,MYB18,MYB158,vv60044MYB,
87,VIT_16s0050g02500,1756,0.8537,Transcription factor MUTE,MUTE_1,,vv60011BHLH,
88,VIT_15s0048g01240,1763,0.8505,MADS-box protein AGL20,SOC1_3,,vv30009Flower_development,vv60042MADS
89,VIT_01s0011g03490,1747,0.8444,3-ketoacyl-CoA synthase,,,,
90,VIT_15s0107g00120,1741,0.8411,MADS-box protein SVP (short vegetative phase),SVP_3,,vv30009Flower_development,vv60042MADS
91,VIT_18s0041g00800,1735,0.8410,UDP-glucose: anthocyanidin 5 3-O-glucosyltransferase,RHGT1,,vv10942Anthocyanin_biosynthesis,
92,VIT_01s0182g00140,1722,0.8351,PHO1-like protein,PHO1,,vv50125Porters_cat_66_to_94,
93,VIT_15s0021g02290,1711,0.8306,Squamosa promoter-binding protein 2 (SPL2),SPL2_2,,vv60055SBP,
94,VIT_14s0171g00040,1717,0.8287,Cf-2 gene,K13466,,vv34626Plant-pathogen_interaction,
95,VIT_01s0011g00970,1720,0.8277,RPM1 (resistance to p. syringae pv maculicola 1),K13457,,vv34626Plant-pathogen_interaction,
96,VIT_18s0041g02150,1692,0.8246,Lipase GDSL,,,,
97,VIT_09s0002g01330,1692,0.8198,Auxin-binding protein ABP19,ABP19,,vv30003Auxin_signaling,
98,VIT_19s0085g00940,1693,0.8167,Myb domain protein 67,MYB67_1,MYB67B,vv60044MYB,
99,VIT_10s0003g02070,1669,0.8063,Agamous (AG) floral homeotic protein,AGAMOUS_1,,vv30009Flower_development,vv60042MADS
100,VIT_08s0007g00870,1668,0.8058,fringe-related protein,K05948,,,
101,VIT_18s0001g01760,1666,0.8056,PISTILLATA (PI) floral homeotic protein,PISTILLATA_1,,vv30009Flower_development,vv60042MADS
102,VIT_18s0076g00320,1667,0.8041,Nodulin,,,,
103,VIT_18s0001g07460,1660,0.8035,MADS-box protein SVP (short vegetative phase),SVP_2,,vv30009Flower_development,vv60042MADS
104,VIT_18s0089g00500,1652,0.7973,No hit,,,,
105,VIT_17s0053g00730,1642,0.7944,Calcium-dependent protein kinase / CDPK,,,,
106,VIT_07s0129g00340,1629,0.7839,Shoot gravitropism 7,SGR7_2,,vv60032GRAS,
107,VIT_18s0164g00050,1623,0.7833,No hit,,,,
108,VIT_18s0001g01390,1612,0.7833,GA 20-oxidase,E1_14_11_12,,vv10904Diterpenoid_biosynthesis,
109,VIT_15s0045g01600,1617,0.7827,Eceriferum 1 (CER1 protein) Sterol desaturase,,,,
110,VIT_11s0016g04260,1623,0.7818,Hydrolase  alpha/beta fold,,,,
111,VIT_08s0058g00110,1599,0.7743,Basic helix-loop-helix aprataxin,APRATAXIN_2,,vv60011BHLH,
112,VIT_05s0094g00550,1589,0.7732,Stearoyl-acyl-[acyl-carrier-protein] desaturase,E1_14_19_2,,vv11040Biosynthesis_of_unsaturated_fatty_acids,
113,VIT_00s0313g00060,1579,0.7617,No hit,,,,
114,VIT_19s0027g01880,1578,0.7587,Amino acid transport protein,AATRREL,,vv50123Porters_cat_18_to_29,
115,VIT_15s0024g01860,1568,0.7571,MADS-box protein AGL24,AGL24_1,,vv30009Flower_development,vv60042MADS
116,VIT_07s0104g00100,1555,0.7556,AL-activated malate transporter 1,ALMT1,,vv50125Porters_cat_66_to_94,
117,VIT_07s0130g00240,1563,0.7540,Zinc finger homeobox 21,ZFHB21_2,,vv60068Zf-HD,
118,VIT_09s0054g00850,1527,0.7445,Lipase GDSL,,,,
119,VIT_16s0022g02400,1535,0.7430,MADS-box agamous-like 42,AGL42_1,,vv60042MADS,
120,VIT_09s0054g00860,1533,0.7409,Lipase GDSL,,,,
121,VIT_12s0057g00340,1532,0.7405,Exopolygalacturonase,E3_2_1_15,,vv40006Cell_wall,
122,VIT_15s0046g02360,1535,0.7401,Unknown,,,,
123,VIT_15s0046g00480,1531,0.7393,Wax synthase,E2_3_1_75,,vv11000Single_reactions,
124,VIT_19s0014g02070,1528,0.7389,flavonol 3-O-glucosyltransferase,E2_4_1_91,,vv10941Flavonoid_biosynthesis,
125,VIT_01s0011g03880,1509,0.7293,Sterol-C5(6)-desaturase,E1_14_21_6,,vv10100Biosynthesis_of_steroids,
126,VIT_03s0063g01850,1506,0.7247,AOS (allene oxide synthase),E4_2_1_92,,vv10592alpha-Linolenic_acid_metabolism,
127,VIT_16s0039g02080,1506,0.7240,Ribosomal protein L5-1 60S,K02932,,vv23010Ribosome,
128,VIT_10s0116g00800,1498,0.7195,CYP77A3,,,,
129,VIT_03s0038g02990,1481,0.7186,No hit,,,,
130,VIT_18s0001g14290,1470,0.7139,Invertase-like protein,E3_2_1_26,,vv10052Galactose_metabolism,vv10500Starch_and_sucrose_metabolism
131,VIT_05s0049g01170,1472,0.7115,Unknown protein,,,,
132,VIT_04s0008g01140,1446,0.6999,Beta-fructosidase (BFRUCT1),E3_2_1_26,,vv10052Galactose_metabolism,vv10500Starch_and_sucrose_metabolism
133,VIT_00s2182g00010,1443,0.6995,Serine/threonine-protein phosphatase BSL3,BSL3,,vv30005Brassinosteroids_signaling,
134,VIT_15s0048g02460,1453,0.6979,Quercetin 3-O-methyltransferase 1,E2_1_1_76,,vv10941Flavonoid_biosynthesis,
135,VIT_15s0048g01250,1448,0.6958,MADS-box protein AGL20,SOC1_1,,vv30009Flower_development,vv60042MADS
136,VIT_15s0048g02900,1435,0.6946,CYP78A3p,,,,
137,VIT_15s0045g01460,1434,0.6911,Eceriferum 1 (CER1 protein) Sterol desaturase,,,,
138,VIT_07s0104g01230,1397,0.6791,Auxin response factor 2,ARF2_5,,vv30003Auxin_signaling,vv60004ARF
139,VIT_19s0093g00440,1381,0.6720,3-ketoacyl-CoA synthase,,,,
140,VIT_01s0011g03230,1381,0.6678,Basic/Leu zipper protein HBP-1b,AHBP1B_1,VvbZIP01,vv30011Jasmonate_signaling,vv60012BZIP
141,VIT_03s0017g00360,1373,0.6649,MADS-box protein SVP (short vegetative phase),SVP_5,,vv30009Flower_development,vv60042MADS
142,VIT_15s0045g01480,1379,0.6646,No hit,,,,
143,VIT_12s0028g00380,1375,0.6646,DTDP-glucose 4-6-dehydratase,E4_2_1_46,,vv10520Nucleotide_sugars_metabolism,
144,VIT_17s0000g05950,1379,0.6639,PRE1 (Paclobutrazol resistance1),PRE1,,vv60011BHLH,
145,VIT_06s0080g00120,1365,0.6636,Male sterility 2 (MS2) Acyl-CoA reductase,,,,
146,VIT_14s0083g00840,1373,0.6620,Lipase GDSL 7,,,,
147,VIT_04s0008g04870,1338,0.6486,flavin monooxygenase-like protein,E1_14_13_8,,vv11000Single_reactions,
148,VIT_18s0001g00550,1337,0.6422,Rho guanyl-nucleotide exchange factor ROPGEF1,ROPGEF1,,,
149,VIT_12s0057g00930,1327,0.6401,Hydroxycinnamoyl-CoA:shikimate hydroxycinnamoyltransferase,E2_3_1_133,,vv10940Phenylpropanoid_biosynthesis,
150,VIT_07s0005g04180,1325,0.6358,Glutathione S-transferase,E2_5_1_18,,vv10480Glutathione_metabolism,
151,VIT_13s0064g01700,1316,0.6330,Glycosyl hydrolase family 1 protein,K01238,,vv10530Aminosugars_metabolism,
152,VIT_08s0007g04300,1310,0.6310,Lipase GDSL,,,,
153,VIT_11s0016g04470,1312,0.6308,Ornithine decarboxylase,E4_1_1_17,,vv10220Urea_cycle_and_metabolism_of_amino_groups,
154,VIT_18s0041g00900,1293,0.6307,UDP-glycosyltransferase 88A4,,,,
155,VIT_13s0047g00370,1296,0.6267,Enoyl-CoA hydratase,E4_2_1_17,vv10650Butanoate_metabolism,vv10062Fatty_acid_elongation_in_mitochondria,vv10071Fatty_acid_metabolism
156,VIT_13s0158g00400,1290,0.6235,R protein MLA10,K13475,,vv34627R_proteins_from_Plant-pathogen_interaction,
157,VIT_16s0098g00840,1282,0.6208,Unknown protein,,,,
158,VIT_00s0194g00170,1269,0.6160,TPD1 (tapetum determinant 1),,,,
159,VIT_07s0005g02180,1261,0.6107,3-beta hydroxysteroid dehydrogenase,E1_1_1_145,,vv10140C21-Steroid_hormone_metabolism,
160,VIT_00s0218g00100,1260,0.6090,Metal transporter Nramp6,NRAMP6,,vv50124Porters_cat_30_to_64,
161,VIT_01s0010g03350,1258,0.6083,GTPase EngC,K06949,,,
162,VIT_18s0001g08920,1248,0.6076,No hit,,,,
163,VIT_03s0063g01990,1252,0.6048,Ternary complex factor MIP1,,,,
164,VIT_13s0064g01550,1246,0.6040,Beta-primeverosidase,E3_2_1_149,,vv11000Single_reactions,
165,VIT_05s0020g03250,1242,0.6015,Protein kinase,,,,
166,VIT_01s0011g00140,1239,0.6012,CRABS CLAW,CRABS_CLAW,,vv60019C2C2-YABBY,
167,VIT_15s0107g00380,1247,0.6010,Basic helix-loop-helix (bHLH) family,BHLHDOM_10,,vv60011BHLH,
168,VIT_10s0003g00850,1218,0.5933,Zinc finger (C3HC4-type ring finger),ZFC3HC4_237,,vv60078Other_zf-C3HC4,
169,VIT_17s0000g05220,1224,0.5919,TCP family transcription factor TCP5,TCP5,,vv60061TCP,
170,VIT_01s0146g00340,1226,0.5903,Leucine-rich repeat protein kinase,,,,
171,VIT_05s0094g00650,1222,0.5901,Stearoyl-acyl-carrier protein desaturase,E1_14_19_2,,vv11040Biosynthesis_of_unsaturated_fatty_acids,
172,VIT_18s0001g03870,1218,0.5881,No hit,,,,
173,VIT_18s0122g00220,1212,0.5866,Phosphodiesterase/alkaline phosphatase D,E3_1_4_1,,,
174,VIT_03s0017g00440,1219,0.5866,MADS-box agamous-like 24,AGL24_2,,vv30009Flower_development,vv60042MADS
175,VIT_15s0024g02000,1204,0.5811,MADS-box protein AGL24,AGL24_3,,vv30009Flower_development,vv60042MADS
176,VIT_13s0064g01560,1192,0.5781,Glycosyl hydrolase family 1 protein,,,,
177,VIT_14s0068g00820,1199,0.5764,Lipid transfer protein,LTP,,,
178,VIT_02s0012g02820,1191,0.5756,Geraniol 10-hydroxylase,G10H,,vv10902Monoterpenoid_biosynthesis,
179,VIT_11s0118g00550,1188,0.5753,CTV.13 Jp18,,,,
180,VIT_13s0067g03490,1194,0.5746,ARR9 typeA,ARR9_6,,vv30007Cytokinin_signaling,vv60072Orphans_Response_reg
181,VIT_06s0061g00260,1181,0.5736,ABC transporter G member 7,ABCG7,,vv52010ABC_transporters,
182,VIT_14s0219g00270,1180,0.5709,TEL1 (Terminal EAR1-like 1),TEL1,,vv44110Cell_cycle,
183,VIT_06s0061g00140,1183,0.5696,Unknown protein,,,,
184,VIT_15s0021g00060,1180,0.5692,Eceriferum 1 (CER1 protein) Sterol desaturase,,,,
185,VIT_09s0002g01370,1168,0.5664,AP2 AINTEGUMENTA,AINTEGUMENTA_1,VvAP2-10,vv30008Ethylene_signaling,vv60003AP2_EREBP
186,VIT_02s0025g05030,1164,0.5642,Unknown protein,,,,
187,VIT_17s0000g04040,1166,0.5638,No hit,,,,
188,VIT_08s0007g03100,1151,0.5571,Transposon protein  Mutator sub-class,,,,
189,VIT_13s0067g01370,1140,0.5534,Zinc transporter ZIP6,ZIP6,,vv50121Porters_cat_1_to_6,
190,VIT_14s0036g00440,1144,0.5524,Unknown protein,,,,
191,VIT_02s0012g01190,1126,0.5442,Zinc finger (C2H2 type) family,C2H2FAM_14,,vv60017C2H2,
192,VIT_07s0104g01350,1121,0.5405,Integral membrane family protein UPF0497,,,,
193,VIT_15s0046g00700,1121,0.5382,Wax synthase,E2_3_1_75,,vv11000Single_reactions,
194,VIT_08s0007g02050,1104,0.5380,Unknown protein,,,,
195,VIT_15s0046g00710,1106,0.5364,Wax synthase,E2_3_1_75,,vv11000Single_reactions,
196,VIT_14s0036g00540,1108,0.5340,Ribulose bisphosphate carboxylase  large chain,E4_1_1_39,,vv10710Carbon_fixation,
197,VIT_10s0042g00940,1105,0.5338,Hydroxyproline-rich glycoprotein family protein,HRGP_3,,vv40006Cell_wall,vv60062Trihelix
198,VIT_04s0044g01950,1087,0.5279,Diacylglycerol acyltransferase family,E2_3_1_20,,vv10561Glycerolipid_metabolism,vv50124Porters_cat_30_to_64
199,VIT_02s0025g01960,1094,0.5275,No hit,,,,
200,VIT_16s0050g00850,1092,0.5258,C2 domain-containing protein,,,,
201,VIT_03s0017g00390,1089,0.5248,MADS-box protein SVP (short vegetative phase),SVP_7,,vv30009Flower_development,vv60042MADS
202,VIT_05s0062g00500,1084,0.5224,No hit,,,,
203,VIT_18s0001g09020,1080,0.5202,Exo70 exocyst complex subunit G1,EXO70G1,,vv50111Tethering_factors,
204,VIT_16s0022g02380,1064,0.5135,MADS-box agamous-like 42,AGL42_2,,vv60042MADS,
205,VIT_05s0094g00580,1057,0.5119,Stearoyl-CoA 9-desaturase,E1_14_19_1,,vv11040Biosynthesis_of_unsaturated_fatty_acids,
206,VIT_18s0041g02140,1047,0.5107,MADS-box agamous-like 12,AGL12,,vv60042MADS,
207,VIT_10s0003g03610,1061,0.5099,Lupeol synthase 2,E5_4_99_8,,vv10100Biosynthesis_of_steroids,
208,VIT_12s0035g00930,1050,0.5080,Bromodomain containing,,,,
209,VIT_18s0001g14800,1048,0.5051,Lipase 3 (EXL3) family II extracellular,,,,
210,VIT_09s0054g01290,1030,0.5027,Beta-amyrin synthase,E5_4_99_BAS,,vv10900Terpenoid_biosynthesis,
211,VIT_05s0124g00300,1046,0.5012,Male sterility 2,,,,
212,VIT_01s0011g04070,1031,0.4990,IAA34,IAA34,,vv30003Auxin_signaling,vv60008AUXIAA
213,VIT_17s0000g07930,1025,0.4973,Nodulin MtN21 family,MTN21,,vv50122Porters_cat_7_to_17,
214,VIT_18s0041g01800,1016,0.4894,Taxadiene 5-alpha-hydroxylase,E1_14_99_37,,vv10904Diterpenoid_biosynthesis,
215,VIT_10s0003g03570,1011,0.4884,Cycloartenol Synthase,E5_4_99_8,,vv10100Biosynthesis_of_steroids,
216,VIT_18s0001g08350,1002,0.4871,Unknown,,,,
217,VIT_19s0090g01160,1007,0.4862,Lipase GDSL,,,,
218,VIT_11s0016g04750,1003,0.4855,Potassium channel AKT1,AKT1,,vv30001ABA_signaling,vv50101Channels_and_pores
219,VIT_07s0031g02380,995,0.4842,No hit,,,,
220,VIT_14s0006g02890,977,0.4729,ATSYTE/NTMC2T3.2/NTMC2TYPE3.2/SYTE,NTMC2T3_2,,vv50109Incompletely_characterized_transport_systems,
221,VIT_01s0011g01220,966,0.4696,Unusual floral organs (UFO),UFO,,vv30009Flower_development,
222,VIT_08s0007g05320,964,0.4680,Essential for mitotic growth 1,K14568,,vv23008Ribosome_biogenesis_in_Eukaryotes,
223,VIT_05s0124g00310,964,0.4650,Male sterility 2,,,,
224,VIT_14s0083g01060,962,0.4643,Myb domain protein 121,MYB121,MYB121,vv60044MYB,
225,VIT_05s0094g01020,963,0.4634,Indole-3-acetate beta-glucosyltransferase,E2_4_1_121,,vv11002Auxin_biosynthesis,
226,VIT_02s0025g00560,956,0.4623,Glycoside hydrolase  family 5,,,,
227,VIT_11s0016g01250,943,0.4589,Growth-regulating factor 6,GRF6,,vv60033GRF,
228,VIT_00s0226g00050,947,0.4566,R protein  PRF  disease resistance protein,K13453,,vv34627R_proteins_from_Plant-pathogen_interaction,
229,VIT_00s0391g00030,942,0.4549,Unknown,,,,
230,VIT_04s0008g00920,947,0.4527,Clavata1 receptor kinase (CLV1),,,,
231,VIT_07s0031g00770,931,0.4519,Unknown protein,,,,
232,VIT_18s0001g01160,934,0.4514,Alcohol dehydrogenase,E1_1_1_1,,vv10010Glycolysis,vv10071Fatty_acid_metabolism
233,VIT_07s0005g02490,911,0.4431,CYP709B2,,,,
234,VIT_10s0003g04340,907,0.4384,Glucan endo-1 3-beta-glucosidase,E3_2_1_39,,vv10500Starch_and_sucrose_metabolism,
235,VIT_17s0053g00720,908,0.4378,Calcium-dependent protein kinase / CDPK,,,,
236,VIT_03s0063g00250,899,0.4366,Hydrogenobyrinic acid a c-diamide synthase,E6_3_5_9,,vv50101Channels_and_pores,
237,VIT_06s0004g08320,897,0.4350,No hit,,,,
238,VIT_14s0060g00490,895,0.4322,No hit,,,,
239,VIT_04s0043g00900,888,0.4313,Tyrosine decarboxylase,E4_1_1_25,,vv10350Tyrosine_metabolism,vv10950Alkaloid_biosynthesis_I
240,VIT_16s0022g01190<br>VIT_00s1492g00010<br>VIT_16s0022g01000<br>VIT_16s0022g01140,890,0.4291,
241,VIT_11s0016g03910,885,0.4288,Unknown protein,,,,
242,VIT_09s0002g06310,885,0.4286,No hit,,,,
243,VIT_03s0017g01140,885,0.4249,Cis-zeatin O-beta-D-glucosyltransferase,E2_4_1_215,,vv10908Zeatin_biosynthesis,
244,VIT_19s0015g01930,878,0.4244,LAS (lateral suppressor),LAS,,vv60032GRAS,
245,VIT_08s0007g03450,868,0.4218,TFL1B protein [Vitis vinifera],TFL1,,vv30009Flower_development,
246,VIT_11s0052g00770,867,0.4186,Serine carboxypeptidase SCPL13,,,,
247,VIT_12s0059g01410,861,0.4163,No hit,,,,
248,VIT_18s0075g01060,860,0.4163,Poly(A) binding protein 8,,,,
249,VIT_09s0054g01280,850,0.4110,Beta-amyrin synthase,E5_4_99_BAS,,vv10900Terpenoid_biosynthesis,
250,VIT_10s0003g03600<br>VIT_10s0003g03520,847,0.4096,
251,VIT_03s0038g00930,842,0.4060,Auxin responsive SAUR protein,SAUR,,vv30003Auxin_signaling,
252,VIT_18s0001g14450,833,0.4038,Ferredoxin:nadp+ Oxidoreductase PETH,K02641,,vv10195Photosynthesis,vv50135Primary_active_transporter_cat_D3_to_E2
253,VIT_04s0008g02350,826,0.3990,No hit,,,,
254,VIT_07s0005g03750,826,0.3990,RIC7 (ROP-interactive crib motif-containing protein 7),,,,
255,VIT_17s0000g07270,821,0.3972,No hit,,,,
256,VIT_04s0008g01710,825,0.3966,MAP3K delta-1 protein kinase,,,,
257,VIT_16s0022g01070,816,0.3950,Chalcone synthase [Vitis vinifera],E2_3_1_74,,vv10941Flavonoid_biosynthesis,
258,VIT_18s0072g00470,813,0.3947,BZIP transcription factor,BZIPDOM_16,VvbZIP51,vv60012BZIP,
259,VIT_07s0104g01730,809,0.3904,HAK5 (High affinity K+ transporter 5),HAK5,,vv50125Porters_cat_66_to_94,
260,VIT_18s0001g11800,805,0.3902,BEL1-like homeodomain protein 4 (SAWTOOTH 2),BLH4,VvHB66,vv60034HB,
261,VIT_01s0137g00360,808,0.3892,Transducin family protein / WD-40 repeat,,,,
262,VIT_08s0058g01130,803,0.3889,WNK5 (Arabidopsis WNK kinase 5),,,,
263,VIT_12s0028g02990,794,0.3834,fasciclin arabinogalactan-protein (FLA13),FLA13,,vv40006Cell_wall,
264,VIT_13s0106g00580,790,0.3829,Potassium channel AKT1,AKT1,,vv50101Channels_and_pores,
265,VIT_05s0077g00870,789,0.3797,Lipase GDSL,,,,
266,VIT_15s0045g01440,772,0.3740,Eceriferum 1 (CER1 protein) Sterol desaturase,,,,
267,VIT_19s0014g02030,778,0.3737,flavonol 3-O-glucosyltransferase,E2_4_1_91,,vv10941Flavonoid_biosynthesis,
268,VIT_17s0000g04600,773,0.3727,Strictosidine synthase,E4_3_3_2,,vv10900Terpenoid_biosynthesis,vv10902Monoterpenoid_biosynthesis
269,VIT_14s0060g01200,764,0.3689,Unknown protein,,,,
270,VIT_11s0206g00050<br>VIT_11s0149g00410,751,0.3616,
271,VIT_18s0075g00270,742,0.3586,Unknown,,,,
272,VIT_07s0255g00070,741,0.3583,VRN1 (reduced vernalization response 1),VRN1_4,,vv30009Flower_development,vv60001ABI3VP1
273,VIT_01s0010g03900,739,0.3579,SEPALLATA3,SEPALLATA3_2,,vv30009Flower_development,vv60042MADS
274,VIT_14s0060g00500,732,0.3545,Unknown protein,,,,
275,VIT_13s0074g00730,732,0.3521,PID (PINOID),PINOID,,vv50004Auxin_transport,vv50125Porters_cat_66_to_94
276,VIT_07s0151g01000,722,0.3512,Photosystem I reaction center subunit II (PSAD),K02692,,vv10195Photosynthesis,vv50105Transport_electron_carriers
277,VIT_05s0094g00540,718,0.3484,Acyl-[acyl-carrier-protein] desaturase,E1_14_19_2,,vv11040Biosynthesis_of_unsaturated_fatty_acids,
278,VIT_08s0007g02160,715,0.3451,Transposon protein  CACTA  En/Spm sub-class,,,,
279,VIT_00s0872g00010,720,0.3438,Unknown,,,,
280,VIT_15s0046g01700,696,0.3361,Chitinase  class III,E3_2_1_14,,vv10530Aminosugars_metabolism,
281,VIT_12s0178g00010,693,0.3333,PHP domain-containing protein,,,,
282,VIT_05s0049g01830,684,0.3316,CCT motif constans-like,CCT_1,,vv60070Orphans_CCT,
283,VIT_13s0019g02080,656,0.3149,DNA-binding protein,,,,
284,VIT_07s0031g01570,642,0.3109,CYP78A11,,,,
285,VIT_00s0199g00200,637,0.3100,SWI1 (switch1),,,,
286,VIT_07s0151g01130,638,0.3073,Patatin,,,,
287,VIT_17s0000g06490,631,0.3066,MKK5,K13413_MKK5,,vv34626Plant-pathogen_interaction,
288,VIT_02s0025g02570,630,0.3042,CYP78A8,K00517,,vv10902Monoterpenoid_biosynthesis,vv10940Phenylpropanoid_biosynthesis
289,VIT_14s0066g02050,634,0.3041,Chaperone BCS1 mitochondrial,K08900,,,
290,VIT_05s0124g00320,628,0.3034,Male sterility 2,,,,
291,VIT_10s0092g00250,610,0.2964,Alpha-glucosidase 1 (AGLU1),E3_2_1_20,,vv10052Galactose_metabolism,vv10500Starch_and_sucrose_metabolism
292,VIT_05s0124g00600,608,0.2949,Ankyrin repeat protein family,K10380,,vv50108Accessory_factors_involved_in_transport,
293,VIT_02s0025g04630,606,0.2922,Homeodomain transcription factor (KNAT7),KNAT7,VvHB08,vv60034HB,
294,VIT_00s0229g00150,604,0.2915,Unknown protein,,,,
295,VIT_18s0001g03790,601,0.2910,Oxysterol binding protein,,,,
296,VIT_00s0641g00010,603,0.2907,Protein serine/threonine kinase,,,,
297,VIT_00s0361g00060<br>VIT_00s0392g00030,595,0.2886,
298,VIT_06s0009g01270,592,0.2878,No hit,,,,
299,VIT_18s0072g00620,590,0.2859,No hit,,,,
300,VIT_12s0028g01100,589,0.2856,Aldo/keto reductase,E1_1_1_21,,vv10040Pentose_glucuronate_interconversion,vv10051Fructose_and_mannose_metabolism
301,VIT_05s0077g00520,578,0.2782,Gibberellin 2-oxidase,E1_14_11_13,,vv10904Diterpenoid_biosynthesis,
302,VIT_15s0021g01110,571,0.2781,CYP714A1,,,,
303,VIT_03s0063g00050,574,0.2778,UDP-glucuronosyl/UDP-glucosyltransferase,E2_4_1_17,,vv10040Pentose_glucuronate_interconversion,vv10500Starch_and_sucrose_metabolism
304,VIT_02s0025g01730,569,0.2761,3-oxoacyl-[acyl-carrier-protein] synthase,E2_3_1_41,,vv10061Fatty_acid_biosynthesis,
305,VIT_18s0001g00210,570,0.2752,Cytokinin riboside 5'-monophosphate phosphoribohydrolase LOG5,LOG5,,vv10908Zeatin_biosynthesis,
306,VIT_07s0005g00080,562,0.2714,Desiccation protein PCC13-62,,,,
307,VIT_17s0000g06710,560,0.2699,Leucine-rich repeat transmembrane protein kinase,,,,
308,VIT_02s0025g05100,556,0.2696,AT-hook DNA-binding protein,,,,
309,VIT_07s0005g04770,550,0.2684,Anthranilate phosphoribosyltransferase,E2_4_2_18,,vv10400Phenylalanine_tyrosine_and_tryptophan_biosynthesis,
310,VIT_06s0009g03220,553,0.2679,Cyclin-dependent kinase B1;1,CDKB1_1,,vv44110Cell_cycle,
311,VIT_18s0001g07780,551,0.2655,ABA-responsive protein (HVA22a),HVA22A,,vv30001ABA_signaling,
312,VIT_01s0010g03510,544,0.2608,Caffeoyl-CoA O-methyltransferase,E2_1_1_104,,vv10940Phenylpropanoid_biosynthesis,
313,VIT_03s0038g04230,530,0.2562,Dihydroflavonol 4-reductase,E1_1_1_219,,vv10941Flavonoid_biosynthesis,
314,VIT_01s0146g00220,526,0.2553,Glutaredoxin-like,,,,
315,VIT_04s0008g03280,527,0.2542,No hit,,,,
316,VIT_19s0014g00180,525,0.2529,Ribokinase,E2_7_1_15,,vv10030Pentose_phosphate,
317,VIT_09s0054g00470,521,0.2518,Transposase_MuDR,,,,
318,VIT_00s0313g00070,515,0.2509,MADS-box protein SVP (short vegetative phase),SVP_1,,vv30009Flower_development,vv60042MADS
319,VIT_03s0038g02220,511,0.2454,Cofilin,K05765,,vv44810Regulation_of_actin_cytoskeleton,
320,VIT_04s0008g03680,503,0.2426,Unknown protein,,,,
321,VIT_01s0011g00190,498,0.2403,Brassinosteroid-6-oxidase [Vitis vinifera],K09590,,vv10905Brassinosteroid_biosynthesis,
322,VIT_16s0050g01860,492,0.2393,SLAH3 (SLAC1 Homologue 3),SLAH3,,vv50122Porters_cat_7_to_17,
323,VIT_08s0040g01220,493,0.2368,Auxin efflux carrier protein 10,AUXEFF10,,vv50004Auxin_transport,vv50125Porters_cat_66_to_94
324,VIT_18s0001g14790,490,0.2366,Lipase 3 (EXL3) family II extracellular,,,,
325,VIT_02s0025g04150,490,0.2366,Zinc finger (C3HC4-type ring finger),ZFC3HC4_153,,vv60078Other_zf-C3HC4,
326,VIT_01s0011g03100,487,0.2352,Zinc finger (C2H2 type) protein (WIP6),WIP6,,vv60017C2H2,
327,VIT_05s0029g01540,483,0.2348,Ankyrin repeat,K10380,,vv50108Accessory_factors_involved_in_transport,
328,VIT_12s0028g02480,484,0.2342,Lipase GDSL,,,,
329,VIT_14s0030g00850,481,0.2335,No hit,,,,
330,VIT_16s0022g00540,485,0.2333,Glycerol 3-phosphate permease,G3PP,,vv50121Porters_cat_1_to_6,
331,VIT_17s0053g00780,479,0.2311,Homeodomain GLABROUS11,HDG11_1,VvHB60,vv60034HB,
332,VIT_18s0089g00680,471,0.2274,Peru 2,,,,
333,VIT_10s0003g03540,469,0.2262,Lupeol synthase,E5_4_99_8,,vv10100Biosynthesis_of_steroids,
334,VIT_13s0074g00790,464,0.2252,CYP94C9,,,,
335,VIT_08s0007g00750,463,0.2249,SRG1 (senescence-related gene 1),,,,
336,VIT_07s0005g06250,458,0.2218,R protein MLA10,K13475,,vv34627R_proteins_from_Plant-pathogen_interaction,
337,VIT_05s0020g03260,453,0.2180,Copper amine oxidase,E1_4_3_6,,vv10220Urea_cycle_and_metabolism_of_amino_groups,vv10340Histidine_metabolism
338,VIT_08s0058g00960,449,0.2166,Basic helix-loop-helix (bHLH) family,BHLHDOM_28,,vv60011BHLH,
339,VIT_09s0096g00920,443,0.2148,Aminotransferase class I and II,E2_6_1_1,vv10710Carbon_fixation,vv10252Alanine_and_aspartate_metabolism,vv10272Cysteine_metabolism
340,VIT_02s0033g00090,438,0.2132,DNA replication licensing factor MCM2,,,,
341,VIT_11s0016g05590,440,0.2132,Axial regulator YABBY5,YABBY5,,vv60019C2C2-YABBY,
342,VIT_08s0056g00050,439,0.2131,Scarecrow transcription factor 23 (SCL23),SCL23_2,,vv60032GRAS,
343,VIT_19s0027g01160,443,0.2129,No hit,,,,
344,VIT_19s0027g01750,438,0.2123,RPS5 (resistant to p. syringae 5),K13460,,vv34627R_proteins_from_Plant-pathogen_interaction,
345,VIT_08s0040g03330,438,0.2115,RNA-binding protein,,,,
346,VIT_15s0048g01060,432,0.2100,UDP-galactose transporter 2 ATUTR2/UTR2,UTR2,,vv50122Porters_cat_7_to_17,
347,VIT_08s0056g00630,434,0.2094,Acid phosphatase,E3_1_3_2,,vv10740Riboflavin_metabolism,
348,VIT_15s0048g02690,431,0.2082,FAD-binding domain-containing protein,,,,
349,VIT_06s0004g04980,429,0.2068,Scarecrow transcription factor 14 (SCL14),SCL14_5,,vv60032GRAS,
350,VIT_01s0010g03720,426,0.2058,4-coumarate:CoA ligase,E6_2_1_12,,vv10940Phenylpropanoid_biosynthesis,vv50104Group_translocators
351,VIT_05s0077g00040<br>VIT_01s0026g01800,419,0.2044,
352,VIT_03s0017g00450,419,0.2028,MADS-box protein SVP (short vegetative phase),SVP_8,,vv30009Flower_development,vv60042MADS
353,VIT_07s0005g05210,417,0.2016,No hit,,,,
354,VIT_19s0014g02830,417,0.1992,Whitefly-induced gp91-phox,RBOHD,,vv34626Plant-pathogen_interaction,vv50105Transport_electron_carriers
355,VIT_02s0025g02350,414,0.1990,Transparent testa16,TT16_3,,vv60042MADS,
356,VIT_11s0016g04620,407,0.1968,PINHEAD (Protein ZWILLE),,,,
357,VIT_13s0067g03510,404,0.1967,ARR9 typeA,ARR9_2,,vv30007Cytokinin_signaling,vv60072Orphans_Response_reg
358,VIT_04s0008g02050,404,0.1953,Hydrolase  alpha/beta fold,,,,
359,VIT_11s0052g00060,402,0.1943,No hit,,,,
360,VIT_01s0010g03470,397,0.1916,Caffeoyl-CoA O-methyltransferase,E2_1_1_104,,vv10940Phenylpropanoid_biosynthesis,
361,VIT_14s0030g02080,390,0.1885,Ca2+-ATPase 12 ACA12  plasma membrane,K01537,,vv34020Calcium_signaling_pathway,vv50131Primary_active_transporter_cat_A2_to_A4
362,VIT_12s0028g01370,390,0.1880,PMR5 (powdery mildew resistant 5),,,,
363,VIT_15s0024g00190,387,0.1867,No hit,,,,
364,VIT_13s0067g03740,384,0.1864,Pinene synthase,E4_2_3_14,,vv10902Monoterpenoid_biosynthesis,
365,VIT_00s0477g00030,381,0.1850,MATE efflux family protein ripening responsive,MATE,,vv50125Porters_cat_66_to_94,
366,VIT_09s0054g01230,379,0.1827,Beta-amyrin synthase,E5_4_99_BAS,,vv10900Terpenoid_biosynthesis,
367,VIT_12s0059g01730,376,0.1821,Unknown protein,,,,
368,VIT_01s0010g01050,377,0.1813,TUBBY like protein 3 TLP3,TLP3_5,,vv60063TUB,
369,VIT_02s0025g00600,372,0.1805,Glycoside hydrolase  family 5,,,,
370,VIT_09s0002g08830,372,0.1800,Enhancer of shoot regeneration 1 ESR1,ESR1_2,,vv30008Ethylene_signaling,vv60003AP2_EREBP
371,VIT_04s0008g00150,367,0.1767,NAC domain containing protein 36,NAC036_1,VvNAC04,vv60046NAC,
372,VIT_13s0084g00380,363,0.1761,flavonol sulfotransferase,E2_8_2_27,,vv10941Flavonoid_biosynthesis,
373,VIT_18s0001g01260<br>VIT_18s0001g00430,365,0.1757,
374,VIT_16s0022g01020,360,0.1744,Chalcone synthase [Vitis vinifera],E2_3_1_74,,vv10941Flavonoid_biosynthesis,
375,VIT_16s0022g00950,358,0.1735,No hit,,,,
376,VIT_11s0016g05380,353,0.1708,Acidic leucine-rich nuclear phosphoprotein 32 member E,,,,
377,VIT_11s0016g01520<br>VITisv_015848<br>VIT_11s0016g01640,355,0.1708,
378,VIT_05s0077g00880,351,0.1695,Peroxidase,E1_11_1_7,,vv10360Phenylalanine_metabolism,vv10680Methane_metabolism
379,VIT_12s0028g02400,350,0.1694,Leaf senescence protein,,,,
380,VIT_12s0035g00940,344,0.1674,No hit,,,,
381,VIT_06s0004g03780,345,0.1674,Wuschel-related homeobox 3 pressed flower,WOX3,VvHB24,vv60034HB,
382,VIT_10s0003g03750,342,0.1662,9-cis-epoxycarotenoid dioxygenase 2,E1_13_11_51,,vv10906Carotenoid_biosynthesis,vv11013ABA_biosynthesis
383,VIT_18s0001g14890,343,0.1661,ABA-responsive element-binding protein 3 (AREB3),AREB3_3,VvbZIP49,vv30001ABA_signaling,vv60012BZIP
384,VIT_01s0010g02800,343,0.1661,Ankyrin,K10380,,vv50108Accessory_factors_involved_in_transport,
385,VIT_09s0002g07030,345,0.1655,TMM (too many mouths),TMM,,,
386,VIT_15s0021g00120,340,0.1643,RPP13 (recognition of peronospora parasitica 13),RPP13,,vv34626Plant-pathogen_interaction,
387,VIT_00s0415g00040,339,0.1642,Glycine-rich protein,,,,
388,VIT_00s0872g00020,336,0.1629,No hit,,,,
389,VIT_14s0066g01480,336,0.1628,Cis-zeatin O-beta-D-glucosyltransferase,E2_4_1_215,,vv10908Zeatin_biosynthesis,
390,VIT_17s0000g02310,333,0.1608,Zinc finger (Ran-binding),ZFRANBPDOM_9,,vv60080Other_zf,
391,VIT_12s0142g00040,332,0.1607,Glycerol-3-phosphate acyltransferase 1 (AtGPAT1),E2_3_1_15,,vv10561Glycerolipid_metabolism,vv10564Glycerophospholipid_metabolism
392,VIT_01s0011g03270,329,0.1596,CXE carboxylesterase,E3_1_1_1,,,
393,VIT_19s0014g04230,330,0.1591,Receptor kinase 2,,,,
394,VIT_07s0151g00260,327,0.1585,Quinone-oxidoreductase  Chloroplast,K03956,,vv10190Oxidative_phosphorylation,vv50134Primary_active_transporter_cat_D1
395,VIT_14s0006g03210,327,0.1579,Unknown,,,,
396,VIT_04s0008g00900,323,0.1569,MYB divaricata,DIVARICATA_10,,vv30009Flower_development,vv60044MYB
397,VIT_19s0027g01740,321,0.1554,RPS5 (resistant to p. syringae 5),K13460,,vv34627R_proteins_from_Plant-pathogen_interaction,
398,VIT_18s0122g00800,317,0.1540,No apical meristem cup-shaped cotyledon3,CUC3_1,VvNAC14,vv60046NAC,
399,VIT_14s0083g00420,317,0.1540,TRN2 (TORNADO 2),,,,
400,VIT_00s0340g00090,316,0.1537,Lateral organ boundaries Domain 6,LBD6_1,,vv60007AS2,
401,VIT_09s0054g00740,316,0.1528,SAUR_C,SAURC,,vv30003Auxin_signaling,
402,VIT_14s0219g00020,317,0.1528,Esterase,,,,
403,VIT_18s0001g13670,313,0.1511,Glyoxal oxidase-related,,,,
404,VIT_07s0104g01660,312,0.1507,HAK5 (High affinity K+ transporter 5),HAK5,,vv50125Porters_cat_66_to_94,
405,VIT_03s0063g00240,311,0.1504,Hydrogenobyrinic acid a c-diamide synthase,E6_3_5_9,,vv50101Channels_and_pores,
406,VIT_07s0031g01690,311,0.1503,No hit,,,,
407,VIT_07s0005g01930,302,0.1466,Pectinesterase family,E3_1_1_11,,vv40006Cell_wall,
408,VIT_18s0001g09620,300,0.1459,Transducin (beta)-like 1,K04508,,,
409,VIT_11s0016g00950,300,0.1442,No hit,,,,
410,VIT_08s0007g04070,291,0.1406,CYPLXXVIA2,,,,
411,VIT_10s0003g03650,289,0.1392,Beta-amyrin synthase,E5_4_99_BAS,,vv10900Terpenoid_biosynthesis,
412,VIT_18s0001g14510,285,0.1388,Ribosomal protein L28,K02902,,vv23010Ribosome,
413,VIT_07s0255g00020,286,0.1376,OBF binding protein 1,OBP1_3,,vv60015C2C2-DOF,
414,VIT_16s0050g00060,281,0.1370,Vesicle trafficking protein,K08517,,vv24130SNARE_interactions_in_vesicular_transport,vv44145Phagosome
415,VIT_15s0048g02060,284,0.1369,Hydrolase  alpha/beta fold,,,,
416,VIT_16s0115g00420,280,0.1352,No hit,,,,
417,VIT_04s0023g02710,278,0.1340,No hit,,,,
418,VIT_19s0014g00910,278,0.1339,No hit,,,,
419,VIT_04s0023g02260,275,0.1333,S-adenosyl-L-methionine:salicylic acid carboxyl methyltransferase,SAMTBSCMT,,vv10360Phenylalanine_metabolism,
420,VIT_13s0019g01510,274,0.1325,Unknown protein,,,,
421,VIT_13s0047g00380,272,0.1313,3-hydroxyisobutyryl-coenzyme A hydrolase,E3_1_2_4,,vv10280Valine_leucine_and_isoleucine_degradation,vv10410Beta-alanine_metabolism
422,VIT_02s0025g00200,272,0.1312,BEL1 (BELL 1),BEL1_2,VvHB06,vv60034HB,
423,VIT_14s0068g00380,271,0.1301,NLI interacting factor (NIF) family protein,,,,
424,VIT_08s0007g07680,261,0.1259,Aquaporin SIP1;1,SIP1_1,,vv50101Channels_and_pores,
425,VIT_01s0137g00070,260,0.1257,B-keto acyl reductase,,,,
426,VIT_17s0000g00370,259,0.1251,Serine carboxypeptidase II,,,,
427,VIT_12s0059g00440,254,0.1228,No hit,,,,
428,VIT_15s0046g00630,254,0.1224,Wax synthase,E2_3_1_75,,vv11000Single_reactions,
429,VIT_01s0150g00120,249,0.1215,Ethylene-responsive transcription factor ERF114,ERF114_2,VvERF112,vv30008Ethylene_signaling,vv60003AP2_EREBP
430,VIT_05s0062g01380,248,0.1209,Unknown,,,,
431,VIT_09s0002g05920,244,0.1187,R protein MLA10,K13475,,vv34627R_proteins_from_Plant-pathogen_interaction,
432,VIT_14s0081g00360,241,0.1170,Ankyrin repeat,K10380,,vv50108Accessory_factors_involved_in_transport,
433,VIT_03s0038g00390,242,0.1170,TEL1 (Terminal EAR1-like 1),TEL1,,vv44110Cell_cycle,
434,VIT_14s0068g01850,237,0.1149,No hit,,,,
435,VIT_07s0031g01280,239,0.1148,Zinc finger (C3HC4-type ring finger),ZFC3HC4_46,,vv60078Other_zf-C3HC4,
436,VIT_12s0059g02650,236,0.1143,Basic helix-loop-helix ILR3,ILR3_2,,vv11002Auxin_biosynthesis,vv60011BHLH
437,VIT_07s0141g00310,238,0.1141,Phosphoribulokinase/uridine kinase,E2_7_1_48,,vv10240Pyrimidine_metabolism,
438,VIT_01s0137g00050,234,0.1133,Myb family,MYBGE_2,,vv60029G2-like,
439,VIT_05s0049g00070,234,0.1130,PhSUP1 SUPERMAN,SUPERMAN_1,,vv30009Flower_development,vv60017C2H2
440,VIT_02s0012g02810,234,0.1123,CYP76C4,,,,
441,VIT_02s0025g03140,234,0.1123,Nodulin MtN21 family,MTN21,,vv50122Porters_cat_7_to_17,
442,VIT_07s0005g06440,233,0.1118,Drug/metabolite transporter DMT family transporter,DMT,,vv50122Porters_cat_7_to_17,
443,VIT_04s0023g02980,223,0.1073,Pectinesterase family,E3_1_1_11,,vv40006Cell_wall,
444,VIT_19s0014g00780,220,0.1057,RKF1 (receptor-like kinase in flowers 1),,,,
445,VIT_10s0003g04920,218,0.1050,No hit,,,,
446,VIT_08s0040g00400,216,0.1043,Aquaporin SIP2;1,SIP2_1,,vv50101Channels_and_pores,
447,VIT_04s0008g00270,214,0.1038,Elongation factor 1-alpha (EF-1-alpha),K03231,,vv23013RNA_transport,
448,VIT_09s0002g07860,212,0.1026,Glycerol kinase,E2_7_1_30,,vv10561Glycerolipid_metabolism,
449,VIT_13s0074g00500,213,0.1022,Cellulose synthase CSLA09,E2_4_1_12_CSLA09,,vv40006Cell_wall,
450,VIT_13s0064g01400,209,0.1009,Anthranilate phosphoribosyltransferase,E2_4_2_18,,vv10400Phenylalanine_tyrosine_and_tryptophan_biosynthesis,
451,VIT_04s0023g02570,208,0.1004,Peroxidase 72,E1_11_1_7,,vv10360Phenylalanine_metabolism,vv10680Methane_metabolism
452,VIT_06s0004g04090,206,0.0996,Ribosomal protein L23A (RPL23aA) 60S,K02893,,vv23010Ribosome,
453,VIT_13s0019g05090,195,0.0938,Stage III sporulation protein AA,K06390,,vv50109Incompletely_characterized_transport_systems,
454,VIT_00s0337g00030,193,0.0936,Nodulin family protein,,,,
455,VIT_17s0000g04310,190,0.0918,DEAD (Asp-Glu-Ala-Asp) box polypeptide 18,DDX18,,vv23040Spliceosome,vv50133Primary_active_transporter_cat_A9_to_A18
456,VIT_13s0067g03450,187,0.0902,ARR9 typeA,ARR9_5,,vv30007Cytokinin_signaling,vv60072Orphans_Response_reg
457,VIT_19s0014g01070,178,0.0864,Germacrene D synthase,E4_2_3_22,,vv10900Terpenoid_biosynthesis,
458,VIT_00s0183g00130,178,0.0857,No hit,,,,
459,VIT_13s0320g00020,171,0.0827,Unknown,,,,
460,VIT_14s0083g00820,170,0.0824,Lipase GDSL 7,,,,
461,VIT_01s0026g01820,169,0.0818,Squamosa promoter-binding protein 12 (SPL12),SPL12_2,,vv60055SBP,
462,VIT_05s0062g00840,167,0.0808,RAB GTPase ARA4,K07976,,,
463,VIT_09s0002g03230,166,0.0798,Acid phosphatase,E3_1_3_2,,vv10740Riboflavin_metabolism,
464,VIT_17s0053g00080,162,0.0784,Metal-nicotianamine transporter YSL1,YSL1,,vv50125Porters_cat_66_to_94,
465,VIT_05s0020g03320,161,0.0780,Copper amine oxidase,E1_4_3_4,,vv10220Urea_cycle_and_metabolism_of_amino_groups,vv10340Histidine_metabolism
466,VIT_03s0063g01860,159,0.0771,AOS (allene oxide synthase),E4_2_1_92,,vv10592alpha-Linolenic_acid_metabolism,
467,VIT_17s0000g09050,159,0.0770,No hit,,,,
468,VIT_12s0055g00510,158,0.0764,NAC domain containing protein 104,NAC104_2,VvNAC58,vv60046NAC,
469,VIT_15s0021g00010,159,0.0763,Eceriferum 1 (CER1 protein) Sterol desaturase,,,,
470,VIT_11s0052g01610,155,0.0754,flavonol 4'-sulfotransferase,E2_8_2_27,,vv10941Flavonoid_biosynthesis,
471,VIT_18s0001g03260,153,0.0741,R protein L6,K13477,,vv34627R_proteins_from_Plant-pathogen_interaction,
472,VIT_18s0001g08600,152,0.0737,Basic helix-loop-helix (bHLH) family,BHLHDOM_31,,vv60011BHLH,
473,VIT_13s0019g02650,151,0.0735,U4/U6 small nuclear ribonucleoprotein SNU13,K12845,,vv23008Ribosome_biogenesis_in_Eukaryotes,vv23040Spliceosome
474,VIT_09s0054g01360,146,0.0709,Cycloartenol synthase,E5_4_99_8,,vv10100Biosynthesis_of_steroids,
475,VIT_17s0000g04580,147,0.0709,Strictosidine synthase,E4_3_3_2,,vv10900Terpenoid_biosynthesis,vv10902Monoterpenoid_biosynthesis
476,VIT_03s0063g00500,146,0.0708,Prpk (p53-related protein kinase),,,,
477,VIT_00s0199g00230,141,0.0683,Unknown,,,,
478,VIT_09s0002g06750,141,0.0682,ERF/AP2 transcription factor sub B-6 SHINE,SHINE1_1,VvERF042,vv30008Ethylene_signaling,vv60003AP2_EREBP
479,VIT_07s0005g00630,141,0.0680,NAD+ ADP-ribosyltransferase,K10798,,vv10760Nicotinate_and_nicotinamide_metabolism,vv23410Base_excision_repair
480,VIT_19s0014g00050,138,0.0672,Argininosuccinate synthase,E6_3_4_5,,vv10220Urea_cycle_and_metabolism_of_amino_groups,vv10252Alanine_and_aspartate_metabolism
481,VIT_18s0157g00130,138,0.0666,Allinase,E4_4_1_4,,vv10272Cysteine_metabolism,
482,VIT_07s0005g01920,136,0.0660,Gibberellin 2-beta-dioxygenase 2,E1_14_11_13,,vv10904Diterpenoid_biosynthesis,
483,VIT_10s0003g02500,137,0.0659,Malate dehydrogenase  cytoplasmic 1,E1_1_1_37,,vv10020Citrate_cycle,vv10620Pyruvate_metabolism
484,VIT_14s0066g00850,136,0.0659,Nitrate transporter2.5,NRT2_5,,vv50121Porters_cat_1_to_6,
485,VIT_03s0017g01070,136,0.0658,CYP86C2,,,,
486,VIT_17s0000g09820,130,0.0630,DNA polymerase III gamma and tau subunit,K02343,,vv23030DNA_replication,
487,VIT_05s0049g01900,130,0.0630,Pentatricopeptide (PPR) repeat-containing,,,,
488,VIT_16s0100g00620,130,0.0629,Calmodulin-binding region IQD24,,,,
489,VIT_12s0059g00540,126,0.0611,EDM2,PHDEDM2_2,,vv60048PHD,
490,VIT_00s0153g00030,124,0.0599,No hit,,,,
491,VIT_13s0019g02450,123,0.0597,BEL1-like homeodomain protein 9 LSN (LARSON),LARSON_1,VvHB45,vv60034HB,
492,VIT_07s0104g00240,123,0.0594,Unknown protein,,,,
493,VIT_09s0054g01430,122,0.0585,No hit,,,,
494,VIT_14s0030g00240,120,0.0584,Sugar transporter ERD6-like 5,ERD6L5,,vv50121Porters_cat_1_to_6,
495,VIT_01s0011g06650,119,0.0575,Beta-Ig-H3/fasciclin,,,,
496,VIT_15s0046g00650,118,0.0570,Wax synthase,E2_3_1_75,,vv11000Single_reactions,
497,VIT_03s0063g01460,114,0.0551,Cytochrome b6f complex subunit (petM),K02643,,vv10195Photosynthesis,vv50105Transport_electron_carriers
498,VIT_16s0022g00230,114,0.0549,Structural maintenance of chromosomes SMC2,K06674,,vv44110Cell_cycle,
499,VIT_06s0004g01740,113,0.0548,Basic helix-loop-helix (bHLH) family,BHLHDOM_27,,vv60011BHLH,
500,VIT_02s0025g04240,114,0.0545,No hit,,,,
501,VIT_12s0028g02280,111,0.0539,Calcium-dependent protein kinase 13 CPK13,CPK13,,vv34626Plant-pathogen_interaction,
502,VIT_10s0092g00310,111,0.0539,Unknown,,,,
503,VIT_13s0084g00020,109,0.0528,No hit,,,,
504,VIT_01s0011g01410,109,0.0527,PLATZ transcription factor,PLATZFAM_1,,vv60049PLATZ,
505,VIT_06s0061g00130,109,0.0525,Beta-1 3-glucanase [Vitis riparia],E3_2_1_6,,,
506,VIT_07s0151g00200,108,0.0522,Quinone-oxidoreductase  Chloroplast,K03956,,vv10190Oxidative_phosphorylation,vv50134Primary_active_transporter_cat_D1
507,VIT_17s0000g08160,106,0.0509,Polygalacturonase BURP,E3_2_1_15,,vv40006Cell_wall,
508,VIT_11s0052g01140,105,0.0506,Membrane protein,,,,
509,VIT_11s0052g00110,101,0.0488,Unknown,,,,
510,VIT_07s0104g01710,100,0.0487,HAK5 (High affinity K+ transporter 5),HAK5,,vv50125Porters_cat_66_to_94,
511,VIT_18s0075g00040,100,0.0483,FAD-binding domain-containing protein,,,,
512,VIT_09s0054g01390,100,0.0481,Beta-amyrin synthase,E5_4_99_BAS,,vv10900Terpenoid_biosynthesis,
513,VIT_15s0048g00580,97,0.0469,PLATZ transcription factor,PLATZFAM_9,,vv60049PLATZ,
514,VIT_07s0151g00090,97,0.0465,Quinone-oxidoreductase QR1,K03956,,vv10190Oxidative_phosphorylation,vv50134Primary_active_transporter_cat_D1
515,VIT_06s0080g00730,95,0.0460,Germin-like protein 1,,,,
516,VIT_12s0028g01660,94,0.0456,No hit,,,,
517,VIT_09s0054g01420,94,0.0454,Beta-amyrin synthase,E5_4_99_BAS,,vv10900Terpenoid_biosynthesis,
518,VIT_08s0058g00290,93,0.0448,Receptor lectin protein kinase,,,,
519,VIT_19s0093g00410,91,0.0441,No hit,,,,
520,VIT_14s0066g02320,91,0.0439,ABC transporter B member 11,K05664,,vv52010ABC_transporters,
521,VIT_18s0001g13930,89,0.0428,Auxin response factor 5 (Transcription factor MONOPTEROS),ARF5,,vv30003Auxin_signaling,vv60004ARF
522,VIT_07s0104g01640,88,0.0425,Nuclear transcription factor Y subunit B-5,NFYB5_2,,vv60021CCAAT,
523,VIT_01s0127g00650,87,0.0422,Aborted microspores AMS,AMS_2,,vv60011BHLH,
524,VIT_16s0100g00550,86,0.0412,S-N-methylcoclaurine 3'-hydroxylase,E1_14_13_71,,vv10950Alkaloid_biosynthesis_I,
525,VIT_04s0008g06980,83,0.0401,Unknown protein,,,,
526,VIT_09s0070g00390,83,0.0398,TMM (too many mouths),TMM,,,
527,VIT_06s0009g03260,81,0.0394,Unknown protein,,,,
528,VIT_13s0084g00180,79,0.0381,DNA-directed RNA polymerase III subunit C2,K03021,,vv23020RNA_polymerase,
529,VIT_18s0001g04830,77,0.0374,(-)-germacrene D synthase,E4_2_3_22,,vv10900Terpenoid_biosynthesis,
530,VIT_13s0047g00030,75,0.0364,ZIFL1 (Zinc induced facilitator 1),ZIFL1,,vv50121Porters_cat_1_to_6,
531,VIT_16s0022g02030,75,0.0363,ERL1 (ERECTA 1),,,,
532,VIT_17s0000g06410,75,0.0362,MYB transcription factor MIXTA-like 2,MIXTAL2,MYB142,vv30009Flower_development,vv60044MYB
533,VIT_00s0229g00120,74,0.0357,Ternary complex factor MIP1,,,,
534,VIT_19s0027g00790,73,0.0353,Transglycosylase SLT domain containing protein,E3_2_1_x,,,
535,VIT_09s0002g03220,72,0.0351,Acid phosphatase,E3_1_3_2,,vv10740Riboflavin_metabolism,
536,VIT_18s0122g00170,72,0.0349,Diphenol oxidase,E1_10_3_1,,vv10350Tyrosine_metabolism,vv50109Incompletely_characterized_transport_systems
537,VIT_13s0019g02630,71,0.0344,Photosystem II PsbA,K02703,,vv10195Photosynthesis,vv50135Primary_active_transporter_cat_D3_to_E2
538,VIT_12s0034g02220,71,0.0343,RKF3 (receptor-like kinase IN in flowers 3),,,,
539,VIT_18s0001g02410,70,0.0339,Laccase,E1_10_3_2,,vv11000Single_reactions,vv50109Incompletely_characterized_transport_systems
540,VIT_07s0005g06200,67,0.0325,RPM1 (resistance to p. syringae pv maculicola 1),K13457,,vv34626Plant-pathogen_interaction,
541,VIT_06s0004g00520,66,0.0320,No hit,,,,
542,VIT_03s0097g00350,65,0.0314,Myosin-like protein XIK,MYOSINXIK,,vv44810Regulation_of_actin_cytoskeleton,
543,VIT_11s0065g00720,65,0.0314,Serine carboxypeptidase S10,,,,
544,VIT_02s0025g03770,64,0.0308,Nuclear transcription factor Y subunit C-3,NFYC3,,vv60021CCAAT,
545,VIT_19s0090g01810,62,0.0299,Unknown,,,,
546,VIT_09s0002g02060,62,0.0299,Unknown protein,,,,
547,VIT_07s0151g00170<br>VIT_07s0151g00220,60,0.0289,
548,VIT_13s0064g01860,60,0.0289,No hit,,,,
549,VIT_12s0057g01460,59,0.0287,Steroid 22-alpha-hydroxylase,K09587,,vv10905Brassinosteroid_biosynthesis,
550,VIT_07s0095g00680,57,0.0275,Serine/threonine kinase BRLK,,,,
551,VIT_16s0050g00590,56,0.0270,Cleavage and polyadenylation specificity factor subunit 2,K14402,,vv23015mRNA_surveillance_pathway,
552,VIT_18s0001g10380,55,0.0264,Heat shock transcription factor B4,HSFB4_1,,vv60037HSF,
553,VIT_01s0026g01850,54,0.0262,Pyrrolo-quinoline quinone,K05889,,vv50101Channels_and_pores,
554,VIT_05s0029g00850,54,0.0261,TIR-NBS-TIR type disease resistance protein,,,,
555,VIT_16s0100g00230,54,0.0260,Glucose-methanol-choline (GMC) oxidoreductase family protein,E1_1_99_1,,vv10260Glycine_serine_and_threonine_metabolism,
556,VIT_14s0066g01660,53,0.0259,DegP protease,E3_4_21_107,,,
557,VIT_00s0204g00110,53,0.0257,TRNA/rRNA methyltransferase (SpoU),K02533,,,
558,VIT_00s1739g00010,53,0.0256,Unknown,,,,
559,VIT_19s0140g00200,52,0.0252,Ubiquitin-specific protease 15 (UBP15),,,,
560,VIT_16s0050g01340,51,0.0247,Retrovirus Pol polyprotein from transposon TNT 1-94,,,,
561,VIT_18s0001g13460,49,0.0236,MADS-box AP3 [Vitis labrusca x Vitis vinifera],APETALA3_1,,vv30009Flower_development,vv60042MADS
562,VIT_08s0040g02920,48,0.0233,Pentatricopeptide (PPR) repeat-containing protein,,,,
563,VIT_14s0006g02820,48,0.0232,Mannose-6-phosphate isomerase,E5_3_1_8,,vv10051Fructose_and_mannose_metabolism,
564,VIT_11s0016g01710,48,0.0232,Myosin-like protein XIK,MYOSINXIK,,vv44810Regulation_of_actin_cytoskeleton,
565,VIT_06s0004g07890,48,0.0231,Unknown protein,,,,
566,VIT_15s0024g01260,47,0.0229,DJ-1 protein / protease,,,,
567,VIT_02s0025g04990,47,0.0226,Unknown protein,,,,
568,VIT_06s0061g00250,45,0.0216,ABC transporter G member 7,ABCG7,,vv52010ABC_transporters,
569,VIT_12s0055g00930,44,0.0212,Heavy-metal-associated domain-containing protein,,,,
570,VIT_17s0000g05530,42,0.0202,DnaJ homolog  subfamily B  member 4,K09510,,vv50132Primary_active_transporter_cat_A5_to_A8,
571,VIT_18s0001g12960,41,0.0198,Wound-responsive protein,,,,
572,VIT_08s0007g00920,41,0.0198,Tropinone reductase,E1_1_1_206,,vv10220Urea_cycle_and_metabolism_of_amino_groups,
573,VIT_13s0067g00830,41,0.0197,R protein  PRF  disease resistance protein,K13453,,vv34627R_proteins_from_Plant-pathogen_interaction,
574,VIT_13s0067g03830<br>VIT_13s0019g00060,41,0.0197,
575,VIT_07s0031g00040,41,0.0197,Unknown protein,,,,
576,VIT_13s0158g00070,40,0.0193,Serine carboxypeptidase,,,,
577,VIT_06s0009g02740,39,0.0189,Pentatricopeptide (PPR) repeat-containing protein,,,,
578,VIT_12s0134g00580,39,0.0188,Hydroxycinnamoyl-CoA quinate hydroxycinnamoyltransferase,E2_3_1_99,,vv10940Phenylpropanoid_biosynthesis,
579,VIT_04s0079g00240,38,0.0185,Leucine Rich Repeat receptor-like kinase,,,,
580,VIT_03s0017g01210,38,0.0185,Phosphate-induced protein 1,,,,
581,VIT_07s0104g01740,38,0.0185,Protein kinase WEE1,K06632,,vv44110Cell_cycle,
582,VIT_18s0001g02290,37,0.0179,Diphenol oxidase,E1_10_3_1,,vv10350Tyrosine_metabolism,vv50109Incompletely_characterized_transport_systems
583,VIT_19s0015g01500,36,0.0174,Heavy-metal-associated domain-containing protein,,,,
584,VIT_18s0001g11090,35,0.0169,Uroporphyrinogen-III synthase,E4_2_1_75,,vv10860Porphyrin_and_chlorophyll_metabolism,
585,VIT_18s0001g14810,34,0.0164,Lipase 3 (EXL3) family II extracellular,,,,
586,VIT_18s0001g13260,34,0.0163,ATP-dependent protease La (LON) domain-containing protein,E3_4_21_53,,,
587,VIT_19s0027g01690,33,0.0161,Disease resistance protein RPS2,,,,
588,VIT_16s0013g00500,33,0.0160,Unknown protein,,,,
589,VIT_02s0012g00650,33,0.0159,PBP1 (pinoid-binding protein 1),PBP1,,vv50004Auxin_transport,
590,VIT_11s0016g03340,33,0.0159,EMB2758 (embryo defective 2758),,,,
591,VIT_15s0045g01490,33,0.0159,Isoflavone methyltransferase/Orcinol O-methyltransferase 2 oomt2,E2_1_1_46,,vv10943Isoflavonoid_biosynthesis,
592,VIT_16s0098g00380,32,0.0155,Wax synthase,E2_3_1_75,,vv11000Single_reactions,
593,VIT_19s0085g00210,32,0.0154,Pentatricopeptide (PPR) repeat-containing protein,,,,
594,VIT_18s0001g11810,32,0.0154,BEL1 homeobox 2 protein (BLH2) (SAWTOOTH 1),BLH2_2,,vv60034HB,
595,VIT_18s0001g04690,31,0.0150,Sesquiterpene cyclase,E4_2_3_9,,vv10900Terpenoid_biosynthesis,
596,VIT_03s0038g03230,31,0.0150,1-acyl-sn-glycerol-3-phosphate acyltransferase zeta precursor,E2_3_1_51,,vv10561Glycerolipid_metabolism,vv10564Glycerophospholipid_metabolism
597,VIT_07s0005g01760,31,0.0150,Glycerol-3-phosphate acyltransferase 3 (AtGPAT3),E2_3_1_15,,vv10561Glycerolipid_metabolism,vv10564Glycerophospholipid_metabolism
598,VIT_00s0324g00070,31,0.0149,Cis-zeatin O-beta-D-glucosyltransferase,E2_4_1_215,,vv10908Zeatin_biosynthesis,
599,VIT_10s0003g03550,30,0.0145,Lupeol synthase,E5_4_99_8,,vv10100Biosynthesis_of_steroids,
600,VIT_13s0106g00420,30,0.0144,Metalloendopeptidase,,,,
601,VIT_00s0233g00190,29,0.0141,Unknown protein,,,,
602,VIT_18s0001g05910,29,0.0141,Cis-zeatin O-beta-D-glucosyltransferase,E2_4_1_215,,vv10908Zeatin_biosynthesis,
603,VIT_03s0063g01950,28,0.0135,Unknown,,,,
604,VIT_18s0001g13110,28,0.0135,Peroxidase,E1_11_1_7,,vv10360Phenylalanine_metabolism,vv10680Methane_metabolism
605,VIT_14s0108g00290,28,0.0135,formin 8,FH8,,vv44810Regulation_of_actin_cytoskeleton,
606,VIT_10s0092g00260,27,0.0132,Alpha-glucosidase 1 (AGLU1),E3_2_1_20,,vv10052Galactose_metabolism,vv10500Starch_and_sucrose_metabolism
607,VIT_06s0080g01160,27,0.0131,Aspartyl protease,E3_4_23_x,,,
608,VIT_07s0095g00670,27,0.0131,Curculin (mannose-binding) lectin,,,,
609,VIT_08s0032g00300,26,0.0125,Annexin A3,ANN3,,vv50101Channels_and_pores,
610,VIT_07s0151g00330,25,0.0122,No hit,,,,
611,VIT_05s0094g00560,25,0.0121,Stearoyl-ACP desaturase,E1_14_19_2,,vv11040Biosynthesis_of_unsaturated_fatty_acids,
612,VIT_05s0020g01700,25,0.0121,No hit,,,,
613,VIT_17s0000g02520,24,0.0117,Membrane protein,,,,
614,VIT_12s0057g00210,24,0.0117,No hit,,,,
615,VIT_02s0025g02690,23,0.0111,Calmodulin-binding protein,,,,
616,VIT_18s0001g06690,23,0.0111,Gibberellin 20 oxidase 2,E1_14_11_12,,vv10904Diterpenoid_biosynthesis,
617,VIT_01s0010g00640,23,0.0110,No hit,,,,
618,VIT_00s0179g00380,22,0.0106,Beta-ketoacyl-CoA synthase,E2_3_1_41,,vv10061Fatty_acid_biosynthesis,
619,VIT_06s0004g03850,21,0.0101,Chitinase 1,E3_2_1_14,,vv10530Aminosugars_metabolism,
620,VIT_08s0040g01780,21,0.0101,Lysine decarboxylase,E4_1_1_18,,vv10300Lysine_biosynthesis,
621,VIT_01s0150g00460,21,0.0101,Xyloglucan endotransglucosylase/hydrolase precursor,E2_4_1_207,,vv40006Cell_wall,
622,VIT_03s0063g00150,20,0.0097,Unknown protein,,,,
623,VIT_13s0064g01530,20,0.0097,Beta-glucosidase,E3_2_1_21,,vv10460Cyanoamino_acid_metabolism,vv10500Starch_and_sucrose_metabolism
624,VIT_09s0002g00710,20,0.0096,ACP2 (Acyl carrier protein 2),K02078,,vv50134Primary_active_transporter_cat_D1,
625,VIT_06s0004g00210,19,0.0092,Subtilisin protease,,,,
626,VIT_04s0008g00330,19,0.0092,Clavata1 receptor kinase (CLV1),,,,
627,VIT_15s0021g00840,19,0.0091,Disease resistance family protein,,,,
628,VIT_18s0001g02350,18,0.0087,Laccase,E1_10_3_2,,vv11000Single_reactions,vv50109Incompletely_characterized_transport_systems
629,VIT_13s0019g02240,18,0.0087,Ribosomal protein S7 (RPS7B) 40S,K02992,,vv23010Ribosome,
630,VIT_03s0091g00650,18,0.0087,No hit,,,,
631,VIT_09s0002g02660,18,0.0087,Unknown protein,,,,
632,VIT_05s0049g00990,18,0.0087,Metallothionein 2A,,,,
633,VIT_04s0023g01540,18,0.0087,Acidic leucine-rich nuclear phosphoprotein 32 member B,,,,
634,VIT_06s0080g00700,18,0.0086,Germin-like protein,,,,
635,VIT_15s0048g01740,18,0.0086,Growth-regulating factor 9,GRF9,,vv60033GRF,
636,VIT_11s0052g01050,17,0.0082,No hit,,,,
637,VIT_15s0046g02450,17,0.0082,SKP1-like 21 ASK21,K03094,,vv24120Ubiquitin_mediated_proteolysis,vv24141Protein_processing_in_endoplasmic_reticulum
638,VIT_08s0007g02080,17,0.0082,No hit,,,,
639,VIT_05s0020g00760,16,0.0078,Pyruvate dehydrogenase kinase  Mitochondrial,E2_7_11_2,,vv10010Glycolysis,vv10252Alanine_and_aspartate_metabolism
640,VIT_10s0003g03620,16,0.0077,Lupeol synthase 2,E5_4_99_8,,vv10100Biosynthesis_of_steroids,
641,VIT_07s0005g05420,16,0.0077,Leucine Rich Repeat receptor-like kinase,,,,
642,VIT_09s0002g04560,16,0.0077,Calmodulin-binding protein,,,,
643,VIT_10s0003g05470,16,0.0077,FAD-binding domain-containing protein,,,,
644,VIT_10s0003g03530,15,0.0073,Lupeol synthase,E5_4_99_8,,vv10100Biosynthesis_of_steroids,
645,VIT_10s0003g00860,15,0.0073,Calmodulin-binding region IQD9,,,,
646,VIT_01s0011g04810,15,0.0072,Unknown protein,,,,
647,VIT_04s0043g00920,15,0.0072,Unknown,,,,
648,VIT_00s0253g00040,14,0.0068,Monocopper oxidase SKS17 (SKU5 Similar 17),SKS17,,vv50109Incompletely_characterized_transport_systems,
649,VIT_04s0008g07130,14,0.0067,Chloroplast nucleoid DNA binding protein,,,,
650,VIT_01s0011g00110,14,0.0067,SEPALLATA1,SEPALLATA1_3,,vv30009Flower_development,vv60042MADS
651,VIT_12s0059g00650,13,0.0063,No hit,,,,
652,VIT_09s0018g00480,13,0.0063,RPS5 (resistant to p. syringae 5),K13460,,vv34627R_proteins_from_Plant-pathogen_interaction,
653,VIT_00s0192g00020,13,0.0063,ATP-dependent RNA helicase,,,,
654,VIT_02s0025g03130<br>VIT_02s0025g03120,13,0.0063,
655,VIT_03s0038g03810,13,0.0063,Serine/threonine Protein kinase BNK1,,,,
656,VIT_07s0104g01790,13,0.0063,Autophagy 18 ATG18d,ATG18,,vv44140Regulation_of_autophagy,
657,VIT_14s0066g02310,12,0.0058,ABC transporter B member 11,K05664,,vv52010ABC_transporters,
658,VIT_08s0040g01930,12,0.0058,Unknown protein,,,,
659,VIT_15s0021g01060,12,0.0058,CYP72A1,K13400,,vv10902Monoterpenoid_biosynthesis,
660,VIT_07s0005g03620,12,0.0058,Serine/threonine kinase 19 isoform 1 STK19,,,,
661,VIT_10s0042g01030,12,0.0058,Carrier protein  Mitochondrial,K03454,,vv50123Porters_cat_18_to_29,
662,VIT_13s0064g00850,12,0.0058,Ribosomal protein L30 (RPL30B) 60S,K02908,,vv23010Ribosome,
663,VIT_09s0002g04040,12,0.0058,Transducin protein,,,,
664,VIT_04s0008g04050,12,0.0058,RD22,,,,
665,VIT_01s0026g01840,12,0.0058,Quinonprotein alcohol dehydrogenase,,,,
666,VIT_10s0042g01090,12,0.0058,Iron regulated transporter,IRT1,,vv50121Porters_cat_1_to_6,
667,VIT_05s0020g04050,12,0.0058,Allergen,,,,
668,VIT_07s0005g06410,11,0.0053,High-affinity K+ transporter 1 (HKT1),HKT1,,vv50124Porters_cat_30_to_64,
669,VIT_01s0026g00720,10,0.0049,Unknown protein,,,,
670,VIT_12s0034g02180,10,0.0049,Aminomethyltransferase,E2_1_2_10,,vv10260Glycine_serine_and_threonine_metabolism,vv10670One_carbon_pool_by_folate
671,VIT_08s0040g02870,10,0.0049,Fe-S-cluster oxidoreductase,,,,
672,VIT_18s0001g02390,10,0.0049,Diphenol oxidase,E1_10_3_1,,vv10350Tyrosine_metabolism,vv50109Incompletely_characterized_transport_systems
673,VIT_11s0118g00690,10,0.0048,No hit,,,,
674,VIT_08s0007g02450,10,0.0048,Aspartyl protease,E3_4_23_x,,,
675,VIT_04s0008g04140,10,0.0048,RD22 [Vitis vinifera],,,,
676,VIT_19s0014g00300,10,0.0048,Alpha alpha-trehalose-phosphate synthase,E2_4_1_15,,vv10500Starch_and_sucrose_metabolism,
677,VIT_01s0011g03570,10,0.0048,Unknown,,,,
678,VIT_10s0003g03660,9,0.0044,Beta-amyrin synthase,E5_4_99_BAS,,vv10900Terpenoid_biosynthesis,
679,VIT_18s0072g00490,9,0.0044,Heat shock protein-related,,,,
680,VIT_11s0052g00870,9,0.0044,IAA33,IAA33,,vv30003Auxin_signaling,vv60008AUXIAA
681,VIT_06s0009g02460,9,0.0044,Zinc finger (C2H2 type) family,C2H2FAM_49,,vv60017C2H2,
682,VIT_09s0002g07510,9,0.0044,Pentatricopeptide (PPR) repeat-containing protein,,,,
683,VIT_12s0035g00380,9,0.0044,AAA-type ATPase,,,,
684,VIT_01s0011g01390,9,0.0044,No hit,,,,
685,VIT_15s0048g01010,9,0.0043,2'-hydroxy isoflavone/dihydroflavonol reductase,E1_3_1_45,,vv10943Isoflavonoid_biosynthesis,
686,VIT_06s0004g00310,9,0.0043,Hcr2-p4.1,,,,
687,VIT_04s0023g02450,9,0.0043,Papain cysteine proteinase,E3_4_22_2,,,
688,VIT_12s0142g00070,9,0.0043,Loricrin,K10385,,,
689,VIT_05s0020g02920,9,0.0043,Unknown protein,,,,
690,VIT_15s0024g01270,9,0.0043,Clavata1 receptor kinase (CLV1),,,,
691,VIT_19s0176g00040,9,0.0043,Ternary complex factor MIP1,,,,
692,VIT_05s0029g00130,9,0.0043,High mobility group (HMG1/2),HMG1_2_2,,vv60005ARID,
693,VIT_16s0098g00480,9,0.0043,Lipase class 3,,,,
694,VIT_04s0008g00350,9,0.0043,Clavata1 receptor kinase (CLV1),,,,
695,VIT_08s0056g01140,7,0.0034,Exostosin,K02366,,vv11030Glycan_structures-biosynthesis1,
696,VIT_10s0003g05760,7,0.0034,Pentatricopeptide repeat-containing protein,,,,
697,VIT_11s0052g00750,7,0.0034,Serine carboxypeptidase 1 precursor,,,,
698,VIT_17s0000g05140,7,0.0034,Rhomboid,,,,
699,VIT_02s0025g02630,7,0.0034,Lipase GDSL,,,,
700,VIT_01s0010g03840,7,0.0034,No hit,,,,
701,VIT_05s0020g01330,7,0.0034,No hit,,,,
702,VIT_00s0189g00110,7,0.0034,CYP82C4,CYP82C4,,vv10902Monoterpenoid_biosynthesis,
703,VIT_19s0014g01320,7,0.0034,Peptide-N4-asparagine amidase A,E3_5_1_52,,,
704,VIT_05s0062g01310,7,0.0034,Unknown protein,,,,
705,VIT_01s0146g00450,6,0.0029,Transport inhibitor response 1 protein,TIR1,,vv30003Auxin_signaling,
706,VIT_18s0001g11050,6,0.0029,Nodulation protein,,,,
707,VIT_07s0095g00550,6,0.0029,D-mannose binding lectin,,,,
708,VIT_03s0063g00380,6,0.0029,ABA 8'-hydroxylase CYP707A1,E1_14_13_93,,vv10906Carotenoid_biosynthesis,vv11013ABA_biosynthesis
709,VIT_18s0001g04200,6,0.0029,(+)-delta-cadinene synthase isozyme XC14,E4_2_3_13,,vv10900Terpenoid_biosynthesis,
710,VIT_19s0014g01720,6,0.0029,Sodium/calcium exchanger family protein,NACAEX,,vv50123Porters_cat_18_to_29,
711,VIT_02s0033g00500,6,0.0029,No hit,,,,
712,VIT_05s0102g01080,6,0.0029,Disease resistance protein (CC-NBS-LRR class),,,,
713,VIT_15s0046g02480,6,0.0029,Protein kinase,,,,
714,VIT_05s0051g00380,6,0.0029,MEE55 (maternal effect embryo arrest 55),,,,
715,VIT_00s0652g00010,6,0.0029,Dof zinc finger protein DOF1.4,DOF1_4_1,,vv60015C2C2-DOF,
716,VIT_13s0047g00050,6,0.0029,ZIFL1 (Zinc induced facilitator 1),ZIFL1,,vv50121Porters_cat_1_to_6,
717,VIT_11s0016g04150,6,0.0029,Sulfate transporter 3.4,SULTR3_4,,vv50124Porters_cat_30_to_64,
718,VIT_01s0011g01190,6,0.0029,Myb domain protein 113,MYB113_6,MYBAL1,vv60044MYB,
719,VIT_06s0009g01450,6,0.0029,Salutaridine reductase,E1_1_1_248,,vv10950Alkaloid_biosynthesis_I,
720,VIT_09s0002g01300,6,0.0029,Retrotransposon,,,,
721,VIT_05s0029g00500,6,0.0029,DnaJ homolog  subfamily A  member 2,K09503,,vv50132Primary_active_transporter_cat_A5_to_A8,
722,VIT_13s0019g03300,6,0.0029,Glycosyl hydrolase family 17,,,,
723,VIT_15s0046g03010,6,0.0029,Barwin endoglucanase,,,,
724,VIT_06s0004g00150,6,0.0029,MYR1 (MYB-related protein 1),MYR1_4,,vv60029G2-like,
725,VIT_01s0010g02100,6,0.0029,Indeterminate(ID)-domain 5,IDD5_1,,vv60017C2H2,
726,VIT_06s0004g02060,6,0.0029,Aldehyde dehydrogenase 3B1,E1_2_1_3,vv10561Glycerolipid_metabolism,vv10010Glycolysis,vv10071Fatty_acid_metabolism
727,VIT_01s0010g03490,6,0.0029,Caffeoyl-CoA O-methyltransferase,E2_1_1_104,,vv10940Phenylpropanoid_biosynthesis,
728,VIT_02s0033g00930,6,0.0029,Single-strand DNA binding protein,K03111,,vv23030DNA_replication,vv23430Mismatch_repair
729,VIT_04s0008g00410,6,0.0029,Clavata1 receptor kinase (CLV1),,,,
730,VIT_05s0020g02740,6,0.0029,Aquaporin NIP7;1,NIP7_1,,vv50101Channels_and_pores,
731,VIT_08s0040g00690,4,0.0019,Unknown,,,,
732,VIT_18s0001g11390,4,0.0019,Aberrant testa shape,ATS_1,,vv60029G2-like,
733,VIT_00s0199g00040,4,0.0019,No hit,,,,
734,VIT_14s0066g02550,4,0.0019,H(+)-ATPase 4 AHA4,K01535,,vv10190Oxidative_phosphorylation,vv50131Primary_active_transporter_cat_A2_to_A4
735,VIT_10s0092g00790,4,0.0019,Ribosomal protein S19,K02965,,vv23010Ribosome,
736,VIT_14s0068g01170,4,0.0019,Pentatricopeptide repeat domain containing protein,,,,
737,VIT_01s0011g06350,4,0.0019,Unknown,,,,
738,VIT_10s0003g01250,4,0.0019,Pollen Ole e 1 allergen and extensin,,,,
739,VIT_01s0011g01200,4,0.0019,Myb family transcription factor,MYBDOM_1,MYBAL2,vv60044MYB,
740,VIT_14s0108g00620,3,0.0015,Amino acid permease,AAPREL,,vv50123Porters_cat_18_to_29,
741,VIT_09s0096g00800,3,0.0015,Receptor kinase,,,,
742,VIT_04s0023g02780,3,0.0015,Short internodes,SHI_2,,vv60059SRS,
743,VIT_11s0037g00890,3,0.0015,Glutamine amidotransferase class-I domain-containing protein,K08681,,vv10750Vitamin_B6_metabolism,
744,VIT_09s0002g05690,3,0.0015,Pentatricopeptide (PPR) repeat-containing,,,,
745,VIT_09s0002g01350,3,0.0015,Growth-regulating factor 5,GRF5_4,,vv60033GRF,
746,VIT_11s0037g01170,3,0.0015,Photosystem I P700 chlorophyll A apoprotein A1,K02689,,vv10195Photosynthesis,vv50105Transport_electron_carriers
747,VIT_14s0081g00050,3,0.0015,PATHOgenesIS-related 4,,,,
748,VIT_13s0019g04110,3,0.0015,Retrotransposon protein,,,,
749,VIT_12s0057g00470,3,0.0015,C2 domain containing protein,,,,
750,VIT_10s0116g00390,3,0.0015,Unknown protein,,,,
751,VIT_06s0004g02220,3,0.0015,Heterogeneous nuclear ribonucleoprotein,,,,
752,VIT_04s0008g00430,3,0.0015,Clavata1 receptor kinase (CLV1),,,,
753,VIT_12s0057g00900,3,0.0015,Import inner membrane translocase subunit TIM50,TIM50,,vv50132Primary_active_transporter_cat_A5_to_A8,
754,VIT_04s0008g00400,3,0.0015,Clavata1 receptor kinase (CLV1),,,,
755,VIT_04s0008g00320,3,0.0015,Leucine-rich repeat family protein,,,,
756,VIT_06s0004g00460,3,0.0015,Elongation factor P (EF-P),K02356,,,
757,VIT_02s0033g01320,3,0.0015,Amino acid permease,AAPREL,,vv50123Porters_cat_18_to_29,
758,VIT_05s0102g00990,3,0.0015,Glucosyltransferase-12,,,,
759,VIT_19s0014g02200,3,0.0015,No apical meristem cup-shaped cotyledon2,CUC2_2,VvNAC16,vv60046NAC,
760,VIT_00s0262g00150,3,0.0015,Glycine-rich protein,,,,
761,VIT_07s0151g00320,3,0.0015,Pentatricopeptide (PPR) repeat-containing protein,,,,
762,VIT_05s0020g04710,3,0.0015,Protein transport protein Sec23A,K14006,,vv24141Protein_processing_in_endoplasmic_reticulum,vv50110Protein_coat
763,VIT_06s0004g06810,3,0.0015,PHD finger transcription factor,PHDFG_33,,vv60048PHD,
764,VIT_03s0110g00320,3,0.0015,Cinnamyl alcohol dehydrogenase,E1_1_1_195,,vv10940Phenylpropanoid_biosynthesis,
765,VIT_00s0625g00020,3,0.0015,ABC transporter G member 7,ABCG7,,vv52010ABC_transporters,
766,VIT_19s0014g01620,3,0.0015,Ca2+-ATPase 13 ACA13  plasma membrane,K01537,,vv34020Calcium_signaling_pathway,vv50131Primary_active_transporter_cat_A2_to_A4
767,VIT_19s0014g00520,3,0.0015,RKF1 (receptor-like kinase in flowers 1),,,,
768,VIT_00s0125g00070,3,0.0015,No hit,,,,
769,VIT_02s0025g00320,3,0.0015,MYB Domain protein 103,MYB103_1,MYB103,vv60044MYB,
770,VIT_12s0142g00710,3,0.0015,Dihydroflavonol-4-reductase,E1_1_1_219,,vv10941Flavonoid_biosynthesis,
771,VIT_04s0008g00340,3,0.0015,Clavata1 receptor kinase (CLV1),,,,
772,VIT_10s0003g05180,3,0.0015,Wall-associated receptor kinase 5,,,,
773,VIT_12s0059g02400,3,0.0015,Unknown protein,,,,
774,VIT_00s0878g00020,3,0.0015,Stachyose synthase precursor,E2_4_1_67,,vv10052Galactose_metabolism,
775,VIT_19s0027g00570,3,0.0014,Protein binding,,,,
776,VIT_16s0039g02460,3,0.0014,Chromomethylase CMT2,,,,
777,VIT_15s0046g00210,3,0.0014,Beta-fructofuranosidase,E3_2_1_26,,vv10052Galactose_metabolism,vv10500Starch_and_sucrose_metabolism
778,VIT_02s0025g00610,3,0.0014,Glycoside hydrolase  family 5,,,,
779,VIT_02s0012g02420,3,0.0014,TRNA pseudouridine synthase,E5_4_99_12,,vv11000Single_reactions,
780,VIT_04s0023g00990,3,0.0014,Unknown protein,,,,
781,VIT_15s0048g01270,3,0.0014,MADS-box agamous-like 6,AGL6_1,,vv60042MADS,
782,VIT_18s0001g13820<br>VIT_18s0001g13830,3,0.0014,
783,VIT_00s0179g00360,3,0.0014,Unknown protein,,,,
784,VIT_18s0001g12990,3,0.0014,Anthranilate N-benzoyltransferase protein 1,E2_3_1_144,,vv10400Phenylalanine_tyrosine_and_tryptophan_biosynthesis,
785,VIT_14s0030g01320,3,0.0014,No hit,,,,
786,VIT_11s0052g01630,3,0.0014,Anthocyanidin 3-O-glucosyltransferase,E2_4_1_115,,vv10942Anthocyanin_biosynthesis,
787,VIT_15s0048g00210,3,0.0014,Unknown protein,,,,
788,VIT_04s0044g00090,3,0.0014,Unknown,,,,
789,VIT_18s0001g02400,3,0.0014,Laccase,E1_10_3_2,,vv11000Single_reactions,vv50109Incompletely_characterized_transport_systems
790,VIT_04s0023g00700,3,0.0014,Serine carboxypeptidase S10,,,,
791,VIT_18s0001g06540,3,0.0014,No hit,,,,
792,VIT_00s0199g00280,3,0.0014,No hit,,,,
793,VIT_04s0008g03270,3,0.0014,GATA transcription factor 11,GAT11_1,,vv60016C2C2-GATA,
794,VIT_11s0016g05640,3,0.0014,IAA29,IAA29_2,,vv30003Auxin_signaling,vv60008AUXIAA
795,VIT_17s0000g06100,3,0.0014,Pentatricopeptide (PPR) repeat-containing protein,,,,
796,VIT_09s0002g06280,3,0.0014,Aspartate-glutamate racemase,E5_1_1_13,,vv10252Alanine_and_aspartate_metabolism,
797,VIT_13s0064g00320,3,0.0014,R protein  PRF  disease resistance protein,K13453,,vv34627R_proteins_from_Plant-pathogen_interaction,
798,VIT_08s0007g03890,3,0.0014,Brix domain-containing protein,,,,
799,VIT_11s0016g04450,3,0.0014,Zinc finger (C3HC4-type ring finger),ZFC3HC4_218,,vv60078Other_zf-C3HC4,
800,VIT_04s0044g00660,3,0.0014,S-receptor kinase,,,,
801,VIT_17s0000g02880,3,0.0014,S-adenosyl-L-methionine:salicylic acid carboxyl methyltransferase,SAMTBSCMT,,vv10360Phenylalanine_metabolism,
802,VIT_06s0080g00640,3,0.0014,No hit,,,,
803,VIT_16s0039g01450,3,0.0014,Growth-regulating factor 5,GRF5_2,,vv60033GRF,
804,VIT_19s0027g00390,3,0.0014,Protein kinase,,,,
805,VIT_00s0225g00040,3,0.0014,No hit,,,,
