Vv_m2,2000,1000,VIT_04s0008g05440
rank,node,Fabs,Frel,Functional-annotation,Name-EC-KeggID,Updated-name,Network1,Network2
1,VIT_13s0067g00730,2073,1.0000,Carboxylic ester hydrolase,E3_1_1_1,,,
2,VIT_13s0067g00400,2073,1.0000,Anthranilate synthase alpha 1,E4_1_3_27,,vv10400Phenylalanine_tyrosine_and_tryptophan_biosynthesis,
3,VIT_09s0002g06750,2067,1.0000,ERF/AP2 transcription factor sub B-6 SHINE,SHINE1_1,VvERF042,vv30008Ethylene_signaling,vv60003AP2_EREBP
4,VIT_12s0059g01590,2072,1.0000,Lipase GDSL,,,,
5,VIT_09s0002g06990,2053,0.9990,Phosphatidic acid phosphatase / PAP2,E3_1_3_4,,vv10561Glycerolipid_metabolism,vv10564Glycerophospholipid_metabolism
6,VIT_12s0059g00230,2060,0.9961,Epoxide hydrolase 2,E3_3_2_10,,,
7,VIT_03s0063g01880,2048,0.9961,Acyl-CoA synthetase long-chain member 2,E6_2_1_3_LACS2,,vv10071Fatty_acid_metabolism,vv44146Peroxisome
8,VIT_09s0002g03140,2066,0.9952,Lipase GDSL,,,,
9,VIT_10s0003g01010,2053,0.9932,Lipase GDSL,,,,
10,VIT_18s0001g11120,2065,0.9918,Ternary complex factor MIP1,,,,
11,VIT_07s0031g01680,2059,0.9913,CYP86A1,,,,
12,VIT_19s0090g00710,2056,0.9913,No hit,,,,
13,VIT_14s0219g00280,2036,0.9908,Glycerol-3-phosphate dehydrogenase (NAD+),E1_1_1_8,,vv10564Glycerophospholipid_metabolism,
14,VIT_08s0056g00800,2052,0.9903,Myb domain protein 60,MYB60,MYB60,vv60044MYB,
15,VIT_12s0059g01830,2037,0.9879,Unknown,,,,
16,VIT_00s0399g00020,2046,0.9875,Protease inhibitor/seed storage/lipid transfer protein (LTP),,,,
17,VIT_13s0067g02910,2024,0.9844,Non-specific lipid-transfer protein,,,,
18,VIT_14s0066g02270,2013,0.9824,Endonuclease/exonuclease/phosphatase family protein,E3_1_30_x,,,
19,VIT_13s0019g04260,2039,0.9793,Monoglyceride lipase,E3_1_1_23,,vv10561Glycerolipid_metabolism,
20,VIT_06s0080g00760,2035,0.9793,Unknown protein,,,,
21,VIT_09s0054g01220,2017,0.9768,Cycloartenol synthase,E5_4_99_8,,vv10100Biosynthesis_of_steroids,
22,VIT_14s0108g01080,2007,0.9733,Myb domain protein 106,MYB106_2,MYB141,vv60044MYB,
23,VIT_08s0040g02250,2009,0.9715,No hit,,,,
24,VIT_14s0066g00400,2011,0.9696,Chalcone isomerase,E5_5_1_6,,vv10941Flavonoid_biosynthesis,
25,VIT_03s0038g01410,2005,0.9691,Aquaporin PIP PIP1A,PIP1A,,vv50101Channels_and_pores,
26,VIT_19s0090g00730,2001,0.9657,No hit,,,,
27,VIT_01s0026g00570,2000,0.9620,Bet v I allergen,,,,
28,VIT_08s0007g09000,2000,0.9602,Glycerol-3-phosphate dehydrogenase,E1_1_1_8,,vv10564Glycerophospholipid_metabolism,
29,VIT_15s0046g01960,1974,0.9592,Hydroquinone glucosyltransferase,E2_4_1_218,,vv10500Starch_and_sucrose_metabolism,
30,VIT_09s0002g03050,1992,0.9563,Lipase GDSL,,,,
31,VIT_16s0098g01740,1992,0.9549,Unknown protein,,,,
32,VIT_15s0046g00170,1972,0.9494,MYBPA1 protein [Vitis vinifera],MYBPA1,MYBPA1,vv60044MYB,
33,VIT_10s0003g00600,1943,0.9483,Lipase GDSL,,,,
34,VIT_15s0021g02510,1958,0.9477,GATA transcription factor 2,GATA2,,vv60016C2C2-GATA,
35,VIT_18s0072g01000,1929,0.9369,Dihydrolipoamide S-acetyltransferase,E2_3_1_12,,vv10010Glycolysis,vv10252Alanine_and_aspartate_metabolism
36,VIT_14s0128g00510<br>VIT_14s0128g00550,1934,0.9357,
37,VIT_14s0006g02290,1939,0.9340,DREB sub A-4 of ERF/AP2 transcription factor,TINY_2,VvERF028,vv30008Ethylene_signaling,vv60003AP2_EREBP
38,VIT_19s0014g04620,1922,0.9330,S-locus receptor kinase,,,,
39,VIT_18s0122g00220,1923,0.9321,Phosphodiesterase/alkaline phosphatase D,E3_1_4_1,,,
40,VIT_14s0066g00300,1938,0.9295,Unknown,,,,
41,VIT_11s0016g04540,1920,0.9235,ABC transporter G member 22,ABCG22,,vv52010ABC_transporters,
42,VIT_16s0050g00830,1879,0.9086,Beta-ketoacyl-CoA synthase,E2_3_1_41,,vv10061Fatty_acid_biosynthesis,
43,VIT_11s0016g05340,1876,0.9085,Ethylene-responsive transcription factor SHINE 3,SHINE3_2,VvERF043,vv30008Ethylene_signaling,vv60003AP2_EREBP
44,VIT_02s0025g03320,1875,0.9054,CYP86A2,,,,
45,VIT_02s0025g01240,1867,0.9041,UDP-glucuronosyl/UDP-glucosyltransferase,E2_4_1_17,,vv10040Pentose_glucuronate_interconversion,vv10500Starch_and_sucrose_metabolism
46,VIT_08s0007g00570,1854,0.8970,WRKY DNA-binding protein 49,WRKY49,VvWRKY27,vv60066WRKY,
47,VIT_14s0108g00150,1839,0.8927,Calmodulin-binding region IQD28,IQD28,,,
48,VIT_09s0054g00430,1856,0.8906,Unknown protein,,,,
49,VIT_13s0019g02880,1787,0.8717,UDP-glucoronosyl/UDP-glucosyl transferase,,,,
50,VIT_07s0005g02240,1801,0.8705,ABC transporter G member 21,ABCG21,,vv52010ABC_transporters,
51,VIT_07s0151g00010,1796,0.8681,No hit,,,,
52,VIT_12s0055g00810,1779,0.8590,Cationic peroxidase,E1_11_1_7,,vv10360Phenylalanine_metabolism,vv10680Methane_metabolism
53,VIT_03s0097g00460,1763,0.8554,Geraniol 10-hydroxylase,G10H,,vv10902Monoterpenoid_biosynthesis,
54,VIT_00s0361g00040,1760,0.8515,Anthocyanidin reductase,E1_3_1_77,,vv10941Flavonoid_biosynthesis,
55,VIT_00s1314g00010,1753,0.8506,Basic helix-loop-helix (bHLH) family,BHLHDOM_89,,vv60011BHLH,
56,VIT_11s0016g01320,1751,0.8471,Myb domain protein 13,MYB13,MYBPA2,vv60044MYB,
57,VIT_15s0046g03240,1738,0.8457,Unknown protein,,,,
58,VIT_14s0060g01090,1752,0.8452,LNG1 (LONGIFOLIA1),,,,
59,VIT_18s0122g01280,1742,0.8432,Niemann-Pick C1 protein precursor,NPC1,,vv50121Porters_cat_1_to_6,
60,VIT_16s0100g00670,1738,0.8368,Homeodomain GLABROUS1,HDG1_2,VvHB55,vv60034HB,
61,VIT_03s0038g01830,1734,0.8365,Proline-rich protein 4,,,,
62,VIT_05s0020g04680,1717,0.8311,Auxin-induced protein 22D,IAA22D_2,,vv30003Auxin_signaling,vv60008AUXIAA
63,VIT_01s0137g00170,1714,0.8300,B-keto acyl reductase,,,,
64,VIT_01s0010g02740,1716,0.8290,4-coumarate-CoA ligase,E6_2_1_12,,vv10940Phenylpropanoid_biosynthesis,vv50104Group_translocators
65,VIT_00s0245g00050,1704,0.8276,Oleoyl-acyl carrier protein thioesterase  chloroplast precursor,E3_1_2_14,,vv10061Fatty_acid_biosynthesis,
66,VIT_02s0025g02620,1715,0.8269,BDG1 (BODYGUARD1) hydrolase,,,,
67,VIT_14s0068g00170,1697,0.8234,No hit,,,,
68,VIT_05s0102g00370,1710,0.8233,Receptor protein kinase (ACR4),,,,
69,VIT_14s0006g02530,1697,0.8202,Non-specific lipid-transfer protein 2 (LTP 2),,,,
70,VIT_15s0048g03000,1650,0.7979,GTPase RABA3,K07976,,,
71,VIT_18s0072g01170,1642,0.7913,Phosphoribosylanthranilate transferase,E2_4_2_18,,vv10400Phenylalanine_tyrosine_and_tryptophan_biosynthesis,
72,VIT_13s0019g01520,1617,0.7831,Protease inhibitor/seed storage/lipid transfer protein (LTP),,,,
73,VIT_10s0003g00620,1615,0.7783,Lipase GDSL,,,,
74,VIT_05s0049g01400,1589,0.7714,Alcohol oxidase,E1_1_3_13,,vv10680Methane_metabolism,
75,VIT_03s0038g03810,1602,0.7713,Serine/threonine Protein kinase BNK1,,,,
76,VIT_08s0007g02000,1585,0.7657,Glycerol-3-phosphate acyltransferase 8,E2_3_1_15,,vv10561Glycerolipid_metabolism,vv10564Glycerophospholipid_metabolism
77,VIT_03s0088g01150,1586,0.7647,Squalene monooxygenase,E1_14_99_7,,vv10100Biosynthesis_of_steroids,vv10900Terpenoid_biosynthesis
78,VIT_00s0207g00010,1578,0.7634,Anthranilate N-benzoyltransferase protein 1,E2_3_1_144,,vv10400Phenylalanine_tyrosine_and_tryptophan_biosynthesis,
79,VIT_19s0090g01050,1572,0.7624,Endo-beta-1 4-glucanase,E3_2_1_4,,vv40006Cell_wall,
80,VIT_10s0003g00560,1566,0.7587,Wuschel homeobox 9,WOX9,VvHB37,vv60034HB,
81,VIT_18s0001g02720,1560,0.7562,fatty acid elongation1 (FAE1),,,,
82,VIT_02s0025g02630,1566,0.7551,Lipase GDSL,,,,
83,VIT_07s0005g01670,1565,0.7542,No hit,,,,
84,VIT_06s0004g06090,1551,0.7493,Diphenol oxidase,E1_10_3_1,,vv10350Tyrosine_metabolism,vv50109Incompletely_characterized_transport_systems
85,VIT_02s0012g01680,1545,0.7475,Trehalose phosphatase 5,E3_1_3_12,,vv10500Starch_and_sucrose_metabolism,
86,VIT_11s0016g01310,1541,0.7466,TT2 (transparent testa 2),TT2_5,MYBPA4,vv44110Cell_cycle,vv60044MYB
87,VIT_19s0015g00740,1534,0.7389,Prefoldin,,,,
88,VIT_00s0361g00090,1524,0.7373,Phototropic-responsive NPH3 protein,,,,
89,VIT_09s0018g01650,1504,0.7273,Wrinkled1 (AP2/ERBP),WRINKLED1_1,VvAP2-06,vv30008Ethylene_signaling,vv60003AP2_EREBP
90,VIT_18s0001g10050,1511,0.7257,LRX1 (leucine-rich repeat/extensin 1),EXTENSIN,,vv40006Cell_wall,
91,VIT_00s0409g00020,1492,0.7229,Receptor protein kinase RK20-1,,,,
92,VIT_13s0019g02810,1480,0.7167,Glucuronosyl transferase,E2_4_1_17,,vv10040Pentose_glucuronate_interconversion,vv10500Starch_and_sucrose_metabolism
93,VIT_18s0001g10060,1480,0.7139,LRX1 (leucine-rich repeat/extensin 1),EXTENSIN,,vv40006Cell_wall,
94,VIT_17s0000g00130,1469,0.7103,SEC14 cytosolic factor,SEC14,,vv50122Porters_cat_7_to_17,
95,VIT_10s0116g01840,1463,0.7095,No hit,,,,
96,VIT_06s0061g00240,1475,0.7091,ABC transporter G member 7,ABCG7,,vv52010ABC_transporters,
97,VIT_08s0007g06680,1465,0.7091,PMR5 (powdery mildew resistant 5),,,,
98,VIT_16s0050g02390,1461,0.7058,Plastid division protein PDV1,PDV1,,vv44110Cell_cycle,
99,VIT_04s0023g01720,1454,0.7051,SEC14 cytosolic factor  putative,SEC14,,vv50122Porters_cat_7_to_17,
100,VIT_17s0000g06110,1455,0.7032,Glutathione S-transferase 9 GSTU9,E2_5_1_18_GSTU9,,vv10480Glutathione_metabolism,
101,VIT_04s0008g02870,1462,0.7032,Transcription factor,TRIHELIXDOM_12,,vv60062Trihelix,
102,VIT_02s0012g02820,1444,0.6959,Geraniol 10-hydroxylase,G10H,,vv10902Monoterpenoid_biosynthesis,
103,VIT_01s0026g00080,1426,0.6922,Metal-dependent phosphohydrolase HD domain-containing protein,K07023,,,
104,VIT_06s0004g01550,1422,0.6920,Phosphoribosylanthranilate transferase,E2_4_2_18,,vv10400Phenylalanine_tyrosine_and_tryptophan_biosynthesis,
105,VIT_08s0007g01750,1435,0.6896,Acetyl co-enzyme A carboxylase carboxyltransferase alpha subunit,E6_4_1_2,,vv10061Fatty_acid_biosynthesis,vv10620Pyruvate_metabolism
106,VIT_06s0061g01050,1423,0.6845,Protein kinase SRPK1,,,,
107,VIT_05s0020g04670,1420,0.6824,No hit,,,,
108,VIT_18s0001g10830,1405,0.6794,Patatin,,,,
109,VIT_09s0002g03940,1384,0.6715,AP2/EREBP transcription factor,TINY2_1,VvERF034,vv30008Ethylene_signaling,vv60003AP2_EREBP
110,VIT_04s0069g01120,1386,0.6709,Acyl-activating enzyme 7,E6_2_1_3,,vv10071Fatty_acid_metabolism,vv50104Group_translocators
111,VIT_13s0067g02390,1386,0.6692,Unknown,,,,
112,VIT_08s0040g01130,1381,0.6662,Serine carboxypeptidase II,,,,
113,VIT_15s0021g01150,1370,0.6615,Calcium-dependent protein kinase-related,,,,
114,VIT_01s0137g00410,1365,0.6604,CYP86A2,,,,
115,VIT_00s0516g00010,1355,0.6594,Unknown,,,,
116,VIT_19s0015g00300,1365,0.6578,KCO1 (two pore K channel),K05389_KCO1,,vv50101Channels_and_pores,
117,VIT_18s0001g14660,1368,0.6571,P-glycoprotein 13,PGP13,,vv52010ABC_transporters,
118,VIT_04s0008g02520,1344,0.6490,ATP binding protein,,,,
119,VIT_14s0030g00220,1336,0.6460,Sugar transporter ERD6-like 5,ERD6L5,,vv50121Porters_cat_1_to_6,
120,VIT_09s0002g02490,1329,0.6426,Dof zinc finger protein 1,ADOF1,,vv60015C2C2-DOF,
121,VIT_10s0003g01710,1326,0.6421,Ubiquitin domain containing 2,,,,
122,VIT_03s0088g00410,1331,0.6402,Pyruvate kinase isozyme A  chloroplast precursor,E2_7_1_40,,vv10010Glycolysis,vv10230Purine_metabolism
123,VIT_13s0064g01760,1334,0.6401,Amygdalin hydrolase isoform AH I,E3_2_1_117,,vv10460Cyanoamino_acid_metabolism,
124,VIT_09s0002g04170,1320,0.6343,Acyl-CoA synthetases (Acyl-activating enzyme 13),E6_2_1_3,,vv10071Fatty_acid_metabolism,vv50104Group_translocators
125,VIT_18s0001g14910,1311,0.6333,Mannitol dehydrogenase,E1_1_1_67,,vv10051Fructose_and_mannose_metabolism,
126,VIT_04s0008g01850,1304,0.6324,Trihelix DNA-binding protein (GT2),GT2_2,,vv60062Trihelix,
127,VIT_11s0016g00330,1309,0.6324,Pectinesterase family,E3_1_1_11,,vv40006Cell_wall,
128,VIT_02s0012g01670,1310,0.6322,R-mandelonitrile lyase isoform 1 precursor,E4_1_2_10,,vv10460Cyanoamino_acid_metabolism,
129,VIT_02s0025g04410,1297,0.6275,Beta-ketoacyl-CoA synthase,E2_3_1_41,,vv10061Fatty_acid_biosynthesis,
130,VIT_13s0019g04650,1251,0.6058,Thioredoxin 8,,,,
131,VIT_05s0049g00300,1248,0.6055,1-aminocyclopropane-1-carboxylate oxidase homolog 1,E1_14_17_4,,vv10640Propanoate_metabolism,vv30008Ethylene_signaling
132,VIT_18s0001g01590,1253,0.6039,BTB/POZ domain-containing protein,BTBDOM_1,,vv60093TRAF,
133,VIT_02s0025g02600,1251,0.6006,Glyoxal oxidase,,,,
134,VIT_09s0002g03130,1237,0.6002,FRK1 (FLG22-induced receptor-like kinase 1),FRK1,,vv34626Plant-pathogen_interaction,
135,VIT_18s0001g15260,1241,0.5978,Myb domain protein 52,MYB52_1,MYB170,vv60044MYB,
136,VIT_07s0255g00060,1222,0.5932,Prolyl oligopeptidase family,,,,
137,VIT_00s0313g00040,1221,0.5924,PAS2 (PASTICCINO 2),K10703,,vv11040Biosynthesis_of_unsaturated_fatty_acids,
138,VIT_00s0499g00030,1224,0.5910,Stearoyl-CoA 9-desaturase,E1_14_19_1,,vv11040Biosynthesis_of_unsaturated_fatty_acids,
139,VIT_09s0002g05560,1218,0.5907,ABC transporter g family pleiotropic drug resistance 12 PDR12,ABCGPDR12,,vv52010ABC_transporters,
140,VIT_19s0015g00510,1210,0.5848,Pectate lyase 2,E4_2_2_2,,vv40006Cell_wall,
141,VIT_00s0593g00010,1195,0.5795,Pentatricopeptide (PPR) repeat-containing protein,,,,
142,VIT_04s0008g03950,1191,0.5734,RD22,,,,
143,VIT_08s0056g01130,1181,0.5719,Mini zinc finger 2 MIF2,MIF2_2,,vv60068Zf-HD,
144,VIT_07s0031g00520,1161,0.5614,Unknown protein,,,,
145,VIT_05s0029g00480,1154,0.5572,Eceriferum 2 (CER2),,,,
146,VIT_17s0000g09270,1139,0.5524,MATE efflux family protein,MATE,,vv50125Porters_cat_66_to_94,
147,VIT_06s0004g03210,1137,0.5503,Unknown,,,,
148,VIT_06s0004g01340,1131,0.5488,Esterase/lipase/thioesterase,,,,
149,VIT_02s0025g02250,1116,0.5391,Dof zinc finger protein DOF4.6,DOF4_6_2,,vv60015C2C2-DOF,
150,VIT_17s0000g04150,1119,0.5380,Leucoanthocyanidin reductase,E1_17_1_3,,vv10941Flavonoid_biosynthesis,
151,VIT_15s0046g03190,1111,0.5372,Myb domain protein 17,MYB17_2,MYB17A,vv60044MYB,
152,VIT_01s0026g00150,1097,0.5328,Methyl-CPG-binding Domain 9 MBD9,MBD9_5,,vv30009Flower_development,vv60048PHD
153,VIT_02s0012g02810,1093,0.5283,CYP76C4,,,,
154,VIT_10s0003g05420,1086,0.5267,S-2-hydroxy-acid oxidase  peroxisomal,E1_1_3_15,,vv10630Glyoxylate_and_dicarboxylate_metabolism,
155,VIT_08s0058g01210,1071,0.5191,Non-specific lipid transfer protein LTP1,LTP1,,,
156,VIT_13s0019g01540,1065,0.5182,Protease inhibitor/seed storage/lipid transfer protein (LTP),,,,
157,VIT_15s0048g02880,1073,0.5176,Ubiquitin thiolesterase,,,,
158,VIT_07s0031g02440,1067,0.5132,Amino acid permease 3,AAP3,,vv50123Porters_cat_18_to_29,
159,VIT_03s0038g01960,1060,0.5131,Proline-rich family protein,,,,
160,VIT_15s0046g00310,1060,0.5118,Transcription factor TINY,ERF023,VvERF015,vv30008Ethylene_signaling,vv60003AP2_EREBP
161,VIT_18s0041g02470,1048,0.5075,Disease resistance protein (TIR-NBS-LRR class),,,,
162,VIT_08s0105g00450,1036,0.5034,Transducin protein,,,,
163,VIT_01s0011g05140,1037,0.5034,Major latex-like protein ripening protein [grip61],,,,
164,VIT_05s0020g04480,1039,0.5031,Pyruvate kinase,E2_7_1_40,,vv10010Glycolysis,vv10230Purine_metabolism
165,VIT_15s0048g00550,1038,0.5017,Abnormal floral organs,AFO_2,,vv60019C2C2-YABBY,
166,VIT_05s0077g01130,1043,0.5005,Seed maturation protein PM36,,,,
167,VIT_00s0225g00070,1038,0.4990,MATE efflux family protein,MATE,,vv50125Porters_cat_66_to_94,
168,VIT_19s0014g04470,1026,0.4969,S-locus protein kinase,,,,
169,VIT_19s0090g00050,1016,0.4908,Pollen Ole e 1 allergen and extensin,,,,
170,VIT_01s0010g00710,1007,0.4895,Armadillo/beta-catenin repeat protein / U-box domain-containing protein ,,,,
171,VIT_03s0038g04500,996,0.4807,Bifunctional dihydrofolate reductase-thymidylate synthase 1,K13998,,vv10240Pyrimidine_metabolism,vv10670One_carbon_pool_by_folate
172,VIT_14s0128g00210,981,0.4760,Xyloglucanase inhibitor,,,,
173,VIT_14s0068g00140,978,0.4734,No hit,,,,
174,VIT_18s0001g01750,977,0.4729,No hit,,,,
175,VIT_01s0011g00790,980,0.4705,DnaJ homolog  subfamily C  member 2 gonidia forming protein GlsA,K09522_1,,vv50132Primary_active_transporter_cat_A5_to_A8,vv60045MYBrelated
176,VIT_19s0090g00660,967,0.4669,Lipase GDSL,,,,
177,VIT_11s0016g00580,959,0.4649,Unknown,,,,
178,VIT_14s0030g00730,960,0.4647,Vesicle-associated membrane protein 27 VAP27-2,VAP27_2,,vv50109Incompletely_characterized_transport_systems,
179,VIT_00s0286g00130,955,0.4631,S-locus lectin protein kinase,,,,
180,VIT_09s0002g00190,956,0.4630,NBS-LRR type disease resistance protein,,,,
181,VIT_14s0006g02960,946,0.4590,KH domain containing protein,,,,
182,VIT_05s0029g00450,950,0.4587,Pentatricopeptide (PPR) repeat-containing protein,,,,
183,VIT_10s0597g00050,948,0.4573,Heat shock transcription factor B2A,HSFB2A_3,,vv60037HSF,
184,VIT_13s0019g03210,943,0.4564,Lectin-like protein,,,,
185,VIT_15s0046g02400,952,0.4562,Glycerol-3-phosphate acyltransferase 8,E2_3_1_15,,vv10561Glycerolipid_metabolism,vv10564Glycerophospholipid_metabolism
186,VIT_04s0043g00560,944,0.4560,DD1A protein,,,,
187,VIT_15s0046g02380,930,0.4493,CYP86A8,,,,
188,VIT_08s0040g00520,923,0.4450,Leucine-rich repeat protein kinase,,,,
189,VIT_18s0001g10870,926,0.4446,Patatin,,,,
190,VIT_01s0011g01760,915,0.4422,Lectin,,,,
191,VIT_15s0046g01640,910,0.4417,Abl interactor protein 1 (ABIL1),,,,
192,VIT_12s0142g00640,917,0.4402,FLS2 (flagellin-sensitive 2),K13420,,vv34626Plant-pathogen_interaction,
193,VIT_17s0000g10260,905,0.4359,AarF domain containing kinase,K08869,,,
194,VIT_04s0023g01170,902,0.4349,Unknown protein,,,,
195,VIT_11s0016g04160,892,0.4303,Sulfate transporter 3.5,SULTR3_5,,vv50124Porters_cat_30_to_64,
196,VIT_01s0137g00780,885,0.4300,Unknown protein,,,,
197,VIT_12s0028g01850,887,0.4300,Receptor kinase TRKe,,,,
198,VIT_06s0009g01460,889,0.4299,Homoserine dehydrogenase,E1_1_1_3,,vv10260Glycine_serine_and_threonine_metabolism,vv10300Lysine_biosynthesis
199,VIT_02s0012g01660,879,0.4263,ATPase PGP2 (P-glycoprotein 2),PGP2,,vv52010ABC_transporters,
200,VIT_00s0218g00220,876,0.4224,UDP-glucoronosyl/UDP-glucosyl transferase,,,,
201,VIT_04s0008g00860,881,0.4223,Ndr family protein,,,,
202,VIT_14s0068g00160,868,0.4201,No hit,,,,
203,VIT_13s0320g00010,867,0.4190,Lectin,,,,
204,VIT_10s0003g01940,855,0.4155,RKF1 (receptor-like kinase in flowers 1),,,,
205,VIT_08s0007g08680,845,0.4102,Unknown protein,,,,
206,VIT_12s0057g01060,844,0.4089,Jasmonate O-methyltransferase,E2_1_1_141,,vv10592alpha-Linolenic_acid_metabolism,
207,VIT_18s0001g07640,842,0.4079,Eceriferum 2 (CER2),,,,
208,VIT_16s0100g01000,834,0.4052,Stilbene synthase 4,E2_3_1_95,,vv10940Phenylpropanoid_biosynthesis,
209,VIT_05s0020g02160,833,0.4036,Squamosa promoter-binding protein 7 (SPL7),SPL7,,vv60055SBP,
210,VIT_00s0225g00080,829,0.4015,MATE efflux family protein,MATE,,vv50125Porters_cat_66_to_94,
211,VIT_17s0000g06130,833,0.4011,Glutathione S-transferase 9 GSTU9,E2_5_1_18_GSTU9,,vv10480Glutathione_metabolism,
212,VIT_01s0026g01140,821,0.3999,ZCW32 (BIGPETAL  BIGPETALUB),ZCW32_2,,vv60011BHLH,
213,VIT_13s0067g02060,827,0.3995,Biotin/lipoyl attachment domain-containing protein,E6_4_1_2,,vv10061Fatty_acid_biosynthesis,vv10620Pyruvate_metabolism
214,VIT_13s0064g01660,818,0.3979,Prunasin hydrolase isoform PHA precursor,E3_2_1_118,,vv10460Cyanoamino_acid_metabolism,
215,VIT_03s0063g01890,825,0.3968,Ring-H2 finger protein ATL3G,,,,
216,VIT_10s0071g00270,818,0.3954,Abscisic acid-insensitive protein 3 (ABI3),ABI3_1,,vv30001ABA_signaling,vv30003Auxin_signaling
217,VIT_08s0007g03710,814,0.3923,ABC transporter G member 22,ABCG22,,vv52010ABC_transporters,
218,VIT_02s0025g04550,812,0.3915,Glucose-methanol-choline (GMC) oxidoreductase,E1_1_99_1,,vv10260Glycine_serine_and_threonine_metabolism,
219,VIT_04s0008g06370,819,0.3907,TPR1 (topless-related 1),TPR1,,vv30003Auxin_signaling,
220,VIT_09s0002g07220,806,0.3892,Unknown,,,,
221,VIT_02s0012g00660,799,0.3879,Calcium-binding EF-hand,,,,
222,VIT_00s0194g00140,786,0.3803,Agenet domain-containing protein,,,,
223,VIT_09s0054g00690,784,0.3778,Vacuolar processing enzyme alpha,,,,
224,VIT_13s0019g02990<br>VIT_13s0019g02890<br>VIT_13s0019g02910,782,0.3774,
225,VIT_14s0060g02330,783,0.3763,Actin binding formin homology 1,FH2,,vv44810Regulation_of_actin_cytoskeleton,
226,VIT_14s0068g02010,772,0.3749,IMP dehydrogenase/GMP reductase,E1_1_1_205,,vv10230Purine_metabolism,
227,VIT_13s0074g00390,770,0.3743,CYP77A2,,,,
228,VIT_12s0059g00220,760,0.3675,Epoxide hydrolase,E3_3_2_10,,,
229,VIT_15s0021g02300,758,0.3672,Squamosa promoter-binding protein 8 (SPL8),SPL8,,vv60055SBP,
230,VIT_04s0044g01730,762,0.3667,F-box family protein,,,,
231,VIT_08s0040g03400,746,0.3618,Short-chain dehydrogenase/reductase,,,,
232,VIT_19s0014g01290,742,0.3600,Phosphoesterase,,,,
233,VIT_07s0031g00460,744,0.3586,Nicotinate phosphoribosyltransferase,E2_4_2_11,,vv10760Nicotinate_and_nicotinamide_metabolism,
234,VIT_14s0081g00110,737,0.3574,Pentatricopeptide (PPR) repeat-containing,,,,
235,VIT_05s0020g03130,733,0.3570,Plastocyanin domain-containing protein,K02638,,vv10195Photosynthesis,vv50113Thylakoid_targeting_pathway
236,VIT_18s0041g02320,731,0.3535,Unknown protein,,,,
237,VIT_09s0002g03620,733,0.3521,NADP-dependent malic enzyme,E1_1_1_39,,vv10620Pyruvate_metabolism,vv10710Carbon_fixation
238,VIT_02s0033g01020,723,0.3496,Anthraniloyal-CoA: methanol anthraniloyal transferase,AMAT,,vv10400Phenylalanine_tyrosine_and_tryptophan_biosynthesis,
239,VIT_13s0019g05230,726,0.3492,NAC domain-containing protein50,NAC050,VvNAC21,vv60046NAC,
240,VIT_07s0205g00180,721,0.3468,Basic helix-loop-helix (bHLH) family,BHLHDOM_30,,vv60011BHLH,
241,VIT_15s0046g01350,712,0.3455,Tubulin gamma-2 chain,K10389,,vv44810Regulation_of_actin_cytoskeleton,
242,VIT_11s0037g00890,715,0.3442,Glutamine amidotransferase class-I domain-containing protein,K08681,,vv10750Vitamin_B6_metabolism,
243,VIT_01s0010g02670,711,0.3440,3-oxoacyl-[acyl-carrier-protein] reductase  chloroplast,E1_1_1_100,,vv10061Fatty_acid_biosynthesis,vv11040Biosynthesis_of_unsaturated_fatty_acids
244,VIT_12s0059g01870,711,0.3438,GH3-like protein,AUXINBIOSYNTHESIS_GH3,,vv11002Auxin_biosynthesis,
245,VIT_17s0000g10060,711,0.3400,Lipase GDSL,,,,
246,VIT_14s0068g01520,699,0.3383,Double-stranded RNA-binding (DsRBD) domain-containing protein,,,,
247,VIT_07s0031g01270,701,0.3382,Ring-H2 finger A2A,RHA2A,,vv60078Other_zf-C3HC4,
248,VIT_19s0014g04010,690,0.3321,No hit,,,,
249,VIT_05s0077g00670,685,0.3309,Unknown protein,,,,
250,VIT_03s0038g03520,686,0.3303,Auxin-induced SAUR,SAUR,,vv30003Auxin_signaling,
251,VIT_02s0025g02550,682,0.3296,Late embryogenesis abundant protein,,,,
252,VIT_10s0003g02120,678,0.3279,Lipase GDSL,,,,
253,VIT_11s0037g00320,673,0.3270,Serine carboxypeptidase S10,,,,
254,VIT_10s0042g01040,665,0.3233,CYP714A1,,,,
255,VIT_07s0151g00570,664,0.3219,OB-fold nucleic acid binding domain containing protein,,,,
256,VIT_01s0010g01870,658,0.3174,Salicylic acid-induced fragment 1 protein,,,,
257,VIT_04s0023g03710,653,0.3173,Myb domain protein 4,MYB4_1,MYB4B,vv60044MYB,
258,VIT_12s0059g00110<br>VIT_12s0059g00080<br>VIT_12s0059g00100,651,0.3142,
259,VIT_00s0225g00060,648,0.3132,MATE efflux family protein,MATE,,vv50125Porters_cat_66_to_94,
260,VIT_00s0586g00020,649,0.3131,Unknown protein,,,,
261,VIT_12s0059g00190,646,0.3130,Beta-expansin (EXPB3),EXPB3,,vv30003Auxin_signaling,
262,VIT_18s0001g09920,642,0.3129,Cyclin delta-3 (CYCD3_1),CYCD3,,vv30007Cytokinin_signaling,vv44110Cell_cycle
263,VIT_05s0124g00100,648,0.3127,Unknown,,,,
264,VIT_06s0009g02780,645,0.3127,Histone mRNA exonuclease 1,K01175,,,
265,VIT_14s0006g02320,642,0.3104,Nuclear transcription factor Y subunit C-4,NFYC4,,vv60021CCAAT,
266,VIT_10s0003g02280,633,0.3074,SRG1 (senescence-related gene 1) oxidoreductase,,,,
267,VIT_12s0028g00120,632,0.3062,No hit,,,,
268,VIT_18s0001g00690,634,0.3055,Glutathione S-transferase 8 GSTF8,E2_5_1_18_GSTF8,,vv10480Glutathione_metabolism,
269,VIT_05s0020g01100,631,0.3051,Myb domain protein 61,MYB61_3,MYB146,vv60044MYB,
270,VIT_05s0077g01670,632,0.3050,Major cherry allergen Pru av 1.0202,,,,
271,VIT_06s0004g07920,627,0.3022,WNK5 (Arabidopsis WNK kinase 5),,,,
272,VIT_19s0014g00090,618,0.2996,Glucan endo-1 3-beta-glucosidase 4 precursor,E3_2_1_39,,vv10500Starch_and_sucrose_metabolism,
273,VIT_16s0050g02100,617,0.2985,Disease resistance,,,,
274,VIT_05s0049g01200,606,0.2939,S-locus lectin protein kinase,,,,
275,VIT_10s0003g01370,603,0.2919,Unknown protein,,,,
276,VIT_01s0011g00080,593,0.2865,Universal stress protein (USP) family protein,,,,
277,VIT_06s0004g03020,588,0.2830,Beta-galactosidase,E3_2_1_23,,vv10052Galactose_metabolism,vv10511N-Glycan_degradation
278,VIT_09s0054g00960,583,0.2806,No hit,,,,
279,VIT_12s0059g02310,571,0.2777,PDF2 (protodermal factor2),PDF2_4,VvHB44,vv60034HB,
280,VIT_10s0071g00030,568,0.2751,Strictosidine synthase,E4_3_3_2,,vv10900Terpenoid_biosynthesis,vv10902Monoterpenoid_biosynthesis
281,VIT_08s0058g00800,568,0.2744,Wound-induced protein WI12,,,,
282,VIT_08s0007g06390,558,0.2700,Enoyl-[acyl-carrier-protein] reductase [NADH]  chloroplast precursor,E1_3_1_9,,vv10061Fatty_acid_biosynthesis,
283,VIT_14s0108g01660,559,0.2678,Biotin carboxyl carrier protein of acetyl-CoA carboxylase,E6_4_1_2,,vv10061Fatty_acid_biosynthesis,vv10620Pyruvate_metabolism
284,VIT_13s0084g00800,545,0.2648,Transcription factor,TRIHELIXDOM_7,,vv60062Trihelix,
285,VIT_02s0025g05170,549,0.2647,Unknown protein,,,,
286,VIT_18s0075g00570,549,0.2646,Emb1381 (embryo defective 1381),,,,
287,VIT_07s0005g02480,543,0.2616,Myb domain protein 61,MYB61_1,MYB55A,vv60044MYB,
288,VIT_10s0092g00150,540,0.2600,Patatin protein 3,,,,
289,VIT_16s0100g01150,535,0.2592,Stilbene synthase [Vitis vinifera],E2_3_1_95,,vv10940Phenylpropanoid_biosynthesis,
290,VIT_05s0051g00140,525,0.2551,RRS1 (resistant to ralstonia solanacearum 1),RRS1,,vv34627R_proteins_from_Plant-pathogen_interaction,
291,VIT_14s0081g00140,531,0.2546,Pentatricopeptide (PPR) repeat-containing,,,,
292,VIT_02s0025g04910,526,0.2529,Growth-regulating factor 5,GRF5_3,,vv60033GRF,
293,VIT_00s0267g00030,521,0.2521,Unknown,,,,
294,VIT_10s0116g01880,514,0.2471,MATE efflux family protein,MATE,,vv50125Porters_cat_66_to_94,
295,VIT_03s0110g00300,512,0.2471,Copper transporter 4,COPT4,,vv50101Channels_and_pores,
296,VIT_04s0023g02810,507,0.2459,Aldehyde dehydrogenase 3B1,E1_2_1_3,vv10561Glycerolipid_metabolism,vv10010Glycolysis,vv10071Fatty_acid_metabolism
297,VIT_05s0051g00980,504,0.2448,No hit,,,,
298,VIT_08s0040g01040,504,0.2441,Serine carboxypeptidase II,,,,
299,VIT_01s0244g00140,499,0.2419,Aspartate kinase,E2_7_2_4,,vv10260Glycine_serine_and_threonine_metabolism,vv10300Lysine_biosynthesis
300,VIT_06s0009g03390,500,0.2414,No hit,,,,
301,VIT_06s0004g05790,500,0.2414,Unknown protein,,,,
302,VIT_01s0010g03860,499,0.2401,Unknown,,,,
303,VIT_04s0023g03650,498,0.2395,Galactose mutarotase-like,E5_1_3_3,,vv10010Glycolysis,
304,VIT_11s0016g05230,495,0.2395,Allyl alcohol dehydrogenase,,,,
305,VIT_05s0020g01110,493,0.2380,Pectinacetylesterase,PAE,,vv40006Cell_wall,
306,VIT_02s0012g00580,481,0.2329,Ankyrin protein kinase,,,,
307,VIT_15s0048g01990,478,0.2319,Methyltransferase dehydration-responsive,,,,
308,VIT_08s0032g00530,480,0.2315,Rhomboid,,,,
309,VIT_06s0009g01410,473,0.2283,No hit,,,,
310,VIT_08s0007g02170,468,0.2265,Yippee,,,,
311,VIT_08s0007g03990,460,0.2245,Cellulose synthase CSLA09,E2_4_1_12_CSLA09,,vv40006Cell_wall,
312,VIT_18s0001g11100,459,0.2222,Serine carboxypeptidase,,,,
313,VIT_13s0074g00040,460,0.2217,Phytol kinase 2  chloroplast precursor,VTE5,,vv10860Porphyrin_and_chlorophyll_metabolism,
314,VIT_13s0106g00290,455,0.2212,Histone deacetylase HDA14,HDA14,,vv44110Cell_cycle,
315,VIT_02s0025g03250,460,0.2212,Protein kinase,,,,
316,VIT_01s0010g02220,453,0.2198,Zinc finger (C3HC4-type ring finger),ZFC3HC4_200,,vv60078Other_zf-C3HC4,
317,VIT_18s0001g13080,451,0.2189,Unknown protein,,,,
318,VIT_00s0978g00020,450,0.2188,Unknown protein,,,,
319,VIT_02s0025g04890,450,0.2175,CYP76B1,,,,
320,VIT_07s0104g00190,441,0.2123,7S globulin precursor  basic,,,,
321,VIT_01s0026g02650,437,0.2114,KH domain-containing protein,,,,
322,VIT_04s0023g01130,431,0.2078,E3 ubiquitin-protein ligase RNF5,K10666_155,,vv24141Protein_processing_in_endoplasmic_reticulum,vv60078Other_zf-C3HC4
323,VIT_02s0012g00180,429,0.2061,Serine protease,,,,
324,VIT_17s0000g02650,425,0.2060,Myb domain protein 7,MYB7_2,MYBC2-L4,vv60044MYB,
325,VIT_11s0037g01410,425,0.2053,XBAT32 (XB3 ortholog 2 in Arabidopsis thaliana 32),XBAT32,,vv50108Accessory_factors_involved_in_transport,
326,VIT_16s0098g01830,423,0.2052,Transcription factor jumonji (jmjC) domain-containing protein,JMJD1B_3,,vv60038Jumonji,
327,VIT_10s0116g01580,420,0.2036,No hit,,,,
328,VIT_05s0102g00870,420,0.2033,R protein  PRF  disease resistance protein,K13453,,vv34627R_proteins_from_Plant-pathogen_interaction,
329,VIT_15s0046g01790,412,0.1985,ARID/BRIGHT DNA-binding domain-containing protein / ELM2,ARID_4,,vv60005ARID,
330,VIT_15s0021g01350,406,0.1964,Transducin family protein / WD-40 repeat,,,,
331,VIT_01s0011g04850,403,0.1957,Unknown protein,,,,
332,VIT_13s0019g03390,405,0.1949,Unknown protein,,,,
333,VIT_13s0067g02870,400,0.1943,Chalcone-flavanone isomerase,E5_5_1_6,,vv10941Flavonoid_biosynthesis,
334,VIT_04s0023g02920,399,0.1932,Unknown protein,,,,
335,VIT_14s0068g00040,398,0.1925,No hit,,,,
336,VIT_07s0005g01790,398,0.1919,Acyl-CoA synthetase long-chain member 2,E6_2_1_3_LACS2,,vv10071Fatty_acid_metabolism,vv44146Peroxisome
337,VIT_19s0014g04510,392,0.1908,S-locus protein kinase,,,,
338,VIT_18s0001g02200,388,0.1883,8-oxoguanine-DNA glycosylase (OGG1),K03660,,vv23410Base_excision_repair,
339,VIT_04s0008g04230,390,0.1881,ABC transporter G member 22,ABCG22,,vv52010ABC_transporters,
340,VIT_02s0012g02030,390,0.1870,Homeobox-7,VVHB7_1,VvHB09,vv60034HB,
341,VIT_12s0059g00140,383,0.1853,Ankyrin repeat protein,,,,
342,VIT_06s0009g01140,383,0.1853,Amino acid permease,AAPREL,,vv50123Porters_cat_18_to_29,
343,VIT_11s0118g00110,380,0.1832,AT-hook DNA-binding protein,,,,
344,VIT_08s0056g00260,379,0.1823,Harpin-induced protein,,,,
345,VIT_15s0024g01260,374,0.1804,DJ-1 protein / protease,,,,
346,VIT_04s0044g00190,366,0.1769,Mannitol dehydrogenase,E1_1_1_67,,vv10051Fructose_and_mannose_metabolism,
347,VIT_01s0137g00820,368,0.1763,Phototropic-responsive NPH3,,,,
348,VIT_17s0000g02600,364,0.1760,Unknown protein,,,,
349,VIT_02s0012g01940,360,0.1741,Myb KAN2 (KANADI 2),KANADI2_1,,vv60029G2-like,
350,VIT_03s0063g00410,359,0.1739,Alpha-amylase,E3_2_1_1,,vv10500Starch_and_sucrose_metabolism,
351,VIT_04s0069g00360,357,0.1729,No hit,,,,
352,VIT_04s0008g05520,355,0.1728,Unknown protein,,,,
353,VIT_07s0104g00220,356,0.1724,Phenazine biosynthesis PhzC/PhzF,K06998,,vv10400Phenylalanine_tyrosine_and_tryptophan_biosynthesis,
354,VIT_04s0023g01300,355,0.1720,Aminopeptidase P,E3_4_11_9,,,
355,VIT_05s0062g00920,349,0.1691,No hit,,,,
356,VIT_13s0047g00340,348,0.1676,Ethylene-responsive transcription factor WRINKLED 1,WRINKLED1_3,VvAP2-20,vv30008Ethylene_signaling,vv60003AP2_EREBP
357,VIT_03s0063g00370,340,0.1654,Nitrite reductase,E1_7_7_1,,vv10910Nitrogen_metabolism,
358,VIT_01s0010g03600,340,0.1643,Rubber elongation factor (REF),,,,
359,VIT_17s0000g08440,330,0.1608,Unknown protein,,,,
360,VIT_18s0001g01730,330,0.1596,Shikimate kinase,E2_7_1_71,,vv10400Phenylalanine_tyrosine_and_tryptophan_biosynthesis,
361,VIT_16s0098g01730,323,0.1562,RWP-RK domain-containing protein,RWPRKDOM_6,,vv60052RWP-RK,
362,VIT_07s0005g00410,322,0.1554,Glycosyl hydrolase family 1 protein,,,,
363,VIT_08s0007g08110,317,0.1540,1-acyl-sn-glycerol-3-phosphate acyltransferase,E2_3_1_51,,vv10561Glycerolipid_metabolism,vv10564Glycerophospholipid_metabolism
364,VIT_07s0005g00830,319,0.1536,Subtilisin protease,,,,
365,VIT_13s0156g00190,315,0.1530,No hit,,,,
366,VIT_02s0012g01870,315,0.1528,No hit,,,,
367,VIT_00s0532g00070,312,0.1512,CRK10 (cysteine-rich RLK10); kinase,,,,
368,VIT_09s0002g01650,305,0.1480,5'-nucleotidase surE,E3_1_3_5,,vv10230Purine_metabolism,vv10240Pyrimidine_metabolism
369,VIT_02s0025g01410,305,0.1477,Acyl-CoA synthetase long-chain member 2,E6_2_1_3_LACS2,,vv10071Fatty_acid_metabolism,vv44146Peroxisome
370,VIT_05s0062g01180,301,0.1453,Importin beta-2,K14293_2,,vv23013RNA_transport,vv50109Incompletely_characterized_transport_systems
371,VIT_09s0070g01030,299,0.1446,AAA-type ATPase,,,,
372,VIT_12s0034g00940,298,0.1439,Proteasome 26S regulatory subunit (RPN6),K03036,,vv23050Proteasome,
373,VIT_01s0182g00130,290,0.1406,PHO1-like protein,PHO1,,vv50125Porters_cat_66_to_94,
374,VIT_16s0022g02350,289,0.1405,ACI13,,,,
375,VIT_11s0052g00800,289,0.1400,Protein kinase family,,,,
376,VIT_14s0006g02990,283,0.1366,3-ketoacyl-CoA synthase,,,,
377,VIT_18s0041g01480,276,0.1342,No hit,,,,
378,VIT_08s0007g03920,276,0.1329,DEMETER protein (DME),,,,
379,VIT_05s0051g00900,273,0.1318,No hit,,,,
380,VIT_13s0047g00360,265,0.1287,6-hydroxyisobutyryl-coenzyme A hydrolase,E3_1_2_4,,vv10280Valine_leucine_and_isoleucine_degradation,vv10410Beta-alanine_metabolism
381,VIT_19s0014g04540,265,0.1287,S-locus protein kinase,,,,
382,VIT_00s2839g00010,266,0.1286,No hit,,,,
383,VIT_08s0040g01640,263,0.1282,Telomere repeat binding factor like TRFL8,TRFL8,,vv60045MYBrelated,
384,VIT_03s0063g02490,259,0.1252,Glucan endo-1 3-beta-glucosidase 7 precursor,E3_2_1_39,,vv10500Starch_and_sucrose_metabolism,
385,VIT_06s0004g07100,260,0.1251,Translation initiation factor eIF-2 alpha subunit,K03237,,vv23013RNA_transport,
386,VIT_07s0031g01690,256,0.1233,No hit,,,,
387,VIT_05s0020g01980,254,0.1221,Acyl carrier protein  mitochondrial 3,K02078,,vv50134Primary_active_transporter_cat_D1,
388,VIT_17s0000g02700,251,0.1211,Alpha-dioxygenase 2,K10529,,vv10592alpha-Linolenic_acid_metabolism,
389,VIT_00s0561g00010,247,0.1201,Unknown,,,,
390,VIT_15s0046g00850<br>VIT_19s0138g00070<br>VIT_05s0062g01300,244,0.1187,
391,VIT_12s0035g02090,243,0.1180,Leucine-rich repeat family protein,,,,
392,VIT_09s0002g04890,243,0.1177,R protein  PRF  disease resistance protein,K13453,,vv34627R_proteins_from_Plant-pathogen_interaction,
393,VIT_11s0016g03250,242,0.1177,Lachrymatory factor synthase,,,,
394,VIT_15s0046g00520,242,0.1170,Wax synthase,E2_3_1_75,,vv11000Single_reactions,
395,VIT_08s0007g05350,239,0.1155,Haloacid dehalogenase hydrolase,E3_1_3_18,,vv10630Glyoxylate_and_dicarboxylate_metabolism,
396,VIT_09s0018g00330,238,0.1140,No hit,,,,
397,VIT_19s0015g02690,234,0.1134,Glutathione S-transferase 25 GSTU25,E2_5_1_18_GSTU25,,vv10480Glutathione_metabolism,
398,VIT_11s0065g01060,232,0.1125,fasciclin arabinogalactan-protein (FLA7),FLA7,,vv40006Cell_wall,
399,VIT_11s0065g00130,231,0.1117,Taxane 10-beta-hydroxylase,E1_14_13_76,,vv10904Diterpenoid_biosynthesis,
400,VIT_04s0008g06000,230,0.1112,Ethylene-responsive transcription factor ERF003,ERF003_2,VvERF045,vv30008Ethylene_signaling,vv60003AP2_EREBP
401,VIT_15s0046g02410,227,0.1095,Aquaporin TMP-C,TMPC,,vv50101Channels_and_pores,
402,VIT_03s0038g01180<br>VIT_03s0038g01260,224,0.1088,
403,VIT_03s0088g00270,225,0.1085,No hit,,,,
404,VIT_08s0007g05760,226,0.1084,No hit,,,,
405,VIT_16s0013g01730,221,0.1067,Receptor Like Protein 35,,,,
406,VIT_04s0008g02920,219,0.1060,Desiccation protein PCC13-62 precursor,,,,
407,VIT_04s0044g01790,218,0.1058,Ribosome assembly protein 1,K14536,,vv23008Ribosome_biogenesis_in_Eukaryotes,
408,VIT_13s0067g03890,216,0.1045,Beta-ketoacyl-CoA synthase,E2_3_1_41,,vv10061Fatty_acid_biosynthesis,
409,VIT_06s0061g00620,214,0.1038,Short-chain dehydrogenase carbonyl reductase 3,,,,
410,VIT_15s0046g02620,205,0.0985,Beta-amylase 9 BMY9,E3_2_1_2,,vv10500Starch_and_sucrose_metabolism,
411,VIT_04s0023g03370,202,0.0983,Flavonone- 3-hydroxylase,E1_14_11_9,,vv10941Flavonoid_biosynthesis,
412,VIT_18s0089g00010,201,0.0975,Disease resistance protein,,,,
413,VIT_13s0106g00250,199,0.0962,Carboxylic ester hydrolase,E3_1_1_1,,,
414,VIT_09s0002g02170,198,0.0960,No hit,,,,
415,VIT_07s0129g00070<br>VIT_07s0129g00150,194,0.0932,
416,VIT_14s0006g01020,191,0.0930,THO complex subunit 4,K12881,,vv23013RNA_transport,vv23015mRNA_surveillance_pathway
417,VIT_02s0087g00630,192,0.0928,Alcohol oxidase,E1_1_3_13,,vv10680Methane_metabolism,
418,VIT_05s0049g00010,191,0.0924,Cellulose synthase CSLG2,E2_4_1_12_CSLG2,,vv40006Cell_wall,
419,VIT_04s0008g06310,188,0.0906,Octicosapeptide/Phox/Bem1p (PB1) domain-containing protein,BEM1P,,vv50132Primary_active_transporter_cat_A5_to_A8,
420,VIT_05s0062g00820,188,0.0899,Unknown protein,,,,
421,VIT_00s2752g00010,185,0.0893,DWARF1/DIMINUTO,E1_3_1_72,,vv10100Biosynthesis_of_steroids,
422,VIT_03s0091g00210,182,0.0881,Ethylene-responsive protein,ERUNK_4,,vv30008Ethylene_signaling,vv60011BHLH
423,VIT_00s0245g00010,182,0.0878,Integral membrane protein,,,,
424,VIT_06s0080g00050,181,0.0876,ABC transporter G member 22,ABCG22,,vv52010ABC_transporters,
425,VIT_02s0025g01730,181,0.0875,3-oxoacyl-[acyl-carrier-protein] synthase,E2_3_1_41,,vv10061Fatty_acid_biosynthesis,
426,VIT_18s0001g01470,179,0.0863,No hit,,,,
427,VIT_14s0068g02040,177,0.0860,Gda-1,,,,
428,VIT_00s2776g00010,175,0.0850,S-locus lectin protein kinase,,,,
429,VIT_03s0038g02380,175,0.0847,RAC G-protein Rac1,RAC1,,vv34020Calcium_signaling_pathway,
430,VIT_07s0031g01670,174,0.0843,CYP96A10,,,,
431,VIT_01s0011g05420,171,0.0827,Fw2.2 ORFX,,,,
432,VIT_18s0001g11160,171,0.0826,Unknown protein,,,,
433,VIT_05s0020g04440,169,0.0813,Unknown protein,,,,
434,VIT_15s0021g02110,169,0.0812,AP2 domain-containing transcription factor TINY,TINY_8,VvERF029,vv30008Ethylene_signaling,vv60003AP2_EREBP
435,VIT_04s0008g06300,168,0.0812,Leucine-rich repeat family,,,,
436,VIT_12s0142g00550,167,0.0806,R protein L6,K13477,,vv34627R_proteins_from_Plant-pathogen_interaction,
437,VIT_13s0074g00520,166,0.0805,ATP-dependent RNA helicase,,,,
438,VIT_03s0063g00360,167,0.0803,Glycoprotein 3-alpha-L-fucosyltransferase,E2_4_1_214,,vv11030Glycan_structures-biosynthesis1,
439,VIT_00s0160g00220,164,0.0795,Unknown protein,,,,
440,VIT_06s0080g00040,162,0.0783,ABC transporter G member 22,ABCG22,,vv52010ABC_transporters,
441,VIT_18s0001g13150,161,0.0782,BEL1 homeotic protein 3,BLH3,VvHB68,vv60034HB,
442,VIT_06s0009g01420,159,0.0766,Protease inhibitor/seed storage/lipid transfer protein (LTP),,,,
443,VIT_19s0090g00840,156,0.0750,WRKY DNA-binding protein 6,WRKY6_2,VvWRKY55,vv60066WRKY,
444,VIT_05s0077g01450,154,0.0749,GATA transcription factor 16,GAT16_1,,vv60016C2C2-GATA,
445,VIT_05s0077g01210,151,0.0732,Dihydrolipoyl dehydrogenase,E1_8_1_4,,vv10010Glycolysis,vv10020Citrate_cycle
446,VIT_10s0092g00010,144,0.0699,Unknown protein,,,,
447,VIT_09s0002g02690,144,0.0698,3'-5' exonuclease domain-containing protein,K01146,,,
448,VIT_18s0001g15610,144,0.0695,Unknown,,,,
449,VIT_11s0016g00290,143,0.0688,Pectinesterase PME3,E3_1_1_11,,vv40006Cell_wall,
450,VIT_12s0028g03960,142,0.0687,Ankyrin repeat protein family,K10380,,vv50108Accessory_factors_involved_in_transport,
451,VIT_16s0039g01910,142,0.0687,Vegetative storage protein win4.5,,,,
452,VIT_03s0038g02020,141,0.0683,Amidase,E3_5_1_4,,vv10220Urea_cycle_and_metabolism_of_amino_groups,vv10360Phenylalanine_metabolism
453,VIT_10s0042g01020,140,0.0677,Isochorismatase,E3_3_2_1,,vv10130Ubiquinone_biosynthesis,
454,VIT_18s0001g03090,139,0.0673,Aspartyl protease,E3_4_23_x,,,
455,VIT_08s0007g02700,138,0.0667,Secoisolariciresinol dehydrogenase,SIRD,,vv10940Phenylpropanoid_biosynthesis,
456,VIT_11s0206g00100,138,0.0665,Unknown protein,,,,
457,VIT_10s0116g00920,137,0.0664,CERK1 (chitin elicitor receptor kinase 1),K13429,,vv34626Plant-pathogen_interaction,
458,VIT_14s0068g00150,136,0.0662,No hit,,,,
459,VIT_18s0089g00510,134,0.0648,Isopentenyltransferase 1,E2_5_1_27,,vv10908Zeatin_biosynthesis,
460,VIT_09s0002g02220,133,0.0640,Protein kinase CDG1,,,,
461,VIT_10s0071g00170,133,0.0639,Phosphatidylinositol 3- and 4-kinase / ubiquitin,,,,
462,VIT_03s0017g00540,132,0.0636,Subtilase,,,,
463,VIT_13s0064g01040,131,0.0635,No hit,,,,
464,VIT_06s0004g00230,130,0.0630,WRKY DNA-binding protein 48,WRKY48_2,VvWRKY15,vv60066WRKY,
465,VIT_07s0031g01810,130,0.0627,Unknown protein,,,,
466,VIT_16s0022g02080,128,0.0623,Exostosin family protein,K02366,,vv11030Glycan_structures-biosynthesis1,
467,VIT_01s0150g00260,129,0.0620,Zinc finger (C3HC4-type ring finger),ZFC3HC4_2,,vv60078Other_zf-C3HC4,
468,VIT_11s0065g00360,128,0.0619,Acetyl-CoA carboxylase  biotin carboxylase subunit (CAC2),E6_4_1_2,,vv10061Fatty_acid_biosynthesis,vv10620Pyruvate_metabolism
469,VIT_14s0066g01730,127,0.0614,Cellulose synthase CSLC04,E2_4_1_12_CSLC04,,vv40006Cell_wall,
470,VIT_17s0000g02410,125,0.0608,Cold-induced wall associated kinase,,,,
471,VIT_10s0003g00780,125,0.0605,Glutamate receptor 3.4,GLR3_4,,vv50101Channels_and_pores,
472,VIT_18s0041g00100,124,0.0602,Unknown protein,,,,
473,VIT_00s2037g00010,125,0.0600,Unknown,,,,
474,VIT_02s0025g00560,120,0.0580,Glycoside hydrolase  family 5,,,,
475,VIT_17s0000g02680,118,0.0567,ABA glucosidase,ABAGLC,,vv11013ABA_biosynthesis,
476,VIT_18s0001g08410,117,0.0565,Homeobox-leucine zipper protein 22,HAT22_2,VvHB64,vv60034HB,
477,VIT_14s0171g00390,117,0.0564,DNA-binding storekeeper protein,STOREKEEPER_1,,vv60030GeBP,
478,VIT_11s0016g00630,116,0.0561,DEAD-box ATP-dependent RNA helicase 17,RH17,,vv23040Spliceosome,vv50133Primary_active_transporter_cat_A9_to_A18
479,VIT_01s0011g00640,111,0.0539,Hcr2-0B,,,,
480,VIT_08s0007g00890,111,0.0537,Tropinone reductase,E1_1_1_206,,vv10220Urea_cycle_and_metabolism_of_amino_groups,
481,VIT_03s0017g01740,111,0.0536,Annexin ANN3,ANN3,,vv50101Channels_and_pores,
482,VIT_19s0014g01470,111,0.0536,Thioredoxin TTL1 (Tetratricopetide-repeat thioredoxin-like 1),TTL1,,vv50132Primary_active_transporter_cat_A5_to_A8,
483,VIT_13s0019g02460,106,0.0516,Proton-dependent oligopeptide transport (POT) family protein,POT,VvHB45,vv50122Porters_cat_7_to_17,
484,VIT_14s0066g01790,105,0.0509,GASA like,GASAL,,vv30010Gibberellin_signaling,
485,VIT_13s0067g03470,105,0.0505,Glutathione S-transferase GSTO1,E2_5_1_18_GSTO1,,vv10480Glutathione_metabolism,
486,VIT_05s0051g00230,103,0.0500,R protein L6,K13477,,vv34627R_proteins_from_Plant-pathogen_interaction,
487,VIT_16s0098g01870,103,0.0499,SOS3 (salt overly sensitive 3),E3_1_3_16,,,
488,VIT_01s0010g03500,103,0.0498,No hit,,,,
489,VIT_04s0044g00440,103,0.0498,MTN21,MTN21,,vv50122Porters_cat_7_to_17,
490,VIT_04s0023g01600,102,0.0495,Membrane protein,,,,
491,VIT_13s0067g01590,97,0.0472,Lectin protein kinase,,,,
492,VIT_12s0134g00350,97,0.0470,Zinc finger (C3HC4-type ring finger),ZFC3HC4_228,,vv60078Other_zf-C3HC4,
493,VIT_02s0025g00750,96,0.0463,Pinoresinol forming dirigent protein,DIRPR,,vv10940Phenylpropanoid_biosynthesis,
494,VIT_19s0015g00530,95,0.0460,fasciclin arabinogalactan-protein (FLA1),FLA1,,vv40006Cell_wall,
495,VIT_10s0042g01010,94,0.0455,CYP714A1,,,,
496,VIT_18s0122g00590,93,0.0450,DNA-binding protein,,,,
497,VIT_19s0027g00860,92,0.0446,NAC domain-containing protein 42,NAC042_2,VvNAC31,vv60046NAC,
498,VIT_06s0004g06960,91,0.0437,BCL2 binding anthogene,,,,
499,VIT_14s0060g00410,90,0.0435,EDA32 (embryo sac development arrest 32),,,,
500,VIT_19s0014g00760,89,0.0428,Unknown,,,,
501,VIT_13s0019g01260,88,0.0426,Enoyl reductase,K10258,,vv11040Biosynthesis_of_unsaturated_fatty_acids,
502,VIT_00s0665g00020,87,0.0422,Carrier protein  Mitochondrial,K03454,,vv50123Porters_cat_18_to_29,
503,VIT_18s0001g06010,85,0.0413,Hydrolase  alpha/beta fold,,,,
504,VIT_09s0002g08230,85,0.0410,PTAC17 (plastid transcriptionally active17),PTAC17,,,
505,VIT_01s0026g02040,85,0.0410,No hit,,,,
506,VIT_18s0001g09700,85,0.0409,F-box protein GID2,,,,
507,VIT_04s0008g01800,84,0.0407,Myb domain protein 7,MYB7_3,MYBPA7,vv60044MYB,
508,VIT_09s0002g02980,84,0.0405,FRK1 (FLG22-induced receptor-like kinase 1),FRK1,,vv34626Plant-pathogen_interaction,
509,VIT_12s0057g00930,83,0.0399,Hydroxycinnamoyl-CoA:shikimate hydroxycinnamoyltransferase,E2_3_1_133,,vv10940Phenylpropanoid_biosynthesis,
510,VIT_15s0024g01320,82,0.0399,No hit,,,,
511,VIT_11s0016g03880,82,0.0397,Receptor protein kinase PERK1,,,,
512,VIT_10s0116g01850,80,0.0386,Unknown protein,,,,
513,VIT_12s0028g01160,79,0.0382,Transparent testa 12 protein,TT12,,vv50125Porters_cat_66_to_94,
514,VIT_16s0098g01600,78,0.0377,No hit,,,,
515,VIT_01s0010g01810,77,0.0375,Tetratricopeptide repeat (TPR)-containing,,,,
516,VIT_08s0007g00690,77,0.0371,Laccase,E1_10_3_2,,vv11000Single_reactions,vv50109Incompletely_characterized_transport_systems
517,VIT_07s0005g05270,75,0.0363,RNA polymerase beta subunit [Vitis vinifera],K03043,,vv23020RNA_polymerase,
518,VIT_05s0020g01820,75,0.0362,Integral membrane family protein UPF0497,,,,
519,VIT_04s0044g00010,75,0.0361,Unknown,,,,
520,VIT_07s0031g01890,74,0.0359,No hit,,,,
521,VIT_00s0216g00020,74,0.0358,Glycosyl transferase family 8 protein,,,,
522,VIT_15s0046g00710,71,0.0342,Wax synthase,E2_3_1_75,,vv11000Single_reactions,
523,VIT_14s0060g00900,69,0.0334,Unknown protein,,,,
524,VIT_09s0002g05110,68,0.0330,EMB2753,,,,
525,VIT_10s0071g01210,68,0.0329,No hit,,,,
526,VIT_04s0008g04790,68,0.0328,ABC transporter g family pleiotropic drug resistance 12 PDR12,ABCGPDR12,,vv52010ABC_transporters,
527,VIT_04s0008g02250,67,0.0324,Beta-ketoacyl-CoA synthase,E2_3_1_41,,vv10061Fatty_acid_biosynthesis,
528,VIT_17s0000g03070,67,0.0321,R protein MLA10,K13475,,vv34627R_proteins_from_Plant-pathogen_interaction,
529,VIT_13s0106g00170,66,0.0320,Cig3,K14409,,vv23015mRNA_surveillance_pathway,vv30007Cytokinin_signaling
530,VIT_12s0055g00730,65,0.0314,ATATH2 (ABC2 homolog 2),ATH2,,vv52010ABC_transporters,
531,VIT_18s0001g10120,64,0.0309,SPla/RYanodine receptor (SPRY) domain-containing protein,,,,
532,VIT_09s0054g01370,64,0.0308,Beta-amyrin synthase,E5_4_99_BAS,,vv10900Terpenoid_biosynthesis,
533,VIT_01s0137g00510,63,0.0307,CYP71B10,CYP71B10,,vv10940Phenylpropanoid_biosynthesis,
534,VIT_18s0001g06410,62,0.0299,Ribosomal protein 60S,,,,
535,VIT_07s0005g01180,60,0.0291,Unknown protein,,,,
536,VIT_16s0100g00880,60,0.0289,Stilbene synthase [Vitis pseudoreticulata],E2_3_1_95,,vv10940Phenylpropanoid_biosynthesis,
537,VIT_00s0269g00020<br>VIT_00s0174g00110,60,0.0289,
538,VIT_02s0012g00890,58,0.0282,Unknown protein,,,,
539,VIT_19s0027g01550,57,0.0276,Disease resistance protein (CC-NBS-LRR class),,,,
540,VIT_19s0014g05000,57,0.0275,Zinc finger (C2H2 type) family,C2H2FAM_16,,vv60017C2H2,
541,VIT_12s0057g00820,56,0.0271,Leucine-rich repeat,,,,
542,VIT_12s0028g00310,56,0.0271,Protein kinase family,,,,
543,VIT_12s0059g02130,56,0.0271,F-box family protein,,,,
544,VIT_02s0025g03150,56,0.0271,Nuclear pore complex protein Nup98-Nup96,K14297,,vv23013RNA_transport,vv50109Incompletely_characterized_transport_systems
545,VIT_14s0068g02230,55,0.0266,No hit,,,,
546,VIT_18s0072g00580<br>VIT_11s0065g00040,55,0.0265,
547,VIT_09s0002g06770,53,0.0255,Unknown protein,,,,
548,VIT_09s0002g06060,50,0.0242,U3 small nucleolar RNA-associated protein 5,K14546,,vv23008Ribosome_biogenesis_in_Eukaryotes,
549,VIT_13s0074g00420,50,0.0242,Unknown,,,,
550,VIT_03s0063g02650,50,0.0241,Hydrolase  alpha/beta fold,,,,
551,VIT_17s0000g03750,49,0.0237,Chitin elicitor-binding CEBIP LysM domain-containing,K13473,,vv34626Plant-pathogen_interaction,
552,VIT_05s0094g01470,49,0.0236,Poly(ADP-ribose) like glycohydrolase,E3_2_1_143,,,
553,VIT_19s0177g00340,48,0.0232,Unknown protein,,,,
554,VIT_04s0023g01060,47,0.0228,Proton gradient regulation 3,PGR3,,,
555,VIT_02s0033g00660<br>VIT_02s0033g00850<br>VIT_02s0033g00870<br>VIT_02s0033g00800,47,0.0228,
556,VIT_02s0012g01180,46,0.0223,Unknown protein,,,,
557,VIT_05s0102g00880,46,0.0223,Strictosidine synthase,E4_3_3_2,,vv10900Terpenoid_biosynthesis,vv10902Monoterpenoid_biosynthesis
558,VIT_19s0027g01810,46,0.0222,Invertase/pectin methylesterase inhibitor,PMEI,,vv40006Cell_wall,
559,VIT_07s0005g02440,46,0.0222,Pectinacetylesterase,PAE,,vv40006Cell_wall,
560,VIT_07s0031g01120,45,0.0219,Ascorbate oxidase,E1_10_3_3,,vv10053Ascorbate_and_aldarate_metabolism,vv50109Incompletely_characterized_transport_systems
561,VIT_00s0384g00020,45,0.0217,Basic helix-loop-helix (bHLH) family,BHLHDOM_93,,vv60011BHLH,
562,VIT_18s0122g00950,44,0.0214,Unknown protein,,,,
563,VIT_19s0014g04490,44,0.0213,S-locus protein kinase,,,,
564,VIT_00s0160g00350,44,0.0213,Pentatricopeptide repeat-containing protein,,,,
565,VIT_17s0000g02660,44,0.0212,Myb domain protein 6,MYB6_2,MYBC2-L2,vv60044MYB,
566,VIT_13s0019g05010,44,0.0211,Nodulin-like protein,,,,
567,VIT_01s0011g02610,44,0.0211,No hit,,,,
568,VIT_14s0108g00890,43,0.0209,Beta-1 3-galactosyltransferase,K07819,,vv10602Glycosphingolipid_biosynthesis,
569,VIT_15s0107g00380,43,0.0208,Basic helix-loop-helix (bHLH) family,BHLHDOM_10,,vv60011BHLH,
570,VIT_05s0077g00530,43,0.0207,Unknown protein,,,,
571,VIT_10s0003g00420,43,0.0207,Auxin response factor 3,ARF3_2,,vv30003Auxin_signaling,vv60004ARF
572,VIT_13s0019g00410,43,0.0207,No hit,,,,
573,VIT_16s0050g01650,43,0.0207,Unknown,,,,
574,VIT_09s0002g00790,40,0.0193,Beta-ketoacyl-ACP synthase II,E2_3_1_41,,vv10061Fatty_acid_biosynthesis,
575,VIT_17s0000g05890,40,0.0193,Protein kinase APK1B,,,,
576,VIT_11s0016g01160,40,0.0193,GCN5 N-acetyltransferase (GNAT),GCN5_3,,vv60082GNAT,
577,VIT_01s0011g05200,40,0.0193,Phosphoethanolamine N-methyltransferase 1,E2_1_1_103,,vv10564Glycerophospholipid_metabolism,
578,VIT_15s0046g00010,40,0.0193,No hit,,,,
579,VIT_19s0015g02420,39,0.0189,Serine/threonine-protein kinase receptor ARK3,,,,
580,VIT_18s0001g14040,38,0.0183,Endo-1 4-beta-glucanase,E3_2_1_4,,vv40006Cell_wall,
581,VIT_19s0014g04080,37,0.0179,Serine/threonine-protein kinase receptor ARK3,,,,
582,VIT_02s0109g00430,37,0.0178,Nitrilase 4 (NIT4),K13035,,vv10910Nitrogen_metabolism,
583,VIT_06s0004g03180,36,0.0175,Zinc finger (FYVE type),SIZ1_1,,vv30009Flower_development,vv60048PHD
584,VIT_02s0025g03760,36,0.0174,Myosin-related,MYOSINR,,vv44810Regulation_of_actin_cytoskeleton,
585,VIT_05s0062g00520,36,0.0174,UDP-glucose:flavonoid 7-O-glucosyltransferase,E2_4_1_237,,vv10941Flavonoid_biosynthesis,
586,VIT_18s0041g00420,36,0.0173,Patellin-5,,,,
587,VIT_01s0146g00190,35,0.0170,TPD1 (tapetum determinant 1),,,,
588,VIT_19s0014g02450,35,0.0169,ALF5 (Aberrant lateral root formation 5),ALF5,,vv50125Porters_cat_66_to_94,
589,VIT_01s0011g00420,34,0.0164,RPK1 (receptor-like protein kinase 1),,,,
590,VIT_01s0010g02350,34,0.0164,Protein phosphatase 2 (formerly 2A)  regulatory subunit B',K11584,,vv23015mRNA_surveillance_pathway,
591,VIT_15s0021g00710,34,0.0163,No hit,,,,
592,VIT_12s0028g04010,33,0.0160,Ankyrin repeat family,K10380,,vv50108Accessory_factors_involved_in_transport,
593,VIT_19s0015g00590,33,0.0159,Leafy cotyledon1-like protein,L1L_3,,vv60021CCAAT,
594,VIT_14s0068g02240,33,0.0158,HcrVf1 protein,K13466,,vv34626Plant-pathogen_interaction,
595,VIT_14s0068g01300,31,0.0151,Serine palmitoyltransferase,E2_3_1_50,,vv10600Sphingolipid_metabolism,
596,VIT_07s0104g01410,31,0.0150,OTU cysteine protease,,,,
597,VIT_14s0060g01850,31,0.0149,Unknown,,,,
598,VIT_10s0071g00230,31,0.0148,HcrVf1 protein,,,,
599,VIT_18s0122g01400,30,0.0146,Exostosin family protein,K02366,,vv11030Glycan_structures-biosynthesis1,
600,VIT_01s0137g00240,30,0.0145,Pectate lyase,E4_2_2_2,,vv40006Cell_wall,
601,VIT_11s0016g04840,30,0.0145,Avr9/Cf-9 rapidly elicited protein 11,,,,
602,VIT_13s0019g01280,29,0.0141,DC1 domain-containing protein,,,,
603,VIT_19s0014g04090<br>VIT_10s0071g00450<br>VIT_10s0071g00440<br>VIT_19s0015g02410<br>VIT_19s0014g04160,29,0.0141,
604,VIT_10s0003g03600<br>VIT_10s0003g03520,29,0.0140,
605,VIT_03s0063g00670,29,0.0140,Cyclin-dependent kinase inhibitor ICK5,ICK5,,vv44110Cell_cycle,
606,VIT_06s0009g00580,29,0.0140,Receptor protein kinase,,,,
607,VIT_15s0021g00530,29,0.0140,Unknown protein,,,,
608,VIT_17s0000g02830,28,0.0136,R protein MLA10,K13475,,vv34627R_proteins_from_Plant-pathogen_interaction,
609,VIT_00s0163g00060,28,0.0136,Zinc finger (C3HC4-type ring finger),ZFC3HC4_229,,vv60078Other_zf-C3HC4,
610,VIT_00s0174g00010,28,0.0135,No hit,,,,
611,VIT_00s0286g00040,28,0.0134,S-locus protein kinase,,,,
612,VIT_11s0118g00180,27,0.0131,HHP1 (heptahelical protein 1),,,,
613,VIT_04s0008g05960,27,0.0130,Unknown protein,,,,
614,VIT_07s0005g05180,26,0.0126,No hit,,,,
615,VIT_13s0067g01180,26,0.0125,Leaf senescence related,,,,
616,VIT_02s0109g00390,25,0.0121,N-hydroxycinnamoyl/benzoyltransferase 5,,,,
617,VIT_17s0000g01700,25,0.0121,Leucine-rich repeat transmembrane protein kinase,,,,
618,VIT_07s0141g00240,24,0.0116,NADH dehydrogenase (ubiquinone) flavoprotein 2,K03943,,vv10190Oxidative_phosphorylation,vv50134Primary_active_transporter_cat_D1
619,VIT_09s0018g01780,24,0.0116,ACT domain repeat 1 (ACR1) uridylyltransferase,,,,
620,VIT_09s0096g00220,24,0.0116,No hit,,,,
621,VIT_19s0014g04170,24,0.0115,Curculin (mannose-binding) lectin,,,,
622,VIT_13s0067g02080<br>VIT_01s0026g00060<br>VIT_00s2146g00010<br>VIT_03s0088g00350<br>VIT_09s0002g08500<br>VIT_15s0021g01830<br>VIT_03s0091g00030<br>VIT_02s0033g01200,22,0.0107,
623,VIT_06s0004g03130,22,0.0106,Auxin response factor 4,ARF4,,vv30003Auxin_signaling,vv60004ARF
624,VIT_17s0000g04820,22,0.0106,BSD domain-containing protein,BSDDOM_7,,vv60075Other_BSD,
625,VIT_16s0100g00050,22,0.0106,Protein kinase,,,,
626,VIT_16s0039g02170,22,0.0106,D-xylose-proton symporter-like 2,XYLL2,,vv50121Porters_cat_1_to_6,
627,VIT_05s0062g00480<br>VIT_05s0062g00610,22,0.0106,
628,VIT_14s0060g00680,22,0.0106,Lipase GDSL,,,,
629,VIT_07s0031g00320,22,0.0106,Curly leaf PHCLF1,CLF1_1,,vv30009Flower_development,vv60056SET_PCG
630,VIT_00s0207g00220,21,0.0102,Cold acclimation protein,,,,
631,VIT_16s0039g01670,21,0.0102,Cinnamoyl-CoA reductase,E1_2_1_44,,vv10940Phenylpropanoid_biosynthesis,
632,VIT_18s0001g15680,21,0.0102,Cellulase,E3_2_1_4,,vv40006Cell_wall,
633,VIT_16s0050g02060,21,0.0102,Receptor kinase homolog LRK10,,,,
634,VIT_09s0096g00130,21,0.0102,Pirin,K06911,,,
635,VIT_07s0005g05660,21,0.0101,F-box/kelch-repeat protein,,,,
636,VIT_16s0022g00370,21,0.0101,GDP-mannose transporter (GONST1),GONST1,,vv50122Porters_cat_7_to_17,
637,VIT_09s0002g06780,21,0.0101,Unknown protein,,,,
638,VIT_00s0194g00210<br>VIT_00s0194g00250,21,0.0101,
639,VIT_05s0094g00750,21,0.0101,Stearoyl-CoA 9-desaturase,E1_14_19_1,,vv11040Biosynthesis_of_unsaturated_fatty_acids,
640,VIT_11s0016g02050,21,0.0101,Nucleosome assembly protein (NAP1),,,,
641,VIT_08s0056g01070,20,0.0097,MATE efflux family protein,MATE,,vv50125Porters_cat_66_to_94,
642,VIT_11s0052g00490,20,0.0097,No hit,,,,
643,VIT_12s0034g02290,20,0.0097,CC-NBS-LRR class,,,,
644,VIT_07s0205g00070,20,0.0096,Phosphoenolpyruvate carboxykinase,E4_1_1_49,,vv10020Citrate_cycle,vv10620Pyruvate_metabolism
645,VIT_00s0181g00230,19,0.0092,LSD ONE like 2,LOL2,,,
646,VIT_14s0060g00110,19,0.0092,Glutamyl-tRNA synthetase  cytoplasmic,E6_1_1_17,,vv10860Porphyrin_and_chlorophyll_metabolism,vv20970Aminoacyl-tRNA_biosynthesis
647,VIT_05s0049g01450,19,0.0092,No hit,,,,
648,VIT_06s0004g07220,19,0.0092,Indole-3-acetate beta-glucosyltransferase,E2_4_1_121,,vv11002Auxin_biosynthesis,
649,VIT_03s0063g00030,19,0.0092,Unknown protein,,,,
650,VIT_11s0103g00210,19,0.0091,F-box family protein,,,,
651,VIT_00s0259g00010,19,0.0091,Unknown,,,,
652,VIT_07s0005g00450,18,0.0088,Unknown protein,,,,
653,VIT_05s0062g00430,18,0.0087,UDP-glucose:flavonoid 7-O-glucosyltransferase,E2_4_1_237,,vv10941Flavonoid_biosynthesis,
654,VIT_12s0034g01140,18,0.0087,Plastocyanin domain-containing protein,K02638,,vv10195Photosynthesis,vv50113Thylakoid_targeting_pathway
655,VIT_00s0267g00050,18,0.0087,No hit,,,,
656,VIT_03s0063g01910,18,0.0087,Integral membrane protein,,,,
657,VIT_00s1663g00010,17,0.0082,No hit,,,,
658,VIT_15s0046g00500,17,0.0082,Wax synthase,E2_3_1_75,,vv11000Single_reactions,
659,VIT_03s0110g00100,17,0.0082,CYP86A8,,,,
660,VIT_12s0059g02290,16,0.0078,Unknown protein,,,,
661,VIT_18s0086g00230,16,0.0077,Unknown protein,,,,
662,VIT_12s0055g01240,16,0.0077,P-glycoprotein 11,PGP11,,vv52010ABC_transporters,
663,VIT_04s0008g04470,16,0.0077,Zinc finger  SWIM-type,ZFSWIM_8,,vv60074Orphans_zf-SWIM,
664,VIT_12s0059g00240,16,0.0077,Epoxide hydrolase,E3_3_2_10,,,
665,VIT_11s0016g03660,16,0.0077,Glucose transporter 2 plastidic,PGTR2,,vv50121Porters_cat_1_to_6,
666,VIT_00s0227g00060,15,0.0073,WD-40 repeat protein,,,,
667,VIT_00s0409g00050,15,0.0073,Receptor-like serine-threonine protein kinase,,,,
668,VIT_16s0050g02020<br>VIT_16s0050g02030,15,0.0072,
669,VIT_00s0179g00110,15,0.0072,Protein phosphatase 2C,,,,
670,VIT_18s0166g00080,14,0.0067,ABC transporter G member 4,K05680,,vv52010ABC_transporters,
671,VIT_19s0014g00020,14,0.0067,ATP-dependent Clp protease ATP-binding subunit (ClpA),K03694,,vv50109Incompletely_characterized_transport_systems,
672,VIT_18s0001g06690,13,0.0063,Gibberellin 20 oxidase 2,E1_14_11_12,,vv10904Diterpenoid_biosynthesis,
673,VIT_03s0038g03460,13,0.0063,Auxin-induced SAUR,SAUR,,vv30003Auxin_signaling,
674,VIT_05s0077g01250,13,0.0063,Endochitinase A2 precursor,E3_2_1_14,,vv10530Aminosugars_metabolism,
675,VIT_08s0007g04950,13,0.0063,Xyloglucan endotransglucosylase/hydrolase 32,E2_4_1_207,,vv40006Cell_wall,
676,VIT_08s0007g00160,13,0.0063,Glycosyltransferase family 14,,,,
677,VIT_06s0080g01260,12,0.0058,Receptor-like kinase,,,,
678,VIT_14s0128g00160,12,0.0058,Protein kinase CDG1,,,,
679,VIT_02s0033g00540,12,0.0058,No hit,,,,
680,VIT_08s0007g03370,12,0.0058,Unknown protein,,,,
681,VIT_19s0090g00750,12,0.0057,Dihydrolipoamide succinyltransferase,E2_3_1_61,,vv10020Citrate_cycle,
682,VIT_13s0019g05290,12,0.0057,Acyl-CoA binding,,,,
683,VIT_01s0026g02120,11,0.0053,Microtubule end binding protein 1 (EB1),K10436,,vv44810Regulation_of_actin_cytoskeleton,
684,VIT_14s0030g00670,11,0.0053,Dehydroquinate dehydratase,E4_2_1_10,,vv10400Phenylalanine_tyrosine_and_tryptophan_biosynthesis,
685,VIT_14s0060g00240,10,0.0048,Myb domain protein 61,MYB61_2,MYB55B,vv60044MYB,
686,VIT_15s0021g02320,10,0.0048,ABC transporter G member 7,ABCG7,,vv52010ABC_transporters,
687,VIT_09s0070g00980,10,0.0048,Unknown,,,,
688,VIT_00s0218g00100,10,0.0048,Metal transporter Nramp6,NRAMP6,,vv50124Porters_cat_30_to_64,
689,VIT_16s0039g00630,10,0.0048,Dicarboxylate/tricarboxylate carrier,DTC,,vv50123Porters_cat_18_to_29,
690,VIT_10s0003g01770,10,0.0048,Heat shock transcription factor A4A,HSFA4A_1,,vv60037HSF,
691,VIT_06s0004g06890,9,0.0044,Potassium transporter (KUP1),KUP1,,vv50125Porters_cat_66_to_94,
692,VIT_17s0000g01950,9,0.0044,Dihydropyrimidine dehydrogenase,E1_3_1_2,,vv10410Beta-alanine_metabolism,vv10770Pantothenate_and_CoA_biosynthesis
693,VIT_13s0019g05070,9,0.0044,Nodulin family protein,,,,
694,VIT_12s0059g00640,9,0.0044,Beta-1 3-galactosyltransferase sqv-2,K07820,,vv10602Glycosphingolipid_biosynthesis,
695,VIT_18s0001g13920,9,0.0044,Unknown protein,,,,
696,VIT_00s0820g00020,9,0.0044,Anthocyanidine rhamnosyl-transferase,RHATR,,vv10942Anthocyanin_biosynthesis,
697,VIT_08s0007g05330,9,0.0044,EDA7 (embryo sac development arrest 7),,,,
698,VIT_09s0002g06120,9,0.0044,Biotin carboxyl carrier protein of acetyl-CoA carboxylase,E6_4_1_2,,vv10061Fatty_acid_biosynthesis,vv10620Pyruvate_metabolism
699,VIT_04s0023g02650,9,0.0043,CYP90D1 ROT3 (ROTUNDIFOLIA 3) steroid hydroxylase,,,,
700,VIT_16s0022g00720,9,0.0043,Endo-1 4-beta-glucanase,E3_2_1_4,,vv40006Cell_wall,
701,VIT_11s0037g00240,9,0.0043,No hit,,,,
702,VIT_04s0008g00710,9,0.0043,Unknown,,,,
703,VIT_14s0006g02550,9,0.0043,Non-specific lipid-transfer protein 2 (LTP 2),,,,
704,VIT_17s0000g05020,9,0.0043,Squamosa promoter-binding protein 6 (SPL6),SPL6_2,,vv60055SBP,
705,VIT_17s0000g09980,9,0.0043,REF6 (relative of early flowering 6),REF6,,vv30009Flower_development,vv60038Jumonji
706,VIT_12s0028g03900,9,0.0043,No hit,,,,
707,VIT_05s0029g00600,8,0.0039,S-adenosyl-L-methionine-dependent methyltransferase mraW,K03438,,,
708,VIT_09s0002g05700,7,0.0034,Phototropic-responsive NPH3,,,,
709,VIT_11s0016g01300,7,0.0034,TT2 (transparent testa 2),TT2_4,MYBPAR,vv44110Cell_cycle,vv60044MYB
710,VIT_09s0054g00580<br>VIT_09s0054g00570,7,0.0034,
711,VIT_18s0001g06750,7,0.0034,Steroleosin-B,,,,
712,VIT_05s0020g01880,7,0.0034,Unknown protein,,,,
713,VIT_02s0025g01190,7,0.0034,Extra-large G-protein (XLG1),,,,
714,VIT_08s0007g02500,7,0.0034,Transcription termination factor mitochondrial mTERF,MTERF_28,,vv60085MTERF,
715,VIT_04s0023g02700,7,0.0034,Thioredoxin H,,,,
716,VIT_14s0066g00470,7,0.0034,Unknown protein,,,,
717,VIT_18s0041g00730,7,0.0034,Peptide chain release factor eRF subunit 1,K03265,,vv23015mRNA_surveillance_pathway,
718,VIT_13s0067g00200,7,0.0034,No hit,,,,
719,VIT_00s0181g00200<br>VIT_00s0181g00180,7,0.0034,
720,VIT_03s0180g00320,6,0.0029,Indole-3-acetate beta-glucosyltransferase,E2_4_1_121,,vv11002Auxin_biosynthesis,
721,VIT_11s0016g00880,6,0.0029,Strictosidine synthase; Soluble quinoprotein glucose dehydrogenase,E4_3_3_2,,vv10900Terpenoid_biosynthesis,vv10902Monoterpenoid_biosynthesis
722,VIT_08s0007g02920,6,0.0029,ATAN11 (ANTHOCYANIN11),,,,
723,VIT_13s0019g00180,6,0.0029,Unknown,,,,
724,VIT_00s0340g00040,6,0.0029,Beta-hexosaminidase beta chain precursor,E3_2_1_52,,vv10511N-Glycan_degradation,vv10530Aminosugars_metabolism
725,VIT_17s0000g01660,6,0.0029,WD40,,,,
726,VIT_04s0043g00850,6,0.0029,Unknown protein,,,,
727,VIT_15s0046g02140,6,0.0029,Ribosomal protein L46 39S,,,,
728,VIT_13s0073g00140,6,0.0029,Ovate family protein 13 OFP13,OFP13_2,,vv60086OFP,
729,VIT_00s0286g00050,6,0.0029,S-locus protein kinase,,,,
730,VIT_05s0020g02410,6,0.0029,Mo25,K08272,,vv34150mTOR_signaling_pathway,
731,VIT_03s0088g00180,6,0.0029,No hit,,,,
732,VIT_01s0011g04740,6,0.0029,LPR1 (Low Phosphate Root1) multicopper oxidase,,,,
733,VIT_03s0063g00260,6,0.0029,Hydrogenobyrinic acid a c-diamide synthase,E6_3_5_9,,vv50101Channels_and_pores,
734,VIT_02s0025g03100,6,0.0029,Cinnamyl alcohol dehydrogenase,E1_1_1_195,,vv10940Phenylpropanoid_biosynthesis,
735,VIT_18s0001g07920,6,0.0029,Pentatricopeptide (PPR) repeat-containing,,,,
736,VIT_08s0007g07240,6,0.0029,Armadillo helical,,,,
737,VIT_12s0059g00120,6,0.0029,Ankyrin repeat,K10380,,vv50108Accessory_factors_involved_in_transport,
738,VIT_08s0007g00700,6,0.0029,PCS1 (promotion of cell survival1) peptidase,,,,
739,VIT_05s0020g04320,6,0.0029,Pentatricopeptide repeat-containing protein,,,,
740,VIT_08s0058g00350,6,0.0029,OAS high accumulation 1 OSH1,,,,
741,VIT_06s0061g00440,6,0.0029,Heavy-metal-associated domain-containing protein,,,,
742,VIT_11s0037g00810,6,0.0029,Unknown protein,,,,
743,VIT_14s0066g02640,6,0.0029,No hit,,,,
744,VIT_10s0071g00280,6,0.0029,No hit,,,,
745,VIT_01s0010g00560,6,0.0029,Unknown protein,,,,
746,VIT_07s0005g04850,6,0.0029,Alpha-expansin 19,EXPA19,,vv30003Auxin_signaling,
747,VIT_17s0000g02010,6,0.0029,Atypical receptor kinase MARK,,,,
748,VIT_16s0098g01890,6,0.0029,Phosphatidylinositol 3- and 4-kinase / ubiquitin,,,,
749,VIT_01s0011g00960,6,0.0029,RPM1 (resistance to p. syringae pv maculicola 1),K13457,,vv34626Plant-pathogen_interaction,
750,VIT_09s0002g00300,6,0.0029,APUM23 (Arabidopsis PUMILIO 23),,,,
751,VIT_18s0001g01600,6,0.0029,Ankyrin,K10380,,,
752,VIT_03s0063g01450,6,0.0029,VRN1 (reduced vernalization response 1),VRN1_1,,vv30009Flower_development,vv60001ABI3VP1
753,VIT_12s0055g00820,6,0.0029,Serine carboxypeptidase II,,,,
754,VIT_14s0083g00170,6,0.0029,Translation initiation factor eIF-2B delta subunit,K03680,,vv23013RNA_transport,
755,VIT_05s0094g00820,4,0.0019,Unknown protein,,,,
756,VIT_18s0041g00710,4,0.0019,UDP-glucose: anthocyanidin 5 3-O-glucosyltransferase,RHGT1,,vv10942Anthocyanin_biosynthesis,
757,VIT_04s0044g00070,4,0.0019,RAB GDP dissociation inhibitor 1 ATGD1,,,,
758,VIT_00s0286g00110,4,0.0019,S-locus protein kinase,,,,
759,VIT_11s0052g00410,4,0.0019,Allyl alcohol dehydrogenase,,,,
760,VIT_01s0137g00080,4,0.0019,Aldehyde dehydrogenase (NAD+),E1_2_1_3,vv10561Glycerolipid_metabolism,vv10010Glycolysis,vv10071Fatty_acid_metabolism
761,VIT_09s0002g04070,4,0.0019,Unknown protein,,,,
762,VIT_18s0001g01320,3,0.0015,Wall-associated receptor kinase 5,,,,
763,VIT_18s0001g09450,3,0.0015,Unknown protein,,,,
764,VIT_12s0178g00090,3,0.0015,Diacylglycerol kinase 1,E2_7_1_107,,vv10561Glycerolipid_metabolism,vv10564Glycerophospholipid_metabolism
765,VIT_05s0102g00270,3,0.0015,Cyclin-related,CYCREL,,vv44110Cell_cycle,
766,VIT_05s0049g01290,3,0.0015,Protein phosphatase 2C,E3_1_3_16,,,
767,VIT_07s0005g05520,3,0.0015,Pectate lyase,E4_2_2_2,,vv40006Cell_wall,
768,VIT_10s0003g01960,3,0.0015,RKF1 (receptor-like kinase in flowers 1),,,,
769,VIT_18s0001g14710,3,0.0015,Ketol-acid reductoisomerase precursor,E1_1_1_86,,vv10290Valine_leucine_and_isoleucine_biosynthesis,vv10770Pantothenate_and_CoA_biosynthesis
770,VIT_05s0029g00630,3,0.0015,Unknown,,,,
771,VIT_15s0021g02410,3,0.0015,Malate dehydrogenase  cytosolic,E1_1_1_37,,vv10020Citrate_cycle,vv10620Pyruvate_metabolism
772,VIT_01s0150g00300,3,0.0015,Indole-3-acetic acid amido synthetase,AUXINBIOSYNTHESIS_GH3,,vv11002Auxin_biosynthesis,
773,VIT_18s0001g10580,3,0.0015,Glycosyl transferase family 8 protein,,,,
774,VIT_14s0030g02150,3,0.0015,Calmodulin,K02183,,vv34020Calcium_signaling_pathway,vv34626Plant-pathogen_interaction
775,VIT_12s0034g01030,3,0.0015,R protein MLA10,K13475,,vv34627R_proteins_from_Plant-pathogen_interaction,
776,VIT_08s0007g05160,3,0.0015,Flavonoid 3' 5'-hydroxylase,E1_14_13_88,,vv10941Flavonoid_biosynthesis,
777,VIT_00s0216g00070,3,0.0015,Unknown,,,,
778,VIT_04s0008g03600,3,0.0015,Tocopherol cyclase,K09834,,vv10100Biosynthesis_of_steroids,
779,VIT_12s0178g00190,3,0.0015,Unknown,,,,
780,VIT_08s0007g00530,3,0.0015,3-beta hydroxysteroid dehydrogenase/isomerase protein,E1_1_1_145,,vv10140C21-Steroid_hormone_metabolism,
781,VIT_17s0000g03770,3,0.0015,No hit,,,,
782,VIT_12s0028g03930,3,0.0015,Retrotransposon protein  Unclassified,,,,
783,VIT_08s0007g00410,3,0.0015,Myb domain protein 91,MYB91_2,MYB91A,vv60044MYB,
784,VIT_16s0022g00610,3,0.0015,Unknown protein,,,,
785,VIT_08s0007g03520,3,0.0015,Purple acid phosphatase 22- ATPAP22/PAP22,E3_1_3_2,,vv10740Riboflavin_metabolism,
786,VIT_14s0068g02050,3,0.0015,No hit,,,,
787,VIT_00s0207g00080,3,0.0015,UDP-galactose transporter 6,UTR6,,vv50122Porters_cat_7_to_17,
788,VIT_15s0046g03730,3,0.0015,Digalactosyldiacylglycerol synthase,E2_4_1_184,,vv10561Glycerolipid_metabolism,
789,VIT_00s0521g00040<br>VIT_00s0687g00030,3,0.0015,
790,VIT_19s0014g04600,3,0.0015,S-locus protein kinase,,,,
791,VIT_17s0000g01390,3,0.0015,Serine/threonine-protein kinase RIO1,K07178,,vv23008Ribosome_biogenesis_in_Eukaryotes,
792,VIT_11s0037g01400,3,0.0015,Zinc finger (C3HC4-type ring finger),ZFC3HC4_80,,vv60078Other_zf-C3HC4,
793,VIT_00s0342g00030<br>VIT_00s0279g00080<br>VIT_16s0039g01050<br>VIT_16s0039g00360<br>VIT_03s0038g00040<br>VIT_16s0039g00580<br>VIT_15s0045g00190,3,0.0015,
794,VIT_18s0001g06640,3,0.0015,Zinc finger (C3HC4-type ring finger),ZFC3HC4_60,,vv60078Other_zf-C3HC4,
795,VIT_00s0265g00070,3,0.0015,Ubiquitin-conjugating enzyme E2 O,K10581,,vv24120Ubiquitin_mediated_proteolysis,
796,VIT_00s2871g00010,3,0.0015,Yippee,,,,
797,VIT_19s0015g02530,3,0.0015,No hit,,,,
798,VIT_15s0048g02680,3,0.0015,Calmodulin-binding region IQD17,,,,
799,VIT_10s0092g00370,3,0.0015,CYP71D7,E1_14_13_73,,vv10902Monoterpenoid_biosynthesis,
800,VIT_13s0156g00630,3,0.0015,S-receptor kinase,,,,
801,VIT_01s0010g02830,3,0.0015,No hit,,,,
802,VIT_12s0034g02250,3,0.0015,Disease resistance protein (NBS class),,,,
803,VIT_19s0014g03250,3,0.0015,Beta-mannosidase 4,E3_2_1_25,,vv10511N-Glycan_degradation,
804,VIT_11s0052g00890,3,0.0015,Unknown protein,,,,
805,VIT_17s0000g07090,3,0.0015,UDP-glucoronosyl and UDP-glucosyl transferase,,,,
806,VIT_14s0128g00710,3,0.0014,Mannosylglycoprotein endo-beta-mannosidase,E3_2_1_78,,vv10051Fructose_and_mannose_metabolism,
807,VIT_18s0166g00170,3,0.0014,Unknown,,,,
808,VIT_03s0063g00350,3,0.0014,Unknown,,,,
809,VIT_07s0005g02360,3,0.0014,Unknown protein,,,,
810,VIT_18s0001g15230,3,0.0014,Unknown,,,,
811,VIT_05s0020g01790,3,0.0014,Triacylglycerol lipase.,E3_1_1_3,,vv10561Glycerolipid_metabolism,
812,VIT_03s0038g04220,3,0.0014,Dihydroflavonol-4-reductase,E1_1_1_219,,vv10941Flavonoid_biosynthesis,
813,VIT_06s0009g01210,3,0.0014,Leucine-rich repeat protein kinase,,,,
814,VIT_17s0000g09070,3,0.0014,Histone deacetylase HDA6,K06067_HDAC6,,vv30011Jasmonate_signaling,vv44110Cell_cycle
815,VIT_10s0042g00910,3,0.0014,Stilbene synthase [Vitis pseudoreticulata],E2_3_1_95,,vv10940Phenylpropanoid_biosynthesis,
816,VIT_05s0077g01030,3,0.0014,Unknown,,,,
817,VIT_06s0004g01750,3,0.0014,Polygalacturonase inhibitor protein,PGIP,,,
818,VIT_00s0531g00030,3,0.0014,C2 domain containing protein,,,,
819,VIT_14s0068g00260,3,0.0014,Serine carboxypeptidase S10,,,,
820,VIT_10s0003g02710,3,0.0014,Cold acclimation protein COR413-TM1,,,,
821,VIT_15s0046g01820,3,0.0014,Ring-H2 finger B1A,RHB1A,,vv60078Other_zf-C3HC4,
822,VIT_02s0033g01210,3,0.0014,Cyclops,,,,
823,VIT_04s0008g01950,3,0.0014,YGGT,K02221,,vv50109Incompletely_characterized_transport_systems,
824,VIT_18s0001g11090,3,0.0014,Uroporphyrinogen-III synthase,E4_2_1_75,,vv10860Porphyrin_and_chlorophyll_metabolism,
825,VIT_04s0023g01830,3,0.0014,U3 small nucleolar RNA-associated protein 22,K14544,,vv23008Ribosome_biogenesis_in_Eukaryotes,
826,VIT_18s0001g01530,3,0.0014,No hit,,,,
827,VIT_13s0019g00420,3,0.0014,F-box family protein,,,,
828,VIT_17s0000g01000,3,0.0014,Amino acid-binding ACT,,,,
829,VIT_13s0019g01690,3,0.0014,Ubiquitin-specific protease 24 (UBP24),,,,
830,VIT_06s0004g01410,3,0.0014,S-receptor kinase,,,,
831,VIT_03s0088g00340<br>VIT_03s0091g00010,3,0.0014,
832,VIT_08s0007g02280,3,0.0014,Phospholipase C,E3_1_4_3,,vv10260Glycine_serine_and_threonine_metabolism,vv10562Inositol_phosphate_metabolism
833,VIT_09s0002g05440,3,0.0014,ABC transporter g family pleiotropic drug resistance 12 PDR12,ABCGPDR12,,vv52010ABC_transporters,
834,VIT_10s0116g00680,3,0.0014,PDF2 (protodermal factor2),PDF2_2,VvHB35,vv60034HB,
835,VIT_10s0116g00160,3,0.0014,Bromo-adjacenty (BAH) domain-containing protein,PHDBAH_1,,vv60048PHD,
836,VIT_16s0022g00900,3,0.0014,No hit,,,,
837,VIT_18s0001g11710,3,0.0014,Photosystem II PsbO protein,K02716,,vv10195Photosynthesis,vv50113Thylakoid_targeting_pathway
838,VIT_13s0106g00780,3,0.0014,Hydrolase  alpha/beta fold,,,,
839,VIT_12s0055g00840,3,0.0014,Sucrose-6-phosphate phosphatase,E3_1_3_24,,vv10500Starch_and_sucrose_metabolism,
840,VIT_03s0091g00390,3,0.0014,Snakin-1,SNAKIN,,vv30010Gibberellin_signaling,
841,VIT_08s0007g01500,3,0.0014,DNA binding / nuclease,,,,
842,VIT_18s0001g03120,3,0.0014,Ethylene-responsive transcription factor ERF003,ERF003_6,,vv30008Ethylene_signaling,vv60003AP2_EREBP
843,VIT_18s0001g05950,3,0.0014,Cis-zeatin O-beta-D-glucosyltransferase,E2_4_1_215,,vv10908Zeatin_biosynthesis,
844,VIT_04s0008g03640,3,0.0014,FAD-binding domain-containing protein,,,,
845,VIT_14s0081g00120,3,0.0014,fertility restorer,,,,
846,VIT_10s0042g00320,3,0.0014,Myosin-like protein XIH,MYOSINXIH,,vv44810Regulation_of_actin_cytoskeleton,
