Vv_m2,2000,1000,VIT_14s0108g01080
rank,node,Fabs,Frel,Functional-annotation,Name-EC-KeggID,Updated-name,Network1,Network2
1,VIT_14s0060g01090,2071,1.0000,LNG1 (LONGIFOLIA1),,,,
2,VIT_09s0002g02490,2097,1.0000,Dof zinc finger protein 1,ADOF1,,vv60015C2C2-DOF,
3,VIT_07s0104g00090,2073,0.9990,Transparent testa 8 TT8,TT8,,vv60011BHLH,
4,VIT_12s0059g02310,2058,0.9985,PDF2 (protodermal factor2),PDF2_4,VvHB44,vv60034HB,
5,VIT_15s0021g02110,2075,0.9981,AP2 domain-containing transcription factor TINY,TINY_8,VvERF029,vv30008Ethylene_signaling,vv60003AP2_EREBP
6,VIT_08s0007g02920,2066,0.9952,ATAN11 (ANTHOCYANIN11),,,,
7,VIT_18s0122g01400,2062,0.9947,Exostosin family protein,K02366,,vv11030Glycan_structures-biosynthesis1,
8,VIT_17s0053g00590,2059,0.9942,Kinase interacting protein,,,,
9,VIT_13s0019g04260,2058,0.9913,Monoglyceride lipase,E3_1_1_23,,vv10561Glycerolipid_metabolism,
10,VIT_00s0186g00090,2047,0.9913,Zinc finger (C3HC4-type ring finger),ZFC3HC4_5,,vv60078Other_zf-C3HC4,
11,VIT_12s0059g01870,2051,0.9899,GH3-like protein,AUXINBIOSYNTHESIS_GH3,,vv11002Auxin_biosynthesis,
12,VIT_13s0067g00730,2040,0.9879,Carboxylic ester hydrolase,E3_1_1_1,,,
13,VIT_01s0010g00710,2028,0.9873,Armadillo/beta-catenin repeat protein / U-box domain-containing protein ,,,,
14,VIT_00s0286g00130,2044,0.9855,S-locus lectin protein kinase,,,,
15,VIT_14s0066g00400,2020,0.9768,Chalcone isomerase,E5_5_1_6,,vv10941Flavonoid_biosynthesis,
16,VIT_04s0008g05440,2008,0.9748,Ethylene-responsive transcription factor SHINE 3,SHINE3_1,VvERF044,vv30008Ethylene_signaling,vv60003AP2_EREBP
17,VIT_12s0057g01030,2006,0.9667,Glucose-6-phosphate 1-dehydrogenase 2  chloroplast precursor,E1_1_1_49,,vv10030Pentose_phosphate,vv10480Glutathione_metabolism
18,VIT_08s0007g09000,1987,0.9636,Glycerol-3-phosphate dehydrogenase,E1_1_1_8,,vv10564Glycerophospholipid_metabolism,
19,VIT_15s0046g02400,1972,0.9564,Glycerol-3-phosphate acyltransferase 8,E2_3_1_15,,vv10561Glycerolipid_metabolism,vv10564Glycerophospholipid_metabolism
20,VIT_13s0019g02880,1979,0.9560,UDP-glucoronosyl/UDP-glucosyl transferase,,,,
21,VIT_11s0052g00800,1972,0.9522,Protein kinase family,,,,
22,VIT_18s0041g00710,1970,0.9499,UDP-glucose: anthocyanidin 5 3-O-glucosyltransferase,RHGT1,,vv10942Anthocyanin_biosynthesis,
23,VIT_18s0166g00220,1950,0.9489,No hit,,,,
24,VIT_15s0048g02680,1947,0.9470,Calmodulin-binding region IQD17,,,,
25,VIT_12s0059g00190,1947,0.9392,Beta-expansin (EXPB3),EXPB3,,vv30003Auxin_signaling,
26,VIT_12s0028g00310,1949,0.9384,Protein kinase family,,,,
27,VIT_02s0025g02620,1948,0.9370,BDG1 (BODYGUARD1) hydrolase,,,,
28,VIT_17s0000g00950,1936,0.9366,Hydroxycinnamoyl-CoA quinate hydroxycinnamoyltransferase,E2_3_1_99,,vv10940Phenylpropanoid_biosynthesis,
29,VIT_05s0049g01400,1911,0.9227,Alcohol oxidase,E1_1_3_13,,vv10680Methane_metabolism,
30,VIT_10s0003g05420,1903,0.9171,S-2-hydroxy-acid oxidase  peroxisomal,E1_1_3_15,,vv10630Glyoxylate_and_dicarboxylate_metabolism,
31,VIT_05s0020g04020,1893,0.9110,Unknown protein,,,,
32,VIT_04s0043g00560,1874,0.9106,DD1A protein,,,,
33,VIT_00s2752g00010,1875,0.9102,DWARF1/DIMINUTO,E1_3_1_72,,vv10100Biosynthesis_of_steroids,
34,VIT_14s0068g00870,1870,0.9095,Nudix hydrolase 13,,,,
35,VIT_07s0031g01270,1876,0.9067,Ring-H2 finger A2A,RHA2A,,vv60078Other_zf-C3HC4,
36,VIT_04s0023g02880,1866,0.9032,GATA transcription factor 14,GAT14,,vv60016C2C2-GATA,
37,VIT_03s0088g00270,1860,0.8986,No hit,,,,
38,VIT_06s0009g00580,1850,0.8968,Receptor protein kinase,,,,
39,VIT_14s0081g00120,1829,0.8887,fertility restorer,,,,
40,VIT_01s0010g03850,1844,0.8861,Calmodulin-binding protein,CMTA4,,vv60020CAMTA,
41,VIT_08s0007g00570,1817,0.8803,WRKY DNA-binding protein 49,WRKY49,VvWRKY27,vv60066WRKY,
42,VIT_07s0129g00070<br>VIT_07s0129g00150,1807,0.8704,
43,VIT_02s0012g01440,1774,0.8607,Zinc finger (C3HC4-type ring finger),ZFC3HC4_215,,vv60078Other_zf-C3HC4,
44,VIT_04s0008g01030,1769,0.8587,Unknown protein,,,,
45,VIT_14s0068g00260,1776,0.8571,Serine carboxypeptidase S10,,,,
46,VIT_07s0005g02480,1774,0.8549,Myb domain protein 61,MYB61_1,MYB55A,vv60044MYB,
47,VIT_18s0001g14910,1759,0.8547,Mannitol dehydrogenase,E1_1_1_67,,vv10051Fructose_and_mannose_metabolism,
48,VIT_10s0003g02120,1736,0.8431,Lipase GDSL,,,,
49,VIT_09s0002g03940,1729,0.8325,AP2/EREBP transcription factor,TINY2_1,VvERF034,vv30008Ethylene_signaling,vv60003AP2_EREBP
50,VIT_08s0040g00230,1714,0.8300,Exportin 7,XPO7,,vv50112Nuclear_pore_complex,
51,VIT_05s0124g00100,1713,0.8299,Unknown,,,,
52,VIT_18s0001g10830,1709,0.8272,Patatin,,,,
53,VIT_00s0399g00020,1687,0.8225,Protease inhibitor/seed storage/lipid transfer protein (LTP),,,,
54,VIT_01s0137g00410,1680,0.8124,CYP86A2,,,,
55,VIT_07s0005g00450,1662,0.8002,Unknown protein,,,,
56,VIT_15s0046g03230,1647,0.7968,Disease resistance protein RGA4,,,,
57,VIT_03s0017g01660,1635,0.7906,Scarecrow transcription factor 23 (SCL23),SCL23_3,,vv60032GRAS,
58,VIT_01s0011g02960,1638,0.7905,Leucoanthocyanidin reductase 1,E1_17_1_3,,vv10941Flavonoid_biosynthesis,
59,VIT_03s0038g03810,1616,0.7875,Serine/threonine Protein kinase BNK1,,,,
60,VIT_13s0019g04940,1626,0.7870,KOW domain-containing factor family protein,KOWDOM,,,
61,VIT_02s0012g01660,1625,0.7843,ATPase PGP2 (P-glycoprotein 2),PGP2,,vv52010ABC_transporters,
62,VIT_04s0008g02250,1621,0.7823,Beta-ketoacyl-CoA synthase,E2_3_1_41,,vv10061Fatty_acid_biosynthesis,
63,VIT_09s0002g03130,1606,0.7732,FRK1 (FLG22-induced receptor-like kinase 1),FRK1,,vv34626Plant-pathogen_interaction,
64,VIT_11s0016g04160,1602,0.7720,Sulfate transporter 3.5,SULTR3_5,,vv50124Porters_cat_30_to_64,
65,VIT_14s0006g02080,1599,0.7710,S locus-linked protein SLL2,,,,
66,VIT_01s0011g04710,1589,0.7680,Copper-binding family protein,,,,
67,VIT_14s0128g00160,1582,0.7661,Protein kinase CDG1,,,,
68,VIT_08s0007g03980,1592,0.7654,Pentatricopeptide (PPR) repeat-containing,,,,
69,VIT_02s0025g04550,1574,0.7611,Glucose-methanol-choline (GMC) oxidoreductase,E1_1_99_1,,vv10260Glycine_serine_and_threonine_metabolism,
70,VIT_08s0056g00800,1574,0.7586,Myb domain protein 60,MYB60,MYB60,vv60044MYB,
71,VIT_05s0077g01330,1555,0.7516,Unknown,,,,
72,VIT_00s0483g00040,1548,0.7507,No hit,,,,
73,VIT_04s0008g02520,1551,0.7464,ATP binding protein,,,,
74,VIT_03s0038g01300,1551,0.7457,Auxin-induced SAUR,SAUR,,vv30003Auxin_signaling,
75,VIT_03s0063g01880,1534,0.7375,Acyl-CoA synthetase long-chain member 2,E6_2_1_3_LACS2,,vv10071Fatty_acid_metabolism,vv44146Peroxisome
76,VIT_04s0008g05500,1512,0.7347,S-receptor kinase,,,,
77,VIT_17s0000g03110,1516,0.7341,2OG-Fe(II) oxygenase,,,,
78,VIT_08s0058g01260,1512,0.7304,No hit,,,,
79,VIT_18s0001g10270,1513,0.7271,Basic helix-loop-helix protein SPATULA,SPATULA_1,,vv60011BHLH,
80,VIT_10s0003g05690,1504,0.7238,Ribulose bisphosphate carboxylase  large chain,E4_1_1_39,,vv10710Carbon_fixation,
81,VIT_05s0077g01460,1488,0.7223,No hit,,,,
82,VIT_06s0004g06690,1475,0.7122,Ribosomal protein S18 30S,K02963,,vv23010Ribosome,
83,VIT_15s0046g02380,1452,0.7042,CYP86A8,,,,
84,VIT_17s0000g02550,1458,0.7033,HMR1 protein,,,,
85,VIT_03s0063g01890,1446,0.6996,Ring-H2 finger protein ATL3G,,,,
86,VIT_07s0031g01680,1440,0.6977,CYP86A1,,,,
87,VIT_16s0098g01160,1444,0.6962,Subtilisin protease,SBT3_5,,vv50101Channels_and_pores,
88,VIT_07s0205g00180,1435,0.6936,Basic helix-loop-helix (bHLH) family,BHLHDOM_30,,vv60011BHLH,
89,VIT_09s0002g06990,1435,0.6932,Phosphatidic acid phosphatase / PAP2,E3_1_3_4,,vv10561Glycerolipid_metabolism,vv10564Glycerophospholipid_metabolism
90,VIT_12s0028g02400,1431,0.6903,Leaf senescence protein,,,,
91,VIT_17s0000g00120,1423,0.6881,Exostosin,K02366,,vv11030Glycan_structures-biosynthesis1,
92,VIT_08s0007g02500,1420,0.6863,Transcription termination factor mitochondrial mTERF,MTERF_28,,vv60085MTERF,
93,VIT_03s0038g02480,1413,0.6839,SKP1,K03094,,vv24120Ubiquitin_mediated_proteolysis,vv24141Protein_processing_in_endoplasmic_reticulum
94,VIT_14s0066g02270,1414,0.6824,Endonuclease/exonuclease/phosphatase family protein,E3_1_30_x,,,
95,VIT_00s1355g00010,1410,0.6818,ATP-dependent Clp protease proteolytic subunit (ClpP4),E3_4_21_92,,,
96,VIT_16s0050g00870,1404,0.6799,Acyltransferase,E2_3_1_x,,,
97,VIT_11s0037g01400,1401,0.6791,Zinc finger (C3HC4-type ring finger),ZFC3HC4_80,,vv60078Other_zf-C3HC4,
98,VIT_18s0001g12000,1398,0.6770,Geranylgeranyl pyrophosphate synthetase 1  chloroplast precursor,E2_5_1_29,,vv10100Biosynthesis_of_steroids,vv10900Terpenoid_biosynthesis
99,VIT_12s0059g01190,1382,0.6692,Homeobox protein shoot MERISTEMLESS (STM),STM_2,VvHB43,vv50004Auxin_transport,vv60034HB
100,VIT_06s0004g07100,1381,0.6691,Translation initiation factor eIF-2 alpha subunit,K03237,,vv23013RNA_transport,
101,VIT_16s0098g01560,1382,0.6654,Glucan endo-1 3-beta-D-glucosidase,E3_2_1_39,,vv10500Starch_and_sucrose_metabolism,
102,VIT_14s0030g00080,1380,0.6651,No hit,,,,
103,VIT_02s0025g03710,1371,0.6633,DTA2 (downstream target of AGL15 2),,,,
104,VIT_12s0059g02420,1351,0.6577,Peroxidase ATP11A (gb|X98802).,E1_11_1_7,,vv10360Phenylalanine_metabolism,vv10680Methane_metabolism
105,VIT_05s0102g00370,1361,0.6531,Receptor protein kinase (ACR4),,,,
106,VIT_18s0001g00800,1345,0.6520,Tetracycline transporter protein,TETRACYCTR,,vv50121Porters_cat_1_to_6,
107,VIT_17s0000g00330,1338,0.6467,Inducer of CBF expression 1 ICE1,ICE1_3,,vv60011BHLH,
108,VIT_04s0008g01800,1328,0.6440,Myb domain protein 7,MYB7_3,MYBPA7,vv60044MYB,
109,VIT_16s0050g02100,1339,0.6438,Disease resistance,,,,
110,VIT_13s0073g00140,1331,0.6408,Ovate family protein 13 OFP13,OFP13_2,,vv60086OFP,
111,VIT_08s0040g02820,1329,0.6399,Unknown protein,,,,
112,VIT_19s0090g01440,1316,0.6388,Fimbrin 2,FIMBRIN2,,vv44810Regulation_of_actin_cytoskeleton,
113,VIT_08s0007g04330,1316,0.6351,CHUP1 (chloroplast unusual positioning 1),CHUP1,,vv44810Regulation_of_actin_cytoskeleton,
114,VIT_08s0040g00900,1315,0.6347,Myb family,MYBGE_13,,vv60029G2-like,
115,VIT_06s0004g01750,1309,0.6318,Polygalacturonase inhibitor protein,PGIP,,,
116,VIT_10s0003g03270,1301,0.6312,Inward rectifying potassium channel,SIRK,,vv30001ABA_signaling,vv50101Channels_and_pores
117,VIT_11s0016g01300,1300,0.6302,TT2 (transparent testa 2),TT2_4,MYBPAR,vv44110Cell_cycle,vv60044MYB
118,VIT_10s0003g00620,1300,0.6298,Lipase GDSL,,,,
119,VIT_18s0001g00280,1289,0.6251,OPCL1 (OPC-8:0 COA ligase1),K10526,,vv10592alpha-Linolenic_acid_metabolism,vv50104Group_translocators
120,VIT_04s0008g05110,1280,0.6175,Unknown,,,,
121,VIT_02s0012g02030,1268,0.6167,Homeobox-7,VVHB7_1,VvHB09,vv60034HB,
122,VIT_00s0203g00170,1283,0.6165,Myb domain protein 92,MYB92_1,MYB136,vv60044MYB,
123,VIT_13s0067g01570<br>VIT_13s0067g01640,1275,0.6156,
124,VIT_14s0068g00090,1272,0.6145,feronia receptor-like kinase,,,,
125,VIT_17s0000g03750,1264,0.6103,Chitin elicitor-binding CEBIP LysM domain-containing,K13473,,vv34626Plant-pathogen_interaction,
126,VIT_07s0031g02440,1257,0.6061,Amino acid permease 3,AAP3,,vv50123Porters_cat_18_to_29,
127,VIT_10s0003g00560,1246,0.6046,Wuschel homeobox 9,WOX9,VvHB37,vv60034HB,
128,VIT_00s0541g00010,1241,0.6024,Unknown,,,,
129,VIT_03s0017g01140,1231,0.5953,Cis-zeatin O-beta-D-glucosyltransferase,E2_4_1_215,,vv10908Zeatin_biosynthesis,
130,VIT_01s0026g00570,1232,0.5937,Bet v I allergen,,,,
131,VIT_04s0023g01060,1226,0.5931,Proton gradient regulation 3,PGR3,,,
132,VIT_10s0116g00350,1213,0.5908,Unknown protein,,,,
133,VIT_18s0001g05480,1224,0.5885,Unknown protein,,,,
134,VIT_00s0965g00010,1217,0.5862,Magnesium-chelatase subunit chlD  chloroplast precursor,E6_6_1_1,,vv10860Porphyrin_and_chlorophyll_metabolism,
135,VIT_08s0007g08680,1204,0.5816,Unknown protein,,,,
136,VIT_11s0065g00210,1190,0.5746,Heat shock protein-related,,,,
137,VIT_00s0261g00040,1190,0.5735,Unknown protein,,,,
138,VIT_10s0116g00410,1148,0.5589,Gibberellin 2-beta-dioxygenase 7,E1_14_11_13,,vv10904Diterpenoid_biosynthesis,
139,VIT_02s0012g01940,1163,0.5570,Myb KAN2 (KANADI 2),KANADI2_1,,vv60029G2-like,
140,VIT_10s0042g01620,1154,0.5561,No hit,,,,
141,VIT_15s0046g03240,1140,0.5547,Unknown protein,,,,
142,VIT_05s0094g00230,1143,0.5546,Chitinase 5,E3_2_1_14,,vv10530Aminosugars_metabolism,
143,VIT_15s0046g02410,1138,0.5511,Aquaporin TMP-C,TMPC,,vv50101Channels_and_pores,
144,VIT_02s0025g01730,1131,0.5480,3-oxoacyl-[acyl-carrier-protein] synthase,E2_3_1_41,,vv10061Fatty_acid_biosynthesis,
145,VIT_00s0245g00050,1130,0.5472,Oleoyl-acyl carrier protein thioesterase  chloroplast precursor,E3_1_2_14,,vv10061Fatty_acid_biosynthesis,
146,VIT_08s0105g00420,1131,0.5472,Unknown,,,,
147,VIT_03s0038g02120,1135,0.5457,Armadillo/beta-catenin repeat,,,,
148,VIT_19s0015g02070,1128,0.5447,(-)-germacrene D synthase,E4_2_3_22,,vv10900Terpenoid_biosynthesis,
149,VIT_10s0597g00050,1122,0.5433,Heat shock transcription factor B2A,HSFB2A_3,,vv60037HSF,
150,VIT_03s0063g00410,1122,0.5426,Alpha-amylase,E3_2_1_1,,vv10500Starch_and_sucrose_metabolism,
151,VIT_06s0004g06890,1112,0.5401,Potassium transporter (KUP1),KUP1,,vv50125Porters_cat_66_to_94,
152,VIT_14s0081g00110,1115,0.5394,Pentatricopeptide (PPR) repeat-containing,,,,
153,VIT_13s0106g00070,1113,0.5356,Ankyrin repeat protein,K10380,,vv50108Accessory_factors_involved_in_transport,
154,VIT_01s0011g02780,1104,0.5310,Unknown protein,,,,
155,VIT_13s0074g00390,1080,0.5233,CYP77A2,,,,
156,VIT_00s0361g00090,1082,0.5217,Phototropic-responsive NPH3 protein,,,,
157,VIT_13s0019g02810,1079,0.5208,Glucuronosyl transferase,E2_4_1_17,,vv10040Pentose_glucuronate_interconversion,vv10500Starch_and_sucrose_metabolism
158,VIT_15s0046g01820,1048,0.5058,Ring-H2 finger B1A,RHB1A,,vv60078Other_zf-C3HC4,
159,VIT_11s0016g04540,1039,0.5031,ABC transporter G member 22,ABCG22,,vv52010ABC_transporters,
160,VIT_04s0008g04230,1027,0.4985,ABC transporter G member 22,ABCG22,,vv52010ABC_transporters,
161,VIT_04s0044g01540,1029,0.4966,UDP-glucuronic acid:anthocyanin glucuronosyltransferase,E2_4_1_236,,vv10941Flavonoid_biosynthesis,
162,VIT_13s0067g00790,1016,0.4925,R protein  PRF  disease resistance protein,K13453,,vv34627R_proteins_from_Plant-pathogen_interaction,
163,VIT_08s0058g01270,1014,0.4913,Zinc finger (C3HC4-type ring finger),ZFC3HC4_94,,vv60078Other_zf-C3HC4,
164,VIT_03s0038g03560,1016,0.4908,CAO (CHAOS); chromatin binding,CPSRP43,,vv50113Thylakoid_targeting_pathway,
165,VIT_09s0054g00430,1012,0.4898,Unknown protein,,,,
166,VIT_10s0003g00600,1012,0.4894,Lipase GDSL,,,,
167,VIT_07s0141g00130,1002,0.4885,Protein phosphatase 2C,,,,
168,VIT_19s0085g01010,1010,0.4875,No hit,,,,
169,VIT_13s0019g04530,1015,0.4870,Early flowering 6,ELF6_1,,vv34710Circadian_rhythm,vv60038Jumonji
170,VIT_16s0050g00830,1007,0.4867,Beta-ketoacyl-CoA synthase,E2_3_1_41,,vv10061Fatty_acid_biosynthesis,
171,VIT_15s0048g02720,998,0.4831,fatty acid elongase,E2_3_1_41,,vv10061Fatty_acid_biosynthesis,
172,VIT_06s0004g02750,993,0.4804,Auxin response factor 16,ARF16,,vv30003Auxin_signaling,vv60004ARF
173,VIT_08s0007g03920,996,0.4793,DEMETER protein (DME),,,,
174,VIT_14s0066g00300,1002,0.4792,Unknown,,,,
175,VIT_08s0007g00890,981,0.4739,Tropinone reductase,E1_1_1_206,,vv10220Urea_cycle_and_metabolism_of_amino_groups,
176,VIT_11s0103g00210,980,0.4725,F-box family protein,,,,
177,VIT_02s0025g00550,986,0.4709,Unknown protein,,,,
178,VIT_04s0023g03710,966,0.4676,Myb domain protein 4,MYB4_1,MYB4B,vv60044MYB,
179,VIT_00s0207g00010,962,0.4645,Anthranilate N-benzoyltransferase protein 1,E2_3_1_144,,vv10400Phenylalanine_tyrosine_and_tryptophan_biosynthesis,
180,VIT_06s0061g00470,955,0.4627,Myb domain protein 36,MYB36_1,MYB149,vv60044MYB,
181,VIT_16s0022g01210,949,0.4607,Myb domain protein 85,MYB85_2,MYB191,vv60044MYB,
182,VIT_14s0060g01940,958,0.4606,Epoxide hydrolase,E3_3_2_10,,,
183,VIT_07s0005g01290,943,0.4582,DnaJ homolog  subfamily C  member 7,K09527,,vv50132Primary_active_transporter_cat_A5_to_A8,
184,VIT_02s0025g04410,941,0.4570,Beta-ketoacyl-CoA synthase,E2_3_1_41,,vv10061Fatty_acid_biosynthesis,
185,VIT_00s0218g00220,943,0.4560,UDP-glucoronosyl/UDP-glucosyl transferase,,,,
186,VIT_13s0084g00820,929,0.4521,Pepsin A,,,,
187,VIT_15s0024g00960<br>VIT_05s0094g00980<br>VIT_19s0014g03980<br>VIT_14s0036g00820,921,0.4484,
188,VIT_01s0011g01890,920,0.4470,Glutathione S-transferase  C-terminal,E2_5_1_18,,vv10480Glutathione_metabolism,
189,VIT_06s0004g06060,919,0.4466,Unknown protein,,,,
190,VIT_07s0005g01670,923,0.4446,No hit,,,,
191,VIT_14s0068g00290,924,0.4442,RPK1 (receptor-like protein kinase 1),,,,
192,VIT_17s0000g04300,908,0.4393,Isopenicillin N synthetase; KH  type 1,E1_21_3_1,,vv10311Penicillin_and_cephalosporin_biosynthesis,
193,VIT_10s0116g00680,901,0.4384,PDF2 (protodermal factor2),PDF2_2,VvHB35,vv60034HB,
194,VIT_05s0020g00950,908,0.4370,Aspartyl protease,E3_4_23_40,,,
195,VIT_03s0063g02660,904,0.4352,DNA-3-methyladenine glycosylase II,K01247,,vv23410Base_excision_repair,
196,VIT_05s0062g01140,891,0.4309,Aromatic and neutral transporter 1,ANT1,,vv50123Porters_cat_18_to_29,
197,VIT_14s0006g01840,882,0.4296,Seven in absentia protein,K04506SINAP_1,,vv24120Ubiquitin_mediated_proteolysis,vv60035HMG
198,VIT_05s0020g01240,878,0.4235,Geranylgeranyl pyrophosphate synthase,E2_5_1_29,,vv10100Biosynthesis_of_steroids,vv10900Terpenoid_biosynthesis
199,VIT_09s0002g08650,874,0.4208,Nodulin,,,,
200,VIT_01s0026g02600,869,0.4192,Myb domain protein 105,MYB105_2,MYB165,vv60044MYB,
201,VIT_14s0128g00790,850,0.4116,Lipoxygenase (LOX1),E1_13_11_12,,vv10592alpha-Linolenic_acid_metabolism,
202,VIT_16s0039g00900,842,0.4077,CYP89A28,,,,
203,VIT_18s0089g00510,833,0.4036,Isopentenyltransferase 1,E2_5_1_27,,vv10908Zeatin_biosynthesis,
204,VIT_01s0182g00130,830,0.4014,PHO1-like protein,PHO1,,vv50125Porters_cat_66_to_94,
205,VIT_11s0016g02150,826,0.4004,Protein kinase CDG1,,,,
206,VIT_16s0039g02720,825,0.3991,Glutamate dehydrogenase 2 (GDH2),E1_4_1_2,,vv10251Glutamate_metabolism,vv10910Nitrogen_metabolism
207,VIT_00s0391g00040,828,0.3987,F-box family protein,,,,
208,VIT_03s0063g01600,824,0.3986,No hit,,,,
209,VIT_01s0010g01870,824,0.3973,Salicylic acid-induced fragment 1 protein,,,,
210,VIT_06s0004g05950,829,0.3972,Unknown protein,,,,
211,VIT_06s0009g01210,808,0.3932,Leucine-rich repeat protein kinase,,,,
212,VIT_06s0061g01550,816,0.3931,No hit,,,,
213,VIT_07s0005g00510,809,0.3925,Monoglyceride lipase,E3_1_1_23,,vv10561Glycerolipid_metabolism,
214,VIT_00s1314g00010,810,0.3902,Basic helix-loop-helix (bHLH) family,BHLHDOM_89,,vv60011BHLH,
215,VIT_00s0225g00060,803,0.3889,MATE efflux family protein,MATE,,vv50125Porters_cat_66_to_94,
216,VIT_19s0014g04010,800,0.3874,No hit,,,,
217,VIT_08s0007g02600,795,0.3870,Unknown protein,,,,
218,VIT_13s0019g03660,795,0.3844,Unknown protein,,,,
219,VIT_03s0088g00470,802,0.3832,Auxin responsive SAUR protein,SAUR,,vv30003Auxin_signaling,
220,VIT_08s0040g02970,793,0.3813,Protein phosphatase 2C,E3_1_3_16,,,
221,VIT_15s0046g03540,786,0.3801,No hit,,,,
222,VIT_17s0000g00130,785,0.3794,SEC14 cytosolic factor,SEC14,,vv50122Porters_cat_7_to_17,
223,VIT_13s0067g00400,790,0.3782,Anthranilate synthase alpha 1,E4_1_3_27,,vv10400Phenylalanine_tyrosine_and_tryptophan_biosynthesis,
224,VIT_19s0014g05000,769,0.3728,Zinc finger (C2H2 type) family,C2H2FAM_16,,vv60017C2H2,
225,VIT_08s0007g04100,773,0.3724,CYPLXXVIA2,,,,
226,VIT_08s0007g01500,774,0.3723,DNA binding / nuclease,,,,
227,VIT_08s0007g07240,768,0.3719,Armadillo helical,,,,
228,VIT_04s0008g05530,757,0.3653,Unknown protein,,,,
229,VIT_09s0054g01220,754,0.3639,Cycloartenol synthase,E5_4_99_8,,vv10100Biosynthesis_of_steroids,
230,VIT_10s0116g01880,758,0.3632,MATE efflux family protein,MATE,,vv50125Porters_cat_66_to_94,
231,VIT_08s0007g04120,748,0.3629,CYPLXXVIA2,,,,
232,VIT_15s0048g02000,753,0.3629,Homeodomain GLABROUS1,HDG1_1,VvHB53,vv60034HB,
233,VIT_12s0035g00300,749,0.3627,Carbohydrate transmembrane transporter SFP1,SFP1,,vv50121Porters_cat_1_to_6,
234,VIT_00s0456g00040<br>VIT_00s0374g00030,745,0.3617,
235,VIT_10s0003g00800,748,0.3605,Unknown,,,,
236,VIT_13s0067g02910,735,0.3578,Non-specific lipid-transfer protein,,,,
237,VIT_16s0050g01980,735,0.3551,EIX receptor 2,,,,
238,VIT_09s0002g03780,725,0.3545,Integral membrane family protein UPF0497,,,,
239,VIT_04s0023g02840,731,0.3516,Leucine-rich repeat disease resistance protein,,,,
240,VIT_03s0038g01960,728,0.3508,Proline-rich family protein,,,,
241,VIT_03s0063g01480,723,0.3483,CYP82C4,,,,
242,VIT_06s0080g00760,713,0.3451,Unknown protein,,,,
243,VIT_12s0059g00220,712,0.3436,Epoxide hydrolase,E3_3_2_10,,,
244,VIT_06s0009g03350,704,0.3421,Phosphatidylglycerol specific phospholipase C,E3_1_4_3,,vv10260Glycine_serine_and_threonine_metabolism,vv10562Inositol_phosphate_metabolism
245,VIT_12s0028g03760,707,0.3415,UPF0497 family,,,,
246,VIT_11s0016g01490,710,0.3410,WAVY growth 2,,,,
247,VIT_07s0005g05660,702,0.3409,F-box/kelch-repeat protein,,,,
248,VIT_11s0016g02910,705,0.3409,Acid phosphatase class B,E3_1_3_2,,vv10740Riboflavin_metabolism,
249,VIT_09s0002g06750,703,0.3396,ERF/AP2 transcription factor sub B-6 SHINE,SHINE1_1,VvERF042,vv30008Ethylene_signaling,vv60003AP2_EREBP
250,VIT_02s0241g00060,688,0.3333,Unknown protein,,,,
251,VIT_05s0062g00700,681,0.3306,UDP-glucose:flavonoid 7-O-glucosyltransferase,E2_4_1_237,,vv10941Flavonoid_biosynthesis,
252,VIT_12s0142g00640,684,0.3288,FLS2 (flagellin-sensitive 2),K13420,,vv34626Plant-pathogen_interaction,
253,VIT_16s0039g01040,684,0.3284,Aminopeptidase,,,,
254,VIT_15s0024g01260,672,0.3267,DJ-1 protein / protease,,,,
255,VIT_04s0069g01120,673,0.3258,Acyl-activating enzyme 7,E6_2_1_3,,vv10071Fatty_acid_metabolism,vv50104Group_translocators
256,VIT_15s0046g03190,666,0.3224,Myb domain protein 17,MYB17_2,MYB17A,vv60044MYB,
257,VIT_05s0029g00630,655,0.3184,Unknown,,,,
258,VIT_11s0016g00580,656,0.3174,Unknown,,,,
259,VIT_04s0008g05520,658,0.3168,Unknown protein,,,,
260,VIT_19s0014g03820,649,0.3163,Myb domain protein 102,MYB102_2,MYB145,vv60044MYB,
261,VIT_16s0039g00630,651,0.3153,Dicarboxylate/tricarboxylate carrier,DTC,,vv50123Porters_cat_18_to_29,
262,VIT_15s0021g01040,652,0.3138,CYP72A1,K13400,,vv10902Monoterpenoid_biosynthesis,
263,VIT_14s0066g00480,641,0.3103,Heterogeneous nuclear ribonucleoprotein A1/A3,K12741,,vv23040Spliceosome,
264,VIT_01s0011g03210,644,0.3096,Aspartyl protease,E3_4_23_x,,,
265,VIT_13s0019g01980,643,0.3094,Aspartic proteinase nepenthesin-2 precursor,E3_4_23_12,,,
266,VIT_08s0058g01320,641,0.3094,Unknown,,,,
267,VIT_18s0001g04180,629,0.3043,Auxin response factor ARF17,ARF17,,vv30003Auxin_signaling,vv60004ARF
268,VIT_04s0008g04920,627,0.3025,2-oxoglutarate-dependent dioxygenase,,,,
269,VIT_08s0056g00050,622,0.3024,Scarecrow transcription factor 23 (SCL23),SCL23_2,,vv60032GRAS,
270,VIT_05s0020g00970,625,0.3011,Thioesterase family,,,,
271,VIT_12s0034g02570,624,0.2997,Leucine Rich Repeat receptor-like kinase,,,,
272,VIT_16s0098g00970,624,0.2994,Subtilisin serine protease,SBT3_5_1,,vv50101Channels_and_pores,vv60085MTERF
273,VIT_01s0244g00010,613,0.2987,Basic helix-loop-helix (bHLH) family,BHLHDOM_53,,vv60011BHLH,
274,VIT_12s0035g00880,620,0.2978,Lactoylglutathione lyase,E4_4_1_5,,vv10620Pyruvate_metabolism,
275,VIT_12s0059g00230,611,0.2966,Epoxide hydrolase 2,E3_3_2_10,,,
276,VIT_01s0011g02800,615,0.2961,RIC7 (ROP-interactive crib motif-containing protein 7),,,,
277,VIT_18s0001g09070,613,0.2960,ZCW7 protein,,,,
278,VIT_18s0001g06640,610,0.2950,Zinc finger (C3HC4-type ring finger),ZFC3HC4_60,,vv60078Other_zf-C3HC4,
279,VIT_03s0038g02290,608,0.2939,Amino acid permease 3,AAP3,,vv50123Porters_cat_18_to_29,
280,VIT_18s0001g08690,606,0.2935,Unknown,,,,
281,VIT_06s0061g00240,605,0.2918,ABC transporter G member 7,ABCG7,,vv52010ABC_transporters,
282,VIT_16s0050g00280,604,0.2912,Tubulin beta-8,K07375,,vv44145Phagosome,vv44810Regulation_of_actin_cytoskeleton
283,VIT_02s0025g03320,602,0.2903,CYP86A2,,,,
284,VIT_09s0002g05930,596,0.2876,Unknown protein,,,,
285,VIT_14s0030g01950,592,0.2875,Transferase,,,,
286,VIT_05s0020g02390,588,0.2861,Clathrin-adaptor medium chain apm3,AP3M2,,vv50110Protein_coat,
287,VIT_00s0245g00010,592,0.2833,Integral membrane protein,,,,
288,VIT_07s0005g01180,581,0.2805,Unknown protein,,,,
289,VIT_15s0046g00170,575,0.2774,MYBPA1 protein [Vitis vinifera],MYBPA1,MYBPA1,vv60044MYB,
290,VIT_13s0019g05290,569,0.2747,Acyl-CoA binding,,,,
291,VIT_14s0068g01520,561,0.2723,Double-stranded RNA-binding (DsRBD) domain-containing protein,,,,
292,VIT_18s0001g10870,569,0.2721,Patatin,,,,
293,VIT_05s0062g01290,563,0.2720,Armadillo/beta-catenin repeat,,,,
294,VIT_13s0067g03050,560,0.2708,Leucine-rich repeat transmembrane protein kinase,,,,
295,VIT_06s0004g01340,563,0.2703,Esterase/lipase/thioesterase,,,,
296,VIT_14s0006g02990,554,0.2701,3-ketoacyl-CoA synthase,,,,
297,VIT_15s0046g02290,560,0.2697,ATBRM/CHR2 (Arabidopsis thaliana BRAHMA),BRAHMA,,vv60058SNF2,
298,VIT_16s0013g00520,556,0.2682,RAB GTPase RAB1C,K07976,,,
299,VIT_17s0000g01700,554,0.2667,Leucine-rich repeat transmembrane protein kinase,,,,
300,VIT_05s0077g01450,546,0.2635,GATA transcription factor 16,GAT16_1,,vv60016C2C2-GATA,
301,VIT_03s0038g02310,544,0.2619,Myb domain protein 4,MYB4_6,MYB4A,vv60044MYB,
302,VIT_10s0003g04720,541,0.2611,Splicing factor 45,K12840,,vv23040Spliceosome,
303,VIT_05s0020g01820,536,0.2589,Integral membrane family protein UPF0497,,,,
304,VIT_17s0000g09140,533,0.2580,Elongation factor Tu  mitochondrial,K02358,,vv34626Plant-pathogen_interaction,
305,VIT_00s0233g00170,533,0.2580,flavin-containing monooxygenase 3,E1_14_13_8,,vv11000Single_reactions,
306,VIT_13s0019g01260,535,0.2578,Enoyl reductase,K10258,,vv11040Biosynthesis_of_unsaturated_fatty_acids,
307,VIT_07s0005g01190,528,0.2553,Unknown protein,,,,
308,VIT_12s0028g01240,529,0.2544,fanconi anemia  complementation group D2,,,,
309,VIT_00s0246g00020,522,0.2522,No hit,,,,
310,VIT_08s0105g00400,512,0.2477,GT-1-like transcription factor,GT1L,,vv60062Trihelix,
311,VIT_17s0000g02860,510,0.2465,G1 to S phase transition protein,K03267,,vv23015mRNA_surveillance_pathway,
312,VIT_01s0010g02740,507,0.2456,4-coumarate-CoA ligase,E6_2_1_12,,vv10940Phenylpropanoid_biosynthesis,vv50104Group_translocators
313,VIT_07s0005g05180,507,0.2455,No hit,,,,
314,VIT_12s0034g00250,503,0.2439,Aquaporin PIP1A,PIP1A,,vv50101Channels_and_pores,
315,VIT_18s0072g01000,501,0.2427,Dihydrolipoamide S-acetyltransferase,E2_3_1_12,,vv10010Glycolysis,vv10252Alanine_and_aspartate_metabolism
316,VIT_17s0000g08990,499,0.2426,Alliinase,E4_4_1_4,,vv10272Cysteine_metabolism,
317,VIT_08s0007g05160,501,0.2411,Flavonoid 3' 5'-hydroxylase,E1_14_13_88,,vv10941Flavonoid_biosynthesis,
318,VIT_07s0005g01470,500,0.2410,Unknown protein,,,,
319,VIT_11s0037g00790,494,0.2390,Serine carboxypeptidase II,,,,
320,VIT_06s0004g06820,491,0.2385,Unknown protein,,,,
321,VIT_15s0021g00520,493,0.2379,Transposon protein,,,,
322,VIT_11s0016g03030,489,0.2365,Calmodulin binding protein,,,,
323,VIT_03s0038g03550,487,0.2363,Unknown protein,,,,
324,VIT_13s0064g01480,486,0.2357,Lipoxygenase LOX1,E1_13_11_12,,vv10592alpha-Linolenic_acid_metabolism,
325,VIT_08s0058g01230,488,0.2355,Non-specific lipid-transfer protein,,,,
326,VIT_17s0000g09270,490,0.2355,MATE efflux family protein,MATE,,vv50125Porters_cat_66_to_94,
327,VIT_02s0025g00150,486,0.2352,PRLI-interacting factor G,,,,
328,VIT_09s0002g00450,490,0.2348,Subtilase,,,,
329,VIT_11s0118g00180,480,0.2336,HHP1 (heptahelical protein 1),,,,
330,VIT_17s0053g00780,482,0.2329,Homeodomain GLABROUS11,HDG11_1,VvHB60,vv60034HB,
331,VIT_16s0050g01930,477,0.2310,EIX receptor 2,,,,
332,VIT_12s0059g01590,477,0.2307,Lipase GDSL,,,,
333,VIT_04s0008g00620,475,0.2305,Myb domain protein 68,MYB68_2,MYB153,vv60044MYB,
334,VIT_04s0008g03510,477,0.2300,Lignostilbene-alpha beta-dioxygenase and related enzymes,E1_14_99_36,,vv10906Carotenoid_biosynthesis,
335,VIT_17s0000g01550,477,0.2297,AAA-type ATPase,FHAAAA_1,,vv60028FHA,
336,VIT_19s0090g00400,472,0.2291,Zinc finger (C3HC4-type ring finger),ZFC3HC4_83,,vv60078Other_zf-C3HC4,
337,VIT_08s0056g01100,468,0.2265,MATE efflux family protein,MATE,,vv50125Porters_cat_66_to_94,
338,VIT_07s0005g00900,463,0.2235,No hit,,,,
339,VIT_14s0030g00660,464,0.2232,Shikimate dehydrogenase,E1_1_1_25,,vv10400Phenylalanine_tyrosine_and_tryptophan_biosynthesis,
340,VIT_13s0019g03210,458,0.2217,Lectin-like protein,,,,
341,VIT_05s0020g04490,454,0.2209,No hit,,,,
342,VIT_06s0009g00500,455,0.2198,No hit,,,,
343,VIT_02s0025g02680,454,0.2190,Growth-regulating factor 5,GRF5_1,,vv60033GRF,
344,VIT_02s0025g03760,453,0.2183,Myosin-related,MYOSINR,,vv44810Regulation_of_actin_cytoskeleton,
345,VIT_06s0004g07220,449,0.2173,Indole-3-acetate beta-glucosyltransferase,E2_4_1_121,,vv11002Auxin_biosynthesis,
346,VIT_18s0001g11350,448,0.2173,Unknown protein,,,,
347,VIT_09s0002g03140,451,0.2172,Lipase GDSL,,,,
348,VIT_07s0005g00210,454,0.2168,Thiamin pyrophosphokinase,E2_7_6_2,,vv10730Thiamine_metabolism,
349,VIT_19s0090g00710,440,0.2137,No hit,,,,
350,VIT_00s0286g00040,442,0.2135,S-locus protein kinase,,,,
351,VIT_14s0108g00150,437,0.2125,Calmodulin-binding region IQD28,IQD28,,,
352,VIT_01s0011g04430,438,0.2118,MATE efflux family protein,MATE,,vv50125Porters_cat_66_to_94,
353,VIT_12s0134g00010,437,0.2117,Phototropic-responsive NPH3 protein,,,,
354,VIT_05s0020g04500,436,0.2109,Unknown protein,,,,
355,VIT_12s0055g00820,437,0.2104,Serine carboxypeptidase II,,,,
356,VIT_15s0048g00930,434,0.2098,ATP-dependent DNA helicase 2 subunit 2 ku80,K10885,,vv23450Non_homologous_end_joining,
357,VIT_11s0037g00320,423,0.2049,Serine carboxypeptidase S10,,,,
358,VIT_00s0181g00040,422,0.2030,TIR1 (transport inhibitor response 1),TIR1,,vv30003Auxin_signaling,
359,VIT_13s0073g00600,412,0.1995,Receptor-like kinase 17,,,,
360,VIT_14s0030g01330,410,0.1982,No hit,,,,
361,VIT_12s0035g01040,402,0.1935,NSL1 (necrotic spotted lesions 1),,,,
362,VIT_18s0001g07640,397,0.1930,Eceriferum 2 (CER2),,,,
363,VIT_11s0016g04270,395,0.1918,Hydrolase  alpha/beta fold,,,,
364,VIT_06s0004g08070,396,0.1907,BZIP transcription factor  putative (bZIP52),BZIP52,VvbZIP17,vv60012BZIP,
365,VIT_14s0006g01440,392,0.1894,Double-stranded RNA binding protein,,,,
366,VIT_19s0027g00610,392,0.1894,Jasmonate O-methyltransferase,E2_1_1_141,,vv10592alpha-Linolenic_acid_metabolism,
367,VIT_10s0071g00580,389,0.1875,Zfwd2 protein (ZFWD2),ZFWD2_4,,vv60018C3H,
368,VIT_05s0124g00230,380,0.1832,F-box domain containing protein,,,,
369,VIT_07s0129g00360,378,0.1816,Peroxidase 73,E1_11_1_7,,vv10360Phenylalanine_metabolism,vv10680Methane_metabolism
370,VIT_09s0070g00240,375,0.1812,Cinnamoyl-CoA reductase,E1_2_1_44,,vv10940Phenylpropanoid_biosynthesis,
371,VIT_01s0011g03860,372,0.1803,RKL1 (Receptor-like kinase 1),,,,
372,VIT_17s0000g01130,374,0.1801,Nuclear transcription factor Y subunit C-1,NFYC1_1,,vv60021CCAAT,
373,VIT_14s0006g01120,372,0.1795,Lipase GDSL,,,,
374,VIT_03s0110g00100,372,0.1788,CYP86A8,,,,
375,VIT_07s0005g01870,368,0.1785,Unknown,,,,
376,VIT_03s0038g01830,367,0.1780,Proline-rich protein 4,,,,
377,VIT_00s0652g00030,365,0.1766,Microtubule organization 1 protein (MOR1),MOR1,,vv44810Regulation_of_actin_cytoskeleton,
378,VIT_13s0139g00010,362,0.1758,R protein MLA10,K13475,,vv34627R_proteins_from_Plant-pathogen_interaction,
379,VIT_04s0008g07040,360,0.1736,Peroxidase,E1_11_1_7,,vv10360Phenylalanine_metabolism,vv10680Methane_metabolism
380,VIT_00s0373g00030,355,0.1722,HSL2 (HAESA-like 2),,,,
381,VIT_12s0035g00010,354,0.1713,DNA (cytosine-5)-methyltransferase (ATHIM),E2_1_1_37,,vv10271Methionine_metabolism,
382,VIT_14s0066g00890,352,0.1703,Cytochrome c oxidase subunit Vc,COX5C,,vv10190Oxidative_phosphorylation,
383,VIT_01s0011g04760,351,0.1699,Myb domain protein 4,MYB4_2,MYBC2-L1,vv60044MYB,
384,VIT_04s0023g00280,346,0.1680,Unknown protein,,,,
385,VIT_01s0011g00720,346,0.1669,WRKY DNA-binding protein 57,WRKY57,VvWRKY01,vv60066WRKY,
386,VIT_07s0130g00340<br>VIT_07s0130g00320,346,0.1667,
387,VIT_00s0125g00100,343,0.1646,Protein kinase,,,,
388,VIT_06s0061g00700,340,0.1645,Auxin-regulated protein,AUXREG,,vv30003Auxin_signaling,
389,VIT_07s0151g00010,330,0.1597,No hit,,,,
390,VIT_00s0181g00030,331,0.1594,No hit,,,,
391,VIT_06s0004g06240,329,0.1583,Zinc finger (C2H2 type) family,C2H2FAM_31,,vv60017C2H2,
392,VIT_00s0160g00220,324,0.1577,Unknown protein,,,,
393,VIT_06s0004g03400,325,0.1572,Myosin heavy chain,K10352,,vv44810Regulation_of_actin_cytoskeleton,
394,VIT_00s1356g00010,323,0.1567,Zinc finger (C2H2 type) family,C2H2FAM_15,,vv60017C2H2,
395,VIT_14s0128g00480,324,0.1557,Translation initiation factor eIF-3 subunit 1,K03245,,vv23013RNA_transport,
396,VIT_12s0059g00670,319,0.1546,NADP-dependent oxidoreductase,E1_6_5_5,,,
397,VIT_00s0267g00030,316,0.1530,Unknown,,,,
398,VIT_14s0068g00150,314,0.1525,No hit,,,,
399,VIT_13s0067g01680,314,0.1512,Unknown protein,,,,
400,VIT_17s0000g01000,311,0.1510,Amino acid-binding ACT,,,,
401,VIT_18s0089g00140,310,0.1495,1 4-beta-mannan endohydrolase,E3_2_1_78,,vv10051Fructose_and_mannose_metabolism,
402,VIT_16s0100g00130,309,0.1491,Protein phosphatase 2C / PP2C,E3_1_3_16,,,
403,VIT_03s0038g01410,308,0.1489,Aquaporin PIP PIP1A,PIP1A,,vv50101Channels_and_pores,
404,VIT_12s0034g01650,306,0.1487,Glutathione S-transferase Z2 GSTZ2,E2_5_1_18_GSTZ2,,vv10480Glutathione_metabolism,
405,VIT_00s0532g00070,306,0.1486,CRK10 (cysteine-rich RLK10); kinase,,,,
406,VIT_11s0052g00890,308,0.1481,Unknown protein,,,,
407,VIT_19s0014g01910,305,0.1481,Unknown protein,,,,
408,VIT_19s0014g02360,301,0.1458,Phytosulfokine receptor precursor,,,,
409,VIT_06s0009g01420,298,0.1438,Protease inhibitor/seed storage/lipid transfer protein (LTP),,,,
410,VIT_18s0001g13150,296,0.1432,BEL1 homeotic protein 3,BLH3,VvHB68,vv60034HB,
411,VIT_01s0011g00080,296,0.1431,Universal stress protein (USP) family protein,,,,
412,VIT_12s0059g00240,293,0.1417,Epoxide hydrolase,E3_3_2_10,,,
413,VIT_14s0068g02010,291,0.1403,IMP dehydrogenase/GMP reductase,E1_1_1_205,,vv10230Purine_metabolism,
414,VIT_12s0035g00100,290,0.1398,Receptor protein kinase,,,,
415,VIT_15s0045g01030,287,0.1391,MRP-like ABC transporter MRP6,MRP6,,vv52010ABC_transporters,
416,VIT_15s0048g02820,287,0.1386,Basic helix-loop-helix (bHLH) family,BHLHDOM_3,,vv60011BHLH,
417,VIT_00s0179g00360,288,0.1384,Unknown protein,,,,
418,VIT_17s0000g05890,280,0.1357,Protein kinase APK1B,,,,
419,VIT_16s0100g00670,280,0.1357,Homeodomain GLABROUS1,HDG1_2,VvHB55,vv60034HB,
420,VIT_15s0024g00980,281,0.1354,Amidase,E3_5_1_4,,vv10220Urea_cycle_and_metabolism_of_amino_groups,vv10360Phenylalanine_metabolism
421,VIT_18s0001g09320,278,0.1346,Casein kinase II subunit alpha-2,K03097,,vv23008Ribosome_biogenesis_in_Eukaryotes,vv34710Circadian_rhythm
422,VIT_16s0050g00350,269,0.1303,Tubulin beta-8,K07375,,vv44145Phagosome,vv44810Regulation_of_actin_cytoskeleton
423,VIT_14s0219g00280,269,0.1301,Glycerol-3-phosphate dehydrogenase (NAD+),E1_1_1_8,,vv10564Glycerophospholipid_metabolism,
424,VIT_04s0008g06300,269,0.1298,Leucine-rich repeat family,,,,
425,VIT_08s0040g03040,269,0.1296,Glutathione S-transferase GSTO1,E2_5_1_18_GSTO1,,vv10480Glutathione_metabolism,
426,VIT_05s0020g03650,268,0.1290,Unknown protein,,,,
427,VIT_16s0039g01670,263,0.1275,Cinnamoyl-CoA reductase,E1_2_1_44,,vv10940Phenylpropanoid_biosynthesis,
428,VIT_14s0006g03090,261,0.1265,Cellulose synthase CESA9,E2_4_1_12_CESA9,,vv40006Cell_wall,
429,VIT_07s0104g00820,262,0.1263,Bystin,,,,
430,VIT_18s0122g00670,260,0.1258,Switching protein 3B ATSWI3B,SWI3B,,vv30001ABA_signaling,vv60045MYBrelated
431,VIT_01s0011g04440,252,0.1221,Transparent testa 12 protein,TT12,,vv50125Porters_cat_66_to_94,
432,VIT_05s0124g00330,252,0.1218,Survival of motor neuron protein-interacting protein 1,K13130,,vv23013RNA_transport,
433,VIT_14s0083g00700,251,0.1207,BZIP transcription factor BZIP42,BZIP42,VvbZIP39,vv60012BZIP,
434,VIT_13s0019g04950,249,0.1206,KOW domain-containing transcription factor family protein,KOWDOM,,,
435,VIT_11s0016g02220,249,0.1204,Transducin family protein / WD-40 repeat,,,,
436,VIT_10s0003g04970,243,0.1173,ATPase  BadF/BadG/BcrA/BcrD-type,,,,
437,VIT_18s0001g14660,239,0.1156,P-glycoprotein 13,PGP13,,vv52010ABC_transporters,
438,VIT_09s0002g05560,237,0.1137,ABC transporter g family pleiotropic drug resistance 12 PDR12,ABCGPDR12,,vv52010ABC_transporters,
439,VIT_13s0047g01210,234,0.1135,Phospholipid-translocating ATPase ALA1,K01530,,vv50131Primary_active_transporter_cat_A2_to_A4,
440,VIT_17s0000g10060,233,0.1130,Lipase GDSL,,,,
441,VIT_04s0008g01290,230,0.1118,CGA1 (cytokinin-responsive GATA factor 1),CGA1,,vv30007Cytokinin_signaling,vv60016C2C2-GATA
442,VIT_15s0021g01280,230,0.1108,Cyclin-U4-1 (CycU4;1) CYCP4;1,CYCP4_1,,vv44110Cell_cycle,
443,VIT_13s0019g02500,228,0.1099,No hit,,,,
444,VIT_06s0004g07690,227,0.1093,Pentatricopeptide (PPR) repeat-containing,,,,
445,VIT_06s0061g01540,225,0.1093,KCBP- interacting  protein kinase,,,,
446,VIT_14s0006g02960,225,0.1092,KH domain containing protein,,,,
447,VIT_01s0011g00910,226,0.1084,Unknown protein,,,,
448,VIT_01s0026g01140,224,0.1084,ZCW32 (BIGPETAL  BIGPETALUB),ZCW32_2,,vv60011BHLH,
449,VIT_14s0068g01910,224,0.1083,Peroxidase 55,E1_11_1_7,,vv10360Phenylalanine_metabolism,vv10680Methane_metabolism
450,VIT_10s0003g03330,222,0.1066,Receptor-like serine-threonine protein kinase,,,,
451,VIT_09s0002g03050,219,0.1062,Lipase GDSL,,,,
452,VIT_15s0045g01360,219,0.1058,No hit,,,,
453,VIT_01s0011g01560,215,0.1042,Transparent testa16,TT16_4,,vv60042MADS,
454,VIT_07s0129g00140,215,0.1039,Adenylylsulfate kinase,E2_7_1_25,,vv10230Purine_metabolism,vv10450Selenoamino_acid_metabolism
455,VIT_00s0323g00050,214,0.1037,Invertase/pectin methylesterase inhibitor,PMEI,,vv40006Cell_wall,
456,VIT_17s0000g09980,212,0.1029,REF6 (relative of early flowering 6),REF6,,vv30009Flower_development,vv60038Jumonji
457,VIT_12s0028g01820,211,0.1022,Aspartate transaminase  mitochondrial,E2_6_1_1,vv10710Carbon_fixation,vv10252Alanine_and_aspartate_metabolism,vv10272Cysteine_metabolism
458,VIT_14s0081g00520,211,0.1020,ERF12,ERF12_1,VvERF060,vv30008Ethylene_signaling,vv60003AP2_EREBP
459,VIT_15s0021g02300,206,0.0998,Squamosa promoter-binding protein 8 (SPL8),SPL8,,vv60055SBP,
460,VIT_18s0001g10130,205,0.0997,Zinc finger (C2H2 type) family,C2H2FAM_11,VvERF006,vv60017C2H2,
461,VIT_11s0016g02700,207,0.0993,IAA-amino acid hydrolase 2 (ILL2),ILL2,,vv11002Auxin_biosynthesis,
462,VIT_14s0066g02640,206,0.0991,No hit,,,,
463,VIT_05s0077g01250,202,0.0981,Endochitinase A2 precursor,E3_2_1_14,,vv10530Aminosugars_metabolism,
464,VIT_02s0012g01180,203,0.0977,Unknown protein,,,,
465,VIT_04s0023g00060<br>VIT_18s0041g00140,201,0.0976,
466,VIT_00s1008g00020,201,0.0974,GID1C (GA insensitive DWARF1C),GID1C,,vv30010Gibberellin_signaling,
467,VIT_07s0005g01790,201,0.0973,Acyl-CoA synthetase long-chain member 2,E6_2_1_3_LACS2,,vv10071Fatty_acid_metabolism,vv44146Peroxisome
468,VIT_19s0015g00300,201,0.0971,KCO1 (two pore K channel),K05389_KCO1,,vv50101Channels_and_pores,
469,VIT_06s0004g01550,198,0.0961,Phosphoribosylanthranilate transferase,E2_4_2_18,,vv10400Phenylalanine_tyrosine_and_tryptophan_biosynthesis,
470,VIT_16s0039g00010,199,0.0953,ABC transporter G member 7,ABCG7,,vv52010ABC_transporters,
471,VIT_02s0087g00630,192,0.0929,Alcohol oxidase,E1_1_3_13,,vv10680Methane_metabolism,
472,VIT_13s0067g03890,192,0.0926,Beta-ketoacyl-CoA synthase,E2_3_1_41,,vv10061Fatty_acid_biosynthesis,
473,VIT_07s0031g02100,192,0.0925,No hit,,,,
474,VIT_13s0047g00360,191,0.0924,6-hydroxyisobutyryl-coenzyme A hydrolase,E3_1_2_4,,vv10280Valine_leucine_and_isoleucine_degradation,vv10410Beta-alanine_metabolism
475,VIT_06s0004g01350,185,0.0892,Emsy N terminus domain-containing protein,,,,
476,VIT_14s0030g00670,184,0.0888,Dehydroquinate dehydratase,E4_2_1_10,,vv10400Phenylalanine_tyrosine_and_tryptophan_biosynthesis,
477,VIT_16s0050g02190,181,0.0881,Unknown,,,,
478,VIT_06s0009g00760,181,0.0876,HcrVf1 protein,,,,
479,VIT_18s0001g11160,181,0.0876,Unknown protein,,,,
480,VIT_16s0022g02410,181,0.0876,Oxidoreductase,,,,
481,VIT_16s0098g01830,180,0.0874,Transcription factor jumonji (jmjC) domain-containing protein,JMJD1B_3,,vv60038Jumonji,
482,VIT_16s0039g00570,181,0.0871,10-deacetylbaccatin III 10-O-acetyltransferase,E2_3_1_167,,vv10904Diterpenoid_biosynthesis,
483,VIT_03s0038g03620,179,0.0869,Rho guanyl-nucleotide exchange factor ROPGEF1,ROPGEF1,,,
484,VIT_06s0004g00020,178,0.0864,NAC domain containing protein 32,NAC032,VvNAC44,vv60046NAC,
485,VIT_05s0049g00010,178,0.0857,Cellulose synthase CSLG2,E2_4_1_12_CSLG2,,vv40006Cell_wall,
486,VIT_12s0057g00590,177,0.0853,Vacuolar protein sorting 11 (VPS11),VPS11,,vv50111Tethering_factors,
487,VIT_05s0020g03000,173,0.0841,2-Hydroxyisoflavanone dehydratase,E4_2_1_105,,vv10943Isoflavonoid_biosynthesis,
488,VIT_15s0107g00340,172,0.0832,Lanthionine synthetase C,,,,
489,VIT_17s0000g07680,171,0.0826,Alpha-N-acetylglucosaminidase,E3_2_1_50,,vv10511N-Glycan_degradation,
490,VIT_12s0028g01300,167,0.0809,Polygalacturonase GH28,E3_2_1_15,,vv40006Cell_wall,
491,VIT_05s0049g00480,168,0.0809,Zinc finger (C3HC4-type ring finger),ZFC3HC4_65,,vv60078Other_zf-C3HC4,
492,VIT_04s0044g01730,165,0.0795,F-box family protein,,,,
493,VIT_09s0002g02430,165,0.0793,ABC transporter C member 12,K05672,,vv52010ABC_transporters,
494,VIT_05s0049g01450,164,0.0793,No hit,,,,
495,VIT_08s0007g05560,163,0.0787,Protein kinase,,,,
496,VIT_06s0004g08150,161,0.0774,Trans-cinnamate 4-monooxygenase,E1_14_13_11,,vv10360Phenylalanine_metabolism,vv10940Phenylpropanoid_biosynthesis
497,VIT_05s0077g02270,160,0.0772,Unknown protein,,,,
498,VIT_18s0001g01200,159,0.0765,No hit,,,,
499,VIT_06s0009g03390,157,0.0757,No hit,,,,
500,VIT_04s0008g01250,155,0.0752,Unknown,,,,
501,VIT_12s0034g02560,152,0.0738,DNA (cytosine-5)-methyltransferase (ATHIM),E2_1_1_37,,vv10271Methionine_metabolism,
502,VIT_13s0067g02870,152,0.0737,Chalcone-flavanone isomerase,E5_5_1_6,,vv10941Flavonoid_biosynthesis,
503,VIT_12s0034g02360,151,0.0734,SEC6,K06110,,vv44810Regulation_of_actin_cytoskeleton,vv50111Tethering_factors
504,VIT_07s0255g00060,150,0.0732,Prolyl oligopeptidase family,,,,
505,VIT_02s0025g02090,149,0.0717,Kinesin light chain,K10407,,vv44810Regulation_of_actin_cytoskeleton,
506,VIT_05s0049g01750,148,0.0713,Unknown protein,,,,
507,VIT_01s0011g06010,147,0.0711,Vacuolar iron transporter 1,VIT1,,vv50125Porters_cat_66_to_94,
508,VIT_19s0014g02670,145,0.0698,Protein kinase CRK1 CRK1 protein(Cdc2-related kinase 1),,,,
509,VIT_00s0187g00100,144,0.0698,No hit,,,,
510,VIT_15s0046g00850<br>VIT_19s0138g00070<br>VIT_05s0062g01300,144,0.0695,
511,VIT_09s0018g01650,144,0.0695,Wrinkled1 (AP2/ERBP),WRINKLED1_1,VvAP2-06,vv30008Ethylene_signaling,vv60003AP2_EREBP
512,VIT_08s0056g00330,143,0.0695,Bromodomain containing,,,,
513,VIT_18s0001g06360,143,0.0691,Alcohol dehydrogenase,E1_1_1_1,,vv10010Glycolysis,vv10071Fatty_acid_metabolism
514,VIT_06s0004g03210,142,0.0687,Unknown,,,,
515,VIT_10s0003g01710,140,0.0678,Ubiquitin domain containing 2,,,,
516,VIT_00s0187g00240,139,0.0676,SWIB complex BAF60b domain-containing protein,SWIB_5,,vv60092SWIB,
517,VIT_15s0048g03000,138,0.0670,GTPase RABA3,K07976,,,
518,VIT_16s0039g01900,138,0.0670,Myb KAN2 (KANADI 2),KANADI2_2,,vv60029G2-like,
519,VIT_06s0004g01780,137,0.0667,Serine/threonine-protein kinase OXI1,,,,
520,VIT_07s0255g00030,139,0.0665,Lipase GDSL,,,,
521,VIT_09s0002g01440,136,0.0661,Early flowering 4,ELF4,,vv34710Circadian_rhythm,
522,VIT_11s0016g04300,136,0.0660,Nudix hydrolase 20  chloroplast precursor (AtNUDT20),,,,
523,VIT_13s0064g01090,136,0.0655,Zinc finger (CCCH-type) family protein,CCCHFAM_34,,vv60018C3H,
524,VIT_06s0004g03070,135,0.0654,Zinc finger (C2H2 type) JACKDAW,JACKDAW_1,,vv60017C2H2,
525,VIT_03s0017g01570,134,0.0647,FAD-binding domain-containing protein,,,,
526,VIT_13s0067g01410,133,0.0641,Anthranilate N-hydroxycinnamoyl/benzoyltransferase,E2_3_1_144,,vv10400Phenylalanine_tyrosine_and_tryptophan_biosynthesis,
527,VIT_17s0000g03150,130,0.0628,No hit,,,,
528,VIT_09s0002g05370,129,0.0627,ABC transporter g family pleiotropic drug resistance 12 PDR12,ABCGPDR12,,vv52010ABC_transporters,
529,VIT_09s0002g03030,130,0.0626,FRK1 (FLG22-induced receptor-like kinase 1),FRK1,,vv34626Plant-pathogen_interaction,
530,VIT_05s0051g00980,130,0.0625,No hit,,,,
531,VIT_19s0027g01030,127,0.0618,NDA2 (alternative NAD(P)H dehydrogenase 2),K03885,,vv10190Oxidative_phosphorylation,vv50134Primary_active_transporter_cat_D1
532,VIT_17s0000g07770,126,0.0610,LTCOR11,LTCOR11,,vv30010Gibberellin_signaling,
533,VIT_02s0025g03720,126,0.0609,DTA2 (downstream target of AGL15 2),,,,
534,VIT_10s0042g01470,125,0.0608,Armadillo/beta-catenin repeat,,,,
535,VIT_15s0048g01860,124,0.0599,No hit,,VvERF041,,
536,VIT_13s0320g00040,124,0.0598,Glycosyl hydrolase family 20 protein,,,,
537,VIT_04s0023g02930,122,0.0591,Unknown protein,,,,
538,VIT_10s0116g01870,122,0.0590,MATE efflux family protein,MATE,,vv50125Porters_cat_66_to_94,
539,VIT_06s0004g06210,122,0.0587,CYP86A1,,,,
540,VIT_09s0002g07220,120,0.0581,Unknown,,,,
541,VIT_03s0038g04510,120,0.0578,Chaperone BCS1 mitochondrial,K08900,,,
542,VIT_10s0003g04750,120,0.0578,NADPH-ferrihemoprotein reductase,E1_6_2_4,,vv10195Photosynthesis,
543,VIT_04s0008g05860,119,0.0575,Unknown,,,,
544,VIT_17s0000g02650,117,0.0565,Myb domain protein 7,MYB7_2,MYBC2-L4,vv60044MYB,
545,VIT_11s0016g05380,114,0.0554,Acidic leucine-rich nuclear phosphoprotein 32 member E,,,,
546,VIT_17s0000g07950,113,0.0547,Unknown protein,,,,
547,VIT_17s0000g02960,113,0.0546,Cyclin-dependent kinase D1;3,CDKD1_3,,vv23420Nucleotide_excision_repair,vv44110Cell_cycle
548,VIT_10s0092g00260,114,0.0546,Alpha-glucosidase 1 (AGLU1),E3_2_1_20,,vv10052Galactose_metabolism,vv10500Starch_and_sucrose_metabolism
549,VIT_19s0014g01120,113,0.0546,Curculin (mannose-binding) lectin,,,,
550,VIT_10s0071g00860,112,0.0540,Disease resistance protein,,,,
551,VIT_16s0050g00090,111,0.0539,Cytochrome B561,K08360,,vv50105Transport_electron_carriers,
552,VIT_04s0023g02810,112,0.0539,Aldehyde dehydrogenase 3B1,E1_2_1_3,vv10561Glycerolipid_metabolism,vv10010Glycolysis,vv10071Fatty_acid_metabolism
553,VIT_09s0054g01370,109,0.0522,Beta-amyrin synthase,E5_4_99_BAS,,vv10900Terpenoid_biosynthesis,
554,VIT_15s0021g00220,107,0.0517,ABC transporter C member 15,ABCC15,,vv52010ABC_transporters,
555,VIT_10s0042g00820,106,0.0513,Transparent testa16,TT16_2,,vv60042MADS,
556,VIT_14s0108g00740,105,0.0507,GASA4,GASA4,,vv30010Gibberellin_signaling,
557,VIT_10s0116g00160,105,0.0506,Bromo-adjacenty (BAH) domain-containing protein,PHDBAH_1,,vv60048PHD,
558,VIT_13s0019g03180,104,0.0500,Unknown protein,,,,
559,VIT_12s0028g01850,103,0.0499,Receptor kinase TRKe,,,,
560,VIT_14s0068g00400,103,0.0495,Hydrolase  alpha/beta fold family,,,,
561,VIT_08s0007g07690,102,0.0494,Polygalacturonase inhibiting protein PGIP1,PGIP,,,
562,VIT_15s0024g00910,101,0.0490,NFD4 (nuclear fusion defective 4),,,,
563,VIT_04s0069g00030,100,0.0484,Retrotransposon protein,,,,
564,VIT_10s0116g01580,99,0.0480,No hit,,,,
565,VIT_00s0299g00100,97,0.0471,Arabidopsis thaliana homeobox protein 2,VVHB2_1,VvHB72,vv60034HB,
566,VIT_18s0001g12020,96,0.0463,Brassinosteroid Signaling positive regulator (BZR1),BZR1_2,,vv30005Brassinosteroids_signaling,vv60010BES1
567,VIT_08s0007g05550,95,0.0458,Protein kinase,,,,
568,VIT_18s0001g09920,94,0.0453,Cyclin delta-3 (CYCD3_1),CYCD3,,vv30007Cytokinin_signaling,vv44110Cell_cycle
569,VIT_14s0068g00660,92,0.0446,ATAN11 (ANTHOCYANIN11),,,,
570,VIT_17s0119g00180,92,0.0443,Trypsin and protease inhibitor Kunitz family,,,,
571,VIT_14s0060g01420,91,0.0442,Unknown protein,,,,
572,VIT_08s0007g07870,91,0.0441,Basic helix-loop-helix (bHLH) family,BHLHDOM_40,,vv60011BHLH,
573,VIT_08s0105g00570,91,0.0441,Adenosine/AMP deaminase active site,E3_5_4_4,,vv10230Purine_metabolism,
574,VIT_06s0004g01510,91,0.0439,Lipoxygenase (LOX2),E1_13_11_12,,vv10592alpha-Linolenic_acid_metabolism,
575,VIT_05s0062g00920,91,0.0438,No hit,,,,
576,VIT_08s0058g01390,89,0.0430,WRKY DNA-binding protein 70,WRKY70_2,VvWRKY25,vv60066WRKY,
577,VIT_18s0075g00800,89,0.0428,TIR-NBS disease resistance,,,,
578,VIT_05s0020g02260,88,0.0426,Sugar transporter ERD6-like 16,ERD6L16,,vv50121Porters_cat_1_to_6,
579,VIT_10s0003g04320,87,0.0419,PINOID,PINOID,,vv50004Auxin_transport,vv50125Porters_cat_66_to_94
580,VIT_13s0047g00010,86,0.0418,ZIFL2 (zinc induced facilitator-like 1),ZIFL1,,vv50121Porters_cat_1_to_6,
581,VIT_17s0000g04450,86,0.0417,Phospholipid-transporting ATPase,K01530,,vv50131Primary_active_transporter_cat_A2_to_A4,
582,VIT_01s0010g02220,85,0.0409,Zinc finger (C3HC4-type ring finger),ZFC3HC4_200,,vv60078Other_zf-C3HC4,
583,VIT_14s0036g00420,84,0.0408,Phosphoenolpyruvate carboxylase kinase,E4_1_1_49,,vv10020Citrate_cycle,vv10620Pyruvate_metabolism
584,VIT_16s0022g02350,84,0.0407,ACI13,,,,
585,VIT_03s0017g00920,84,0.0407,R protein  PRF  disease resistance protein,K13453,,vv34627R_proteins_from_Plant-pathogen_interaction,
586,VIT_03s0180g00150,83,0.0403,Receptor protein kinase,,,,
587,VIT_05s0077g00150,83,0.0401,Unknown,,,,
588,VIT_02s0109g00390,83,0.0399,N-hydroxycinnamoyl/benzoyltransferase 5,,,,
589,VIT_06s0004g07420,83,0.0399,Unknown protein,,,,
590,VIT_00s0337g00030,82,0.0396,Nodulin family protein,,,,
591,VIT_11s0016g05340,81,0.0394,Ethylene-responsive transcription factor SHINE 3,SHINE3_2,VvERF043,vv30008Ethylene_signaling,vv60003AP2_EREBP
592,VIT_16s0100g00520,82,0.0392,ATPP2-A13,,,,
593,VIT_14s0128g00780,80,0.0386,Lipoxygenase,E1_13_11_12,,vv10592alpha-Linolenic_acid_metabolism,
594,VIT_12s0057g01450,79,0.0383,Subtilisin protease,,,,
595,VIT_14s0128g00510<br>VIT_14s0128g00550,78,0.0379,
596,VIT_16s0039g01710,77,0.0372,Myb domain protein 9,MYB9,MYB181,vv60044MYB,
597,VIT_05s0077g00530,77,0.0370,Unknown protein,,,,
598,VIT_14s0006g00640,75,0.0362,DELLA protein RGL1 (RGA-like protein 1),RGL1_1,,vv30010Gibberellin_signaling,vv60032GRAS
599,VIT_03s0180g00140,74,0.0360,Acetyl xylan esterase AxeA,,,,
600,VIT_03s0063g01640,74,0.0357,CYP82C1p,,,,
601,VIT_02s0025g03350,73,0.0353,Unknown,,,,
602,VIT_13s0106g00570<br>VIT_14s0036g00790<br>VIT_17s0000g02780,72,0.0349,
603,VIT_01s0010g02350,72,0.0348,Protein phosphatase 2 (formerly 2A)  regulatory subunit B',K11584,,vv23015mRNA_surveillance_pathway,
604,VIT_13s0067g01930,72,0.0347,Unknown protein,,,,
605,VIT_18s0072g00580<br>VIT_11s0065g00040,72,0.0346,
606,VIT_17s0000g06320,69,0.0334,Endonuclease,E3_1_30_x,,,
607,VIT_00s1923g00010<br>VIT_18s0001g08510,68,0.0330,
608,VIT_07s0151g00700,68,0.0329,EDA4 (embryo sac development arrest 4),EDA4,,vv50109Incompletely_characterized_transport_systems,
609,VIT_01s0011g01100,67,0.0327,Pentatricopeptide (PPR) repeat-containing protein,,,,
610,VIT_03s0038g03060,67,0.0326,Transposase,,,,
611,VIT_04s0079g00790,67,0.0325,Acyl-CoA synthetases (Acyl-activating enzyme 11),E6_2_1_3,,vv10071Fatty_acid_metabolism,vv50104Group_translocators
612,VIT_16s0098g00660,67,0.0325,Unknown protein,,,,
613,VIT_18s0001g11710,67,0.0324,Photosystem II PsbO protein,K02716,,vv10195Photosynthesis,vv50113Thylakoid_targeting_pathway
614,VIT_01s0011g05320,67,0.0322,Thaumatin,,,,
615,VIT_12s0034g02370,66,0.0318,Unknown protein,,,,
616,VIT_06s0004g06570,65,0.0316,Calcium/proton exchanger CAX3,K07300_CAX3,,vv50123Porters_cat_18_to_29,
617,VIT_12s0142g00310,65,0.0315,Oxygen evolving enhancer 3 (PsbQ),K08901,,vv10195Photosynthesis,vv50113Thylakoid_targeting_pathway
618,VIT_07s0129g01070,63,0.0305,Leucine-rich repeat protein kinase,,,,
619,VIT_15s0046g01390,63,0.0304,Ethylene-responsive transcription factor cytokinin response factor 4,CRF4_2,VvERF056,vv30007Cytokinin_signaling,vv30008Ethylene_signaling
620,VIT_04s0023g01880,62,0.0300,Zinc finger homeobox 31,ZFHB31,,vv60068Zf-HD,
621,VIT_16s0039g01570,62,0.0298,Zinc finger (CCCH-type) family protein,CCCHFAM_24,,vv60018C3H,
622,VIT_15s0045g00020,61,0.0297,No hit,,,,
623,VIT_13s0019g04770,61,0.0295,Sec8 exocyst complex component specific domain containing protein,K06111,,vv44810Regulation_of_actin_cytoskeleton,vv50111Tethering_factors
624,VIT_13s0019g04650,60,0.0291,Thioredoxin 8,,,,
625,VIT_00s0398g00020,59,0.0284,S-receptor kinase KIK1 precursor,,,,
626,VIT_07s0141g00150,58,0.0279,Histone acetyl transferase HAM1,HAM1_1,,vv60082GNAT,
627,VIT_11s0103g00760,57,0.0276,CIA2 (chloroplast import apparatus 2),CIA2,,vv60070Orphans_CCT,
628,VIT_04s0008g06960,57,0.0276,No hit,,,,
629,VIT_05s0094g00470,57,0.0275,Zinc finger (C3HC4-type ring finger),ZFC3HC4_201,,vv60078Other_zf-C3HC4,
630,VIT_12s0055g00930,55,0.0267,Heavy-metal-associated domain-containing protein,,,,
631,VIT_09s0002g02220,54,0.0261,Protein kinase CDG1,,,,
632,VIT_18s0001g00560,54,0.0261,Alpha-amylase / 1 4-alpha-D-glucan glucanohydrolase,E3_2_1_1,,vv10500Starch_and_sucrose_metabolism,
633,VIT_16s0050g01900,54,0.0259,Leucine-rich repeat protein kinase,,,,
634,VIT_19s0090g00310,53,0.0256,AT hook motif-containing protein,,,,
635,VIT_11s0016g04840,52,0.0251,Avr9/Cf-9 rapidly elicited protein 11,,,,
636,VIT_06s0080g00570,51,0.0247,Unknown protein,,,,
637,VIT_04s0008g06310,50,0.0243,Octicosapeptide/Phox/Bem1p (PB1) domain-containing protein,BEM1P,,vv50132Primary_active_transporter_cat_A5_to_A8,
638,VIT_18s0001g01730,50,0.0243,Shikimate kinase,E2_7_1_71,,vv10400Phenylalanine_tyrosine_and_tryptophan_biosynthesis,
639,VIT_18s0117g00400,50,0.0242,TIR-NBS-LRR-TIR disease resistance protein,,,,
640,VIT_17s0000g06740,50,0.0242,Zinc finger (C2H2 type) family,C2H2FAM_6,,vv60017C2H2,
641,VIT_04s0008g02050,49,0.0237,Hydrolase  alpha/beta fold,,,,
642,VIT_08s0007g00160,48,0.0233,Glycosyltransferase family 14,,,,
643,VIT_08s0056g00240,48,0.0231,Unknown protein,,,,
644,VIT_09s0054g00500,47,0.0229,No hit,,,,
645,VIT_05s0124g00080,47,0.0227,No hit,,,,
646,VIT_14s0108g00160,47,0.0227,Pyrrolo-quinoline quinone,K05889,,vv50101Channels_and_pores,
647,VIT_14s0060g01180,47,0.0227,KNAT2 (knotted1-like homeobox gene 6),KNAT6_2,VvHB49,vv60034HB,
648,VIT_03s0038g00630,46,0.0222,Endo-1 4-beta-glucanase,E3_2_1_4,,vv40006Cell_wall,
649,VIT_03s0088g00260,45,0.0218,Serine carboxypeptidase S10,,,,
650,VIT_00s0194g00320,45,0.0217,No hit,,,,
651,VIT_00s0531g00030,45,0.0217,C2 domain containing protein,,,,
652,VIT_07s0129g00370,44,0.0213,Unknown protein,,,,
653,VIT_01s0010g03310,44,0.0213,Unknown protein,,,,
654,VIT_00s0264g00090,43,0.0207,Phospholipase D delta isoform 1b,PLDG1,,vv10564Glycerophospholipid_metabolism,vv10565Ether_lipid_metabolism
655,VIT_17s0000g06040,43,0.0206,Phytochrome kinase substrate 1,,,,
656,VIT_00s2525g00010,42,0.0203,Unknown,,,,
657,VIT_07s0151g00360,41,0.0197,Unknown protein,,,,
658,VIT_12s0059g02750,40,0.0194,Eukaryotic translation initiation factor-related,,,,
659,VIT_00s0421g00020,40,0.0194,Hcr2-5B,,,,
660,VIT_07s0141g00040,40,0.0194,Protein phosphatase 2C,E3_1_3_16,,,
661,VIT_04s0008g02870,40,0.0193,Transcription factor,TRIHELIXDOM_12,,vv60062Trihelix,
662,VIT_15s0024g00920,40,0.0193,NFD4 (nuclear fusion defective 4),,,,
663,VIT_07s0031g01690,40,0.0192,No hit,,,,
664,VIT_15s0048g02050,39,0.0188,Hydrolase  alpha/beta fold family protein  expressed,,,,
665,VIT_06s0009g02450,39,0.0188,Integrase,,,,
666,VIT_17s0000g03100,38,0.0183,Protein phosphatase 2C,E3_1_3_16,,,
667,VIT_19s0015g00700,38,0.0183,Emp24/gp25L/p24,EMP24,,vv50110Protein_coat,
668,VIT_18s0001g08470,37,0.0179,Myb domain protein 84/RAX3,MYB84_1,MYB152,vv60044MYB,
669,VIT_13s0106g00090,37,0.0179,No hit,,,,
670,VIT_12s0028g03780,37,0.0179,Riboflavin synthase alpha chain,E2_5_1_9,,vv10740Riboflavin_metabolism,
671,VIT_11s0016g05630,37,0.0179,Acetylglucosaminyltransferase,E2_4_1_223,,vv11030Glycan_structures-biosynthesis1,
672,VIT_18s0001g05580,37,0.0178,Unknown protein,,,,
673,VIT_13s0106g00250,36,0.0174,Carboxylic ester hydrolase,E3_1_1_1,,,
674,VIT_00s0187g00030,36,0.0174,Lysine-ketoglutarate reductase,E1_5_1_10,,vv10300Lysine_biosynthesis,
675,VIT_00s0267g00050,36,0.0173,No hit,,,,
676,VIT_01s0010g03810,35,0.0169,No hit,,,,
677,VIT_00s0583g00020,34,0.0165,Unknown protein,,,,
678,VIT_19s0015g02850,34,0.0164,No hit,,,,
679,VIT_18s0041g01980,34,0.0164,No hit,,,,
680,VIT_04s0044g00930,34,0.0163,Peroxiredoxin-5,E1_11_1_15,,,
681,VIT_05s0020g03260,33,0.0160,Copper amine oxidase,E1_4_3_6,,vv10220Urea_cycle_and_metabolism_of_amino_groups,vv10340Histidine_metabolism
682,VIT_05s0077g01670,32,0.0155,Major cherry allergen Pru av 1.0202,,,,
683,VIT_13s0067g01180,32,0.0155,Leaf senescence related,,,,
684,VIT_07s0104g00040,32,0.0155,SecY,K03076,,vv23060Protein_export,vv50113Thylakoid_targeting_pathway
685,VIT_02s0025g00560,32,0.0155,Glycoside hydrolase  family 5,,,,
686,VIT_11s0037g00160,32,0.0154,Protein prenyltransferase  alpha subunit,,,,
687,VIT_04s0008g03950,32,0.0154,RD22,,,,
688,VIT_09s0002g02210,31,0.0151,Adhesion of calyx edges (ACE),,,,
689,VIT_12s0059g02290,31,0.0151,Unknown protein,,,,
690,VIT_12s0059g01830,31,0.0150,Unknown,,,,
691,VIT_09s0018g00870<br>VIT_15s0024g00840<br>VIT_13s0101g00010,31,0.0150,
692,VIT_00s0218g00070,30,0.0145,Methylmalonate semi-aldehyde dehydrogenase,E1_2_1_27,,vv10280Valine_leucine_and_isoleucine_degradation,vv10640Propanoate_metabolism
693,VIT_03s0091g00760,30,0.0144,Interferon-related developmental regulator family,,,,
694,VIT_15s0048g02960,29,0.0141,No hit,,,,
695,VIT_14s0068g00360,29,0.0141,LNG1 (LONGIFOLIA1),,,,
696,VIT_07s0031g00320,28,0.0135,Curly leaf PHCLF1,CLF1_1,,vv30009Flower_development,vv60056SET_PCG
697,VIT_12s0055g00670,28,0.0135,Unknown,,,,
698,VIT_19s0090g00730,28,0.0135,No hit,,,,
699,VIT_07s0005g00590,28,0.0134,Deoxyribodipyrimidine photolyase,E4_1_99_3,,,
700,VIT_12s0035g00620,27,0.0130,BZIP transcription factor,BZIPDOM_15,VvbZIP32,vv60012BZIP,
701,VIT_14s0128g00210,27,0.0130,Xyloglucanase inhibitor,,,,
702,VIT_11s0065g00130,27,0.0130,Taxane 10-beta-hydroxylase,E1_14_13_76,,vv10904Diterpenoid_biosynthesis,
703,VIT_06s0004g01110,26,0.0127,Cation efflux family protein MTPc3,MTPC3,,vv50121Porters_cat_1_to_6,
704,VIT_04s0008g03930,26,0.0126,RD22,,,,
705,VIT_17s0000g06280,26,0.0126,Geranylgeranyl reductase,CHLP,,vv10100Biosynthesis_of_steroids,
706,VIT_14s0066g00310,26,0.0126,Unknown protein,,,,
707,VIT_07s0129g00170,26,0.0126,Porin,K07267,,vv50101Channels_and_pores,
708,VIT_01s0026g02590,26,0.0126,Calcium-binding protein CML,K13448,,vv34626Plant-pathogen_interaction,
709,VIT_15s0048g01270,26,0.0125,MADS-box agamous-like 6,AGL6_1,,vv60042MADS,
710,VIT_18s0001g13960,26,0.0125,SAUR_E,SAURE,,vv30003Auxin_signaling,
711,VIT_03s0063g00580,26,0.0125,Rad54,K10875,,vv23440Homologous_recombination,vv60058SNF2
712,VIT_16s0039g02750,25,0.0121,NADH glutamate dehydrogenase,E1_4_1_3,,vv10251Glutamate_metabolism,vv10330Arginine_and_proline_metabolism
713,VIT_00s0484g00020,25,0.0121,Receptor kinase ARK3,,,,
714,VIT_14s0068g01210,24,0.0116,Sex determination protein tasselseed-2,,,,
715,VIT_00s0286g00110,24,0.0116,S-locus protein kinase,,,,
716,VIT_06s0004g04590,24,0.0116,Epsin N-terminal homology (ENTH) domain-containing,ENTH,,vv50110Protein_coat,
717,VIT_08s0007g02940,24,0.0116,NAC domain containing protein 90,NAC090_1,VvNAC62,vv60046NAC,
718,VIT_01s0011g02330,24,0.0116,Unknown protein,,,,
719,VIT_12s0134g00070,24,0.0115,No hit,,,,
720,VIT_06s0009g01040,23,0.0111,No hit,,,,
721,VIT_19s0085g01000,23,0.0111,RGLG2 (ring Domain LIGASE2),RGLG2,,vv50004Auxin_transport,
722,VIT_19s0090g01540,22,0.0107,Beta-1 2-xylosyltransferase,E2_4_2_38,,vv11030Glycan_structures-biosynthesis1,
723,VIT_08s0007g05140,22,0.0107,MAP70 protein .,,,,
724,VIT_11s0016g01310,22,0.0106,TT2 (transparent testa 2),TT2_5,MYBPA4,vv44110Cell_cycle,vv60044MYB
725,VIT_05s0165g00170,22,0.0106,No hit,,,,
726,VIT_03s0091g00350,22,0.0106,No hit,,,,
727,VIT_04s0044g01370,22,0.0106,SCL1 (scarecrow-like 1),SCL1_1,,vv60032GRAS,
728,VIT_07s0005g01100,20,0.0097,Importin alpha,IMPALPHA,,vv50109Incompletely_characterized_transport_systems,vv50112Nuclear_pore_complex
729,VIT_00s0181g00110,20,0.0097,ARV1,,,,
730,VIT_02s0025g00960,20,0.0096,V-type H+-transporting ATPase subunit E,K02150,,vv10190Oxidative_phosphorylation,vv44145Phagosome
731,VIT_08s0040g03400,20,0.0096,Short-chain dehydrogenase/reductase,,,,
732,VIT_00s0337g00040,20,0.0096,Unknown protein,,,,
733,VIT_15s0021g00530,19,0.0093,Unknown protein,,,,
734,VIT_05s0062g01200,19,0.0093,Unknown,,,,
735,VIT_00s0373g00020,19,0.0092,HSL2 (HAESA-like 2),,,,
736,VIT_19s0014g04370,19,0.0092,No hit,,,,
737,VIT_12s0028g01320,19,0.0092,Unknown protein,,,,
738,VIT_07s0130g00040,19,0.0092,Myb domain protein 4,MYB4_10,MYB3,vv60044MYB,
739,VIT_00s0824g00020,19,0.0092,Basic helix-loop-helix (bHLH) family,BHLHDOM_58,,vv60011BHLH,
740,VIT_00s0665g00040,19,0.0092,RAB GTPase RABH1E,K07976,,,
741,VIT_13s0064g01490,19,0.0092,Lipoxygenase,E1_13_11_12,,vv10592alpha-Linolenic_acid_metabolism,
742,VIT_16s0013g02090,19,0.0092,F-box family protein,,,,
743,VIT_14s0006g01790,19,0.0091,Beta-mannosidase,E3_2_1_25,,vv10511N-Glycan_degradation,
744,VIT_18s0001g11700,19,0.0091,Exocyst complex component 1,SEC3A,,vv50111Tethering_factors,
745,VIT_06s0004g02630,19,0.0091,Zinc finger (C3HC4-type ring finger),ZFC3HC4,,,
746,VIT_14s0081g00140,18,0.0087,Pentatricopeptide (PPR) repeat-containing,,,,
747,VIT_13s0073g00410,18,0.0087,Nucleolar essential protein,,,,
748,VIT_18s0001g03060,18,0.0087,Nucleoside-triphosphatase,E3_6_1_15,,vv10230Purine_metabolism,vv10730Thiamine_metabolism
749,VIT_12s0035g00150,18,0.0087,Leucine Rich Repeat receptor-like kinase,,,,
750,VIT_18s0001g11120,18,0.0087,Ternary complex factor MIP1,,,,
751,VIT_13s0067g01590,17,0.0083,Lectin protein kinase,,,,
752,VIT_17s0000g05610,17,0.0083,Isopiperitenol dehydrogenase,E1_1_1_223,,vv10902Monoterpenoid_biosynthesis,
753,VIT_07s0005g02420,17,0.0083,Haloacid dehalogenase hydrolase,E3_1_3_18,,vv10630Glyoxylate_and_dicarboxylate_metabolism,
754,VIT_02s0025g04910,16,0.0078,Growth-regulating factor 5,GRF5_3,,vv60033GRF,
755,VIT_19s0015g00740,16,0.0078,Prefoldin,,,,
756,VIT_03s0088g00980,16,0.0077,Unknown protein,,,,
757,VIT_13s0067g02420,16,0.0077,No hit,,,,
758,VIT_06s0004g08180,16,0.0077,Translation initiation factor eIF-2 beta subunit,K03238,,vv23013RNA_transport,
759,VIT_13s0067g01390,16,0.0077,No hit,,,,
760,VIT_01s0113g00300,16,0.0077,No hit,,,,
761,VIT_08s0105g00220,15,0.0073,PRLI-interacting factor G-like protein,,,,
762,VIT_13s0019g01520,15,0.0073,Protease inhibitor/seed storage/lipid transfer protein (LTP),,,,
763,VIT_17s0000g10020,15,0.0073,1 3-beta-glucan synthase,E2_4_1_34,,vv10500Starch_and_sucrose_metabolism,
764,VIT_01s0146g00370,15,0.0073,Armadillo/beta-catenin repeat,,,,
765,VIT_12s0057g00560,15,0.0073,PAT1 (Phytochrome a signal transduction 1),PAT1,,vv60032GRAS,
766,VIT_04s0023g01600,15,0.0073,Membrane protein,,,,
767,VIT_15s0046g02860,15,0.0072,Riboflavin biosynthesis protein ribD,E3_5_4_26,,vv10740Riboflavin_metabolism,
768,VIT_11s0016g03250,15,0.0072,Lachrymatory factor synthase,,,,
769,VIT_04s0044g00390,15,0.0072,Nodulin MtN21 family,MTN21,,vv50122Porters_cat_7_to_17,
770,VIT_14s0030g00730,15,0.0072,Vesicle-associated membrane protein 27 VAP27-2,VAP27_2,,vv50109Incompletely_characterized_transport_systems,
771,VIT_09s0002g00390,15,0.0072,Translation initiation factor eIF-2B alpha subunit,K03239,,vv23013RNA_transport,
772,VIT_18s0001g14600,15,0.0072,Pentatricopeptide (PPR) repeat-containing protein,,,,
773,VIT_14s0060g02420,15,0.0072,Transcription factor jumonji (jmjC) domain-containing protein,JMJD1A_2,,vv60038Jumonji,
774,VIT_04s0008g00150,15,0.0072,NAC domain containing protein 36,NAC036_1,VvNAC04,vv60046NAC,
775,VIT_12s0059g02660,15,0.0072,No hit,,,,
776,VIT_15s0024g00660,15,0.0072,Esterase,,,,
777,VIT_09s0002g05270,15,0.0072,Gibberellin 3beta-hydroxylase3,E1_14_11_15,,vv10904Diterpenoid_biosynthesis,vv30001ABA_signaling
778,VIT_05s0062g00370,15,0.0072,No hit,,,,
779,VIT_12s0034g00010,14,0.0068,No hit,,,,
780,VIT_18s0001g09170,14,0.0068,Interferon developmental regulator,,,,
781,VIT_09s0002g08120,14,0.0068,DEAD-box protein abstrakt,ABSTRAKT,,vv23040Spliceosome,vv50133Primary_active_transporter_cat_A9_to_A18
782,VIT_06s0004g07850,13,0.0063,Unknown protein,,,,
783,VIT_00s0286g00100,13,0.0063,S-locus protein kinase,,,,
784,VIT_08s0058g00990,13,0.0063,Peroxidase,E1_11_1_7,,vv10360Phenylalanine_metabolism,vv10680Methane_metabolism
785,VIT_08s0058g01340,13,0.0063,Leucine-rich repeat transmembrane protein kinase,,,,
786,VIT_09s0002g03180,13,0.0063,DNA repair protein,,,,
787,VIT_08s0040g02370,13,0.0063,DnaJ homolog  subfamily C  member 19,K09539,,vv50132Primary_active_transporter_cat_A5_to_A8,
788,VIT_19s0027g00740,13,0.0063,Inhibitor of apoptosis,,,,
789,VIT_05s0049g00300,13,0.0063,1-aminocyclopropane-1-carboxylate oxidase homolog 1,E1_14_17_4,,vv10640Propanoate_metabolism,vv30008Ethylene_signaling
790,VIT_09s0002g05530,13,0.0063,ABC transporter g family pleiotropic drug resistance 12 PDR12,ABCGPDR12,,vv52010ABC_transporters,
791,VIT_03s0038g04210,13,0.0063,Phototropin-2,K08282,,vv50101Channels_and_pores,
792,VIT_15s0048g02520,13,0.0063,Zinc transporter (ZAT),ZAT,,vv50121Porters_cat_1_to_6,
793,VIT_08s0007g03330,13,0.0062,Iron-sulfur assembly protein IscA 2,,,,
794,VIT_04s0044g01110,12,0.0058,Alcohol dehydrogenase 6,E1_1_1_1,,vv10010Glycolysis,vv10071Fatty_acid_metabolism
795,VIT_05s0020g03890,12,0.0058,Kinase interacting,,,,
796,VIT_01s0011g03790,12,0.0058,ARG1 (Altered response to gravity 1),ARG1,,vv50132Primary_active_transporter_cat_A5_to_A8,
797,VIT_08s0058g00720,12,0.0058,No hit,,,,
798,VIT_14s0030g00960,12,0.0058,R protein MLA10,K13475,,vv34627R_proteins_from_Plant-pathogen_interaction,
799,VIT_03s0038g02060,12,0.0058,Dirigent protein pDIR7,,,,
800,VIT_18s0122g01180,12,0.0058,Unknown,,,,
801,VIT_06s0009g01410,12,0.0058,No hit,,,,
802,VIT_19s0085g00030,12,0.0058,Unknown protein,,,,
803,VIT_06s0080g00350,12,0.0058,Myo-inositol-1-phosphate synthase,E5_5_1_4,,vv10562Inositol_phosphate_metabolism,
804,VIT_18s0001g12240,12,0.0058,Peptide chain release factor eRF subunit 1,K03265,,vv23015mRNA_surveillance_pathway,
805,VIT_15s0048g00550,12,0.0058,Abnormal floral organs,AFO_2,,vv60019C2C2-YABBY,
806,VIT_03s0038g00950,12,0.0058,Auxin-responsive SAUR9,SAUR9,,vv30003Auxin_signaling,
807,VIT_08s0040g00850,12,0.0058,Thylakoid lumenal 20 kDa protein,,,,
808,VIT_05s0020g02370,12,0.0057,S-adenosylmethionine decarboxylase,E4_1_1_50,,vv10220Urea_cycle_and_metabolism_of_amino_groups,vv10271Methionine_metabolism
809,VIT_01s0026g02650,11,0.0053,KH domain-containing protein,,,,
810,VIT_03s0038g02380,11,0.0053,RAC G-protein Rac1,RAC1,,vv34020Calcium_signaling_pathway,
811,VIT_02s0033g01340,11,0.0053,Unknown protein,,,,
812,VIT_01s0137g00720,10,0.0049,Lipase GDSL,,,,
813,VIT_12s0134g00350,10,0.0049,Zinc finger (C3HC4-type ring finger),ZFC3HC4_228,,vv60078Other_zf-C3HC4,
814,VIT_05s0077g01390,10,0.0048,Zinc finger (C2H2 type) protein (ZFP6),ZFP6_3,,vv60017C2H2,
815,VIT_02s0025g01190,10,0.0048,Extra-large G-protein (XLG1),,,,
816,VIT_16s0022g00900,10,0.0048,No hit,,,,
817,VIT_08s0007g02000,10,0.0048,Glycerol-3-phosphate acyltransferase 8,E2_3_1_15,,vv10561Glycerolipid_metabolism,vv10564Glycerophospholipid_metabolism
818,VIT_12s0055g00640,9,0.0044,Serine/theronine protein kinase 2,,,,
819,VIT_10s0092g00480,9,0.0044,CYP71D10p,E1_14_13_73,,vv10902Monoterpenoid_biosynthesis,
820,VIT_00s0218g00100,9,0.0044,Metal transporter Nramp6,NRAMP6,,vv50124Porters_cat_30_to_64,
821,VIT_00s0194g00010,9,0.0044,Phenylalanine-tRNA ligase,E6_1_1_20,,vv10400Phenylalanine_tyrosine_and_tryptophan_biosynthesis,vv20970Aminoacyl-tRNA_biosynthesis
822,VIT_06s0004g05530,9,0.0044,Serine/threonine protein phosphatase PP1,K06269,,vv10500Starch_and_sucrose_metabolism,
823,VIT_19s0015g01240,9,0.0044,No hit,,,,
824,VIT_18s0001g05300,9,0.0044,Trehalose-6-phosphate phosphatase,E3_1_3_12,,vv10500Starch_and_sucrose_metabolism,
825,VIT_00s0226g00100,9,0.0044,Regulator of chromosome condensation (RCC1),RCC1,,vv50112Nuclear_pore_complex,
826,VIT_14s0108g01340,9,0.0044,Pentatricopeptide (PPR) repeat,,,,
827,VIT_18s0001g15260,9,0.0044,Myb domain protein 52,MYB52_1,MYB170,vv60044MYB,
828,VIT_15s0048g00440,9,0.0044,Unknown protein,,,,
829,VIT_07s0005g05260<br>VIT_07s0005g05230,9,0.0044,
830,VIT_12s0028g02840,9,0.0044,Isoflavone methyltransferase/Orcinol O-methyltransferase 2 oomt2,E2_1_1_46,,vv10943Isoflavonoid_biosynthesis,
831,VIT_07s0130g00010,9,0.0044,Peroxiredoxin-2B,E1_11_1_15,,,
832,VIT_19s0014g04960,9,0.0043,Nodulation receptor kinase,,,,
833,VIT_13s0074g00240,9,0.0043,Uridylate kinase,E2_7_4_22_1,,vv10240Pyrimidine_metabolism,vv60062Trihelix
834,VIT_18s0001g07060,9,0.0043,Phosphoribosylaminoimidazole-succinocarboxamide synthase.,E6_3_2_6,,vv10230Purine_metabolism,
835,VIT_18s0001g06840,9,0.0043,Peroxidase GvPx2b class III,E1_11_1_7,,vv10360Phenylalanine_metabolism,vv10680Methane_metabolism
836,VIT_11s0016g00290,9,0.0043,Pectinesterase PME3,E3_1_1_11,,vv40006Cell_wall,
837,VIT_18s0001g13520,9,0.0043,Zinc finger (B-box type),ZFBBOX_9,,vv60073Orphans_zf-b_box,
838,VIT_02s0025g04630,9,0.0043,Homeodomain transcription factor (KNAT7),KNAT7,VvHB08,vv60034HB,
839,VIT_00s0131g00300,9,0.0043,No hit,,,,
840,VIT_03s0038g02170,9,0.0043,Thaumatin,,,,
841,VIT_18s0001g00690,8,0.0039,Glutathione S-transferase 8 GSTF8,E2_5_1_18_GSTF8,,vv10480Glutathione_metabolism,
842,VIT_05s0020g02250,8,0.0039,Sugar transporter ERD6-like 16,ERD6L16,,vv50121Porters_cat_1_to_6,
843,VIT_13s0047g00370,7,0.0034,Enoyl-CoA hydratase,E4_2_1_17,vv10650Butanoate_metabolism,vv10062Fatty_acid_elongation_in_mitochondria,vv10071Fatty_acid_metabolism
844,VIT_01s0010g01810,7,0.0034,Tetratricopeptide repeat (TPR)-containing,,,,
845,VIT_07s0005g01040,7,0.0034,Glycosyl transferase family 8 protein,,,,
846,VIT_11s0016g00590,7,0.0034,Invertase/pectin methylesterase inhibitor,PMEI,,vv40006Cell_wall,
847,VIT_04s0023g00660,7,0.0034,No hit,,,,
848,VIT_05s0077g01280,7,0.0034,Glycosyl hydrolase family 3 beta xylosidase BXL1,,,,
849,VIT_00s1364g00010,7,0.0034,Isochorismatase hydrolase,E3_3_2_1,,vv10130Ubiquinone_biosynthesis,
850,VIT_13s0019g00470,7,0.0034,No hit,,,,
851,VIT_06s0009g00230,7,0.0034,Unknown protein,,,,
852,VIT_16s0022g02080,7,0.0034,Exostosin family protein,K02366,,vv11030Glycan_structures-biosynthesis1,
853,VIT_00s0362g00010,7,0.0034,DnaJ homolog  subfamily A  member 2,K09503,,vv50132Primary_active_transporter_cat_A5_to_A8,
854,VIT_06s0004g00500,6,0.0029,Armadillo helical,,,,
855,VIT_10s0003g01490,6,0.0029,NIK3 (NSP- interacting  kinase 3),,,,
856,VIT_00s0207g00250,6,0.0029,No hit,,,,
857,VIT_07s0005g05820,6,0.0029,Brassinosteroid biosynthetic protein DWARF1,E1_3_1_72,,vv10100Biosynthesis_of_steroids,
858,VIT_07s0031g02150,6,0.0029,Ribosomal protein L11,K02867,,vv23010Ribosome,
859,VIT_00s2879g00020,6,0.0029,ATP-dependent Clp protease proteolytic subunit,E3_4_21_92,,,
860,VIT_13s0019g01120,6,0.0029,R protein  PRF  disease resistance protein,K13453,,vv34627R_proteins_from_Plant-pathogen_interaction,
861,VIT_07s0005g05010,6,0.0029,CLIP-associating protein (CLASP),,,,
862,VIT_19s0014g02900,6,0.0029,Ring finger protein 185,,,,
863,VIT_05s0020g02050,6,0.0029,DnaJ homolog  subfamily B  member 12,K09518,,vv50132Primary_active_transporter_cat_A5_to_A8,
864,VIT_03s0038g00120,6,0.0029,Gibberellin-regulated protein 4 (GASA4),GASA4,,vv30010Gibberellin_signaling,
865,VIT_00s0313g00040,6,0.0029,PAS2 (PASTICCINO 2),K10703,,vv11040Biosynthesis_of_unsaturated_fatty_acids,
866,VIT_11s0016g03070,6,0.0029,Hexokinase-2,E2_7_1_1,,vv10010Glycolysis,vv10051Fructose_and_mannose_metabolism
867,VIT_07s0151g01040,6,0.0029,Ent-kaurene synthase A  chloroplast precursor,E5_5_1_13,,vv10904Diterpenoid_biosynthesis,
868,VIT_19s0027g01810,6,0.0029,Invertase/pectin methylesterase inhibitor,PMEI,,vv40006Cell_wall,
869,VIT_04s0008g05050,6,0.0029,Pentatricopeptide (PPR) repeat-containing protein,,,,
870,VIT_14s0006g02600,6,0.0029,Wall-associated kinase 4,,,,
871,VIT_05s0062g00520,6,0.0029,UDP-glucose:flavonoid 7-O-glucosyltransferase,E2_4_1_237,,vv10941Flavonoid_biosynthesis,
872,VIT_06s0004g08250,6,0.0029,Leucine-rich repeat transmembrane protein kinase  putative,,,,
873,VIT_09s0002g02980,6,0.0029,FRK1 (FLG22-induced receptor-like kinase 1),FRK1,,vv34626Plant-pathogen_interaction,
874,VIT_01s0127g00120,6,0.0029,Polygalacturonase GH28,E3_2_1_15,,vv40006Cell_wall,
875,VIT_12s0035g02210,6,0.0029,Unknown protein,,,,
876,VIT_11s0016g02120,6,0.0029,Density-regulated protein DRP1,,,,
877,VIT_18s0001g06580,6,0.0029,Plastocyanin domain-containing protein,K02638,,vv10195Photosynthesis,vv50113Thylakoid_targeting_pathway
878,VIT_07s0205g00030,6,0.0029,Zinc finger (C3HC4-type ring finger),ZFC3HC4_8,,vv60078Other_zf-C3HC4,
879,VIT_02s0087g00420,6,0.0029,Zinc finger (C3HC4-type ring finger),ZFC3HC4_14,,vv60078Other_zf-C3HC4,
880,VIT_05s0049g01690,6,0.0029,Pentatricopeptide repeat-containing protein,,,,
881,VIT_18s0001g00810,6,0.0029,24-methylenesterol C-methyltransferase 2,E2_1_1_143,,vv10100Biosynthesis_of_steroids,
882,VIT_10s0003g04300,6,0.0029,F-box/LRR-repeat protein 20,,,,
883,VIT_06s0009g00320,6,0.0029,U-box protein,,,,
884,VIT_05s0029g00600,4,0.0019,S-adenosyl-L-methionine-dependent methyltransferase mraW,K03438,,,
885,VIT_07s0005g06520,4,0.0019,No hit,,,,
886,VIT_18s0001g08800,4,0.0019,Lecithine cholesterol acyltransferase-like protein,E2_3_1_43,,vv10564Glycerophospholipid_metabolism,
887,VIT_00s0189g00040,4,0.0019,No hit,,,,
888,VIT_13s0019g05230,4,0.0019,NAC domain-containing protein50,NAC050,VvNAC21,vv60046NAC,
889,VIT_13s0067g03580,4,0.0019,No hit,,,,
890,VIT_05s0062g01180,4,0.0019,Importin beta-2,K14293_2,,vv23013RNA_transport,vv50109Incompletely_characterized_transport_systems
891,VIT_18s0001g06140,4,0.0019,Phosphate-induced protein 1,,,,
892,VIT_18s0001g01130,4,0.0019,Alpha-expansin 1 precursor,EXPA1,,vv30003Auxin_signaling,
893,VIT_05s0020g02900,4,0.0019,Substrate carrier  Mitochondrial,K03454,,vv44146Peroxisome,vv50123Porters_cat_18_to_29
894,VIT_15s0045g01590,3,0.0015,Eceriferum 1 (CER1 protein) Sterol desaturase,,,,
895,VIT_00s0131g00060,3,0.0015,Annexin ANN3,ANN3,,vv50101Channels_and_pores,
896,VIT_12s0034g02290,3,0.0015,CC-NBS-LRR class,,,,
897,VIT_18s0001g04340,3,0.0015,Glycine hydroxymethyltransferase,E2_1_2_1,,vv10260Glycine_serine_and_threonine_metabolism,vv10670One_carbon_pool_by_folate
898,VIT_14s0006g00340,3,0.0015,No hit,,,,
899,VIT_04s0008g00860,3,0.0015,Ndr family protein,,,,
900,VIT_07s0005g02490,3,0.0015,CYP709B2,,,,
901,VIT_00s0163g00150,3,0.0015,No hit,,,,
902,VIT_07s0129g00570,3,0.0015,Transducin family protein / WD-40 repeat,,,,
903,VIT_18s0001g13260,3,0.0015,ATP-dependent protease La (LON) domain-containing protein,E3_4_21_53,,,
904,VIT_12s0134g00640,3,0.0015,Anthocyanidin 3-O-glucoside-6''-O-malonyltransferase,E2_3_1_171,,vv10942Anthocyanin_biosynthesis,
905,VIT_19s0015g02330,3,0.0015,AP-2 complex subunit mu-1,K11826,,vv50110Protein_coat,
906,VIT_09s0002g09190,3,0.0015,No hit,,,,
907,VIT_12s0055g00730,3,0.0015,ATATH2 (ABC2 homolog 2),ATH2,,vv52010ABC_transporters,
908,VIT_18s0041g00330,3,0.0015,ATP-dependent protease La (LON) domain-containing protein,E3_4_21_53,,,
909,VIT_11s0016g05880,3,0.0015,Ubiquitin-specific protease 12 UBP12,,,,
910,VIT_12s0028g03480,3,0.0015,Wax synthase,E2_3_1_75,,vv11000Single_reactions,
911,VIT_08s0007g07820,3,0.0015,RLK902 (receptor-like kinase 902),,,,
912,VIT_18s0001g01320,3,0.0015,Wall-associated receptor kinase 5,,,,
913,VIT_00s0239g00160,3,0.0015,No hit,,,,
914,VIT_13s0064g01760,3,0.0015,Amygdalin hydrolase isoform AH I,E3_2_1_117,,vv10460Cyanoamino_acid_metabolism,
915,VIT_18s0001g02200,3,0.0015,8-oxoguanine-DNA glycosylase (OGG1),K03660,,vv23410Base_excision_repair,
916,VIT_15s0021g02290,3,0.0015,Squamosa promoter-binding protein 2 (SPL2),SPL2_2,,vv60055SBP,
917,VIT_12s0178g00200,3,0.0015,Actin beta/gamma 1,K05692,,vv44810Regulation_of_actin_cytoskeleton,
918,VIT_09s0002g04170,3,0.0015,Acyl-CoA synthetases (Acyl-activating enzyme 13),E6_2_1_3,,vv10071Fatty_acid_metabolism,vv50104Group_translocators
919,VIT_07s0031g01300,3,0.0015,No hit,,,,
920,VIT_17s0000g03940,3,0.0015,ferulate 5-hydroxylase,K09755,,vv10940Phenylpropanoid_biosynthesis,
921,VIT_00s0259g00110,3,0.0015,ATFP3 (Arabidopsis thaliana farnesylated protein 3,VVFP3,,,
922,VIT_17s0000g01260,3,0.0015,Squamosa promoter-binding protein 13 (SPL13),SPL13_1,,vv60055SBP,
923,VIT_09s0054g00690,3,0.0015,Vacuolar processing enzyme alpha,,,,
924,VIT_19s0027g00020,3,0.0015,WAG1,WAG1,,vv50004Auxin_transport,
925,VIT_03s0088g01150,3,0.0015,Squalene monooxygenase,E1_14_99_7,,vv10100Biosynthesis_of_steroids,vv10900Terpenoid_biosynthesis
926,VIT_00s0349g00020,3,0.0015,Unknown protein,,,,
927,VIT_08s0007g06680,3,0.0015,PMR5 (powdery mildew resistant 5),,,,
928,VIT_08s0056g00870,3,0.0015,MATE efflux family protein,MATE,,vv50125Porters_cat_66_to_94,
929,VIT_01s0137g00050,3,0.0015,Myb family,MYBGE_2,,vv60029G2-like,
930,VIT_10s0003g03870,3,0.0015,Ornithine aminotransferase,E2_6_1_13,,vv10330Arginine_and_proline_metabolism,
931,VIT_01s0011g00630,3,0.0015,Pentatricopeptide (PPR) repeat-containing,,,,
932,VIT_19s0090g00790,3,0.0015,F-box family protein,,,,
933,VIT_00s1512g00010,3,0.0014,Fibrillin-11,,,,
934,VIT_01s0011g04940,3,0.0014,No hit,,,,
935,VIT_14s0083g00740,3,0.0014,Amino acid permease,AAPREL,,vv50123Porters_cat_18_to_29,
936,VIT_00s0256g00120,3,0.0014,Unknown,,,,
937,VIT_17s0000g05370,3,0.0014,MYC ZCW32 (bigpetal  bigpetalub),ZCW32_1,,vv60011BHLH,
938,VIT_18s0122g01240,3,0.0014,Serine/threonine Protein kinase BNK1,,,,
939,VIT_10s0003g00330,3,0.0014,HSL1 (HAESA-like 1),,,,
940,VIT_00s0841g00010,3,0.0014,GTP binding protein,,,,
941,VIT_01s0146g00020,3,0.0014,Unknown protein,,,,
942,VIT_00s0187g00360,3,0.0014,Uclacyanin I,UCC1,,,
943,VIT_11s0016g01470,3,0.0014,Lecithine cholesterol acyltransferase,E2_3_1_43,,vv10564Glycerophospholipid_metabolism,
944,VIT_17s0000g09300,3,0.0014,Pentatricopeptide (PPR) repeat,,,,
945,VIT_00s0532g00050,3,0.0014,Basic helix-loop-helix ILR3,ILR3_4,,vv11002Auxin_biosynthesis,vv60011BHLH
946,VIT_06s0004g07970,3,0.0014,Alpha-expansin 10 precursor,EXPA10,,vv30003Auxin_signaling,
947,VIT_08s0007g00500,3,0.0014,Telomere repeat binding factor like TRFL2,TRFL2_2,,vv60045MYBrelated,
948,VIT_07s0005g01910,3,0.0014,Myb family transcription factor DNA methyltransferase 1 associated,MYBDMAP1,,vv60045MYBrelated,
949,VIT_00s0317g00060,3,0.0014,Unknown protein,,,,
950,VIT_02s0025g01600,3,0.0014,Harpin-induced 1,,,,
951,VIT_07s0005g01300,3,0.0014,Auxin-induced beta-glucosidase,E3_2_1_21,,vv10500Starch_and_sucrose_metabolism,vv10902Monoterpenoid_biosynthesis
952,VIT_10s0003g05000,3,0.0014,VTC2 (vitamin C defective),VTC2,,vv10053Ascorbate_and_aldarate_metabolism,
953,VIT_19s0085g00080,3,0.0014,DEAD  box  RNA helicase RH5,RH5,,vv23040Spliceosome,vv50133Primary_active_transporter_cat_A9_to_A18
954,VIT_05s0020g02060,3,0.0014,No hit,,,,
955,VIT_15s0048g00940,3,0.0014,ATP-dependent DNA helicase 2 subunit 2,K10885,,vv23450Non_homologous_end_joining,
956,VIT_01s0010g02910,3,0.0014,ATP binding protein,,,,
957,VIT_06s0004g07070,3,0.0014,Protein kinase,,,,
958,VIT_05s0029g01340,3,0.0014,Auxin-independent growth promoter (axi 1),AXI1,,vv30003Auxin_signaling,
959,VIT_01s0010g00900,3,0.0014,Menaquinone biosynthesis protein,K03183,,vv10130Ubiquinone_biosynthesis,
960,VIT_00s0198g00050,3,0.0014,No hit,,,,
961,VIT_14s0030g00900,3,0.0014,MRP-like ABC transporter MRP6,MRP6,,vv52010ABC_transporters,
962,VIT_19s0014g03270,3,0.0014,Unknown,,,,
963,VIT_10s0092g00220,3,0.0014,Integral membrane family protein UPF0497,,,,
964,VIT_02s0025g01240,3,0.0014,UDP-glucuronosyl/UDP-glucosyltransferase,E2_4_1_17,,vv10040Pentose_glucuronate_interconversion,vv10500Starch_and_sucrose_metabolism
965,VIT_05s0062g00820,3,0.0014,Unknown protein,,,,
966,VIT_12s0059g00580,3,0.0014,Rho GDP-dissociation inhibitor 2,,,,
967,VIT_14s0066g01080,3,0.0014,ADP-ribosylation factor A1B,ARFA1B,,vv50110Protein_coat,
968,VIT_16s0022g01740,3,0.0014,Unknown protein,,,,
969,VIT_11s0065g00170,3,0.0014,Squamosa promoter-binding protein 2 (SPL2),SPL2_3,,vv60055SBP,
970,VIT_01s0011g05360,3,0.0014,High mobility group protein HMGI/Y-1,HMGIY_5,,vv60035HMG,
971,VIT_04s0023g02790,3,0.0014,Dehydration-responsive protein,,,,
972,VIT_18s0001g09600,3,0.0014,HOS15 (High expression of osmotically responsive genes 15),,,,
