Vv_m2,2000,1000,VIT_15s0046g03190
rank,node,Fabs,Frel,Functional-annotation,Name-EC-KeggID,Updated-name,Network1,Network2
1,VIT_10s0003g00560,2058,1.0000,Wuschel homeobox 9,WOX9,VvHB37,vv60034HB,
2,VIT_02s0025g04950,2053,1.0000,No hit,,,,
3,VIT_13s0067g02070,2072,1.0000,Kelch repeat-containing protein,,,,
4,VIT_13s0047g00370,2066,1.0000,Enoyl-CoA hydratase,E4_2_1_17,vv10650Butanoate_metabolism,vv10062Fatty_acid_elongation_in_mitochondria,vv10071Fatty_acid_metabolism
5,VIT_02s0025g02680,2061,0.9990,Growth-regulating factor 5,GRF5_1,,vv60033GRF,
6,VIT_01s0026g02600,2059,0.9990,Myb domain protein 105,MYB105_2,MYB165,vv60044MYB,
7,VIT_18s0001g12580,2046,0.9976,Zinc finger homeobox 33,ZFHB33_2,,vv60068Zf-HD,
8,VIT_09s0002g01350,2061,0.9971,Growth-regulating factor 5,GRF5_4,,vv60033GRF,
9,VIT_12s0142g00240,2049,0.9971,PDF1 (protodermal factor1),PDF1_1,,,
10,VIT_19s0014g04690,2064,0.9961,Indole-3-acetic acid-amido synthetase,AUXINBIOSYNTHESIS_GH3,,vv11002Auxin_biosynthesis,
11,VIT_03s0038g02060,2043,0.9942,Dirigent protein pDIR7,,,,
12,VIT_00s0233g00100,2062,0.9928,PLATZ transcription factor,PLATZFAM_7,,vv60049PLATZ,
13,VIT_07s0005g04770,2063,0.9909,Anthranilate phosphoribosyltransferase,E2_4_2_18,,vv10400Phenylalanine_tyrosine_and_tryptophan_biosynthesis,
14,VIT_14s0171g00240,2054,0.9894,SYN2 (Sister chromatid cohesion 1 (SCC1) protein homolog 2) cohesin,SYN2,,vv44110Cell_cycle,
15,VIT_06s0061g00700,2043,0.9884,Auxin-regulated protein,AUXREG,,vv30003Auxin_signaling,
16,VIT_14s0066g00150,2049,0.9856,GATA transcription factor 6,GATA6,,vv60016C2C2-GATA,
17,VIT_14s0219g00270,2036,0.9850,TEL1 (Terminal EAR1-like 1),TEL1,,vv44110Cell_cycle,
18,VIT_13s0047g00360,2038,0.9845,6-hydroxyisobutyryl-coenzyme A hydrolase,E3_1_2_4,,vv10280Valine_leucine_and_isoleucine_degradation,vv10410Beta-alanine_metabolism
19,VIT_07s0005g00220,2024,0.9840,DNA mismatch repair protein PMS2,K10858,,vv23430Mismatch_repair,
20,VIT_00s0337g00080,2030,0.9821,Unknown protein,,,,
21,VIT_01s0182g00130,2017,0.9801,PHO1-like protein,PHO1,,vv50125Porters_cat_66_to_94,
22,VIT_11s0149g00200,2026,0.9783,Unknown protein,,,,
23,VIT_02s0025g04390,1981,0.9603,SEU1 protein,SEUSS,,vv30009Flower_development,
24,VIT_04s0023g03760,1979,0.9597,Unknown protein,,,,
25,VIT_16s0022g02030,1983,0.9566,ERL1 (ERECTA 1),,,,
26,VIT_16s0013g02030,1972,0.9545,Unknown protein,,,,
27,VIT_10s0116g00680,1982,0.9533,PDF2 (protodermal factor2),PDF2_2,VvHB35,vv60034HB,
28,VIT_12s0059g02310,1980,0.9528,PDF2 (protodermal factor2),PDF2_4,VvHB44,vv60034HB,
29,VIT_04s0008g07040,1960,0.9519,Peroxidase,E1_11_1_7,,vv10360Phenylalanine_metabolism,vv10680Methane_metabolism
30,VIT_08s0007g03420,1958,0.9468,ABI5 (ABA insensitive 5),ABI5_1,VvbZIP25,vv30001ABA_signaling,vv60012BZIP
31,VIT_11s0078g00050,1949,0.9466,No hit,,,,
32,VIT_07s0141g00090,1936,0.9357,Fatty acid elongase 1,E2_3_1_41,,vv10061Fatty_acid_biosynthesis,
33,VIT_08s0105g00600,1889,0.9179,Late embryogenesis abundant protein B19.3,,,,
34,VIT_06s0004g06830,1904,0.9158,Asparagine synthetase,E6_3_5_4,,vv10910Nitrogen_metabolism,
35,VIT_14s0068g01520,1880,0.9104,Double-stranded RNA-binding (DsRBD) domain-containing protein,,,,
36,VIT_02s0025g01780,1886,0.9072,Cellulose synthase CSLG3,E2_4_1_12_CSLG3,,vv40006Cell_wall,
37,VIT_02s0025g02630,1866,0.8997,Lipase GDSL,,,,
38,VIT_07s0005g06410,1863,0.8957,High-affinity K+ transporter 1 (HKT1),HKT1,,vv50124Porters_cat_30_to_64,
39,VIT_07s0005g05180,1846,0.8952,No hit,,,,
40,VIT_05s0049g02220,1828,0.8900,Histone-lysine N-methyltransferase  H3 lysine-9 specific SUVH9,E2_1_1_43SUVH9,,vv10300Lysine_biosynthesis,vv60056SET_PCG
41,VIT_07s0129g00070<br>VIT_07s0129g00150,1840,0.8842,
42,VIT_14s0068g02010,1824,0.8841,IMP dehydrogenase/GMP reductase,E1_1_1_205,,vv10230Purine_metabolism,
43,VIT_16s0100g00710,1820,0.8818,Leucin-rich repeat protein kinase,,,,
44,VIT_07s0005g03060,1807,0.8763,1-aminocyclopropane-1-carboxylate oxidase homolog 1,E1_14_17_4,,vv10640Propanoate_metabolism,vv30008Ethylene_signaling
45,VIT_14s0108g01010,1789,0.8655,Myb domain protein 105,MYB105_3,MYB168,vv60044MYB,
46,VIT_13s0074g00090,1792,0.8640,Glycosyl transferase family 47 protein,,,,
47,VIT_16s0039g02600,1788,0.8638,Aspartyl protease,E3_4_23_40,,,
48,VIT_12s0134g00640,1777,0.8626,Anthocyanidin 3-O-glucoside-6''-O-malonyltransferase,E2_3_1_171,,vv10942Anthocyanin_biosynthesis,
49,VIT_04s0008g05530,1793,0.8600,Unknown protein,,,,
50,VIT_05s0094g01190,1742,0.8420,flavonoid 3-monooxygenase,E1_14_13_21,,vv10941Flavonoid_biosynthesis,
51,VIT_18s0001g10270,1724,0.8353,Basic helix-loop-helix protein SPATULA,SPATULA_1,,vv60011BHLH,
52,VIT_13s0019g04650,1723,0.8348,Thioredoxin 8,,,,
53,VIT_08s0007g03760,1729,0.8329,Growth-regulating factor 4 AtGRF4,GRF4,,vv60033GRF,
54,VIT_19s0090g00400,1710,0.8293,Zinc finger (C3HC4-type ring finger),ZFC3HC4_83,,vv60078Other_zf-C3HC4,
55,VIT_18s0041g02150,1711,0.8278,Lipase GDSL,,,,
56,VIT_03s0017g00220,1715,0.8229,Adaptor-related protein complex 2  mu 2 subunit,AP2M2,,vv50110Protein_coat,
57,VIT_00s0956g00030<br>VIT_00s0259g00210,1695,0.8200,
58,VIT_02s0025g04910,1684,0.8143,Growth-regulating factor 5,GRF5_3,,vv60033GRF,
59,VIT_19s0014g01110,1681,0.8140,Curculin (mannose-binding) lectin,,,,
60,VIT_18s0001g01760,1658,0.8056,PISTILLATA (PI) floral homeotic protein,PISTILLATA_1,,vv30009Flower_development,vv60042MADS
61,VIT_05s0077g00870,1653,0.8028,Lipase GDSL,,,,
62,VIT_08s0007g02600,1653,0.8005,Unknown protein,,,,
63,VIT_17s0000g10080,1646,0.7956,Transcriptional factor B3,TFB3_12,,vv60001ABI3VP1,
64,VIT_07s0255g00080,1636,0.7949,Transcriptional factor B3,TFB3_10,,vv60001ABI3VP1,
65,VIT_01s0011g05360,1634,0.7940,High mobility group protein HMGI/Y-1,HMGIY_5,,vv60035HMG,
66,VIT_18s0164g00050,1640,0.7923,No hit,,,,
67,VIT_09s0002g01370,1630,0.7890,AP2 AINTEGUMENTA,AINTEGUMENTA_1,VvAP2-10,vv30008Ethylene_signaling,vv60003AP2_EREBP
68,VIT_07s0289g00060,1622,0.7813,UDP-glucose:salicylic acid glucosyltransferase,E2_4_1_35,,vv10500Starch_and_sucrose_metabolism,
69,VIT_18s0001g13500,1603,0.7789,forkhead-associated domain-containing protein,FHADOM_9,,vv60028FHA,
70,VIT_17s0000g06740,1586,0.7703,Zinc finger (C2H2 type) family,C2H2FAM_6,,vv60017C2H2,
71,VIT_01s0011g00140,1584,0.7697,CRABS CLAW,CRABS_CLAW,,vv60019C2C2-YABBY,
72,VIT_06s0004g06810,1579,0.7621,PHD finger transcription factor,PHDFG_33,,vv60048PHD,
73,VIT_03s0091g00650,1576,0.7614,No hit,,,,
74,VIT_13s0084g00690,1565,0.7528,Nudix hydrolase 16,,,,
75,VIT_13s0073g00430,1553,0.7513,BZIP transcription factor,BZIPDOM_1,,vv60012BZIP,
76,VIT_05s0062g01100,1554,0.7500,Leucin-rich repeat protein kinase,,,,
77,VIT_08s0040g02960,1553,0.7484,Unknown,,,,
78,VIT_17s0000g00130,1544,0.7470,SEC14 cytosolic factor,SEC14,,vv50122Porters_cat_7_to_17,
79,VIT_15s0107g00280,1529,0.7397,R protein L6,K13477,,vv34627R_proteins_from_Plant-pathogen_interaction,
80,VIT_07s0031g00380,1519,0.7385,Zinc finger (C3HC4-type ring finger),ZFC3HC4_6,,vv60078Other_zf-C3HC4,
81,VIT_16s0022g02190,1522,0.7363,Chalcone and stilbene synthases,E2_3_1_74,,vv10941Flavonoid_biosynthesis,
82,VIT_17s0000g02680,1517,0.7361,ABA glucosidase,ABAGLC,,vv11013ABA_biosynthesis,
83,VIT_13s0019g04530,1493,0.7237,Early flowering 6,ELF6_1,,vv34710Circadian_rhythm,vv60038Jumonji
84,VIT_04s0023g02170,1489,0.7176,S-adenosyl-L-methionine:carboxyl methyltransferase,,,,
85,VIT_12s0059g02240,1469,0.7145,Unknown,,,,
86,VIT_17s0000g09100,1465,0.7081,Copper amine oxidase,E1_4_3_4,,vv10220Urea_cycle_and_metabolism_of_amino_groups,vv10340Histidine_metabolism
87,VIT_02s0154g00150,1462,0.7059,PLATZ transcription factor,PLATZFAM_6,,vv60049PLATZ,
88,VIT_14s0030g00540,1456,0.7000,Copine BON3 (BONZAI 3),BON3,,,
89,VIT_18s0001g07930,1441,0.6955,Oligopeptide transporter 2,OPT2,,vv50125Porters_cat_66_to_94,
90,VIT_14s0068g02140,1421,0.6878,SWIB complex BAF60b domain-containing protein,SWIB_9,,vv60092SWIB,
91,VIT_19s0014g03940,1405,0.6814,Sporocyteless,SPOROCYTELESS,,vv60089Other_Nozzle,
92,VIT_13s0067g00400,1394,0.6793,Anthranilate synthase alpha 1,E4_1_3_27,,vv10400Phenylalanine_tyrosine_and_tryptophan_biosynthesis,
93,VIT_13s0064g01760,1389,0.6746,Amygdalin hydrolase isoform AH I,E3_2_1_117,,vv10460Cyanoamino_acid_metabolism,
94,VIT_11s0016g05090,1404,0.6734,DEAD box RNA helicase,DEADBOX,,vv23040Spliceosome,vv50133Primary_active_transporter_cat_A9_to_A18
95,VIT_10s0003g04710,1365,0.6610,BES1/BZR1 homolog protein,BES1_3,,vv30005Brassinosteroids_signaling,vv60010BES1
96,VIT_06s0004g01250,1358,0.6589,Omega-6 fatty acid desaturase  endoplasmic reticulum (FAD2),K10256,,vv11040Biosynthesis_of_unsaturated_fatty_acids,
97,VIT_17s0000g07270,1347,0.6504,No hit,,,,
98,VIT_02s0012g02030,1328,0.6459,Homeobox-7,VVHB7_1,VvHB09,vv60034HB,
99,VIT_13s0067g01660,1339,0.6456,Sister chromatid cohesion 1 protein 1 DIF1/SYN1,SYN1,,vv44110Cell_cycle,
100,VIT_15s0021g02290,1337,0.6440,Squamosa promoter-binding protein 2 (SPL2),SPL2_2,,vv60055SBP,
101,VIT_07s0031g01220,1325,0.6426,No hit,,,,
102,VIT_07s0104g00250,1332,0.6422,Basic helix-loop-helix (bHLH) family,BHLHDOM_20,,vv60011BHLH,
103,VIT_07s0005g03750,1319,0.6415,RIC7 (ROP-interactive crib motif-containing protein 7),,,,
104,VIT_07s0005g03420,1319,0.6406,Globulin isoform 3 11S,,,,
105,VIT_13s0047g00390,1319,0.6369,3-hydroxyisobutyryl-CoA hydrolase,E3_1_2_4,,vv10280Valine_leucine_and_isoleucine_degradation,vv10410Beta-alanine_metabolism
106,VIT_01s0011g04710,1296,0.6304,Copper-binding family protein,,,,
107,VIT_19s0085g00520,1288,0.6286,Nuclear transcription factor Y subunit C-2,NFYC2,,vv60021CCAAT,
108,VIT_00s0199g00230,1286,0.6255,Unknown,,,,
109,VIT_08s0105g00450,1289,0.6245,Transducin protein,,,,
110,VIT_14s0030g02050,1284,0.6203,Auxin-induced protein PCNT115,AUXREG,,vv30003Auxin_signaling,
111,VIT_00s0494g00010,1276,0.6200,Growth-regulating factor 1,GRF1_1,,vv60033GRF,
112,VIT_18s0001g06750,1265,0.6126,Steroleosin-B,,,,
113,VIT_08s0040g02660,1247,0.6024,RARE-cold-inducible 2A,RCI2A,,vv50109Incompletely_characterized_transport_systems,
114,VIT_06s0009g02150,1254,0.6000,RNA binding / nucleic acid binding,,,,
115,VIT_05s0029g00640,1243,0.5993,Retrotransposon,,,,
116,VIT_07s0005g01870,1206,0.5823,Unknown,,,,
117,VIT_02s0025g02690,1204,0.5764,Calmodulin-binding protein,,,,
118,VIT_07s0151g00580<br>VIT_07s0289g00080<br>VIT_07s0289g00090<br>VIT_07s0151g00540<br>VIT_07s0151g00560,1180,0.5700,
119,VIT_18s0166g00080,1178,0.5688,ABC transporter G member 4,K05680,,vv52010ABC_transporters,
120,VIT_02s0241g00060,1180,0.5670,Unknown protein,,,,
121,VIT_19s0090g00040,1174,0.5655,Unknown protein,,,,
122,VIT_15s0045g01440,1160,0.5615,Eceriferum 1 (CER1 protein) Sterol desaturase,,,,
123,VIT_01s0010g00380,1159,0.5610,FLS2 (flagellin-sensitive 2),K13420,,vv34626Plant-pathogen_interaction,
124,VIT_16s0022g02330,1153,0.5592,MADS-box agamous-like 6,AGL6_2,,vv60042MADS,
125,VIT_02s0012g00950,1154,0.5586,H(+)-ATPase 9 AHA9,K01535,,vv10190Oxidative_phosphorylation,vv50131Primary_active_transporter_cat_A2_to_A4
126,VIT_08s0007g06180,1151,0.5552,Myb family,MYBGE_15,,vv60029G2-like,
127,VIT_18s0001g11110,1142,0.5552,Serine carboxypeptidase,,,,
128,VIT_02s0087g00370,1145,0.5534,Anthranilate N-hydroxycinnamoyl/benzoyltransferase,E2_3_1_144,,vv10400Phenylalanine_tyrosine_and_tryptophan_biosynthesis,
129,VIT_18s0001g13460,1145,0.5518,MADS-box AP3 [Vitis labrusca x Vitis vinifera],APETALA3_1,,vv30009Flower_development,vv60042MADS
130,VIT_18s0001g02470,1137,0.5506,L-ascorbate peroxidase  thylakoid-bound (tAPX),E1_11_1_11,,vv10053Ascorbate_and_aldarate_metabolism,
131,VIT_04s0008g05880,1134,0.5478,CHD3-type chromatin-remodeling factor PICKLE,PICKLE_2,,vv60048PHD,
132,VIT_17s0000g00150,1126,0.5442,LEAFY protein (Floricaula/leafy protein),LFY,,vv30009Flower_development,vv60039LFY
133,VIT_04s0023g00480,1122,0.5418,Unknown,,,,
134,VIT_04s0008g05440,1115,0.5368,Ethylene-responsive transcription factor SHINE 3,SHINE3_1,VvERF044,vv30008Ethylene_signaling,vv60003AP2_EREBP
135,VIT_14s0030g02080,1104,0.5357,Ca2+-ATPase 12 ACA12  plasma membrane,K01537,,vv34020Calcium_signaling_pathway,vv50131Primary_active_transporter_cat_A2_to_A4
136,VIT_16s0039g01900,1117,0.5352,Myb KAN2 (KANADI 2),KANADI2_2,,vv60029G2-like,
137,VIT_12s0035g00320,1099,0.5348,Phosphomethylpyrimidine kinase/thiamin-phosphate pyrophosphorylase,E2_7_4_7,,vv10730Thiamine_metabolism,
138,VIT_03s0063g01400,1099,0.5330,Cell division cycle associated 7 CDCA7,CDCA7,,vv44110Cell_cycle,
139,VIT_07s0031g00770,1098,0.5328,Unknown protein,,,,
140,VIT_07s0005g00060,1093,0.5298,No hit,,,,
141,VIT_15s0024g01310,1088,0.5271,No hit,,,,
142,VIT_05s0077g01860,1084,0.5232,ERF (ethylene response factor) sub B-2,RAP2_3,VvERF058,vv30008Ethylene_signaling,vv60003AP2_EREBP
143,VIT_02s0025g01770,1063,0.5163,Cellulose synthase CSLG3,E2_4_1_12_CSLG3,,vv40006Cell_wall,
144,VIT_07s0205g00030,1065,0.5147,Zinc finger (C3HC4-type ring finger),ZFC3HC4_8,,vv60078Other_zf-C3HC4,
145,VIT_19s0014g02200,1058,0.5123,No apical meristem cup-shaped cotyledon2,CUC2_2,VvNAC16,vv60046NAC,
146,VIT_11s0052g00440,1056,0.5121,PIN1 auxin transport protein,PIN1,,vv50004Auxin_transport,vv50125Porters_cat_66_to_94
147,VIT_07s0031g00360,1052,0.5112,No hit,,,,
148,VIT_03s0063g01730,1052,0.5094,Viral-response family protein-like,,,,
149,VIT_07s0129g00640,1046,0.5083,Unknown protein,,,,
150,VIT_17s0000g07770,1046,0.5051,LTCOR11,LTCOR11,,vv30010Gibberellin_signaling,
151,VIT_16s0098g01080,1047,0.5048,Growth-regulating factor 7,GRF7,,vv60033GRF,
152,VIT_18s0001g05580,1033,0.5002,Unknown protein,,,,
153,VIT_00s0218g00040,1034,0.4995,Dof zinc finger protein DOF4.7,DOF4_7,,vv60015C2C2-DOF,
154,VIT_05s0124g00100,1034,0.4995,Unknown,,,,
155,VIT_07s0005g05260<br>VIT_07s0005g05230,1032,0.4981,
156,VIT_18s0001g02720,1020,0.4937,fatty acid elongation1 (FAE1),,,,
157,VIT_08s0007g07870,1019,0.4937,Basic helix-loop-helix (bHLH) family,BHLHDOM_40,,vv60011BHLH,
158,VIT_13s0067g02120,1018,0.4920,Arogenate dehydrogenase,E1_3_1_43,,vv10400Phenylalanine_tyrosine_and_tryptophan_biosynthesis,
159,VIT_18s0075g00130,1000,0.4836,fanconi anemia group M protein,K10896,,,
160,VIT_11s0016g03500,994,0.4802,Unknown protein,,,,
161,VIT_13s0147g00210,991,0.4797,Unknown protein,,,,
162,VIT_07s0005g01790,984,0.4786,Acyl-CoA synthetase long-chain member 2,E6_2_1_3_LACS2,,vv10071Fatty_acid_metabolism,vv44146Peroxisome
163,VIT_07s0031g01570,982,0.4781,CYP78A11,,,,
164,VIT_03s0017g01690,980,0.4743,CIP1 (COP1-interacting protein 4),CIP1,,vv24120Ubiquitin_mediated_proteolysis,
165,VIT_12s0134g00080,978,0.4731,No hit,,,,
166,VIT_18s0089g01410,979,0.4729,Purine permease 4 PUP4,PUP4,,vv50122Porters_cat_7_to_17,
167,VIT_14s0036g01460,977,0.4727,SNF2 domain-containing protein helicase ATRX/CHR20,CHR20_3,,vv60058SNF2,
168,VIT_05s0029g00720,977,0.4722,Spermine/spermidine synthase,E2_5_1_22,,vv10220Urea_cycle_and_metabolism_of_amino_groups,
169,VIT_09s0002g00360,970,0.4700,Remorin,,,,
170,VIT_01s0011g00040,967,0.4690,No hit,,,,
171,VIT_12s0035g00930,973,0.4689,Bromodomain containing,,,,
172,VIT_15s0107g00380,974,0.4683,Basic helix-loop-helix (bHLH) family,BHLHDOM_10,,vv60011BHLH,
173,VIT_14s0006g01440,976,0.4672,Double-stranded RNA binding protein,,,,
174,VIT_18s0122g00560,961,0.4663,High mobility group (HMG1/2) family protein,HMG1_2_1,,vv60005ARID,
175,VIT_01s0010g03720,961,0.4656,4-coumarate:CoA ligase,E6_2_1_12,,vv10940Phenylpropanoid_biosynthesis,vv50104Group_translocators
176,VIT_13s0067g01740,963,0.4645,Receptor protein kinase,,,,
177,VIT_08s0105g00220,958,0.4639,PRLI-interacting factor G-like protein,,,,
178,VIT_02s0033g00610,958,0.4637,Chromomethylase 2,,,,
179,VIT_18s0001g12640,968,0.4634,CBS domain-containing protein,,,,
180,VIT_00s0187g00190,954,0.4609,SWIB complex BAF60b domain-containing protein,SWIB_4,,vv60092SWIB,
181,VIT_19s0015g02660,945,0.4572,CYP72A59,K13400,,vv10902Monoterpenoid_biosynthesis,
182,VIT_05s0049g00070,946,0.4563,PhSUP1 SUPERMAN,SUPERMAN_1,,vv30009Flower_development,vv60017C2H2
183,VIT_09s0002g01010,933,0.4540,Aldehyde dehydrogenase family 7 member A1,E1_2_1_3,vv10561Glycerolipid_metabolism,vv10010Glycolysis,vv10071Fatty_acid_metabolism
184,VIT_13s0175g00120,933,0.4531,ABA-responsive element-binding protein 3 (AREB3),AREB3_1,VvbZIP34,vv30001ABA_signaling,vv60012BZIP
185,VIT_03s0038g01960,942,0.4531,Proline-rich family protein,,,,
186,VIT_16s0098g01740,919,0.4453,Unknown protein,,,,
187,VIT_03s0097g00490,916,0.4436,Unknown protein,,,,
188,VIT_13s0067g03040,918,0.4428,Unknown,,,,
189,VIT_04s0023g01190,912,0.4416,Transcription initiation factor TFIIE beta subunit,K03137,,vv23022Basal_transcription_factors,
190,VIT_00s0264g00040,908,0.4397,Prolyl 4-hydroxylase  alpha subunit,E1_14_11_2,,vv10330Arginine_and_proline_metabolismis,
191,VIT_10s0042g00940,900,0.4369,Hydroxyproline-rich glycoprotein family protein,HRGP_3,,vv40006Cell_wall,vv60062Trihelix
192,VIT_14s0006g02590,887,0.4321,Glutamine amidotransferase,,,,
193,VIT_02s0087g00250,881,0.4254,No hit,,,,
194,VIT_06s0080g00930,878,0.4248,Unknown protein,,,,
195,VIT_19s0090g01310,879,0.4236,Transcription initiation factor TFIID subunit D5,K03131,,vv23022Basal_transcription_factors,
196,VIT_07s0151g00590,873,0.4209,Inositol-1 4 5-trisphosphate 5-phosphatase CVP2  type I,E3_1_3_56,,vv10562Inositol_phosphate_metabolism,vv34070Phosphatidylinositol_signaling_system
197,VIT_00s0361g00070,871,0.4208,No hit,,,,
198,VIT_06s0004g02610,866,0.4188,MOM1 (maintenance of methylation1),MOM1,,,
199,VIT_00s0404g00020,862,0.4186,MAPK activating protein C22orf5,,,,
200,VIT_05s0029g01300,858,0.4175,MAGE (melanoma antigen-encoding gene),,,,
201,VIT_04s0008g06510,856,0.4145,Unknown,,,,
202,VIT_04s0008g06520,853,0.4137,Calcineurin phosphoesterase,,,,
203,VIT_00s0229g00110,855,0.4134,Agenet domain-containing protein,,,,
204,VIT_16s0050g01650,849,0.4113,Unknown,,,,
205,VIT_19s0015g00510,843,0.4092,Pectate lyase 2,E4_2_2_2,,vv40006Cell_wall,
206,VIT_14s0060g01650,845,0.4090,Armadillo helical,,,,
207,VIT_01s0011g05730,846,0.4087,Nuclear pore complex protein Nup155 (Nucleoporin 155),K14312,,vv23013RNA_transport,vv50109Incompletely_characterized_transport_systems
208,VIT_14s0128g00510<br>VIT_14s0128g00550,830,0.3994,
209,VIT_19s0014g01430,825,0.3984,3-phosphoshikimate 1-carboxyvinyltransferase  chloroplast precursor,E2_5_1_19,,vv10400Phenylalanine_tyrosine_and_tryptophan_biosynthesis,
210,VIT_05s0062g00820,820,0.3969,Unknown protein,,,,
211,VIT_13s0073g00140,818,0.3967,Ovate family protein 13 OFP13,OFP13_2,,vv60086OFP,
212,VIT_02s0154g00030,802,0.3878,No hit,,,,
213,VIT_09s0002g04460,805,0.3876,Peroxidase 48 (Atperox P48),E1_11_1_7,,vv10360Phenylalanine_metabolism,vv10680Methane_metabolism
214,VIT_18s0001g09610,805,0.3866,HOS15 (High expression of osmotically responsive genes 15),,,,
215,VIT_03s0063g01470,801,0.3864,Steroid nuclear receptor  ligand-binding,,,,
216,VIT_08s0040g03400,801,0.3845,Short-chain dehydrogenase/reductase,,,,
217,VIT_04s0023g01890,796,0.3840,Unknown protein,,,,
218,VIT_01s0011g01850,789,0.3832,Cytochrome c6 (ATC6),K08906,,vv10195Photosynthesis,vv50105Transport_electron_carriers
219,VIT_01s0011g01860,788,0.3820,No hit,,,,
220,VIT_09s0002g03130,782,0.3780,FRK1 (FLG22-induced receptor-like kinase 1),FRK1,,vv34626Plant-pathogen_interaction,
221,VIT_02s0025g01760,771,0.3743,Cellulose synthase CSLG3,E2_4_1_12_CSLG3,,vv40006Cell_wall,
222,VIT_18s0001g03030,770,0.3736,TIR-NBS-LRR disease resistance,,,,
223,VIT_03s0063g01440,755,0.3663,Transcriptional factor B3,TFB3_6,,vv60001ABI3VP1,
224,VIT_15s0024g00780,762,0.3662,No hit,,,,
225,VIT_18s0001g15100,745,0.3625,flavin-containing monooxygenase  putative,E1_14_13_8,,vv11000Single_reactions,
226,VIT_14s0108g01080,738,0.3579,Myb domain protein 106,MYB106_2,MYB141,vv60044MYB,
227,VIT_15s0046g00170,735,0.3566,MYBPA1 protein [Vitis vinifera],MYBPA1,MYBPA1,vv60044MYB,
228,VIT_06s0009g02480,737,0.3564,Myb domain protein 65,MYB65_1,MYB159,vv60044MYB,
229,VIT_00s0208g00030<br>VIT_12s0035g01440,735,0.3556,
230,VIT_16s0100g00670,735,0.3554,Homeodomain GLABROUS1,HDG1_2,VvHB55,vv60034HB,
231,VIT_16s0039g01450,734,0.3553,Growth-regulating factor 5,GRF5_2,,vv60033GRF,
232,VIT_07s0104g00430,732,0.3536,Endo-1 3;1 4-beta-D-glucanase precursor,E3_2_1_73,,,
233,VIT_15s0021g01620,717,0.3491,RKL1 (Receptor-like kinase 1),,VvERF072,,
234,VIT_14s0060g00630,721,0.3480,Pyrrolidone-carboxylate peptidase,E3_4_19_3,,,
235,VIT_05s0102g00880,713,0.3453,Strictosidine synthase,E4_3_3_2,,vv10900Terpenoid_biosynthesis,vv10902Monoterpenoid_biosynthesis
236,VIT_04s0044g00170,717,0.3452,MUTL protein homolog 3 (ATMLH3/MLH3),K08739,,vv23430Mismatch_repair,
237,VIT_02s0033g01340,713,0.3433,Unknown protein,,,,
238,VIT_19s0015g01780,709,0.3428,Zinc finger (C2H2 type) family,C2H2FAM_2,,vv60017C2H2,
239,VIT_05s0062g00810,699,0.3397,Lipoprotein,,,,
240,VIT_06s0004g00300,698,0.3379,Hcr2-p4.1,,,,
241,VIT_12s0035g01880,692,0.3338,Zinc finger homeobox 21,ZFHB21_3,,vv60068Zf-HD,
242,VIT_15s0046g02380,691,0.3330,CYP86A8,,,,
243,VIT_18s0041g00030,680,0.3269,Wall-associated receptor kinase 5,,,,
244,VIT_18s0001g07700,674,0.3256,Ethylene-inducible CTR1,CTR1,,vv30008Ethylene_signaling,
245,VIT_19s0090g00030,674,0.3254,Serine/threonine Protein kinase BNK1,,,,
246,VIT_16s0050g01560,671,0.3234,Unknown,,,,
247,VIT_02s0025g00960,664,0.3220,V-type H+-transporting ATPase subunit E,K02150,,vv10190Oxidative_phosphorylation,vv44145Phagosome
248,VIT_14s0006g01670,666,0.3216,CYP96A10,,,,
249,VIT_00s0218g00100,663,0.3208,Metal transporter Nramp6,NRAMP6,,vv50124Porters_cat_30_to_64,
250,VIT_12s0028g01850,667,0.3202,Receptor kinase TRKe,,,,
251,VIT_17s0000g04010,661,0.3195,Actin-related protein 4,ARP4,,vv44810Regulation_of_actin_cytoskeleton,
252,VIT_18s0001g14560,653,0.3159,Unknown,,,,
253,VIT_05s0049g01410,655,0.3157,Phosphate transporter 1,PHO1,,vv50125Porters_cat_66_to_94,
254,VIT_14s0006g01680,645,0.3111,CYP96A10,,,,
255,VIT_04s0008g05520,641,0.3104,Unknown protein,,,,
256,VIT_10s0092g00610,644,0.3101,Unknown,,,,
257,VIT_07s0005g04220,643,0.3094,Receptor-like protein kinase,,,,
258,VIT_17s0000g06580,636,0.3083,Vesicle transport v-SNARE 11,K08493,,vv24130SNARE_interactions_in_vesicular_transport,
259,VIT_07s0031g01860,635,0.3057,Glucose-6-phosphate/phosphate translocator,G6PPTR,,vv50122Porters_cat_7_to_17,
260,VIT_06s0004g06550,631,0.3054,DDB2 (damaged DNA-binding 2),K10140,,vv23420Nucleotide_excision_repair,vv24120Ubiquitin_mediated_proteolysis
261,VIT_18s0001g03000,627,0.3039,Universal stress protein (USP) family protein,,,,
262,VIT_00s0187g00240,630,0.3033,SWIB complex BAF60b domain-containing protein,SWIB_5,,vv60092SWIB,
263,VIT_13s0073g00050,624,0.3020,Cationic amino acid transporter 6,CAT6,,vv50121Porters_cat_1_to_6,
264,VIT_08s0056g00740,627,0.3020,Unknown protein,,,,
265,VIT_08s0007g06310,616,0.3000,Myb family,MYBGE_10,,vv60029G2-like,
266,VIT_04s0008g03670,618,0.2999,Tesmin/TSO1-like CXC domain-containing,TSO1L_1,,vv60022CPP,
267,VIT_04s0008g02780,620,0.2988,RBR1 (retinoblastoma-related 1),RBR1_2,,vv44110Cell_cycle,vv60051RB
268,VIT_10s0003g00840,616,0.2972,No hit,,,,
269,VIT_10s0116g01280,614,0.2965,Prefoldin,,,,
270,VIT_15s0048g02430,614,0.2960,Naringenin 2-oxoglutarate 3-dioxygenase,E1_14_11_9,,vv10941Flavonoid_biosynthesis,
271,VIT_03s0038g01480,605,0.2909,Beta-fructofuranosidase,E3_2_1_26,,vv10052Galactose_metabolism,vv10500Starch_and_sucrose_metabolism
272,VIT_11s0016g01480,590,0.2863,Nuclear transcription factor Y subunit A-3,NFYA3_1,,vv60021CCAAT,
273,VIT_10s0003g00960,593,0.2847,Carboxylic ester hydrolase,E3_1_1_1,,,
274,VIT_14s0006g01780,588,0.2836,Copper-binding family protein,,,,
275,VIT_17s0000g04060,582,0.2835,PFT1 (phytochrome and flowering time 1) MED25,PFT1,,vv30009Flower_development,
276,VIT_08s0007g06440,586,0.2824,No hit,,,,
277,VIT_12s0059g00480,586,0.2817,No hit,,,,
278,VIT_19s0014g01120,578,0.2811,Curculin (mannose-binding) lectin,,,,
279,VIT_17s0000g00840,578,0.2796,Unknown protein,,,,
280,VIT_08s0007g06770,571,0.2783,Unknown protein,,,,
281,VIT_02s0025g00700,575,0.2775,Aluminum-activated malate transporter 9,ALMT9,,vv50125Porters_cat_66_to_94,
282,VIT_11s0016g05420,576,0.2771,SOS2 (salt overly sensitive 2),SOS2,,vv30001ABA_signaling,
283,VIT_01s0113g00400,575,0.2770,No hit,,,,
284,VIT_18s0001g14320,568,0.2761,Unknown protein,,,,
285,VIT_05s0049g01750,565,0.2752,Unknown protein,,,,
286,VIT_08s0007g03230,568,0.2749,Unknown protein,,,,
287,VIT_08s0058g01210,567,0.2743,Non-specific lipid transfer protein LTP1,LTP1,,,
288,VIT_10s0597g00010,566,0.2742,Stem-specific protein TSJT1,,,,
289,VIT_02s0025g03000,566,0.2733,NGA1 (NGATHA1),NGATHA1_1,VvRAV3,vv60001ABI3VP1,
290,VIT_14s0128g00340,562,0.2732,Seed maturation protein PM34,,,,
291,VIT_19s0014g02720,565,0.2726,Unknown protein,,,,
292,VIT_12s0035g00940,565,0.2722,No hit,,,,
293,VIT_18s0001g02730,564,0.2719,Unknown,,,,
294,VIT_00s0131g00370<br>VIT_13s0047g01080<br>VIT_16s0115g00050<br>VIT_12s0034g02320<br>VIT_01s0010g01190<br>VIT_09s0070g00770<br>VIT_03s0097g00250<br>VIT_15s0021g02120<br>VIT_02s0087g00020<br>VIT_13s0175g00170<br>VIT_03s0110g00130<br>VIT_13s0101g00370,558,0.2711,
295,VIT_18s0001g10470,559,0.2706,Protein kinase MK6,,,,
296,VIT_12s0028g01710,556,0.2706,Unknown,,,,
297,VIT_17s0000g04990,558,0.2702,MADS-box APETALA 1,APETALA1_3,,vv30009Flower_development,vv60042MADS
298,VIT_18s0001g12350,552,0.2671,GYF domain-containing protein,,,,
299,VIT_08s0040g01130,541,0.2642,Serine carboxypeptidase II,,,,
300,VIT_00s0199g00250,544,0.2619,Zinc finger homeobox 22,ZFHB22_2,,vv60068Zf-HD,
301,VIT_00s1348g00010,537,0.2594,Ternary complex factor MIP1,,,,
302,VIT_00s0340g00090,531,0.2571,Lateral organ boundaries Domain 6,LBD6_1,,vv60007AS2,
303,VIT_15s0048g01740,531,0.2571,Growth-regulating factor 9,GRF9,,vv60033GRF,
304,VIT_09s0002g07070,527,0.2563,Pre-mRNA-processing factor 8,K12856,,vv23040Spliceosome,
305,VIT_15s0048g00860,526,0.2550,Microtubule associated protein (MAP65/ASE1) pleiade,PLEIADE,,vv44810Regulation_of_actin_cytoskeleton,
306,VIT_02s0154g00020,524,0.2549,Vascular related NAC-domain protein 4,VND4_2,VvNAC02,vv60046NAC,
307,VIT_12s0059g01010,525,0.2546,Cellulose synthase CSLB04,E2_4_1_12_CSLB04,,vv40006Cell_wall,
308,VIT_04s0008g00880,527,0.2545,Homeobox gene 1,VVH1,VvHB12,vv60034HB,
309,VIT_00s0301g00180,524,0.2533,NADPH quinone oxidoreductase,E1_6_5_5,,vv10740Riboflavin_metabolism,
310,VIT_11s0016g05470,523,0.2531,Nuclear pore complex protein Nup98-Nup96,K14297,,vv23013RNA_transport,vv50109Incompletely_characterized_transport_systems
311,VIT_06s0004g03260,520,0.2507,Cupin family protein,,,,
312,VIT_04s0023g03220,519,0.2505,Myosin-related,MYOSINR,,vv44810Regulation_of_actin_cytoskeleton,
313,VIT_13s0067g01750,513,0.2488,Receptor protein kinase,,,,
314,VIT_17s0000g05000,511,0.2487,SEPALLATA1,SEPALLATA1_1,,vv30009Flower_development,vv60042MADS
315,VIT_04s0044g01260,515,0.2470,SEU3B protein,SEUSS,,vv30009Flower_development,
316,VIT_18s0001g13130,510,0.2454,BEL1-like homeodomain 10,BEL10,VvHB67,vv60034HB,
317,VIT_15s0048g00550,504,0.2441,Abnormal floral organs,AFO_2,,vv60019C2C2-YABBY,
318,VIT_01s0011g03600,504,0.2429,JAGGED,JAGGED,,vv60017C2H2,
319,VIT_07s0031g02440,502,0.2425,Amino acid permease 3,AAP3,,vv50123Porters_cat_18_to_29,
320,VIT_08s0040g02260,497,0.2415,Protamine P1,,,,
321,VIT_03s0097g00350,498,0.2413,Myosin-like protein XIK,MYOSINXIK,,vv44810Regulation_of_actin_cytoskeleton,
322,VIT_06s0080g00760,500,0.2412,Unknown protein,,,,
323,VIT_09s0002g03620,501,0.2410,NADP-dependent malic enzyme,E1_1_1_39,,vv10620Pyruvate_metabolism,vv10710Carbon_fixation
324,VIT_08s0040g03360,500,0.2410,Cofilin,K05765,,vv44810Regulation_of_actin_cytoskeleton,
325,VIT_17s0000g02460,498,0.2401,Wuschel related homeobox 1,WOX1_2,VvHB57,vv60034HB,
326,VIT_01s0026g00150,493,0.2387,Methyl-CPG-binding Domain 9 MBD9,MBD9_5,,vv30009Flower_development,vv60048PHD
327,VIT_01s0010g01870,496,0.2383,Salicylic acid-induced fragment 1 protein,,,,
328,VIT_17s0000g02700,490,0.2373,Alpha-dioxygenase 2,K10529,,vv10592alpha-Linolenic_acid_metabolism,
329,VIT_00s0347g00060<br>VIT_00s0762g00020<br>VIT_00s0347g00080<br>VIT_00s0743g00010,488,0.2367,
330,VIT_08s0007g06430,488,0.2361,No hit,,,,
331,VIT_00s0231g00090,491,0.2359,No hit,,,,
332,VIT_13s0019g02730,487,0.2357,Unknown protein,,,,
333,VIT_00s0220g00110,488,0.2353,Acetolactate synthase small subunit,E2_2_1_6,,vv10290Valine_leucine_and_isoleucine_biosynthesis,vv10650Butanoate_metabolism
334,VIT_03s0063g01420,485,0.2351,No hit,,,,
335,VIT_09s0002g05090,482,0.2327,CENP-C,CENPC,,vv44110Cell_cycle,
336,VIT_10s0042g00350,485,0.2323,No hit,,,,
337,VIT_01s0137g00200,479,0.2321,Unknown protein,,,,
338,VIT_04s0008g01240,477,0.2316,SAG18 (Senescence associated gene 18),,,,
339,VIT_11s0016g05030,474,0.2309,No hit,,,,
340,VIT_19s0015g01490,478,0.2308,Myosin-like protein XIK,MYOSINXIK,,vv44810Regulation_of_actin_cytoskeleton,
341,VIT_17s0000g03090,464,0.2261,R protein disease resistance protein,RPROT,,vv34627R_proteins_from_Plant-pathogen_interaction,
342,VIT_08s0007g04100,467,0.2260,CYPLXXVIA2,,,,
343,VIT_18s0075g00370,469,0.2257,R protein L6,K13477,,vv34627R_proteins_from_Plant-pathogen_interaction,
344,VIT_01s0011g06570,462,0.2232,Beta-Ig-H3/fasciclin,,,,
345,VIT_09s0002g04170,461,0.2231,Acyl-CoA synthetases (Acyl-activating enzyme 13),E6_2_1_3,,vv10071Fatty_acid_metabolism,vv50104Group_translocators
346,VIT_11s0037g00660,461,0.2230,CF2,K13468,,vv34626Plant-pathogen_interaction,
347,VIT_04s0023g03450,460,0.2223,AP endonuclease 2,K10772,,vv23410Base_excision_repair,
348,VIT_07s0005g01280,460,0.2218,BRCT domain-containing protein,BRCTDOM,,vv60048PHD,
349,VIT_01s0011g01890,460,0.2215,Glutathione S-transferase  C-terminal,E2_5_1_18,,vv10480Glutathione_metabolism,
350,VIT_18s0089g00270,457,0.2207,R protein L6,K13477,,vv34627R_proteins_from_Plant-pathogen_interaction,
351,VIT_05s0077g00720,456,0.2194,Peroxidase 40,E1_11_1_7,,vv10360Phenylalanine_metabolism,vv10680Methane_metabolism
352,VIT_10s0042g00060,447,0.2166,No hit,,,,
353,VIT_14s0036g01170,445,0.2161,Disease resistance protein (CC-NBS-LRR class),,,,
354,VIT_19s0014g02770,445,0.2156,Unknown protein,,,,
355,VIT_03s0038g03210,443,0.2148,Chitin elicitor-binding CEBIP LysM domain-containing,K13473,,vv34626Plant-pathogen_interaction,
356,VIT_05s0049g01640,445,0.2139,No hit,,,,
357,VIT_13s0019g00420,441,0.2127,F-box family protein,,,,
358,VIT_16s0039g02170,436,0.2114,D-xylose-proton symporter-like 2,XYLL2,,vv50121Porters_cat_1_to_6,
359,VIT_16s0098g00120,438,0.2108,Polynucleotidyl transferase  Ribonuclease H fold,E3_1_26_4,,,
360,VIT_14s0030g02300,435,0.2101,CRSP complex subunit 2,,,,
361,VIT_05s0062g01180,435,0.2099,Importin beta-2,K14293_2,,vv23013RNA_transport,vv50109Incompletely_characterized_transport_systems
362,VIT_14s0219g00280,435,0.2096,Glycerol-3-phosphate dehydrogenase (NAD+),E1_1_1_8,,vv10564Glycerophospholipid_metabolism,
363,VIT_12s0035g00410,432,0.2089,Disease resistance protein,,,,
364,VIT_04s0023g02880,430,0.2080,GATA transcription factor 14,GAT14,,vv60016C2C2-GATA,
365,VIT_01s0011g00100,430,0.2069,MADS-box APETALA 1,APETALA1_2,,vv30009Flower_development,vv60042MADS
366,VIT_01s0011g05400,421,0.2045,Actin related protein 2/3 complex  subunit 2,K05758,,vv44810Regulation_of_actin_cytoskeleton,
367,VIT_15s0021g00040,419,0.2030,Eceriferum 1 (CER1 protein) Sterol desaturase,,,,
368,VIT_10s0003g00650,415,0.2000,Peroxidase,E1_11_1_7,,vv10360Phenylalanine_metabolism,vv10680Methane_metabolism
369,VIT_19s0015g02320,409,0.1988,Clathrin assembly protein 2,CAP2,,vv50110Protein_coat,
370,VIT_10s0003g01630,410,0.1968,Unknown,,,,
371,VIT_04s0023g03310,404,0.1948,Wuschel protein,WUSCHEL,VvHB19,vv60034HB,
372,VIT_06s0004g03780,403,0.1947,Wuschel-related homeobox 3 pressed flower,WOX3,VvHB24,vv60034HB,
373,VIT_00s0304g00040,401,0.1944,Succinate dehydrogenase iron-sulfur protein  Mitochondrial,E1_3_5_1,,vv10020Citrate_cycle,
374,VIT_03s0038g01400,399,0.1929,R protein  PRF  disease resistance protein,K13453,,vv34627R_proteins_from_Plant-pathogen_interaction,
375,VIT_08s0032g00110,398,0.1928,RNA recognition motif (RRM)-containing protein,,,,
376,VIT_05s0020g04190,397,0.1911,PINHEAD (Protein ZWILLE),,,,
377,VIT_19s0027g01880,392,0.1909,Amino acid transport protein,AATRREL,,vv50123Porters_cat_18_to_29,
378,VIT_18s0086g00220,394,0.1909,Lipase GDSL,,,,
379,VIT_15s0048g01270,393,0.1907,MADS-box agamous-like 6,AGL6_1,,vv60042MADS,
380,VIT_15s0024g00740,392,0.1899,No hit,,,,
381,VIT_07s0005g03410,392,0.1896,Globulin 11S,,,,
382,VIT_13s0067g00780,389,0.1883,R protein  PRF  disease resistance protein,K13453,,vv34627R_proteins_from_Plant-pathogen_interaction,
383,VIT_01s0244g00130,387,0.1871,Inducer of CBF expression 1 ICE1,ICE1_2,,vv60011BHLH,
384,VIT_07s0141g00140,383,0.1863,Histone acetyltransferase GCN5,HAGCN5_1,,vv60082GNAT,
385,VIT_07s0005g02530,381,0.1850,Unknown protein,,,,
386,VIT_01s0011g04850,383,0.1848,Unknown protein,,,,
387,VIT_00s0211g00040,371,0.1790,Nodulation receptor kinase,,,,
388,VIT_08s0007g06280,369,0.1781,Unknown,,,,
389,VIT_09s0002g06750,368,0.1779,ERF/AP2 transcription factor sub B-6 SHINE,SHINE1_1,VvERF042,vv30008Ethylene_signaling,vv60003AP2_EREBP
390,VIT_06s0061g00220,366,0.1771,Transcription initiation factor TFIIB,K03124,,vv23022Basal_transcription_factors,
391,VIT_05s0020g04640,366,0.1769,Unknown protein,,,,
392,VIT_03s0088g00280,364,0.1763,Ribosomal RNA small subunit methyltransferase E,K09761,,,
393,VIT_05s0020g04170,360,0.1742,RecA/Rad51/DMC1,K10872,,vv44110Cell_cycle,
394,VIT_02s0025g01790,361,0.1738,Cellulose synthase CSLG3,E2_4_1_12_CSLG3,,vv40006Cell_wall,
395,VIT_13s0047g00380,360,0.1737,3-hydroxyisobutyryl-coenzyme A hydrolase,E3_1_2_4,,vv10280Valine_leucine_and_isoleucine_degradation,vv10410Beta-alanine_metabolism
396,VIT_09s0054g00680,355,0.1717,Auxin-responsive SAUR5,SAUR5,,vv30003Auxin_signaling,
397,VIT_18s0001g07140,353,0.1710,Zinc finger homeobox 22,ZFHB22_3,,vv60068Zf-HD,
398,VIT_05s0077g02050,352,0.1710,Gamete expressed2 (GEX2),,,,
399,VIT_06s0009g01210,351,0.1693,Leucine-rich repeat protein kinase,,,,
400,VIT_09s0070g00300,351,0.1688,fiddlehead-like protein,,,,
401,VIT_19s0015g01930,348,0.1684,LAS (lateral suppressor),LAS,,vv60032GRAS,
402,VIT_03s0038g04110,346,0.1680,AT-hook DNA-binding protein,,,,
403,VIT_10s0003g00600,346,0.1679,Lipase GDSL,,,,
404,VIT_12s0142g00620,340,0.1649,RIC7 (ROP-interactive crib motif-containing protein 7),,,,
405,VIT_18s0001g01650,341,0.1647,Unknown,,,,
406,VIT_18s0001g13510,332,0.1597,Hcr2-p6,,,,
407,VIT_15s0046g00210,331,0.1594,Beta-fructofuranosidase,E3_2_1_26,,vv10052Galactose_metabolism,vv10500Starch_and_sucrose_metabolism
408,VIT_09s0002g05270,327,0.1589,Gibberellin 3beta-hydroxylase3,E1_14_11_15,,vv10904Diterpenoid_biosynthesis,vv30001ABA_signaling
409,VIT_17s0000g06750,319,0.1539,Unknown protein,,,,
410,VIT_13s0067g01250,314,0.1518,Em protein GEA6 (EM6),,,,
411,VIT_19s0090g00330,311,0.1510,1-acyl-sn-glycerol-3-phosphate acyltransferase,E2_3_1_51,,vv10561Glycerolipid_metabolism,vv10564Glycerophospholipid_metabolism
412,VIT_11s0016g04160,310,0.1509,Sulfate transporter 3.5,SULTR3_5,,vv50124Porters_cat_30_to_64,
413,VIT_01s0146g00420,312,0.1503,No hit,,,,
414,VIT_14s0068g01780,310,0.1500,Squamosa promoter-binding protein 13 (SPL13),SPL13_4,,vv60055SBP,
415,VIT_10s0042g00240,308,0.1494,Rpp4 candidate 1,,,,
416,VIT_10s0003g02620,307,0.1493,AWPM19,AWPM19,,vv30001ABA_signaling,
417,VIT_04s0008g00290,306,0.1487,Clavata1 receptor kinase (CLV1),,,,
418,VIT_00s0391g00030,294,0.1428,Unknown,,,,
419,VIT_07s0130g00010,295,0.1422,Peroxiredoxin-2B,E1_11_1_15,,,
420,VIT_03s0091g00360,292,0.1422,Seed maturation protein PM23,,,,
421,VIT_06s0004g06570,291,0.1407,Calcium/proton exchanger CAX3,K07300_CAX3,,vv50123Porters_cat_18_to_29,
422,VIT_00s2483g00010,289,0.1397,Protein kinase,,,,
423,VIT_05s0077g02100,287,0.1390,Senescence-associated protein,,,,
424,VIT_16s0039g00750<br>VIT_00s1209g00010<br>VIT_16s0039g00420,287,0.1384,
425,VIT_07s0130g00030,279,0.1357,Proteinase inhibitor se60,,,,
426,VIT_09s0002g02210,280,0.1355,Adhesion of calyx edges (ACE),,,,
427,VIT_05s0077g01290,281,0.1354,Unknown protein,,,,
428,VIT_18s0001g08460,280,0.1347,ATP binding,,,,
429,VIT_17s0000g09290,277,0.1336,Protein kinase ATN1,,,,
430,VIT_14s0066g01220,274,0.1329,ATMYB66/WER/WER1 (WEREWOLF 1),WEREWOLF_7,MYB156,vv44110Cell_cycle,vv60044MYB
431,VIT_07s0005g01600,275,0.1329,DEAD (Asp-Glu-Ala-Asp) box polypeptide 42,DDX42,,vv23040Spliceosome,vv50133Primary_active_transporter_cat_A9_to_A18
432,VIT_16s0098g00380,271,0.1318,Wax synthase,E2_3_1_75,,vv11000Single_reactions,
433,VIT_07s0129g00570,271,0.1304,Transducin family protein / WD-40 repeat,,,,
434,VIT_10s0071g01200,268,0.1298,Vacuolar pyrophosphatase [Vitis vinifera],K01507,,vv10190Oxidative_phosphorylation,vv50133Primary_active_transporter_cat_A9_to_A18
435,VIT_14s0128g00350,267,0.1295,GPI-anchored protein-like protein II,,,,
436,VIT_08s0056g00810,265,0.1281,Co-chaperone grpE,K03687,,vv50132Primary_active_transporter_cat_A5_to_A8,
437,VIT_06s0004g02680,263,0.1274,Lysine decarboxylase,E4_1_1_18,,vv10300Lysine_biosynthesis,
438,VIT_01s0010g03580,264,0.1268,Asynaptic 1 ASY1,ASY1,,vv44110Cell_cycle,
439,VIT_13s0156g00480,263,0.1266,R protein disease resistance protein,RPROT,,vv34627R_proteins_from_Plant-pathogen_interaction,
440,VIT_01s0011g03580,261,0.1257,Unknown protein,,,,
441,VIT_05s0102g00370,259,0.1255,Receptor protein kinase (ACR4),,,,
442,VIT_18s0001g11620,258,0.1251,WAK receptor protein kinase,,,,
443,VIT_07s0104g01230,250,0.1217,Auxin response factor 2,ARF2_5,,vv30003Auxin_signaling,vv60004ARF
444,VIT_11s0016g05510,248,0.1200,Unknown protein,,,,
445,VIT_14s0060g02220,250,0.1199,F-actin capping protein alpha subunit,K10364,,vv44810Regulation_of_actin_cytoskeleton,
446,VIT_18s0001g05830,244,0.1182,Unknown,,,,
447,VIT_06s0004g04000,243,0.1168,Beta-ketoacyl-CoA synthase,E2_3_1_41,,vv10061Fatty_acid_biosynthesis,
448,VIT_04s0008g03980,236,0.1139,BURP domain-containing protein,,,,
449,VIT_17s0000g02550,234,0.1132,HMR1 protein,,,,
450,VIT_18s0001g02140,232,0.1130,Metal transporter Nramp1,NRAMP1,,vv50124Porters_cat_30_to_64,
451,VIT_04s0008g00710,229,0.1109,Unknown,,,,
452,VIT_07s0031g00780,227,0.1101,Transcriptional factor B3,TFB3_4,,vv60001ABI3VP1,
453,VIT_10s0042g00370,227,0.1086,R protein disease resistance protein,RPROT,,vv34627R_proteins_from_Plant-pathogen_interaction,
454,VIT_12s0034g02370,224,0.1083,Unknown protein,,,,
455,VIT_18s0122g00020,223,0.1082,Aluminum-activated malate transporter 9,ALMT9,,vv50125Porters_cat_66_to_94,
456,VIT_10s0003g01010,223,0.1081,Lipase GDSL,,,,
457,VIT_00s0525g00050,222,0.1080,Metal transporter CNNM4 (Cyclin-M4),CNNM4,,vv50109Incompletely_characterized_transport_systems,
458,VIT_00s0357g00090,224,0.1079,Unknown protein,,,,
459,VIT_04s0044g01710,222,0.1075,MORC family CW-type zinc finger 3,MORC3,,,
460,VIT_07s0005g01500,222,0.1072,DELLA protein RGL2 (RGA-like protein 2),RGL2_2,,vv30010Gibberellin_signaling,vv60032GRAS
461,VIT_05s0020g00900,216,0.1052,P-glycoprotein 4,PGP4,,vv52010ABC_transporters,
462,VIT_03s0017g00210,215,0.1039,Clathrin heavy chain,K04646,,vv50110Protein_coat,
463,VIT_05s0077g01200,214,0.1039,Unknown protein,,,,
464,VIT_00s0194g00140,215,0.1034,Agenet domain-containing protein,,,,
465,VIT_15s0021g00950,212,0.1024,1-aminocyclopropane-1-carboxylate oxidase,E1_14_17_4,,vv10640Propanoate_metabolism,vv30008Ethylene_signaling
466,VIT_01s0011g05060,210,0.1016,Major latex-like protein 34,,,,
467,VIT_16s0050g00120,208,0.1006,B57,,,,
468,VIT_05s0124g00250,206,0.0995,Histone-lysine N-methyltransferase ATX1,E2_1_1_43ATX1_2,,vv10300Lysine_biosynthesis,vv60048PHD
469,VIT_18s0001g11360,205,0.0995,VRN1 (reduced vernalization response 1),VRN1_5,,vv30009Flower_development,vv60001ABI3VP1
470,VIT_18s0001g13110,205,0.0990,Peroxidase,E1_11_1_7,,vv10360Phenylalanine_metabolism,vv10680Methane_metabolism
471,VIT_19s0090g00770,204,0.0990,F-box family protein,,,,
472,VIT_17s0000g02770,205,0.0984,Disease resistance protein (CC-NBS-LRR class),,,,
473,VIT_14s0060g01090,199,0.0966,LNG1 (LONGIFOLIA1),,,,
474,VIT_19s0027g01520,200,0.0966,DNA topoisomerase I,E5_99_1_2,,,
475,VIT_10s0116g01680,199,0.0961,Ankyrin repeat,,,,
476,VIT_03s0180g00240,198,0.0955,No hit,,,,
477,VIT_14s0083g00750,195,0.0941,Unknown protein,,,,
478,VIT_19s0090g01660,194,0.0938,RNA-binding protein Musashi,K14411,,vv23015mRNA_surveillance_pathway,
479,VIT_08s0040g01790,192,0.0924,Laccase (diphenol oxidase)-like protein,E1_10_3_2,,vv11000Single_reactions,vv50109Incompletely_characterized_transport_systems
480,VIT_01s0010g03840,190,0.0919,No hit,,,,
481,VIT_08s0032g00410,190,0.0919,Myosin-like protein XIK,MYOSINXIK,,vv44810Regulation_of_actin_cytoskeleton,
482,VIT_19s0015g02090,186,0.0896,CYP72A59,K13400,,vv10902Monoterpenoid_biosynthesis,
483,VIT_10s0003g03940,184,0.0889,Glutaredoxin,,,,
484,VIT_07s0191g00050,184,0.0884,Peroxidase 17,E1_11_1_7,,vv10360Phenylalanine_metabolism,vv10680Methane_metabolism
485,VIT_19s0014g04480,182,0.0883,S-locus protein kinase,,,,
486,VIT_04s0069g01130,180,0.0871,No hit,,,,
487,VIT_07s0151g00870,179,0.0864,PHD finger transcription factor,PHDFG_3,,vv60048PHD,
488,VIT_19s0027g01100,177,0.0855,No hit,,,,
489,VIT_00s0299g00100,173,0.0837,Arabidopsis thaliana homeobox protein 2,VVHB2_1,VvHB72,vv60034HB,
490,VIT_07s0031g02420,172,0.0832,F-box domain containing protein,,,,
491,VIT_17s0000g09920,170,0.0826,Aminopeptidase M,E3_4_11_2,,vv10480Glutathione_metabolism,
492,VIT_19s0014g04050,170,0.0817,S-locus lectin protein kinase,,,,
493,VIT_13s0106g00020,169,0.0814,RPM1 (resistance to p. syringae pv maculicola 1),K13457,,vv34626Plant-pathogen_interaction,
494,VIT_14s0060g01450,167,0.0813,3'-5' exoribonuclease,K01146,,,
495,VIT_09s0002g08650,167,0.0810,Nodulin,,,,
496,VIT_11s0037g00320,166,0.0805,Serine carboxypeptidase S10,,,,
497,VIT_15s0107g00130,167,0.0803,Pyruvate kinase,E2_7_1_40,,vv10010Glycolysis,vv10230Purine_metabolism
498,VIT_07s0005g01910,165,0.0801,Myb family transcription factor DNA methyltransferase 1 associated,MYBDMAP1,,vv60045MYBrelated,
499,VIT_12s0034g00820,164,0.0796,No hit,,,,
500,VIT_18s0089g01040,163,0.0783,Avr9 elicitor response,,,,
501,VIT_13s0067g03390,162,0.0781,Pseudo-response regulator 7 (APRR7),APRR7_3,,vv30007Cytokinin_signaling,vv34710Circadian_rhythm
502,VIT_04s0008g00620,160,0.0780,Myb domain protein 68,MYB68_2,MYB153,vv60044MYB,
503,VIT_00s0317g00060,160,0.0780,Unknown protein,,,,
504,VIT_00s0527g00030,157,0.0760,Arabinogalactan protein AGP31,AGP31,,vv40006Cell_wall,
505,VIT_10s0003g05530,157,0.0755,CPRD2,,,,
506,VIT_18s0166g00210,155,0.0750,Regulator of chromosome condensation (RCC1),RCC1,,vv50112Nuclear_pore_complex,
507,VIT_17s0000g02830,155,0.0748,R protein MLA10,K13475,,vv34627R_proteins_from_Plant-pathogen_interaction,
508,VIT_12s0028g01570,153,0.0743,Zinc finger (C3HC4-type ring finger),ZFC3HC4_12,,vv60078Other_zf-C3HC4,
509,VIT_18s0001g12930,154,0.0743,Heavy-metal-associated domain-containing protein,,,,
510,VIT_02s0025g01140,154,0.0741,No hit,,,,
511,VIT_18s0001g02820,151,0.0733,Transducin protein,,,,
512,VIT_15s0048g02510,151,0.0732,Basic helix-loop-helix (bHLH) family,BHLHDOM_35,,vv60011BHLH,
513,VIT_08s0056g00450,151,0.0725,No hit,,,,
514,VIT_16s0013g01200,148,0.0716,Receptor serine/threonine kinase PR5K,,,,
515,VIT_18s0001g08650,147,0.0709,Growth-regulating factor 1,GRF1_2,,vv60033GRF,
516,VIT_01s0011g00380,144,0.0693,SP1L1 (SPIRAL1-like1),,,,
517,VIT_04s0044g01650,142,0.0692,GA 20-oxidase 2,E1_14_11_12,,vv10904Diterpenoid_biosynthesis,
518,VIT_12s0035g00530,143,0.0689,Unknown protein,,,,
519,VIT_15s0046g01460,141,0.0677,Unknown,,,,
520,VIT_09s0054g01130,139,0.0675,Beta-amyrin synthase,E5_4_99_BAS,,vv10900Terpenoid_biosynthesis,
521,VIT_06s0061g00470,137,0.0665,Myb domain protein 36,MYB36_1,MYB149,vv60044MYB,
522,VIT_04s0008g06310,137,0.0662,Octicosapeptide/Phox/Bem1p (PB1) domain-containing protein,BEM1P,,vv50132Primary_active_transporter_cat_A5_to_A8,
523,VIT_19s0135g00130,133,0.0646,CYP72A57,K13400,,vv10902Monoterpenoid_biosynthesis,
524,VIT_15s0048g01040,133,0.0641,DNA repair protein,,,,
525,VIT_11s0206g00080,130,0.0632,Calmodulin-binding protein,K02183,,vv34020Calcium_signaling_pathway,vv34626Plant-pathogen_interaction
526,VIT_13s0064g00730,130,0.0628,Actin-related protein 7,ARP7,,vv44810Regulation_of_actin_cytoskeleton,
527,VIT_18s0001g02130,129,0.0623,Metal transporter Nramp6,NRAMP6,,vv50124Porters_cat_30_to_64,
528,VIT_01s0010g02640,127,0.0610,Lysine histidine transporter 2,LHT2,,vv50123Porters_cat_18_to_29,
529,VIT_14s0066g00170,126,0.0609,CYP724B1,,,,
530,VIT_12s0059g02740,125,0.0600,SET domain protein,SETDOM_2,,vv60056SET_PCG,
531,VIT_11s0016g02050,124,0.0599,Nucleosome assembly protein (NAP1),,,,
532,VIT_18s0001g14280,122,0.0594,ER lumen protein retaining receptor,,,,
533,VIT_03s0063g00820,122,0.0591,Carboxyesterase 12; CXE12,E3_1_1_1,,,
534,VIT_07s0130g00270,121,0.0588,Unknown protein,,,,
535,VIT_08s0007g04090,120,0.0579,CYPLXXVIA2,,,,
536,VIT_17s0000g05890,119,0.0576,Protein kinase APK1B,,,,
537,VIT_01s0011g03100,117,0.0568,Zinc finger (C2H2 type) protein (WIP6),WIP6,,vv60017C2H2,
538,VIT_00s0181g00230,117,0.0566,LSD ONE like 2,LOL2,,,
539,VIT_07s0129g00270,116,0.0565,Casein kinase II alpha chain,K03097,,vv23008Ribosome_biogenesis_in_Eukaryotes,vv34710Circadian_rhythm
540,VIT_18s0041g00430,116,0.0561,Patellin-1,,,,
541,VIT_06s0004g02300,114,0.0552,Calcium-dependent protein kinase 19,CDPK19,,vv34626Plant-pathogen_interaction,
542,VIT_04s0023g01390,113,0.0548,Cupin family protein,,,,
543,VIT_11s0016g00950,113,0.0545,No hit,,,,
544,VIT_15s0048g02060,112,0.0540,Hydrolase  alpha/beta fold,,,,
545,VIT_15s0046g02620,111,0.0539,Beta-amylase 9 BMY9,E3_2_1_2,,vv10500Starch_and_sucrose_metabolism,
546,VIT_05s0077g01030,111,0.0534,Unknown,,,,
547,VIT_10s0003g04800,109,0.0528,Dienelactone hydrolase,E3_1_1_45,,vv11000Single_reactions,
548,VIT_00s0199g00200,109,0.0526,SWI1 (switch1),,,,
549,VIT_08s0040g03180,106,0.0516,APETALA2 (AP2) floral homeotic protein,APETALA2TOE2_3,VvAP2-14,vv30008Ethylene_signaling,vv30009Flower_development
550,VIT_11s0016g00040,106,0.0513,BRI1 (brassinosteroid insensitive 1),BRI1,,vv30005Brassinosteroids_signaling,
551,VIT_14s0219g00050,106,0.0512,Myb domain protein 40,MYB40,MYB40,vv60044MYB,
552,VIT_00s0208g00050<br>VIT_19s0015g00040<br>VIT_15s0045g00090,104,0.0501,
553,VIT_08s0007g01720,103,0.0499,Reticulon family protein (RTNLB12),,,,
554,VIT_09s0002g01850,103,0.0497,HAB1 (homology toABI1),HAB1,,vv30001ABA_signaling,
555,VIT_17s0000g05020,103,0.0496,Squamosa promoter-binding protein 6 (SPL6),SPL6_2,,vv60055SBP,
556,VIT_12s0059g01280,102,0.0491,Nucleobase-ascorbate transporter 1 (NAT1),NAT1,,vv50124Porters_cat_30_to_64,
557,VIT_04s0008g02260,101,0.0489,Dimethylaniline monooxygenase (N-oxide forming) 2,E1_14_13_8,,vv11000Single_reactions,
558,VIT_12s0035g00550,101,0.0489,Unknown protein,,,,
559,VIT_01s0010g03590,97,0.0467,Asynaptic 1 ASY1,ASY1,,vv44110Cell_cycle,
560,VIT_12s0059g02600,96,0.0464,Receptor protein kinase RK20-1,,,,
561,VIT_17s0000g01820,96,0.0464,Malate synthase  glyoxysomal,E2_3_3_9,,vv10620Pyruvate_metabolism,vv10630Glyoxylate_and_dicarboxylate_metabolism
562,VIT_06s0004g06650,94,0.0455,1-phosphatidylinositol-4 5-bisphosphate phosphodiesterase,E3_1_4_11,,vv10562Inositol_phosphate_metabolism,vv30001ABA_signaling
563,VIT_08s0007g06160,94,0.0454,BZIP transcription factor,BZIPDOM_11,VvbZIP28,vv60012BZIP,
564,VIT_07s0031g00750,93,0.0453,MATE efflux family protein,MATE,,vv50125Porters_cat_66_to_94,
565,VIT_03s0017g01570,94,0.0453,FAD-binding domain-containing protein,,,,
566,VIT_14s0006g00090,93,0.0452,MMD1 (male meiocyte death 1),MMD1,,vv60048PHD,
567,VIT_03s0063g00370,93,0.0450,Nitrite reductase,E1_7_7_1,,vv10910Nitrogen_metabolism,
568,VIT_14s0006g02900,90,0.0436,Monoglyceride lipase,E3_1_1_23,,vv10561Glycerolipid_metabolism,
569,VIT_17s0000g08710,90,0.0436,KNAT2 (knotted1-like homeobox gene 6),KNAT6_3,VvHB59,vv60034HB,
570,VIT_07s0104g00190,89,0.0432,7S globulin precursor  basic,,,,
571,VIT_04s0043g00660,89,0.0432,Aminoimidazolecarboximide ribonucleotide transformylase,E3_5_4_10,,vv10230Purine_metabolism,
572,VIT_19s0014g05030,89,0.0432,No hit,,,,
573,VIT_12s0057g00930,89,0.0432,Hydroxycinnamoyl-CoA:shikimate hydroxycinnamoyltransferase,E2_3_1_133,,vv10940Phenylpropanoid_biosynthesis,
574,VIT_07s0005g02660,89,0.0427,ABC transporter B member 13,ABCB13,,vv52010ABC_transporters,
575,VIT_09s0018g00100,88,0.0427,Pentatricopeptide repeat,,,,
576,VIT_00s0125g00350,87,0.0419,Proteasome 26S regulatory subunit (RPN2),K03032,,vv23050Proteasome,
577,VIT_15s0024g00250,86,0.0413,V-type H+-transporting ATPase subunit D,K02149,,vv10190Oxidative_phosphorylation,vv44145Phagosome
578,VIT_14s0066g02050,85,0.0412,Chaperone BCS1 mitochondrial,K08900,,,
579,VIT_00s2077g00010,83,0.0404,Subtilisin protease,,,,
580,VIT_06s0061g01540,83,0.0403,KCBP- interacting  protein kinase,,,,
581,VIT_10s0071g00750,83,0.0403,Protein arginine N-methyltransferase,K00599,,vv10340Histidine_metabolism,vv10350Tyrosine_metabolism
582,VIT_13s0067g00650,83,0.0402,R protein  PRF  disease resistance protein,K13453,,vv34627R_proteins_from_Plant-pathogen_interaction,
583,VIT_13s0019g04940,83,0.0400,KOW domain-containing factor family protein,KOWDOM,,,
584,VIT_12s0059g00190,82,0.0395,Beta-expansin (EXPB3),EXPB3,,vv30003Auxin_signaling,
585,VIT_16s0050g00820,78,0.0378,EMB1691 (embryo defective 1691),,,,
586,VIT_12s0121g00340,77,0.0375,No hit,,,,
587,VIT_04s0008g00990,77,0.0371,Translation initiation factor eIF-4A,K03257,,vv23013RNA_transport,vv23040Spliceosome
588,VIT_10s0071g00270,75,0.0360,Abscisic acid-insensitive protein 3 (ABI3),ABI3_1,,vv30001ABA_signaling,vv30003Auxin_signaling
589,VIT_13s0019g03420,73,0.0355,C2 domain-containing protein,,,,
590,VIT_04s0008g04410,73,0.0354,Hypoxia up-regulated 1 HSP70,K09486,,vv50101Channels_and_pores,
591,VIT_15s0048g02680,73,0.0353,Calmodulin-binding region IQD17,,,,
592,VIT_00s0392g00070,73,0.0352,No hit,,,,
593,VIT_10s0003g03880,72,0.0347,F-box domain containing protein,,,,
594,VIT_01s0182g00140,70,0.0339,PHO1-like protein,PHO1,,vv50125Porters_cat_66_to_94,
595,VIT_18s0001g14770,70,0.0335,Lipase 3 (EXL3) family II extracellular,,,,
596,VIT_06s0004g05720,69,0.0335,No hit,,,,
597,VIT_15s0024g00860,67,0.0326,Unknown,,,,
598,VIT_18s0001g14440,67,0.0325,Molecular chaperone DnaJ,K03686,,vv50132Primary_active_transporter_cat_A5_to_A8,
599,VIT_14s0006g02960,66,0.0319,KH domain containing protein,,,,
600,VIT_02s0087g00200,65,0.0315,Aspartic proteinase nepenthesin-1 precursor,E3_4_23_12,,,
601,VIT_19s0014g02960,65,0.0313,No hit,,,,
602,VIT_11s0052g00380,65,0.0313,Unknown protein,,,,
603,VIT_06s0004g08370,65,0.0313,Unknown protein,,,,
604,VIT_07s0104g01160,64,0.0309,Substrate carrier   Mitochondrial,K03454,,vv50123Porters_cat_18_to_29,
605,VIT_09s0054g01280,63,0.0305,Beta-amyrin synthase,E5_4_99_BAS,,vv10900Terpenoid_biosynthesis,
606,VIT_12s0035g00400,62,0.0301,ATP-requiring DNA helicase RecQ,K10901,,vv23440Homologous_recombination,vv50122Porters_cat_7_to_17
607,VIT_18s0001g07760,60,0.0291,Unknown protein,,,,
608,VIT_05s0062g01130,60,0.0290,Aromatic and neutral transporter 1,ANT1,,vv50123Porters_cat_18_to_29,
609,VIT_17s0000g01910,59,0.0286,Glutamine synthetase cytosolic isozyme 1,E6_3_1_2,,vv10251Glutamate_metabolism,vv10550Peptidoglycan_biosynthesis
610,VIT_15s0045g00920,59,0.0285,R protein  PRF  disease resistance protein,K13453,,vv34627R_proteins_from_Plant-pathogen_interaction,
611,VIT_11s0052g00070,58,0.0280,DNA ligase IV,K10777,,vv23030DNA_replication,vv23450Non_homologous_end_joining
612,VIT_15s0045g01310,57,0.0275,UMP-CMP kinase,E2_7_4_14,,vv10240Pyrimidine_metabolism,
613,VIT_16s0050g00270,56,0.0272,Leucine-rich repeat,,,,
614,VIT_04s0044g01990,56,0.0271,Lectin protein kinase,,,,
615,VIT_19s0085g00070,56,0.0271,Ubiquitin-activating enzyme E1,K03178,,vv24120Ubiquitin_mediated_proteolysis,
616,VIT_11s0078g00400,55,0.0266,Auxin responsive SAUR protein,SAUR,,vv30003Auxin_signaling,
617,VIT_02s0012g02760,55,0.0266,Methionyl-tRNA synthetase,E6_1_1_10,,vv10271Methionine_metabolism,vv10450Selenoamino_acid_metabolism
618,VIT_19s0014g02840,54,0.0264,3-deoxy-manno-octulosonate cytidylyltransferase,E2_7_7_38,,vv10540Lipopolysaccharide_biosynthesis,
619,VIT_12s0035g01040,54,0.0262,NSL1 (necrotic spotted lesions 1),,,,
620,VIT_00s0575g00010,54,0.0261,Strictosidine synthase,E4_3_3_2,,vv10900Terpenoid_biosynthesis,vv10902Monoterpenoid_biosynthesis
621,VIT_07s0031g00470,53,0.0257,DNA polymerase alpha,K02320,,vv23030DNA_replication,
622,VIT_06s0004g06890,53,0.0255,Potassium transporter (KUP1),KUP1,,vv50125Porters_cat_66_to_94,
623,VIT_03s0063g01060,53,0.0254,Myb family,MYBGE_19,,vv60029G2-like,
624,VIT_12s0057g01060,52,0.0251,Jasmonate O-methyltransferase,E2_1_1_141,,vv10592alpha-Linolenic_acid_metabolism,
625,VIT_07s0005g01040,51,0.0246,Glycosyl transferase family 8 protein,,,,
626,VIT_01s0137g00060,50,0.0242,Unknown protein,,,,
627,VIT_07s0005g02330,50,0.0242,ABC transporter G member 21,ABCG21,,vv52010ABC_transporters,
628,VIT_14s0030g00580,49,0.0235,Methionyl-tRNA synthetase,E6_1_1_10,,vv10271Methionine_metabolism,vv10450Selenoamino_acid_metabolism
629,VIT_06s0004g01350,48,0.0233,Emsy N terminus domain-containing protein,,,,
630,VIT_18s0089g01330,48,0.0231,Epsin N-terminal,,,,
631,VIT_02s0025g00560,48,0.0230,Glycoside hydrolase  family 5,,,,
632,VIT_07s0031g00850,47,0.0228,Patatin,,,,
633,VIT_16s0039g00740,44,0.0215,Histone-lysine N-methyltransferase ASHH3,E2_1_1_43ASHH3_1,,vv10300Lysine_biosynthesis,vv60056SET_PCG
634,VIT_14s0068g01330,44,0.0212,Transport inhibitor response 1 protein,TIR1,,vv30003Auxin_signaling,
635,VIT_17s0000g09980,43,0.0209,REF6 (relative of early flowering 6),REF6,,vv30009Flower_development,vv60038Jumonji
636,VIT_00s0908g00010<br>VIT_10s0003g00020,43,0.0208,
637,VIT_03s0017g02230,43,0.0208,Hydrolase  alpha/beta fold,,,,
638,VIT_18s0041g01880,42,0.0203,MADS-box protein SEEDSTICK,SEEDSTICK,,vv60042MADS,
639,VIT_19s0015g02750,41,0.0199,CYP72A59,K13400,,vv10902Monoterpenoid_biosynthesis,
640,VIT_12s0142g00690,40,0.0195,No hit,,,,
641,VIT_15s0046g00310,40,0.0194,Transcription factor TINY,ERF023,VvERF015,vv30008Ethylene_signaling,vv60003AP2_EREBP
642,VIT_05s0020g00600,40,0.0193,1-cys peroxiredoxin,E1_11_1_7,,vv10360Phenylalanine_metabolism,vv10680Methane_metabolism
643,VIT_07s0151g01040,39,0.0190,Ent-kaurene synthase A  chloroplast precursor,E5_5_1_13,,vv10904Diterpenoid_biosynthesis,
644,VIT_14s0068g00400,39,0.0189,Hydrolase  alpha/beta fold family,,,,
645,VIT_13s0067g02530,39,0.0189,Unknown protein,,,,
646,VIT_12s0034g01030,39,0.0189,R protein MLA10,K13475,,vv34627R_proteins_from_Plant-pathogen_interaction,
647,VIT_17s0000g04960,39,0.0188,Polygalacturonate 4-alpha-galacturonosyltransferase GAUT11,E2_4_1_43,,vv40006Cell_wall,
648,VIT_05s0094g00860,39,0.0188,Syntaxin 61,,,,
649,VIT_16s0039g01880,38,0.0184,Calmodulin,K02183,,vv34020Calcium_signaling_pathway,vv34626Plant-pathogen_interaction
650,VIT_05s0020g02970,36,0.0174,RANGAP2 (RAN GTPASE activating protein 2),K14319_2,,vv23013RNA_transport,vv50112Nuclear_pore_complex
651,VIT_19s0014g03220,36,0.0173,Unknown protein,,,,
652,VIT_05s0020g03650,35,0.0170,Unknown protein,,,,
653,VIT_04s0069g00380,35,0.0170,Glutamate receptor 2.8,GLR2_8,,vv50101Channels_and_pores,
654,VIT_07s0104g00960,35,0.0169,Histone H2AXb HTA3,H2AXb,,,
655,VIT_17s0000g03740,35,0.0169,Constans-like 16,COL16_2,,vv30009Flower_development,vv34710Circadian_rhythm
656,VIT_00s0218g00140,35,0.0168,Anthocyanidine rhamnosyl-transferase,RHATR,,vv10942Anthocyanin_biosynthesis,
657,VIT_04s0044g00210,35,0.0168,Mannitol dehydrogenase,E1_1_1_67,,vv10051Fructose_and_mannose_metabolism,
658,VIT_13s0067g01680,34,0.0165,Unknown protein,,,,
659,VIT_05s0077g02270,34,0.0164,Unknown protein,,,,
660,VIT_00s1290g00010,33,0.0160,Chitinase Class I,E3_2_1_14,,vv10530Aminosugars_metabolism,
661,VIT_04s0044g01730,32,0.0156,F-box family protein,,,,
662,VIT_01s0182g00060,32,0.0155,PHO1-like protein,PHO1,,vv50125Porters_cat_66_to_94,
663,VIT_00s0259g00180,32,0.0154,Nuclear transcription factor Y subunit B-3,NFYB3_5,,vv60021CCAAT,
664,VIT_12s0028g03110,31,0.0150,Caffeoyl-CoA 3-O-methyltransferase,E2_1_1_104,,vv10940Phenylpropanoid_biosynthesis,
665,VIT_01s0011g04450,31,0.0150,MATE efflux family protein,MATE,,vv50125Porters_cat_66_to_94,
666,VIT_08s0007g04250,30,0.0145,Exostosin,K02366,,vv11030Glycan_structures-biosynthesis1,
667,VIT_09s0002g02300,30,0.0144,Indeterminate(ID)-domain 7,IDD7_1,,vv60017C2H2,
668,VIT_15s0046g01390,29,0.0141,Ethylene-responsive transcription factor cytokinin response factor 4,CRF4_2,VvERF056,vv30007Cytokinin_signaling,vv30008Ethylene_signaling
669,VIT_19s0027g01410,29,0.0140,No hit,,,,
670,VIT_17s0000g09000,29,0.0140,Oleosin OLE-2,,,,
671,VIT_10s0116g01100,28,0.0136,Thioredoxin family,,,,
672,VIT_05s0020g02020,28,0.0135,SYD (splayed),SPLAYED_2,,vv30009Flower_development,vv60058SNF2
673,VIT_13s0067g03330,27,0.0131,SNF2 domain-containing protein,SNF2HELFBOX,,vv60058SNF2,
674,VIT_07s0005g00700,27,0.0130,Epoxide hydrolase,E3_3_2_10,,,
675,VIT_16s0050g01340,27,0.0130,Retrovirus Pol polyprotein from transposon TNT 1-94,,,,
676,VIT_06s0004g05550,27,0.0130,RAB GTPase RABA2B,K07976,,,
677,VIT_13s0067g03430,27,0.0130,ARR9 typeA,ARR9_3,,vv30007Cytokinin_signaling,vv60072Orphans_Response_reg
678,VIT_18s0041g01920,26,0.0126,Kinesin motor protein,KMOTOR,,vv44810Regulation_of_actin_cytoskeleton,
679,VIT_13s0019g02370,26,0.0126,Yip1 domain   member 2,YIP1,,vv50110Protein_coat,
680,VIT_19s0090g01550,26,0.0125,Mo25,K08272,,vv34150mTOR_signaling_pathway,
681,VIT_05s0051g00190,25,0.0121,TIR-NBS-LRR-TIR disease resistance protein,,,,
682,VIT_01s0011g04980,25,0.0121,Sulfate transporter 91,AST91,,vv50124Porters_cat_30_to_64,
683,VIT_16s0050g01170,25,0.0121,Unknown,,,,
684,VIT_19s0014g01360,25,0.0121,Curculin (mannose-binding) lectin,,,,
685,VIT_14s0066g02410,24,0.0116,Betaine-aldehyde dehydrogenase,E1_2_1_8,,vv10260Glycine_serine_and_threonine_metabolism,vv50101Channels_and_pores
686,VIT_18s0089g01010,24,0.0116,Nitrate transporter NTL1,POT,,vv50122Porters_cat_7_to_17,
687,VIT_10s0092g00370,24,0.0116,CYP71D7,E1_14_13_73,,vv10902Monoterpenoid_biosynthesis,
688,VIT_00s0225g00160,24,0.0116,Unknown protein,,,,
689,VIT_18s0001g01570,23,0.0111,Seed maturation protein PM31,,,,
690,VIT_14s0128g00930,23,0.0111,No hit,,,,
691,VIT_14s0066g02120,23,0.0111,Photosystem I P700 apoprotein A1 [Vitis vinifera],K02689,,vv10195Photosynthesis,vv50105Transport_electron_carriers
692,VIT_09s0002g02030,23,0.0111,Pyruvoyl-dependent arginine decarboxylase,E4_1_1_19,,vv10220Urea_cycle_and_metabolism_of_amino_groups,vv10251Glutamate_metabolism
693,VIT_12s0035g00260,23,0.0111,Mlo4,K08472,,,
694,VIT_04s0023g00980,23,0.0110,SET domain protein,C2H2_SET,,vv60017C2H2,
695,VIT_01s0011g00740,23,0.0110,Processing peptidase beta subunit  mitochondrial,E3_4_24_64,,,
696,VIT_12s0028g00280,22,0.0107,KNAT2 (knotted1-like homeobox gene 2),KNAT2_2,,vv60034HB,
697,VIT_14s0060g02420,22,0.0106,Transcription factor jumonji (jmjC) domain-containing protein,JMJD1A_2,,vv60038Jumonji,
698,VIT_17s0000g09820,22,0.0106,DNA polymerase III gamma and tau subunit,K02343,,vv23030DNA_replication,
699,VIT_15s0024g00630,21,0.0102,Pyruvate decarboxylase isozyme 2,E4_1_1_1,,vv10010Glycolysis,
700,VIT_18s0001g10870,21,0.0102,Patatin,,,,
701,VIT_06s0080g00260,21,0.0102,Seed maturation protein PM38,,,,
702,VIT_07s0205g00180,21,0.0102,Basic helix-loop-helix (bHLH) family,BHLHDOM_30,,vv60011BHLH,
703,VIT_06s0004g06880,21,0.0101,Ran-binding protein 1 RanBP1,RANBP1,,vv50109Incompletely_characterized_transport_systems,
704,VIT_14s0060g00080,21,0.0101,Unknown protein,,,,
705,VIT_13s0067g02840,21,0.0101,Phosphatidylinositol-4-phosphate 5-kinase,E2_7_1_68,,vv10562Inositol_phosphate_metabolism,vv34070Phosphatidylinositol_signaling_system
706,VIT_10s0003g02510,21,0.0101,SRG1 (senescence-related gene 1) oxidoreductase,,,,
707,VIT_03s0017g01780,21,0.0101,far-red elongated HYPOCOTYLS 3,FHY3_1,,vv60071Orphans_far-red,
708,VIT_08s0007g05160,20,0.0097,Flavonoid 3' 5'-hydroxylase,E1_14_13_88,,vv10941Flavonoid_biosynthesis,
709,VIT_02s0012g00110,20,0.0096,Chromatin remodeling 31,CHR31,,vv60058SNF2,
710,VIT_11s0103g00020,19,0.0092,No hit,,,,
711,VIT_01s0011g00560,19,0.0092,DREPP plasma membrane polypeptide,,,,
712,VIT_11s0016g00800,19,0.0092,Unknown protein,,,,
713,VIT_09s0002g03160,19,0.0091,PAB6 (poly(A) binding protein 6),PAB6,,vv50133Primary_active_transporter_cat_A9_to_A18,
714,VIT_18s0001g09250,18,0.0087,Lateral organ boundaries protein 38,LBD38_2,,vv60007AS2,
715,VIT_15s0024g00770,18,0.0087,No hit,,,,
716,VIT_09s0002g03410,18,0.0087,Phytochrome-associated protein 1 (PAP1),PAP1,,vv34710Circadian_rhythm,vv60008AUXIAA
717,VIT_17s0000g04150,18,0.0087,Leucoanthocyanidin reductase,E1_17_1_3,,vv10941Flavonoid_biosynthesis,
718,VIT_16s0050g02650,18,0.0087,Unknown protein,,,,
719,VIT_05s0020g01490,18,0.0087,Rapid ALkalinization Factor RALFL33,,,,
720,VIT_14s0081g00520,18,0.0087,ERF12,ERF12_1,VvERF060,vv30008Ethylene_signaling,vv60003AP2_EREBP
721,VIT_12s0055g01240,18,0.0087,P-glycoprotein 11,PGP11,,vv52010ABC_transporters,
722,VIT_15s0046g02290,18,0.0087,ATBRM/CHR2 (Arabidopsis thaliana BRAHMA),BRAHMA,,vv60058SNF2,
723,VIT_08s0007g00040,18,0.0087,Histone H4,,,,
724,VIT_06s0080g00810,17,0.0083,Lycopene beta cyclase (LYC),K06443,,vv10906Carotenoid_biosynthesis,
725,VIT_13s0067g00730,17,0.0082,Carboxylic ester hydrolase,E3_1_1_1,,,
726,VIT_07s0130g00110,17,0.0082,SWITCH1 splice variant L phospholipase C,,,,
727,VIT_02s0025g02250,17,0.0082,Dof zinc finger protein DOF4.6,DOF4_6_2,,vv60015C2C2-DOF,
728,VIT_15s0024g01540,17,0.0082,Glutathione S-transferase 8 GSTU8,E2_5_1_18_GSTU8,,vv10480Glutathione_metabolism,
729,VIT_06s0080g00350,17,0.0082,Myo-inositol-1-phosphate synthase,E5_5_1_4,,vv10562Inositol_phosphate_metabolism,
730,VIT_15s0048g00580,17,0.0082,PLATZ transcription factor,PLATZFAM_9,,vv60049PLATZ,
731,VIT_01s0026g00080,16,0.0077,Metal-dependent phosphohydrolase HD domain-containing protein,K07023,,,
732,VIT_13s0019g05120,16,0.0077,Cysteine proteinase precursor,E3_4_22_x,,,
733,VIT_01s0150g00630,15,0.0073,Exostosin-like,K02366,,vv11030Glycan_structures-biosynthesis1,
734,VIT_15s0024g01710,15,0.0073,No hit,,,,
735,VIT_09s0002g07090,15,0.0073,Unknown protein,,,,
736,VIT_18s0001g03880,15,0.0073,Polcalcin,,,,
737,VIT_11s0052g01720,15,0.0072,ADP-ribosylation factor 3 (ARF3),ADPRF3,,,
738,VIT_05s0029g00360,15,0.0072,Dual specificity protein phosphatase,,,,
739,VIT_17s0000g03070,15,0.0072,R protein MLA10,K13475,,vv34627R_proteins_from_Plant-pathogen_interaction,
740,VIT_14s0108g01190,15,0.0072,No hit,,,,
741,VIT_17s0000g07510,14,0.0068,Myb family,MYBREL_1,,vv60045MYBrelated,
742,VIT_10s0003g04320,14,0.0068,PINOID,PINOID,,vv50004Auxin_transport,vv50125Porters_cat_66_to_94
743,VIT_08s0056g00050,14,0.0068,Scarecrow transcription factor 23 (SCL23),SCL23_2,,vv60032GRAS,
744,VIT_18s0001g13000,13,0.0063,Adaptor-related protein complex AP-4  mu 1,AP4M1,,vv50110Protein_coat,
745,VIT_08s0040g02290,13,0.0063,Armadillo/beta-catenin repeat,,,,
746,VIT_08s0007g03840,13,0.0063,Unknown protein,,,,
747,VIT_14s0068g00260,13,0.0063,Serine carboxypeptidase S10,,,,
748,VIT_17s0000g09270,13,0.0063,MATE efflux family protein,MATE,,vv50125Porters_cat_66_to_94,
749,VIT_18s0001g12300,13,0.0063,Unknown protein,,,,
750,VIT_15s0046g03640,13,0.0063,No hit,,,,
751,VIT_06s0009g03730,13,0.0063,V-type H+-transporting ATPase subunit B,K02147,,vv10190Oxidative_phosphorylation,vv44145Phagosome
752,VIT_00s1247g00010,12,0.0058,Lateral organ boundaries domain gene 36,LBD36_1,,vv60007AS2,
753,VIT_11s0016g01250,12,0.0058,Growth-regulating factor 6,GRF6,,vv60033GRF,
754,VIT_19s0014g04060,12,0.0058,ARK3 (Arabidopsis Receptor Kinase 3),,,,
755,VIT_07s0031g01330,12,0.0058,Alanine:glyoxylate aminotransferase 2,E2_6_1_44,,vv10252Alanine_and_aspartate_metabolism,vv10260Glycine_serine_and_threonine_metabolism
756,VIT_13s0320g00070,12,0.0058,Myosin-like protein XIF,MYOSINXIF,,vv44810Regulation_of_actin_cytoskeleton,
757,VIT_09s0002g01540,12,0.0058,Unknown protein,,,,
758,VIT_06s0004g04930,12,0.0058,Oxysterol binding protein,,,,
759,VIT_19s0014g01150,12,0.0058,Curculin (mannose-binding) lectin,,,,
760,VIT_10s0003g02260,12,0.0058,Naringenin 2-oxoglutarate 3-dioxygenase,E1_14_11_9,,vv10941Flavonoid_biosynthesis,
761,VIT_04s0008g01250,11,0.0053,Unknown,,,,
762,VIT_18s0001g00440,11,0.0053,Cytoplasmic tRNA 2-thiolation protein 1,K14168,,vv24122Sulfur_relay_system,
763,VIT_08s0007g04300,10,0.0049,Lipase GDSL,,,,
764,VIT_16s0013g00880,10,0.0049,Oleosin OLE-4,,,,
765,VIT_07s0151g01100,10,0.0048,Pyruvate kinase  plastidic,E2_7_1_40,,vv10010Glycolysis,vv10230Purine_metabolism
766,VIT_17s0000g01260,9,0.0044,Squamosa promoter-binding protein 13 (SPL13),SPL13_1,,vv60055SBP,
767,VIT_16s0039g01870,9,0.0044,Protein kinase,,,,
768,VIT_19s0014g03820,9,0.0044,Myb domain protein 102,MYB102_2,MYB145,vv60044MYB,
769,VIT_18s0001g05800,9,0.0044,Dehydration-responsive protein,,,,
770,VIT_08s0058g00820,9,0.0044,ALPHA-SNAP2 (alpha-soluble nsf attachment protein),ASNAP2,,vv24130SNARE_interactions_in_vesicular_transport,
771,VIT_01s0011g05260,9,0.0044,DELLA protein GAI1,GAI1_3,,vv30009Flower_development,vv30010Gibberellin_signaling
772,VIT_11s0016g03930,9,0.0044,Dimethylaniline monooxygenase  N-oxide-forming,E1_14_13_8,,vv11000Single_reactions,
773,VIT_13s0067g01290,9,0.0043,Clathrin heavy chain,K04646,,vv50110Protein_coat,
774,VIT_18s0001g12840,9,0.0043,ADP-glucose pyrophosphorylase large subunit CagpL2,E2_7_7_27,,vv10500Starch_and_sucrose_metabolism,
775,VIT_09s0002g03530,9,0.0043,ABI1 (ABA insensitive 1),ABI1,,vv30001ABA_signaling,vv34020Calcium_signaling_pathway
776,VIT_10s0042g00480,9,0.0043,ABC transporter g family pleiotropic drug resistance 12 PDR12,ABCGPDR12,,vv52010ABC_transporters,
777,VIT_01s0026g00180,9,0.0043,Serine/threonine kinase protein,,,,
778,VIT_08s0007g00330,9,0.0043,Metallothionein,,,,
779,VIT_05s0049g00010,9,0.0043,Cellulose synthase CSLG2,E2_4_1_12_CSLG2,,vv40006Cell_wall,
780,VIT_10s0116g01880,9,0.0043,MATE efflux family protein,MATE,,vv50125Porters_cat_66_to_94,
781,VIT_18s0001g01610,9,0.0043,Heat shock protein 16.9 kDa class I,K13993,,vv24141Protein_processing_in_endoplasmic_reticulum,
782,VIT_05s0020g04310,8,0.0039,No hit,,,,
783,VIT_18s0001g13520,7,0.0034,Zinc finger (B-box type),ZFBBOX_9,,vv60073Orphans_zf-b_box,
784,VIT_05s0077g01190,7,0.0034,Outer envelope protein 16,OEP16,,vv50101Channels_and_pores,
785,VIT_14s0060g00350,7,0.0034,Aspartic protease,E3_4_23_x,,,
786,VIT_19s0090g00670,7,0.0034,MutS homolog 5 MSH5,,,,
787,VIT_03s0038g03690,7,0.0034,Unknown protein,,,,
788,VIT_09s0002g03730,7,0.0034,Unknown protein,,,,
789,VIT_04s0008g01310,7,0.0034,MAP3K delta-1 protein kinase,,,,
790,VIT_08s0007g01660,7,0.0034,Chaperone protein dnaJ-related,K03686,,vv50132Primary_active_transporter_cat_A5_to_A8,
791,VIT_18s0001g03240,7,0.0034,DREB sub A-5 of ERF/AP2 transcription factor,ERF012,VvERF008,vv30008Ethylene_signaling,vv60003AP2_EREBP
792,VIT_08s0007g02460,7,0.0034,Aspartyl protease,E3_4_23_x,,,
793,VIT_01s0011g01320,7,0.0034,Cholinephosphate cytidylyltransferase,E2_7_7_15,,vv10564Glycerophospholipid_metabolism,
794,VIT_07s0005g05210,7,0.0034,No hit,,,,
795,VIT_09s0002g01330,7,0.0034,Auxin-binding protein ABP19,ABP19,,vv30003Auxin_signaling,
796,VIT_15s0021g00640,7,0.0033,RAB GTPase RAB6,K07976,,,
797,VIT_08s0007g04120,7,0.0033,CYPLXXVIA2,,,,
798,VIT_08s0007g02770,6,0.0029,IAA-amino acid hydrolase 1 (ILR1),K01463,,vv11002Auxin_biosynthesis,
799,VIT_02s0025g01650,6,0.0029,PHD finger transcription factor,PHDFG_10,,vv60048PHD,
800,VIT_06s0080g00270,6,0.0029,Zinc finger (C2H2 type) protein (WIP3),WIP3_2,,vv60017C2H2,
801,VIT_11s0118g00730,6,0.0029,No hit,,,,
802,VIT_12s0059g02080,6,0.0029,No hit,,,,
803,VIT_07s0005g06340,6,0.0029,Cyclin dependent kinase inhibitor KIP-related protein 3,KRP3,,vv44110Cell_cycle,
804,VIT_16s0013g00110,6,0.0029,Thioredoxin reductase 1,E1_8_1_9,,vv10240Pyrimidine_metabolism,
805,VIT_05s0020g04960,6,0.0029,No hit,,,,
806,VIT_09s0002g05930,6,0.0029,Unknown protein,,,,
807,VIT_00s0225g00140,6,0.0029,Ribose-phosphate pyrophosphokinase 3,E2_7_6_1,,vv10030Pentose_phosphate,vv10230Purine_metabolism
808,VIT_07s0005g02490,6,0.0029,CYP709B2,,,,
809,VIT_13s0019g02500,6,0.0029,No hit,,,,
810,VIT_14s0083g01200,6,0.0029,Nitrilase,E3_5_5_1,,vv10910Nitrogen_metabolism,vv11002Auxin_biosynthesis
811,VIT_05s0020g04850,6,0.0029,H1flk,,,,
812,VIT_19s0090g01540,6,0.0029,Beta-1 2-xylosyltransferase,E2_4_2_38,,vv11030Glycan_structures-biosynthesis1,
813,VIT_18s0089g00010,6,0.0029,Disease resistance protein,,,,
814,VIT_07s0095g00170,6,0.0029,Lysine histidine transporter 1,LHT1,,vv50123Porters_cat_18_to_29,
815,VIT_17s0000g03100,6,0.0029,Protein phosphatase 2C,E3_1_3_16,,,
816,VIT_11s0052g01230,6,0.0029,Xyloglucan endotransglucosylase/hydrolase 23,E2_4_1_207,,vv40006Cell_wall,
817,VIT_10s0092g00330,6,0.0029,Cofilin,K05765,,vv44810Regulation_of_actin_cytoskeleton,
818,VIT_13s0067g02130,6,0.0029,Dehydration-induced protein (ERD15),ERD15,,vv30001ABA_signaling,
819,VIT_10s0042g00560,6,0.0029,Unknown protein,,,,
820,VIT_19s0015g00430,6,0.0029,Dek protein,,,,
821,VIT_10s0042g00820,6,0.0029,Transparent testa16,TT16_2,,vv60042MADS,
822,VIT_12s0034g01790,6,0.0029,Phosphatidylinositol-4-phosphate 5-kinase 8,E2_7_1_68,,vv10562Inositol_phosphate_metabolism,vv34070Phosphatidylinositol_signaling_system
823,VIT_12s0059g00500,6,0.0029,No hit,,,,
824,VIT_15s0048g02000,6,0.0029,Homeodomain GLABROUS1,HDG1_1,VvHB53,vv60034HB,
825,VIT_17s0000g06540,6,0.0029,Exonuclease,E3_1_13_1,,,
826,VIT_00s0225g00050,6,0.0029,MATE efflux family protein,MATE,,vv50125Porters_cat_66_to_94,
827,VIT_14s0030g00610,6,0.0029,No hit,,,,
828,VIT_16s0022g00690,6,0.0029,Vascular related NAC-domain protein 4,VND4_1,VvNAC22,vv60046NAC,
829,VIT_06s0004g08050,6,0.0029,Telomere repeat binding factor like TRFL7,TRFL7,,vv60045MYBrelated,
830,VIT_08s0007g01050,6,0.0029,Aldo-keto reductase,E1_1_1_21,,vv10040Pentose_glucuronate_interconversion,vv10051Fructose_and_mannose_metabolism
831,VIT_00s1333g00010,6,0.0029,PHO1-like protein,PHO1,,vv50125Porters_cat_66_to_94,
832,VIT_19s0014g01910,6,0.0029,Unknown protein,,,,
833,VIT_07s0005g02650,6,0.0029,Unknown protein,,,,
834,VIT_16s0098g01560,6,0.0029,Glucan endo-1 3-beta-D-glucosidase,E3_2_1_39,,vv10500Starch_and_sucrose_metabolism,
835,VIT_05s0049g00970,6,0.0029,No hit,,,,
836,VIT_19s0090g01480,5,0.0024,Na+/H+ exchanger 4,NHX4,,vv50124Porters_cat_30_to_64,
837,VIT_04s0043g00900,4,0.0019,Tyrosine decarboxylase,E4_1_1_25,,vv10350Tyrosine_metabolism,vv10950Alkaloid_biosynthesis_I
838,VIT_15s0021g02320,4,0.0019,ABC transporter G member 7,ABCG7,,vv52010ABC_transporters,
839,VIT_04s0044g00310,4,0.0019,Nodulin MtN21 family,MTN21,,vv50122Porters_cat_7_to_17,
840,VIT_02s0025g04640,4,0.0019,Unknown protein,,,,
841,VIT_17s0000g06560,4,0.0019,Retrovirus Pol polyprotein from transposon TNT 1-94,,,,
842,VIT_17s0000g06200,4,0.0019,Mini zinc finger 1 MIF1,MIF1_2,,vv60068Zf-HD,
843,VIT_17s0000g03830,3,0.0015,Protease inhibitor/seed storage/lipid transfer protein (LTP),,,,
844,VIT_03s0038g02540,3,0.0015,Aborted microspores AMS,AMS_3,,vv60011BHLH,
845,VIT_12s0028g00460,3,0.0015,Tobamovirus multiplication 1 homolog 2,,,,
846,VIT_13s0064g00810,3,0.0015,9 10[9' 10']carotenoid cleavage dioxygenase [Vitis vinifera],CCD,,vv10906Carotenoid_biosynthesis,
847,VIT_09s0096g00950,3,0.0015,No hit,,,,
848,VIT_14s0128g00200,3,0.0015,7S globulin precursor  basic,,,,
849,VIT_11s0016g00420,3,0.0015,RED,,,,
850,VIT_15s0021g02300,3,0.0015,Squamosa promoter-binding protein 8 (SPL8),SPL8,,vv60055SBP,
851,VIT_02s0025g05170,3,0.0015,Unknown protein,,,,
852,VIT_18s0001g03410,3,0.0015,R protein L6,K13477,,vv34627R_proteins_from_Plant-pathogen_interaction,
853,VIT_05s0062g00480<br>VIT_05s0062g00610,3,0.0015,
854,VIT_01s0127g00860,3,0.0015,Aborted microspores AMS,AMS_1,,vv60011BHLH,
855,VIT_16s0022g00770,3,0.0015,Dynamin-2A,E3_6_5_5,,,
856,VIT_04s0044g00930,3,0.0015,Peroxiredoxin-5,E1_11_1_15,,,
857,VIT_04s0008g01980,3,0.0015,MADS-box agamous-like 30,AGL30_2,,vv60042MADS,
858,VIT_01s0010g02220,3,0.0015,Zinc finger (C3HC4-type ring finger),ZFC3HC4_200,,vv60078Other_zf-C3HC4,
859,VIT_01s0026g00570,3,0.0015,Bet v I allergen,,,,
860,VIT_19s0015g01260,3,0.0015,Disease resistance protein (CC-NBS-LRR class),,,,
861,VIT_10s0003g00130,3,0.0015,ERF Domain protein 12,ERF12_2,VvERF061,vv30008Ethylene_signaling,vv60003AP2_EREBP
862,VIT_01s0026g00550,3,0.0015,Nodulin MtN21 family,MTN21,,vv50122Porters_cat_7_to_17,
863,VIT_16s0013g01130,3,0.0015,No hit,,,,
864,VIT_09s0002g02620,3,0.0015,Lectin jacalin,,,,
865,VIT_18s0001g01680,3,0.0015,Protein kinase,,,,
866,VIT_00s0207g00220,3,0.0015,Cold acclimation protein,,,,
867,VIT_04s0044g01620,3,0.0015,RGLG1 (ring Domain LIGASE1),RGLG1,,vv50004Auxin_transport,
868,VIT_04s0023g03430,3,0.0015,Basic helix-loop-helix (bHLH) family,BHLHDOM_33,,vv60011BHLH,
869,VIT_04s0008g00240,3,0.0015,Amino acid permease 6,AAP6,,vv50123Porters_cat_18_to_29,
870,VIT_11s0016g02780,3,0.0015,Myb domain protein 68,MYB68_1,MYB154,vv60044MYB,
871,VIT_06s0004g00420,3,0.0015,Calpain-type cysteine protease,,,,
872,VIT_15s0021g02200,3,0.0015,Nucleoporin 62kDa,K14306,,vv23013RNA_transport,vv50109Incompletely_characterized_transport_systems
873,VIT_07s0005g02070,3,0.0015,No hit,,,,
874,VIT_14s0060g00240,3,0.0015,Myb domain protein 61,MYB61_2,MYB55B,vv60044MYB,
875,VIT_09s0054g01500,3,0.0015,Beta-amyrin synthase,E5_4_99_BAS,,vv10900Terpenoid_biosynthesis,
876,VIT_04s0008g02070,3,0.0015,Avr9/Cf-9 induced kinase 1,,,,
877,VIT_16s0013g00650,3,0.0015,Histone-lysine N-methyltransferase  H3 lysine-9 specific SUVH5,E2_1_1_43SUVH5_3,,vv10300Lysine_biosynthesis,vv60056SET_PCG
878,VIT_11s0065g00720,3,0.0015,Serine carboxypeptidase S10,,,,
879,VIT_11s0016g04540,3,0.0015,ABC transporter G member 22,ABCG22,,vv52010ABC_transporters,
880,VIT_13s0106g00250,3,0.0015,Carboxylic ester hydrolase,E3_1_1_1,,,
881,VIT_18s0041g01780,3,0.0015,Aspartic protease,E3_4_23_x,,,
882,VIT_10s0092g00510,3,0.0015,CYP71D10p,E1_14_13_73,,vv10902Monoterpenoid_biosynthesis,
883,VIT_15s0045g01600,3,0.0015,Eceriferum 1 (CER1 protein) Sterol desaturase,,,,
884,VIT_19s0014g00320,3,0.0015,Transposon protein,,,,
885,VIT_07s0104g00780,3,0.0015,Endomembrane protein 70,EMP70,,,
886,VIT_03s0088g01150,3,0.0015,Squalene monooxygenase,E1_14_99_7,,vv10100Biosynthesis_of_steroids,vv10900Terpenoid_biosynthesis
887,VIT_07s0129g00510,3,0.0014,Unknown,,,,
888,VIT_08s0007g00870,3,0.0014,fringe-related protein,K05948,,,
889,VIT_14s0171g00420,3,0.0014,Unknown protein,,,,
890,VIT_08s0007g05850,3,0.0014,No hit,,,,
891,VIT_03s0017g00770,3,0.0014,Diacylglycerol kinase 2,E2_7_1_107,,vv10561Glycerolipid_metabolism,vv10564Glycerophospholipid_metabolism
892,VIT_03s0091g00450,3,0.0014,Progesterone 5-beta-reductase,E1_3_99_6,,vv10140C21-Steroid_hormone_metabolism,
893,VIT_17s0000g07880,3,0.0014,Bromo-adjacenty (BAH) domain-containing protein,,,,
894,VIT_12s0134g00010,3,0.0014,Phototropic-responsive NPH3 protein,,,,
895,VIT_07s0197g00250,3,0.0014,Disease resistance protein (CC-NBS-LRR class),,,,
896,VIT_10s0092g00500,3,0.0014,CYP71D10,,,,
897,VIT_08s0040g01440,3,0.0014,TRNA (guanine-N(7)-)-methyltransferase,E2_1_1_33,,vv10271Methionine_metabolism,
898,VIT_08s0056g00300,3,0.0014,Unknown,,,,
899,VIT_09s0002g02980,3,0.0014,FRK1 (FLG22-induced receptor-like kinase 1),FRK1,,vv34626Plant-pathogen_interaction,
900,VIT_00s0301g00040,3,0.0014,Glycine-rich protein,,,,
901,VIT_14s0060g00290,3,0.0014,Anaphase-promoting complex component APC11,K03358,,vv24120Ubiquitin_mediated_proteolysis,vv44110Cell_cycle
902,VIT_17s0000g05850,3,0.0014,ATATH1 (ABC2 homolog1),ATH1,,vv52010ABC_transporters,
903,VIT_18s0072g00200,3,0.0014,Histone-lysine N-methyltransferase ASHH1,E2_1_1_43ASHH1_1,,vv10300Lysine_biosynthesis,vv60056SET_PCG
904,VIT_16s0050g01830,3,0.0014,AAA-type ATPase,,,,
905,VIT_11s0016g03650,3,0.0014,CDKF;1 (CDK-activating kinase 1A,CDKF,,vv44110Cell_cycle,
906,VIT_19s0014g01700,3,0.0014,Unknown,,,,
907,VIT_15s0045g00710,3,0.0014,R protein disease resistance protein,RPROT,,vv34627R_proteins_from_Plant-pathogen_interaction,
908,VIT_08s0058g00170,3,0.0014,Nudix hydrolase 15  mitochondrial precursor (AtNUDT15),,,,
909,VIT_13s0019g02880,3,0.0014,UDP-glucoronosyl/UDP-glucosyl transferase,,,,
910,VIT_12s0035g00450,3,0.0014,Disease resistance protein I2C-5,,,,
911,VIT_12s0055g00730,3,0.0014,ATATH2 (ABC2 homolog 2),ATH2,,vv52010ABC_transporters,
912,VIT_13s0019g04750,3,0.0014,Kinesin morphogenesis of root hair 2 (MRH2),MRH2,,vv44810Regulation_of_actin_cytoskeleton,
913,VIT_16s0050g02420,3,0.0014,Myosin heavy chain,K10352,,vv44810Regulation_of_actin_cytoskeleton,
914,VIT_14s0108g00520,3,0.0014,Protease inhibitor/seed storage/lipid transfer protein (LTP),,,,
915,VIT_04s0079g00520,3,0.0014,Armadillo/beta-catenin repeat,,,,
916,VIT_17s0000g04830,3,0.0014,DNA Polymerase epsilon  subunit B,K02325,,vv23030DNA_replication,vv23410Base_excision_repair
917,VIT_03s0180g00320,3,0.0014,Indole-3-acetate beta-glucosyltransferase,E2_4_1_121,,vv11002Auxin_biosynthesis,
918,VIT_03s0063g01880,3,0.0014,Acyl-CoA synthetase long-chain member 2,E6_2_1_3_LACS2,,vv10071Fatty_acid_metabolism,vv44146Peroxisome
919,VIT_08s0007g04880,3,0.0014,Unknown protein,,,,
920,VIT_04s0008g03990,3,0.0014,Unknown,,,,
921,VIT_11s0016g02750,3,0.0014,Ankyrin repeat protein,,,,
922,VIT_08s0040g03120,3,0.0014,Pseudo-response regulator 7 (APRR7),APRR7_1,,vv30007Cytokinin_signaling,vv34710Circadian_rhythm
923,VIT_00s0211g00030,3,0.0014,Symbiosis receptor kinase,,,,
924,VIT_18s0041g00290,3,0.0014,Zinc finger (C3HC4-type ring finger),ZFC3HC4_111,,vv60078Other_zf-C3HC4,
925,VIT_13s0139g00230,3,0.0014,R protein disease resistance protein,RPROT,,vv34627R_proteins_from_Plant-pathogen_interaction,
926,VIT_15s0048g00780,3,0.0014,AT-hook DNA-binding protein,,,,
927,VIT_07s0005g06680,3,0.0014,DNA binding,,,,
928,VIT_00s0253g00030,3,0.0014,BTI2 (VIRB2- interacting  protein 2),,,,
929,VIT_13s0047g00500,3,0.0014,3-hydroxyisobutyryl-CoA hydrolase,E3_1_2_4,,vv10280Valine_leucine_and_isoleucine_degradation,vv10410Beta-alanine_metabolism
930,VIT_19s0015g02540<br>VIT_19s0027g00040<br>VIT_19s0015g02780<br>VIT_19s0015g02520,3,0.0014,
931,VIT_11s0016g02700,3,0.0014,IAA-amino acid hydrolase 2 (ILL2),ILL2,,vv11002Auxin_biosynthesis,
932,VIT_07s0151g00010,3,0.0014,No hit,,,,
933,VIT_19s0014g00450,3,0.0014,PMR5 (powdery mildew resistant 5),,,,
934,VIT_00s0252g00090,3,0.0014,Ribosomal protein S4,K02986,,vv23010Ribosome,
935,VIT_04s0023g01350,3,0.0014,HSL2 (HAESA-like 2),,,,
